index,0,8
AACTCTTCACGAGAGTx-0,0.7353309158778711,0.26466945495092253
AAGACCTAGCGTGTCCx-0,0.7375588780812695,0.2624414752833239
AAACCTGAGCAGACTGx-0,0.7319725206352544,0.26802788838969405
AACTGGTTCGTCCAGGx-0,0.7569167606639944,0.24308362707326092
AACGTTGGTCAGAATAx-0,0.7205745990744107,0.2794257933469084
AACTCTTAGTCACGCCx-0,0.7362045045553185,0.263795850696717
AACACGTAGGGTTCCCx-0,0.7581967661544304,0.2418036339541079
AACTCCCGTCCTGCTTx-0,0.7340407846513181,0.265959569732446
AACTGGTCACCTCGTTx-0,0.7363215089591805,0.2636788655497508
AAAGTAGGTATCTGCAx-0,0.7367027619723805,0.2632976068763686
AACCATGAGAGTCGGTx-0,0.7460252289925828,0.2539751644598723
AAAGATGAGCTAACTCx-0,0.7390358274238291,0.2609645477253303
AAATGCCAGCGCCTCAx-0,0.7553291692842572,0.24467121852435758
AACTCCCAGAGTGAGAx-0,0.7357213688442839,0.2642790327296196
AAAGCAATCGTTTATCx-0,0.7479406608357133,0.2520597171268743
AAGACCTGTAGAGCTGx-0,0.7381270659408076,0.2618732919647947
AAAGTAGTCACATGCAx-0,0.7355175385318249,0.264482849750532
AAATGCCAGGGTCTCCx-0,0.734585844616185,0.2654145283460716
AAACCTGAGTTATCGCx-0,0.7366376684932128,0.26336269184936006
AAATGCCCATGCATGTx-0,0.7393732767160183,0.2606270537224386
AACTTTCTCCGCAGTGx-0,0.7377363220121596,0.2622640217977484
AACCATGCAATCGAAAx-0,0.7356737823980317,0.26432658521318403
AAAGATGTCCACGCAGx-0,0.7373322064352147,0.2626681508575269
AAGCCGCCACATCTTTx-0,0.739404579918017,0.2605957831198933
AACGTTGAGAGTGACCx-0,0.7373718055353489,0.26262856886520175
AAGCCGCAGAAACGCCx-0,0.7406861210813055,0.25931424180918383
AACGTTGAGATCGGGTx-0,0.6943240866098713,0.3056762681216516
AAAGCAACATTAGGCTx-0,0.7356596333542291,0.2643407601005713
AACTGGTGTAAATGACx-0,0.7393458460468814,0.2606544851355055
AACTCTTTCTTGCATTx-0,0.734433812551824,0.2655665665115858
AAATGCCTCTGACCTCx-0,0.7353595543380333,0.26464083661070065
AAAGTAGAGGCCATAGx-0,0.7468012887421392,0.2531990931752616
AAGACCTAGAGTTGGCx-0,0.7514414595297725,0.24855891291397733
AAATGCCAGCAGGCTAx-0,0.7341497137741338,0.26585065999708923
AAACGGGCAGCGATCCx-0,0.7246978916234876,0.2753025203694498
AAACGGGAGGCTAGGTx-0,0.7366696464075326,0.26333071753018716
AAATGCCGTTCACCTCx-0,0.7266667826724236,0.2733336119501984
AAACCTGGTCTCTTTAx-0,0.7351850840063142,0.2648153291734816
AAAGTAGGTTGAGGTGx-0,0.7507353851603895,0.24926498272461173
AAAGTAGTCGGCGCATx-0,0.7501213675322183,0.24987899934370386
AACTGGTTCGCTTAGAx-0,0.7403148305827835,0.2596855475771612
AAATGCCAGGCTAGCAx-0,0.7329639653126562,0.26703640802232537
AAACGGGGTCTAGTGTx-0,0.7354920801036319,0.264508301836175
AACCATGGTGCGCTTGx-0,0.7524054429047501,0.24759491300588088
AAGACCTTCGTCCAGGx-0,0.7369367077854068,0.2630636573095652
AACTCCCGTAGGAGTCx-0,0.7379198761391317,0.26208046135398916
AAAGTAGGTCAAGCGAx-0,0.7525478075175285,0.24745255263950539
AACTGGTGTTTGTTTCx-0,0.7382179410888708,0.2617823973662386
AACACGTGTCCAACTAx-0,0.7345634723928249,0.26543689576971874
AAACGGGCATCGGAAGx-0,0.7370721907576706,0.2629281573837609
AAGACCTAGCTAAACAx-0,0.7577193918155883,0.24228101309063585
AACCATGAGCAGGCTAx-0,0.7361485824129365,0.26385179204386616
AACTCAGTCCATGAACx-0,0.739169417094232,0.26083096081671137
AACTGGTCACGTGAGAx-0,0.738285769190925,0.26171460920607853
AACACGTTCTTAACCTx-0,0.7420885455809088,0.25791183698435416
AAACCTGTCCTAAGTGx-0,0.7358347311856205,0.264165652987221
AACGTTGTCAGCTGGCx-0,0.7357660851676283,0.26423428154902406
AACTTTCCACGGCGTTx-0,0.7379863468377789,0.26201401461823165
AAACGGGGTAAAGGAGx-0,0.7353224027891319,0.2646779707272577
AAACCTGTCTTGAGACx-0,0.735572397249489,0.2644280106294804
AAGACCTAGTCACGCCx-0,0.7368415657698155,0.26315878340517784
AACCGCGGTATCAGTCx-0,0.7513783756018904,0.24862199078856398
AACGTTGAGCGTAGTGx-0,0.7367572942126084,0.2632430674045834
AACTCAGGTTCGCGACx-0,0.7452101896657546,0.254790158042443
AAATGCCAGATACACAx-0,0.7369348126702046,0.2630655531225397
AACTCCCCAATCGGTTx-0,0.7367495937938463,0.26325075888663957
AACTTTCGTCTTGTCCx-0,0.7357422146190465,0.26425815300817923
AACCATGGTCGAATCTx-0,0.7396040594504896,0.26039628081960947
AAAGATGGTCTAGAGGx-0,0.7349224255309041,0.2650779732457498
AAAGATGAGCTAGTGGx-0,0.7315875906194963,0.26841285576324936
AAAGATGAGGTAAACTx-0,0.740197583560748,0.25980274838192585
AAACCTGCAATCGGTTx-0,0.7369185958843969,0.2630817807674562
AACTCAGCACTTGGATx-0,0.7166555863551812,0.2833448290679727
AAAGTAGTCAAGGTAAx-0,0.7403960897803791,0.2596042406086158
AAAGCAACACGGTAAGx-0,0.7368892168275045,0.26311112558402144
AACTTTCTCTCCAACCx-0,0.7342099358815817,0.26579044795501156
AAGACCTTCTGTCAAGx-0,0.7323135545318648,0.26768682391445797
AACCGCGGTGTTTGTGx-0,0.7367341096518525,0.2632662691384939
AAACCTGGTCCAAGTTx-0,0.7353381918361018,0.26466216293139616
AAACGGGAGATCCGAGx-0,0.7357859344172718,0.2642144499902643
AACCATGTCATAACCGx-0,0.7369204231738797,0.263079934719725
AACTCCCTCTTGACGAx-0,0.7368532757462424,0.2631470978304267
AACTGGTTCTTACCTAx-0,0.7376140183070335,0.2623863573617223
AACTCCCCAGCTGTGCx-0,0.7354430246031638,0.26455733878103677
AAAGATGTCGCACTCTx-0,0.734780532913605,0.265219840050565
AACCGCGGTCAGATAAx-0,0.7413538701588402,0.2586465058959868
AAGCCGCCAGAGTGTGx-0,0.7366882600530082,0.2633121322880763
AACTGGTCACCCAGTGx-0,0.7515312013765995,0.24846916501797467
AAACGGGTCGAATGGGx-0,0.7499109021714231,0.2500894662732841
AAGCCGCCACGGACAAx-0,0.7382896297101308,0.26171070508859917
AACCGCGAGCAGGTCAx-0,0.7401938641848812,0.25980651068031724
AAACCTGGTCATTAGCx-0,0.735424612465512,0.26457577132203675
AAGACCTAGGAATTACx-0,0.7392249808797109,0.2607753967276422
AACGTTGGTCGCGGTTx-0,0.7458294518036377,0.25417093952094005
AACTTTCAGCGATCCCx-0,0.7348503191818337,0.2651500647022727
AAGGCAGAGTGGGTTGx-0,0.737059130267526,0.2629412680253152
AATCGGTCAAAGCGGTx-0,0.6987855662625224,0.30121480762331837
ACATCAGCATTGCGGCx-0,0.7359106064602579,0.26408975808080304
ACCAGTAAGTGTCCCGx-0,0.7345634710318085,0.26543687803100535
ACACCCTAGGTAGCTGx-0,0.7378220998135949,0.26217824708408516
ACAGCCGGTTACCGATx-0,0.7366104233307503,0.2633899241053529
ACCGTAAGTGCTGTATx-0,0.733022288506847,0.2669780626770227
ACCAGTAGTAGAGTGCx-0,0.7376710859551734,0.26232927298135816
AAGGCAGTCTACTCATx-0,0.7323172787339383,0.2676830629086374
AATCGGTGTCTTCAAGx-0,0.7371144541362002,0.2628858898681325
ACCGTAAGTAGCGCTCx-0,0.7395363783681189,0.26046399533063286
AAGGCAGGTCAAAGCGx-0,0.7400039501448946,0.2599963895078545
ACACTGAAGGGTTCCCx-0,0.7368109377005466,0.26318944514651466
ACGAGCCCAAGTCTGTx-0,0.7376200250460979,0.2623803249724563
ACACCGGCAGATGGGTx-0,0.7336152591488342,0.266385108240357
ACCTTTAGTTCCAACAx-0,0.7556283851000318,0.24437200363825
ACCCACTTCGTTGCCTx-0,0.7357182132538641,0.264282171432941
ACACTGAAGCACAGGTx-0,0.7540576808629175,0.24594267722894908
ACCCACTAGACTACAAx-0,0.7370054040477338,0.2629949485757012
AATCGGTTCGCCAGCAx-0,0.7353343369064852,0.2646660340744379
ACATCAGGTTCTCATTx-0,0.7315526870064148,0.26844770263889556
ACATACGCATTGTGCAx-0,0.7392399685338464,0.26076036128096963
ACCTTTACAATAGAGTx-0,0.7336313770430419,0.26636902008554786
AATCGGTCACGAAATAx-0,0.7380537745825024,0.2619466096471918
ACCTTTATCGGTTAACx-0,0.7482891185417292,0.25171126341289535
ACCCACTAGGCTAGACx-0,0.7348291757897305,0.26517122008700406
ACAGCTAAGGACATTAx-0,0.7306779362028498,0.2693224211393411
ACCAGTAAGATGTCGGx-0,0.7341510652702065,0.26584930785796257
ACACTGAGTAGCGCTCx-0,0.7316507721409176,0.26834965031813623
AATCGGTTCGGTTCGGx-0,0.7364654011602134,0.2635349618181633
ACACCAAGTCCAAGTTx-0,0.7389707212128834,0.2610296078550112
ACAGCTAAGTTCGCATx-0,0.7354754893765642,0.2645248898883382
ACACCCTGTGGTGTAGx-0,0.7375591121426117,0.262441235692531
ACATGGTTCGAATGCTx-0,0.733861970515452,0.26613838760521763
ACACCCTCACAGACAGx-0,0.7380376130110823,0.2619627373158153
ACATGGTGTTTCCACCx-0,0.7356264834083679,0.2643738893627446
AAGTCTGGTACTCGCGx-0,0.7392925027936664,0.26070783584225576
AAGGAGCGTAATAGCAx-0,0.7362462666495769,0.26375409461323035
ACCTTTACAAGCCGCTx-0,0.7324138431751388,0.2675865204577574
ACACTGAAGGCGTACAx-0,0.733076375570589,0.266924032033327
ACACCCTTCTACCAGAx-0,0.7391409626981347,0.26085938198976
ACACTGAGTGAACCTTx-0,0.7400772536504852,0.2599230788061947
ACATGGTGTACCTACAx-0,0.7512804375176849,0.24871993531654984
ACGAGCCAGTGGGATCx-0,0.7351788770905987,0.26482151617593835
ACCGTAATCCACGCAGx-0,0.7403951972056567,0.2596051393666903
AAGTCTGGTGAGGCTAx-0,0.7277262585970542,0.27227410481285025
AAGGAGCTCGCAAGCCx-0,0.7567864110836183,0.24321397296157915
AATCCAGTCACTGGGCx-0,0.746755395938551,0.2532449899623332
ACGAGCCAGAACTGTAx-0,0.738708127678438,0.2612922410814229
ACCTTTACATCGGAAGx-0,0.7473712934168427,0.25262908586557664
ACATGGTTCGTCTGAAx-0,0.7360615082677622,0.26393887231417673
ACCCACTGTTCCAACAx-0,0.7333121029555072,0.2666882904506665
ACCCACTGTCCATGATx-0,0.7414433839556561,0.2585569964364435
ACATGGTGTGACAAATx-0,0.7357595357813017,0.2642408249641509
AAGGAGCGTCTCCACTx-0,0.6885192923938674,0.3114810792545828
ACAGCCGGTCTAAACCx-0,0.7343045340618767,0.26569584089460413
ACACCGGGTGATGATAx-0,0.7564291827246896,0.24357118001149178
AAGGCAGTCCGCTGTTx-0,0.7243191678252439,0.27568121296775866
ACACCCTGTAAGGGAAx-0,0.737677051458635,0.2623232930405525
ACAGCCGTCGTGACATx-0,0.7347543689593857,0.26524601335072945
ACACTGATCTTGTACTx-0,0.750255594608539,0.24974477343173868
ACACCCTTCGTATCAGx-0,0.7347827506216621,0.26521760841872344
ACCCACTTCGGTTCGGx-0,0.7350267383936615,0.26497363386088285
ACATACGAGAACTGTAx-0,0.7380890250047261,0.26191134981309616
ACATCAGTCACGAAGGx-0,0.7374168390934291,0.26258350235488803
AAGGCAGCACGTGAGAx-0,0.7349417934043525,0.26505856410284356
ACATCAGGTGATGTGGx-0,0.7386608193028941,0.2613395149269503
ACAGCCGAGGCCCTTGx-0,0.726630311647949,0.2733700918196084
ACCGTAATCAGGCCCAx-0,0.7523720384635741,0.2476283167895828
AAGGCAGCACAACTGTx-0,0.7376089486404973,0.2623913856712512
AATCGGTGTAAGGATTx-0,0.7366801712457269,0.2633202007521743
ACATCAGGTTGCGCACx-0,0.7368574355726731,0.26314292773140247
ACGAGCCAGGTAGCCAx-0,0.745259161344736,0.2547412319789866
AAGGTTCCATGCCTTCx-0,0.7365683072710226,0.2634320659636794
ACACTGAGTAGAAAGGx-0,0.7562693219434621,0.24373105246581744
AATCCAGGTCGCGGTTx-0,0.7378846366927087,0.2621157057228438
ACACTGAGTTAGTGGGx-0,0.730121329458223,0.26987908487270035
ACACCAAGTCGGCATCx-0,0.7314591355714034,0.2685412647632935
ACACCGGCACCGGAAAx-0,0.7379914399685901,0.2620089354021668
ACCTTTAAGATGCGACx-0,0.750334116954561,0.24966624669031762
ACCCACTTCCGGCACAx-0,0.7190472567726399,0.2809531434682414
ACACCGGAGTGCGATGx-0,0.735048177000101,0.26495220176288453
ACACCCTCATTGGTACx-0,0.7342692254510819,0.26573116963100585
ACGAGCCAGACAAAGGx-0,0.6911340520081725,0.30886631872032294
ACACCGGTCTTGAGACx-0,0.7491225896429745,0.2508777807032686
ACACTGATCTCCAACCx-0,0.7356237293423814,0.2643766463869159
AATCCAGAGCTTATCGx-0,0.7287906849626651,0.27120966543912184
ACCGTAAAGCGATCCCx-0,0.7333837201686916,0.2666166371261643
ACATGGTGTCCAAGTTx-0,0.7361978538230926,0.2638025183949897
ACACTGAAGCGTCTATx-0,0.7518765543563872,0.24812380650037305
AAGCCGCTCAGGTAAAx-0,0.7537369005998084,0.24626347539106355
ACATACGAGTGTCTCAx-0,0.749089236397625,0.250911130358025
ACATCAGTCGCCTGTTx-0,0.7503678185866186,0.2496325452613953
ACCAGTATCATCATTCx-0,0.735740732173919,0.2642596456139116
ACTGTCCGTTAAGTAGx-0,0.736149278434162,0.2638510912523775
ACGATGTTCGGCTTGGx-0,0.735410196867887,0.26459014980786244
ACTGTCCCACAGACTTx-0,0.7355891712500249,0.2644112419995929
ACTGTCCTCCCTAACCx-0,0.735644726241606,0.26435567008314614
ACGGGTCAGGGAACGGx-0,0.7376116717825527,0.26238867811251926
ACGCCAGTCTGCTGCTx-0,0.7356902703014996,0.2643101099772638
ACTGATGGTTGTGGCCx-0,0.7388617538958212,0.2611385824803116
ACGTCAATCAGCGACCx-0,0.7578404780101806,0.24215992908614323
ACGATACCACGCTTTCx-0,0.747606005056893,0.2523943728888948
ACTGATGTCACATAGCx-0,0.7523658413106279,0.24763453953149173
ACTGAGTCATCCTAGAx-0,0.7373958747718189,0.2626044723582266
ACGATGTAGGTACTCTx-0,0.7357835870842939,0.2642168113957307
ACGGGCTAGCCAGTAGx-0,0.7363316831443186,0.2636687249851139
ACGTCAACACAGTCGCx-0,0.733228897389275,0.2667714734429224
ACGATGTAGGGCTTGAx-0,0.7363971980672369,0.2636031683104275
ACTGAGTTCTGCCCTAx-0,0.7370083784297075,0.26299198859461187
ACGGGCTCATCGTCGGx-0,0.7461608271156903,0.25383953717871255
ACGATGTTCTGGAGCCx-0,0.7580041992478311,0.24199621521398965
ACGCAGCAGTTGCAGGx-0,0.7390847081306934,0.2609156664724605
ACGGGCTGTAGCGTAGx-0,0.7372806064888996,0.26271977852939493
ACTATCTTCTGATTCTx-0,0.6368892678579786,0.3631110808544513
ACTTACTTCCGCAAGCx-0,0.7564846669673422,0.2435157161162131
ACTGCTCAGTAGATGTx-0,0.6975186728581285,0.30248170026110116
ACGTCAATCGCCCTTAx-0,0.7398754729548922,0.26012489435213726
ACGCAGCTCAATCACGx-0,0.7431853326995655,0.25681500987572137
ACTGAGTAGAGTCTGGx-0,0.7561170581733889,0.24388331193692678
ACGATACTCCTCAACCx-0,0.7392713525894035,0.26072898655559146
ACGCCGATCGGACAAGx-0,0.7348958458705774,0.26510453400426237
ACGATGTAGAGAGCTCx-0,0.7310830154363651,0.2689173347544791
ACTTACTCACTAAGTCx-0,0.7370999333647592,0.2629004261624869
ACGCCAGCATCTCGCTx-0,0.7568948121880066,0.24310559895291575
ACGTCAAGTGAGTATAx-0,0.735390363191847,0.26461003113536624
ACGGGTCCACGGCTACx-0,0.7450959177271249,0.254904467590571
ACGGGCTCACAAGTAAx-0,0.7376813651711946,0.2623189779235048
ACTGCTCTCTCTGCTGx-0,0.7377141260585891,0.2622862227878192
ACGCCGAGTCCAGTGCx-0,0.7335019350342312,0.26649842555231196
ACGCAGCTCGTCCGTTx-0,0.7350508035266776,0.26494961208752144
ACGAGGATCTCACATTx-0,0.7351521531622061,0.2648482409960808
ACTGATGCAACTGCTAx-0,0.735971018657513,0.2640293509188774
ACGATACGTTATCCGAx-0,0.7385489000503348,0.2614514416860113
ACTATCTCATATACCGx-0,0.7370708565728388,0.26292954829277293
ACTGCTCAGACTTGAAx-0,0.7369343043413683,0.26306606697672136
ACGGAGACACATGGGAx-0,0.7359561890644182,0.2640441789601193
ACGTCAAAGAGCCTAGx-0,0.7374213857382909,0.2625789677534021
ACGAGGATCTGGTGTAx-0,0.755546995803419,0.2444533729613058
ACGGGTCAGCCACTATx-0,0.7387937732287392,0.26120655509329366
ACTGATGGTACAGCAGx-0,0.7350403622724785,0.26496000601263486
ACTGCTCAGCGATAGCx-0,0.7305608151534974,0.2694396038803239
ACTGAACAGCTAGCCCx-0,0.7378535522609293,0.2621468081589468
ACTGAGTTCTAACCGAx-0,0.7354689916949914,0.2645313578141254
ACTGAACTCTAAGCCAx-0,0.7491745008561814,0.2508258731563156
ACGCAGCCAAACGTGGx-0,0.7355051648845076,0.2644952068010272
ACGATACGTACTTGACx-0,0.7355561426079413,0.26444422309934973
ACGGGCTGTCGCATATx-0,0.7578432223956821,0.24215718333474678
ACGTCAAAGCGCCTCAx-0,0.7506715784789354,0.24932879084769774
ACTGTCCCAATCCGATx-0,0.736312768588806,0.2636876105047048
ACTGCTCAGGCAGGTTx-0,0.7361676885061116,0.26383268088045764
ACGGGCTTCTTATCTGx-0,0.7348215036863237,0.2651788920374584
ACGTCAATCTCAAACGx-0,0.7567254764553634,0.2432749217064833
ACGATACTCCCTGACTx-0,0.7383505252996679,0.2616498538600751
ACGGGCTCATCTGGTAx-0,0.7371347537862185,0.26286558953199596
ACGCAGCTCTACTCATx-0,0.7285704706023743,0.2714299342187587
ACGCCGATCGGTCTAAx-0,0.7343124109920997,0.26568794551092756
ACGGGCTCAACGATGGx-0,0.7446314723088796,0.255368912386099
ACTGAGTGTATCTGCAx-0,0.7362764281249595,0.2637239876895232
ACGCCAGGTGATAAGTx-0,0.7520593301524052,0.24794103758607375
ACGGAGATCCCTCTTTx-0,0.7390457628831031,0.26095462201460723
ACGCCGACAATAGCGGx-0,0.7390816571989258,0.2609186848504202
ACTGCTCTCCTTGGTCx-0,0.7354457625036585,0.26455463323802997
ACTGAACTCGGCGCATx-0,0.7390620189767094,0.260938318721779
ACTGAGTAGGCATGGTx-0,0.7323494006073609,0.26765098817387944
ACTGAACTCAGCCTAAx-0,0.7506058675904619,0.24939450166064137
ACGCCAGTCCAGAGGAx-0,0.735632225804313,0.26436816331347945
ACGGAGACACGGATAGx-0,0.7366053516429398,0.2633949854450883
ACTATCTCAGTATGCTx-0,0.7520676979412504,0.24793266602299627
ACGATGTGTGTCGCTGx-0,0.7409383734246033,0.2590620029542448
ACTGATGCAGCGAACAx-0,0.7366974364949567,0.2633029326727641
ACGCCGACAGCTGTATx-0,0.7361773282232043,0.2638230364402975
ACGGCCAGTCCCGACAx-0,0.7349113202155084,0.2650890486111009
ACGATGTAGGATGTATx-0,0.7395331300077945,0.2604672045871188
ACGATACAGTCACGCCx-0,0.7343248877630187,0.2656754865827113
ACGATACCATGCATGTx-0,0.735053064168726,0.264947294624876
ACTGAACAGCTGTTCAx-0,0.7354589726423997,0.264541407600904
ACGGCCAGTACCGTATx-0,0.7084447485741034,0.2915556194568961
ACGAGCCGTCTAAAGAx-0,0.754253756876941,0.24574659805935492
ACGATGTCACCACGTGx-0,0.7365673962681178,0.2634329605698691
ACTGAACAGCTAGTCTx-0,0.7465858502247744,0.25341452282175436
ACTATCTCATTGCGGCx-0,0.7461547530639354,0.25384561244704906
ACTGATGGTACAAGTAx-0,0.704649410075002,0.29535099656481567
ACGATACAGCGCCTCAx-0,0.7351460276656935,0.26485432645473733
ACGATACGTCTTTCATx-0,0.7364828543310198,0.26351751233344395
ACGATGTGTCCGCTGAx-0,0.7340453110790072,0.2659550372148621
ACGTCAAGTACTCAACx-0,0.7353272384089411,0.2646731397270017
ACTGATGTCTGGCGTGx-0,0.7422614685578754,0.25773887522347644
ACGGGCTCACAGCGTCx-0,0.7408289360717961,0.25917140886562523
ACGATACAGCTGGAACx-0,0.7380718145596934,0.2619285564590242
AGGCCACTCGCCTGAGx-0,0.7360937353186565,0.2639066218194663
AGAGCTTGTTGACGTTx-0,0.757031776376141,0.24296859500507498
AGCATACTCATCTGTTx-0,0.7361509852065377,0.263849418228118
AGACGTTAGATAGTCAx-0,0.7361202801885073,0.26388009930704115
AGCAGCCAGGAGTAGAx-0,0.7373242363779386,0.26267612387910866
AGATCTGGTGGAAAGAx-0,0.7356396313317102,0.26436078304122584
AGAGCGAGTTCTCATTx-0,0.7569591479426883,0.24304123904589633
ACTTTCACACCGGAAAx-0,0.7322821662027026,0.267718190750624
ACTTTCATCGGCGCATx-0,0.7379510467254824,0.26204929263611765
AGCGTATAGAGGTTGCx-0,0.7526321976444761,0.247368181053089
AGGCCACCAATCGAAAx-0,0.7363105014624803,0.26368989039377627
AGCGTCGAGATAGTCAx-0,0.7274923899960578,0.2725080246917529
AGCGGTCTCCCTCTTTx-0,0.6969302750618221,0.30307008041236855
AGGCCGTAGTTCGATCx-0,0.7364581966946722,0.2635421675450318
AGATTGCGTTGTGGAGx-0,0.7327227718717761,0.2672776711338591
AGCGGTCGTACAGCAGx-0,0.7355390557537833,0.26446132851652576
AGACGTTCAACAACCTx-0,0.7451623255747549,0.25483806425460714
AGCCTAACAGCATGAGx-0,0.7389792757809328,0.2610210649379924
AGAATAGTCAGTCAGTx-0,0.7361835516265849,0.2638168126985437
AGAGTGGTCATGCTCCx-0,0.7510704228130458,0.2489299326076502
AGAGCGAGTAGCGCTCx-0,0.7522091517547903,0.24779120313677988
AGCTCCTTCCTTGACCx-0,0.7369576485520535,0.26304271076660124
AGACGTTCAGTTAACCx-0,0.7370302274057441,0.26297014460066864
ACTTTCATCAGTACGTx-0,0.7433816255015,0.2566187650179216
AGACGTTCAAGTCTACx-0,0.7367219211661644,0.26327845877308925
AGCGGTCCATATACGCx-0,0.7357925080579416,0.2642078599975799
AGCCTAATCCGTTGCTx-0,0.7356396539013115,0.2643607493984353
AGCGGTCGTGCAACTTx-0,0.7447747557502765,0.25522559555826746
AGCGTATAGGTGATTAx-0,0.7410773200718076,0.2589230264858929
AGCTTGAAGTCATCCAx-0,0.7357836532337481,0.2642167180772587
AGCTCTCAGTAACCCTx-0,0.7360965398802057,0.26390383624228786
ACTTGTTAGGCAGTCAx-0,0.7351443715017532,0.2648560026010631
ACTTTCATCCGCATCTx-0,0.7379472557148524,0.2620531110501672
AGCGTCGGTTTGGCGCx-0,0.7354207579250435,0.2645795892803398
ACTTTCAGTATCTGCAx-0,0.7444346274144442,0.25556575777582313
AGCATACAGTGGACGTx-0,0.7542097525600573,0.2457906152240814
AGAGTGGTCACCTTATx-0,0.7368658184598629,0.2631345242194571
AGCATACGTGATGTGGx-0,0.7355608607312005,0.26443952722873265
AGCAGCCTCAGGATCTx-0,0.7219305331055992,0.2780698628247784
AGCGTCGTCTCCGGTTx-0,0.73722957329114,0.2627707923413454
AGCTCTCCATGCTGGCx-0,0.7154258562354416,0.2845745520840958
AGATCTGTCAGCGATTx-0,0.7373050957568169,0.26269526395672826
AGGCCGTAGTGCGTGAx-0,0.7368736219580129,0.2631267243669833
ACTTTCAGTATTCGTGx-0,0.7363327549313305,0.26366761216167917
AGCTCTCGTTCAGGCCx-0,0.7375011147085437,0.2624992487845569
ACTTGTTAGTACATGAx-0,0.7368759224722453,0.2631244311032803
ACTTGTTCACCGCTAGx-0,0.7451174210408357,0.25488296087598694
AGACGTTGTTGATTGCx-0,0.7341613824857437,0.2658390285205397
AGCTCCTTCGGCGCTAx-0,0.7004098794733216,0.29959050023968564
AGGCCGTGTGTTTGTGx-0,0.7444503225201958,0.2555500705951335
AGAGCGAAGTCCCACGx-0,0.7374546707230287,0.26254570614169076
AGCGTATCAACACCCGx-0,0.6955172810563572,0.30448308032950966
AGACGTTCACGTCAGCx-0,0.7258222586800195,0.2741781464116334
AGCGGTCCATGGTCATx-0,0.7345680424790114,0.26543238945385866
AGAGCGACATGAAGTAx-0,0.7555288313641437,0.24447154819353348
AGCCTAACAGTTAACCx-0,0.7529345144399932,0.247065858679898
AGCAGCCCACACCGACx-0,0.742464826158561,0.2575355600737039
ACTTTCACACAGCCCAx-0,0.7354852560989694,0.2645151097810744
AGACGTTCACCGATATx-0,0.7577406232202464,0.24225977230062629
AGGGAGTAGTGTACCTx-0,0.7504307913370079,0.2495695929649638
AGCTTGACACTTACGAx-0,0.7349590810829959,0.2650413245000295
AGAATAGAGCGGATCAx-0,0.7473554881363059,0.25264489562451875
AGCATACAGCCTTGATx-0,0.7354999874877051,0.2645003865604727
ACTTTCAAGCAGATCGx-0,0.7389328547296183,0.261067513183847
AGATCTGTCTCCAACCx-0,0.7320408921944036,0.267959471559208
AGCGGTCTCCTGTAGAx-0,0.7376786365587384,0.26232172932606335
AGAATAGAGGGAAACAx-0,0.7566516307988077,0.24334875345861465
AGAGCTTTCCATGAGTx-0,0.7395645756949014,0.2604357593527696
AGCATACCACCACCAGx-0,0.730705039321479,0.26929532368991305
AGCATACAGGGTTCCCx-0,0.740622640693784,0.2593777412750529
AGCAGCCCATGGGACAx-0,0.7569915739918931,0.24300881577950664
AGCGTCGGTCATCCCTx-0,0.7359985566136485,0.26400180673520296
AGAGTGGGTTACGACTx-0,0.7371198043802801,0.2628805656450686
AGATCTGGTCGCGAAAx-0,0.7352124221146579,0.264787951162742
AGCTCTCTCGTTACAGx-0,0.7563344305623493,0.2436659534860794
AGGCCACGTGCAACGAx-0,0.7363051351145878,0.26369524615869455
AGAATAGTCACATAGCx-0,0.7371315050853106,0.2628688555753407
AGATCTGAGATGCCTTx-0,0.7394522028665866,0.2605481777206376
AGATCTGGTCCAACTAx-0,0.7369599456356639,0.26304043993118337
AGAGTGGTCACCTCGTx-0,0.7368635455391676,0.2631368134618161
AGCTCCTGTTGATTCGx-0,0.7350495932232463,0.2649507753237174
AGACGTTGTTACAGAAx-0,0.7345850242067584,0.2654153489024362
AGAGCGACAAAGGTGCx-0,0.7362423575985251,0.26375801846601493
AGCGGTCCAAGCTGAGx-0,0.7377065229049605,0.2622938442562295
ACTTGTTAGAGCTGGTx-0,0.7370539151209607,0.262946438884785
AGGCCGTCAAAGGAAGx-0,0.738037962630183,0.26196239662516074
AGCAGCCAGACGACGTx-0,0.7513329865521305,0.24866737968061084
AGAATAGGTTCTGTTTx-0,0.7360885327022089,0.26391187255558196
AGCTCCTGTAAGAGAGx-0,0.7385341359427886,0.26146622597578245
AGCGGTCTCTGGCGTGx-0,0.737618033742045,0.2623823407491628
AGCAGCCAGACAATACx-0,0.7355518581000382,0.26444854281482055
AGCCTAAAGATCCCATx-0,0.7463109742898826,0.2536893881859743
AGGCCACGTGTAACGGx-0,0.7536923646513113,0.24630800416329848
ACTTGTTCAAGCCATTx-0,0.7358905014383582,0.2641098910473055
AGATCTGGTTAAGACAx-0,0.7577599557957146,0.24224043673866955
AGACGTTGTCGCGTGTx-0,0.7339374115253811,0.26606296607455127
ACTTTCAAGCTGCGAAx-0,0.7369140969412549,0.2630862750055654
ATGCGATAGATAGTCAx-0,0.6127875634870249,0.3872127736494999
ATCTACTAGTGCTGCCx-0,0.7431175574203748,0.2568827989671318
AGGGTGAAGCATCATCx-0,0.7395212994235134,0.2604790359012293
AGTGGGAAGCGTGAACx-0,0.7363276165349931,0.2636727617156223
ATCATGGTCTCAAGTGx-0,0.7397908775975586,0.26020949727381815
ATCTACTAGATGTCGGx-0,0.7362081800880339,0.26379217601396915
AGTGAGGTCAATAAGGx-0,0.7365199194220144,0.2634804597243524
ATCGAGTCACATGGGAx-0,0.7376883486383772,0.2623119961042796
ATAACGCAGCTAGTGGx-0,0.7398979675627493,0.2601023598297359
AGGTCCGGTCAAAGCGx-0,0.7337798817433143,0.2662204706188766
ATGAGGGCAGGGCATAx-0,0.7322898685804958,0.2677105313901705
ATCACGATCAGCAACTx-0,0.7347444879902816,0.26525588349239226
AGGTCATTCGCCTGTTx-0,0.7564694407933683,0.24353092622146713
ATGAGGGAGCCATCGCx-0,0.7355845447905639,0.26441581108319545
AGTGTCATCATTCACTx-0,0.7313423968306927,0.2686579717474426
ATGAGGGAGGTGACCAx-0,0.7373015822126783,0.2626987753024471
ATCACGACAGACACTTx-0,0.7407383715474939,0.25926197647507965
ATCGAGTCAAGTCTACx-0,0.745748335210687,0.25425205133357925
ATAGACCGTTGAGGTGx-0,0.7355148728679728,0.2644855043904022
AGTCTTTTCTTTACACx-0,0.7369675818612395,0.2630328034945337
AGGTCATTCAACACACx-0,0.7436353195821251,0.2563650598430501
AGTAGTCCAAGCCGTCx-0,0.7527801537651347,0.247220197468742
ATCATCTTCCGTACAAx-0,0.7352322197533001,0.26476816161767935
AGTTGGTCACAGCGTCx-0,0.7326198867956255,0.26738050302817395
AGTTGGTTCTCCAACCx-0,0.7368913839704989,0.2631089680847112
ATCATGGCAGGACGTAx-0,0.7295346635973622,0.27046572268783237
AGGTCATTCTGTTGAGx-0,0.7568686660706757,0.2431317226815442
ATCATCTAGAATAGGGx-0,0.7561698225318827,0.24383053495512907
ATAAGAGAGCAGGTCAx-0,0.7321886164791785,0.2678117285892996
ATGAGGGCAAAGGCGTx-0,0.7372803248862551,0.2627200496057359
AGGTCCGAGGATGTATx-0,0.744703688887295,0.2552967134552488
AGGTCCGTCTTTAGGGx-0,0.7373231755920644,0.2626771879929477
ATCATGGTCTGTTGAGx-0,0.7416822189262522,0.2583181531251744
AGGTCCGGTAAACACAx-0,0.7301659968559845,0.26983443416568453
AGGGTGATCTTTACACx-0,0.7407378582758642,0.25926247532134244
ATGAGGGCATCACGTAx-0,0.7356462314217098,0.26435414285822273
ATCATGGTCGCTTAGAx-0,0.7465001809405915,0.25350019197407675
ATAGACCGTAGATTAGx-0,0.730318588685424,0.2696818330547957
AGGGTGATCGTCGTTCx-0,0.7345480369165361,0.2654523450045115
AGGTCATGTCTAGAGGx-0,0.7361022355393334,0.26389812682450753
AGTGTCAAGCGTGAACx-0,0.7367701707582587,0.26323020649009765
AGTCTTTTCTTTAGTCx-0,0.7456416875529096,0.2543586649983204
ATAAGAGCATGGGACAx-0,0.741162050522682,0.25883832957029757
AGTGAGGAGGGCATGTx-0,0.7564638675767391,0.2435365154946269
AGGGTGATCAGCACATx-0,0.7345624158300447,0.2654379438789966
ATCATCTCAGTCCTTCx-0,0.7466197699892018,0.2533806309651233
ATGAGGGAGTCATCCAx-0,0.7369510355592148,0.2630493154195797
ATAACGCTCTGGCGTGx-0,0.7337749479338029,0.26622544021063177
ATAACGCAGGTGTGGTx-0,0.7359892317618419,0.26401111054036586
ATCATGGAGATGTGGCx-0,0.7450893265059495,0.2549110227439016
ATGAGGGGTGCTTCTCx-0,0.7377604440864499,0.2622399207138381
ATGCGATAGATATACGx-0,0.7306888994124346,0.26931149949561767
AGGTCCGCAGTCAGAGx-0,0.7416579310492919,0.25834241745010333
ATCGAGTCAGGAACGTx-0,0.7461809760563971,0.2538194106485143
AGGGATGTCCAGGGCTx-0,0.7573119248469806,0.24268845913619053
AGGGATGTCATCACCCx-0,0.7541807067584944,0.24581963785737515
AGTGAGGAGGGTCGATx-0,0.7343808655579903,0.2656195324448947
AGTGGGATCGGACAAGx-0,0.7353529092751246,0.2646474388338929
ATCGAGTGTATATGGAx-0,0.7345863697842786,0.26541405397697815
ATAGACCGTTTACTCTx-0,0.7312591610134588,0.26874120589154515
ATCCGAAAGCAACGGTx-0,0.7419366331152917,0.2580637371830225
AGGTCATTCATTGCCCx-0,0.7362842181693352,0.2637161580499816
ATCATGGTCTAGCACAx-0,0.7363941983806545,0.2636061671562298
AGGTCCGTCTCCGGTTx-0,0.7367431668880708,0.2632571976984468
AGTAGTCGTTCGTGATx-0,0.7526771875648941,0.24732317078594798
AGTGGGAGTCTAACGTx-0,0.7337389641874424,0.2662614040017428
AGTAGTCGTTTGACTGx-0,0.7327326678368432,0.26726773331862885
ATCACGAAGTGACATAx-0,0.7212272270876082,0.27877312102872265
ATCGAGTCATGGTCTAx-0,0.7524843039427004,0.24751609911522707
AGTAGTCGTCAGAAGCx-0,0.7376208612552355,0.2623794742193342
ATGAGGGAGGCGCTCTx-0,0.7353987514776726,0.26460163406378745
AGGTCATTCGGAGGTAx-0,0.7348924354370338,0.2651079369361283
ATAAGAGTCGTCGTTCx-0,0.7074834993553827,0.2925168784072679
AGGTCATCACTACAGTx-0,0.7523100794260329,0.24769027640097085
AGTGGGACAACACGCCx-0,0.7392724079587711,0.26072792915035004
ATCTGCCTCGCGCCAAx-0,0.7394381739846217,0.26056218335136233
AGTTGGTTCCCAACGGx-0,0.754038403812764,0.2459620010734989
ATCATGGCAACCGCCAx-0,0.7383497027580292,0.26165066656983377
ATCTACTTCTCAACTTx-0,0.7382529639318949,0.2617474023654502
AGTTGGTTCGTCGTTCx-0,0.7356814515940102,0.26431892765773174
AGGTCCGCATAACCTGx-0,0.7348689104382433,0.2651314887962782
AGTTGGTCACACGCTGx-0,0.7519575048811666,0.24804285913246382
ATCATCTGTCCGTTAAx-0,0.7371978586153979,0.2628025013206171
ATAACGCAGTCAAGGCx-0,0.7410997120435919,0.25890066904102127
ATCGAGTTCTATCCCGx-0,0.7343576787364132,0.26564269536915397
AGTGAGGCATTCTTACx-0,0.7388907102091546,0.26110962511050584
AGGTCATAGACTAGGCx-0,0.7334819786851545,0.26651844710683403
AGGTCATTCAAGGCTTx-0,0.7344275660083247,0.2655728473752297
ATCGAGTGTACTTCTTx-0,0.735455503734824,0.26454492354301495
AGTCTTTAGTATCTCGx-0,0.7303843069488892,0.26961608174217483
ATAGACCAGCACCGCTx-0,0.7358394349395533,0.2641609653172946
ATCTGCCCACCGAATTx-0,0.7361961978272106,0.2638041796715865
ATCATCTAGCTAACTCx-0,0.738833395297841,0.2611669397728125
AGTCTTTTCTGCAAGTx-0,0.7337000493793707,0.26630033593687186
AGTGGGATCAGTTAGCx-0,0.7249376001358796,0.27506283619849525
ATGTGTGCACCAGATTx-0,0.7335521777278264,0.2664481779479424
CAACTAGTCAACGCTAx-0,0.7310660032364105,0.2689343897671449
ATTCTACGTGATAAACx-0,0.7330585945390223,0.26694173174513186
CAAGATCAGTGTACCTx-0,0.7569220583181935,0.2430783280933479
ATTATCCGTACTCAACx-0,0.7404209135966441,0.25957940956561776
CAACTAGTCTCTTGATx-0,0.758179238168512,0.24182115826382833
ATTGGACTCTTTCCTCx-0,0.7374975710680258,0.26250277249128756
CAACCTCTCCTGCAGGx-0,0.7357938863558395,0.264206500459445
CAAGAAAGTCCGACGTx-0,0.7410905401627629,0.25890979681991005
ATTTCTGGTAAGGGAAx-0,0.7387731061099919,0.2612272591588443
CAAGGCCCAAGCGCTCx-0,0.7368184989069513,0.2631818467965794
CACACTCTCAAACAAGx-0,0.7304149908704997,0.26958541466215646
CAACCAAGTAAGTGTAx-0,0.7396797442834762,0.2603206138093125
CAACTAGGTCCAAGTTx-0,0.7332821227151961,0.26671820732680857
ATGCGATGTGTAATGAx-0,0.7369040775495538,0.2630962972564027
ATGGGAGGTTCCACGGx-0,0.7362988948755389,0.2637014806836681
ATTGGTGTCGGCGGTTx-0,0.7357789775814867,0.26422139527317257
CACACTCAGAGTGACCx-0,0.7476483786680099,0.25235200050912554
CACACTCGTCATCCCTx-0,0.7353454259528296,0.26465497473985966
ATTGGACGTCGTTGTAx-0,0.737261534213938,0.2627388202028454
CAACTAGGTTCTGAACx-0,0.733106764664367,0.26689366871671866
ATGGGAGGTACGCTGCx-0,0.7358144480386982,0.2641859253675177
CAACCAAGTCGGCACTx-0,0.7387902114855338,0.26121012129866283
ATGTGTGAGGCTAGACx-0,0.7419273103501578,0.2580730571231096
CAAGATCGTTAGATGAx-0,0.7543272313497574,0.24567315992165178
CAAGTTGGTTGCCTCTx-0,0.7377737808197885,0.2622265947428764
CACACTCTCGGTTAACx-0,0.7562721556852896,0.24372822458160148
ATGTGTGAGGTAAACTx-0,0.7563841907300688,0.24361622318129375
CACAGGCCATAAAGGTx-0,0.7072764867145901,0.2927239013435569
CACACAATCGCTTGTCx-0,0.7368628268492932,0.2631375254407811
CACACCTTCTGCTTGCx-0,0.7357120534445694,0.2642883382999605
ATGCGATCACTACAGTx-0,0.7370202670084294,0.26298008655653277
ATTTCTGCAGGGATTGx-0,0.7351391637182246,0.2648611942572322
ATTACTCCAGGTCTCGx-0,0.7383421379308635,0.26165820166378645
ATTTCTGTCACCTCGTx-0,0.7472220861525516,0.252778300110681
ATTACTCCATCTGGTAx-0,0.7397766445197502,0.2602236870786173
ATTCTACGTTTGTTTCx-0,0.7244992470652966,0.27550111397949917
ATGCGATGTGAACCTTx-0,0.7367519247370111,0.2632484470940744
CAAGAAACACACTGCGx-0,0.7357207622764339,0.26427960197241124
ATTGGTGCAGTGGGATx-0,0.7339735929582989,0.26602675185692337
CACACAACACATCCGGx-0,0.6953216619002206,0.30467866012351696
CAAGATCCAGCTCCGAx-0,0.7348238357628564,0.2651765497586035
ATTTCTGAGTGTTGAAx-0,0.7398150427877505,0.26018529292226567
CACAAACGTGGGTCAAx-0,0.7401384017831522,0.25986196392522726
CAAGATCAGCGTAATAx-0,0.7429328767154788,0.2570674668003183
CACACTCGTTGTACACx-0,0.7369093247589625,0.2630910365470482
ATTGGTGTCGAATGCTx-0,0.7388046802503846,0.2611956819544405
CAACCTCTCTTAACCTx-0,0.7348174242125577,0.2651829739130612
CAACTAGCACTTCTGCx-0,0.7417598942569846,0.25824049111731723
ATTCTACCACTTCGAAx-0,0.739883947473587,0.2601163960100535
CACACAATCGCAAACTx-0,0.73872956216791,0.26127080884922244
CAAGATCAGCTAGCCCx-0,0.7526313327070525,0.2473690420594639
ATGCGATCAAACCCATx-0,0.7353656199144939,0.264634756621362
CACAAACAGCATCATCx-0,0.7373552654685929,0.2626451279939522
CAAGTTGGTTCGTGATx-0,0.7344927431060465,0.26550762624986596
ATTTCTGTCACTATTCx-0,0.7303884655334221,0.2696118676481255
CAAGATCAGTTACCCAx-0,0.7497529304175875,0.2502474528319598
CAACTAGAGTGGTAATx-0,0.7357756841568229,0.2642246938481442
CAACCAAAGTGGAGTCx-0,0.734714417699243,0.2652859988150538
CACACTCAGGGAAACAx-0,0.7325625925156399,0.2674377337009394
CAAGATCGTAAATGACx-0,0.7577821085984365,0.24221829787651347
CACAGTAAGAACTCGGx-0,0.7354090609837381,0.2645913332793892
CAAGGCCAGTACTTGCx-0,0.7313828826188206,0.2686174727173652
CACAGTAAGTAACCCTx-0,0.738076525662327,0.26192384868929564
CACACCTAGCTCCTCTx-0,0.7350756862489006,0.2649246949078184
CAAGTTGTCTTACCGCx-0,0.73507632416951,0.2649240298486732
ATGCGATGTAGCTGCCx-0,0.735377228753106,0.2646231500831024
CACAGTAAGGTTACCTx-0,0.7505327248405639,0.24946767420984975
ATGTGTGGTCGAATCTx-0,0.7344138897466294,0.26558649110370736
CAACTAGTCAGCTCTCx-0,0.7383422747419845,0.26165806785494833
ATTATCCAGGGCACTAx-0,0.7401501290970722,0.2598502372239376
ATTGGTGCACAGGAGTx-0,0.731034564310591,0.2689658466334881
CAACTAGAGGATGGAAx-0,0.7579849835879459,0.24201542820207922
CACACCTCAATAGCAAx-0,0.7381252692450996,0.2618750738017281
CACACAACACACGCTGx-0,0.7350214912977916,0.26497887422203753
CACACAAAGCACCGTCx-0,0.7393616064539376,0.2606387695080429
CACACAAGTTACGTCAx-0,0.7349604665832093,0.26503990650360226
CACACCTAGCCCAACCx-0,0.7393226976240076,0.26067766848429025
CAACTAGTCAGCTTAGx-0,0.7350718864278958,0.2649284780335297
ATTGGACAGATAGCATx-0,0.7354040199036531,0.2645963406470658
CAAGAAAGTAGAGTGCx-0,0.7365125353198335,0.26348789891920543
CAAGATCCACACTGCGx-0,0.7350507173175392,0.2649497319949237
ATTGGTGAGGTGCACAx-0,0.7373366936897189,0.2626636634553947
ATTACTCCAGTATGCTx-0,0.7351022375597862,0.2648981214418623
ATTTCTGGTGTTCGATx-0,0.7343074484745343,0.26569290340684676
ATGCGATTCTGGTGTAx-0,0.737029688776747,0.26297066499368943
ATGGGAGGTAAGAGGAx-0,0.7356791522901007,0.26432122534318825
CAAGTTGCAGCTCGCAx-0,0.738088529110125,0.26191185989233906
CACACTCTCCCTAATTx-0,0.7357632960183553,0.26423706212549525
CACAAACAGTACGTTCx-0,0.7321027531559252,0.26789759143863234
ATGTGTGAGTTAGGTAx-0,0.7347212865116702,0.26527909295979796
CAAGAAACATATACGCx-0,0.7508046333792401,0.24919573847004942
CAACCTCCAAGGTTTCx-0,0.7417365440629634,0.2582638351319937
ATTCTACTCTGCTGTCx-0,0.7562448904714782,0.24375549888310435
ATTCTACTCACCGTAAx-0,0.7389922439378451,0.26100814360911095
ATTATCCCAGTGACAGx-0,0.728117303377026,0.27188310208028416
ATTTCTGAGTGGACGTx-0,0.7370868851518015,0.2629135261822381
CAACCTCTCCTTTCGGx-0,0.7322561590031174,0.26774420487061307
CATGCCTTCAAACGGGx-0,0.7302141072472909,0.26978631400474024
CAGATCAGTTCTCATTx-0,0.7349904481929644,0.26500994635041986
CATCCACTCAAACAAGx-0,0.7567446212357085,0.24325576007002717
CAGCGACGTGTTTGGTx-0,0.7291698116401002,0.27083060680528925
CAGCGACAGTACGCCCx-0,0.7377899986153624,0.26221034398430204
CACCTTGCATATGCTGx-0,0.7349053707786779,0.2650950192309954
CATCAGAGTAAGTAGTx-0,0.752487506516179,0.24751285772892914
CATCGGGGTTCAGGCCx-0,0.7412934255771078,0.2587069104010967
CATGACACAGGTCGTCx-0,0.7572555667381393,0.24274482079588836
CAGCTGGAGGCTACGAx-0,0.7341992686615969,0.26580111284247526
CAGCATATCGTTGACAx-0,0.7329567497394612,0.2670435986868097
CATCCACAGTCCTCCTx-0,0.7331836364355993,0.26681682557922887
CACAGTATCATCTGTTx-0,0.7344707839889717,0.2655296384388816
CATCCACTCTCTGTCGx-0,0.7332753453228387,0.26672499739206296
CACCACTTCGTCTGAAx-0,0.7549015866862597,0.2450988008330774
CATATTCCATAGACTCx-0,0.7353804834928562,0.26461992142847385
CATATTCGTTTCGCTCx-0,0.7334334137265565,0.26656697126206347
CACATTTTCTGTTGAGx-0,0.7350670847781133,0.26493330111048224
CACTCCAAGGCTAGGTx-0,0.7387208598157815,0.2612795035562524
CACCACTCATGTTGACx-0,0.7371158894303284,0.2628844698600137
CATCAGACAGTCACTAx-0,0.7346729965409897,0.2653273970343913
CACAGTAAGTGTGAATx-0,0.7401898336717841,0.25981051693405033
CATATTCCATTCGACAx-0,0.7336315687416816,0.2663688374271131
CACCAGGAGGAATTACx-0,0.7332713311205814,0.26672910084244916
CACCTTGTCGCCCTTAx-0,0.7499305849043857,0.25006979040967275
CACATTTGTCAATACCx-0,0.6961955348775548,0.30380481877209164
CATCAGAAGTGCTGCCx-0,0.7387547483875008,0.2612456161674764
CACCTTGGTCTAACGTx-0,0.6964089158794406,0.3035914189169581
CATATTCCAAAGTCAAx-0,0.7466096641248329,0.2533906925035533
CAGTAACCACGAAGCAx-0,0.758118977928863,0.24188142780408448
CAGAATCGTTAAGGGCx-0,0.7344220442787002,0.26557832917026264
CACATAGTCACCCTCAx-0,0.7573171569197643,0.242683230285914
CATCAAGAGATCCGAGx-0,0.7399439679825578,0.26005636505116164
CATCAAGAGCTAACTCx-0,0.7350318221072069,0.2649685437442116
CAGCATACACAGAGGTx-0,0.7495595979518811,0.2504407745940315
CACCACTAGTAGATGTx-0,0.73720809407721,0.26279228260931026
CACCTTGTCCGCATCTx-0,0.7353622085279122,0.26463817327389133
CATGACACAAGGTGTGx-0,0.7414917505888567,0.25850862483948134
CACAGTACAGACAGGTx-0,0.7367965064280202,0.26320386160822773
CATGACACACGGTAGAx-0,0.7399601857196028,0.26004019475700196
CATATTCGTCTCACCTx-0,0.7474400918585857,0.2525602944071522
CACAGTAGTTATGTGCx-0,0.7349005615684336,0.26509984231458034
CATCGAACAAGTAGTAx-0,0.7377241214107103,0.26227624704651403
CATCGAACACCGGAAAx-0,0.7362926012210886,0.2637077646328178
CATATGGAGAGAACAGx-0,0.7379181061807822,0.26208224925409274
CAGAATCCATGCTAGTx-0,0.7376130375800752,0.26238729340215367
CAGTCCTAGATCTGCTx-0,0.7353706121420345,0.26462977826042505
CAGCGACAGCCTCGTGx-0,0.7422320364220104,0.2577683387814327
CATCGAAAGACTGTAAx-0,0.7326720261396327,0.2673284186445633
CAGCTAAAGCAGCCTCx-0,0.7339701490617198,0.26603022436786333
CATCAAGCATAAGACAx-0,0.7575696113473467,0.24243079666772357
CACCTTGGTACACCGCx-0,0.7462264519375367,0.2537739166444121
CAGCCGAAGGTGATTAx-0,0.7375455485581861,0.2624547910699359
CAGCTGGAGCGCCTCAx-0,0.7356673863907064,0.2643329995708786
CAGCAGCGTCTTGATGx-0,0.7310216675390585,0.268978727777388
CAGCATATCTCTTATGx-0,0.7541632255643583,0.2458371503580852
CAGAATCAGACCCACCx-0,0.7344837848668851,0.265516570015753
CAGCTGGTCTCAACTTx-0,0.7503596567157031,0.24964071238623137
CACATAGGTAAGAGAGx-0,0.7365955566535588,0.26340484578050505
CATCGAATCACAGTACx-0,0.7352970175579987,0.2647033789714005
CAGAATCCAATGTAAGx-0,0.7385332707942898,0.2614670784146572
CAGCCGACAGTAAGATx-0,0.7426620709388079,0.25733830911503114
CAGGTGCAGACTAAGTx-0,0.7470339973749401,0.2529663880337767
CACATAGGTGGGTATGx-0,0.6960786585930521,0.30392171659024686
CAGCAGCGTCGCGAAAx-0,0.7348986533336885,0.2651017284457666
CACCAGGCATCATCCCx-0,0.7369893287011189,0.263011072344658
CATCCACAGAGGGCTTx-0,0.7234218304720724,0.27657860414525426
CAGCATATCAGTTGACx-0,0.7454267462651475,0.2545736368341222
CAGCATAGTAATCGTCx-0,0.7461367022993248,0.25386368954405686
CAGCAGCCACGGCTACx-0,0.7365854024290713,0.2634149606321608
CACATAGGTTCCACAAx-0,0.7529727892875654,0.24702757605916906
CATCGGGAGCACAGGTx-0,0.7352654338916701,0.2647349405990356
CATCCACAGTGTGGCAx-0,0.736067558798162,0.2639328216764945
CAGCGACCAAACGCGAx-0,0.7346358282394552,0.2653645169406855
CAGCAGCGTTCAGTACx-0,0.7331866859452608,0.2668137186809122
CACCAGGAGGATTCGGx-0,0.7378328369693314,0.2621674963236577
CAGCCGACATCCGGGTx-0,0.7510522070321655,0.24894815841350257
CATATGGTCTCTAAGGx-0,0.755561674963977,0.24443869248185024
CATCGGGTCTGATACGx-0,0.7366153910497432,0.26338498972457014
CAGATCATCGCCCTTAx-0,0.743022991276224,0.2569773894265676
CAGCATACAATGGAGCx-0,0.7568169718000347,0.24318341189338513
CACTCCAGTGCAGTAGx-0,0.7297012705203545,0.2702991380349374
CAGTAACCACCACCAGx-0,0.7334517186353611,0.26654867043217567
CAGGTGCGTCCGTTAAx-0,0.7352210574747886,0.26477932719454267
CACATTTGTTACGACTx-0,0.757620072683549,0.2423803240410479
CATCAGAGTCGTTGTAx-0,0.7340402518710932,0.2659601893244574
CAGTCCTAGTGGGCTAx-0,0.7481394162707077,0.251860949334411
CAGCAGCTCCGTCATCx-0,0.7532449757751457,0.2467553820785786
CATCAGAGTATGGTTCx-0,0.734855395709619,0.2651449636340359
CATATGGAGAAGGACAx-0,0.7358335646368039,0.26416681705685563
CCACGGATCACTGGGCx-0,0.7356037738126048,0.2643966095728085
CCATGTCAGACAGAGAx-0,0.7352508113993821,0.2647495707467067
CCACTACAGCTGCAAGx-0,0.7354552911289033,0.26454513008012104
CCATTCGGTATAGTAGx-0,0.6897963707833573,0.31020399288028233
CCAATCCTCTTAGAGCx-0,0.7350723883741567,0.26492798814613444
CCGGTAGCAGCTATTGx-0,0.7285979236540191,0.2714024893323693
CCCAATCGTTCGTCTCx-0,0.7425064350547528,0.25749395329452074
CCGGGATCAGACGCCTx-0,0.7466715469268798,0.253328848307001
CCCAATCAGTTAAGTGx-0,0.7371028249193202,0.26289756010528204
CCCTCCTTCGTTGACAx-0,0.7377220451136277,0.26227831732982104
CCACTACAGAGGTTGCx-0,0.7561153325370554,0.24388505053480503
CATTATCGTATTACCGx-0,0.7357207133052734,0.26427968240478006
CCACCTACAAAGTGCGx-0,0.7370776066909811,0.2629227625030248
CCACTACTCCTCAATTx-0,0.7353011720972359,0.2646992530919405
CCACTACAGATGTTAGx-0,0.7360769177527001,0.2639234748857008
CCGGTAGAGTTGTAGAx-0,0.7384068535475825,0.2615935128533164
CCCTCCTTCTCTGTCGx-0,0.7359517387784004,0.2640486203032257
CCAATCCTCACTGGGCx-0,0.7308308579027993,0.26916954512595137
CCACTACCATGTAAGAx-0,0.7377380880162876,0.2622622801581657
CCCAATCCAAGAGTCGx-0,0.7368011677624892,0.2631991849843718
CCATTCGTCACATACGx-0,0.7485343688886953,0.2514660169369845
CCAATCCTCTTCATGTx-0,0.7400517849447419,0.25994855322807825
CCACCTATCGATAGAAx-0,0.7566056545695201,0.24339472025717235
CCACGGAAGGTGTTAAx-0,0.7365035998175637,0.2634967487853776
CCATGTCTCACCCGAGx-0,0.7390293782333153,0.2609709906763516
CCCAATCGTGTGAATAx-0,0.7369511463498428,0.26304919955167405
CATTCGCTCGGAAATAx-0,0.7559869362378956,0.24401341081167344
CATGGCGAGGTCGGATx-0,0.740719473410145,0.25928085763269704
CATTCGCTCATGTCTTx-0,0.7363746597138568,0.2636257388162516
CCCTCCTGTAGAGCTGx-0,0.7426687555670531,0.25733159169573055
CCACTACTCATACGGTx-0,0.739978294641469,0.26002208947478594
CCGTGGACACGGCTACx-0,0.7469173514993631,0.25308302810400135
CCGGGATTCGCTAGCGx-0,0.7374806943144859,0.2625196655112676
CCCATACCAAGAAAGGx-0,0.7354356163457694,0.26456480323941295
CCAATCCAGCTGTCTAx-0,0.7349058881453537,0.26509447593944463
CCCAGTTGTACCAGTTx-0,0.7340703119914511,0.2659300661514588
CATTATCAGTTCGCATx-0,0.7559905301237975,0.24400984259645642
CCAGCGATCCCTAACCx-0,0.7421777779111628,0.25782258711624334
CATTCGCTCAACCATGx-0,0.7379464636392145,0.26205389840671484
CCGTGGAAGGCTATCTx-0,0.7417926812142919,0.25820769131413884
CCATGTCAGTTCCACAx-0,0.7357241822217353,0.2642761900086543
CATTATCCATCACGATx-0,0.7575392732400836,0.24246111514147162
CCATTCGTCGTTTGCCx-0,0.7370716721245338,0.2629286890460933
CCAGCGAGTAAACGCGx-0,0.7365523968310657,0.26344798651468093
CCGTGGACATGGGACAx-0,0.7362493754258734,0.2637510035214265
CCCATACTCGGAGGTAx-0,0.7378114412740011,0.26218890792803184
CCGTGGAAGAAGGGTAx-0,0.7426312947783903,0.2573690500703361
CCATGTCCAGGCAGTAx-0,0.7563194799241101,0.24368090147357865
CCACGGACATCGTCGGx-0,0.7542453431646408,0.24575502603317217
CCAGCGAGTACACCGCx-0,0.7368610144542115,0.2631393538716542
CCCATACCATTAGCCAx-0,0.7365315807558399,0.26346878465093565
CCCAGTTTCGGATGGAx-0,0.7349151362421746,0.26508521188422374
CCACCTATCAAGAAGTx-0,0.7370718922716666,0.2629284649641266
CCCTCCTCACGCGAAAx-0,0.7345739158765573,0.2654265146602812
CATGGCGAGGACGAAAx-0,0.7337685206619509,0.26623187305332746
CCGTTCAAGTCTCAACx-0,0.7359407951251413,0.26405957076614095
CATTATCCAATCGGTTx-0,0.735975773395968,0.2640246035433005
CATTATCCATTATCTCx-0,0.7004168321643605,0.2995835817535681
CCCATACAGAAGATTCx-0,0.7338260181698681,0.26617439615293453
CATTCGCGTAAGAGAGx-0,0.7326551623034926,0.26734516468318537
CCGTACTTCCGGGTGTx-0,0.7355102728939515,0.2644900976355789
CCACCTATCTTGTTTGx-0,0.7579792800203327,0.24202112415930013
CATTCGCGTCGTCTTCx-0,0.7295072962973478,0.27049310417286726
CCACCTAAGGTAGCCAx-0,0.7370894126508717,0.26291093394004594
CCACCTATCAACGGGAx-0,0.7194597376925272,0.28054066371096076
CCCAATCCACAACTGTx-0,0.7380094566394105,0.26199091638077426
CCGTGGAAGCACAGGTx-0,0.7360855956360437,0.2639147496983933
CCACGGACATGTCGATx-0,0.7375574640792414,0.26244292387505574
CCAGCGAAGTGGGATCx-0,0.6958630369237505,0.304137312705095
CATGGCGGTAAGAGAGx-0,0.7372836615085047,0.26271671111981276
CATTATCGTCCATGATx-0,0.7359571814467838,0.26404317534629623
CATTCGCCATGCTGGCx-0,0.7286945048499099,0.27130590885384376
CCACTACAGTTACCCAx-0,0.7359127268440034,0.2640876544353565
CCACTACGTATGGTTCx-0,0.7389443863447445,0.2610559443535507
CATGGCGCAGATCGGAx-0,0.7563476516353855,0.24365273364036355
CCGTACTAGGAATCGCx-0,0.739442031681157,0.26055830249244966
CCATTCGTCGGCTTGGx-0,0.7375736147264481,0.2624267224176894
CCACGGAAGCCAGTAGx-0,0.7476577015190728,0.25234267422169504
CATGGCGAGTCGTACTx-0,0.7457361491515733,0.2542642521643854
CCGTGGACACACAGAGx-0,0.7355170428333091,0.2644833055708165
CATGCCTTCCTGTAGAx-0,0.7315338393890073,0.2684665420076964
CCACCTACAGCGATCCx-0,0.7405046207105934,0.25949575536386427
CCAATCCCAGACAAATx-0,0.7360770792352183,0.26392330817071924
CCAGCGAGTCATCCCTx-0,0.740785582596315,0.2592147541690424
CCGGGATAGGGTGTGTx-0,0.7431885408346497,0.2568118448665091
CATTATCAGTATTGGAx-0,0.7393613076786416,0.2606390232348154
CCACTACAGAGTAAGGx-0,0.7347356753043898,0.2652647063688838
CCACTACCATCACGTAx-0,0.731450884391837,0.2685494566907907
CCCAGTTGTGACTACTx-0,0.7348536708394707,0.2651466666554181
CCACCTAGTCTCGTTCx-0,0.737016016145125,0.26298437367778826
CCGTGGAAGGCCATAGx-0,0.7387810064863493,0.2612193513998945
CCATGTCTCAGATAAGx-0,0.7371341392448925,0.2628662040928595
CCAGCGATCTATGTGGx-0,0.7383319834252736,0.26166834419154567
CCGTTCAGTCGCGGTTx-0,0.7336986241658627,0.26630176832045377
CGAATGTGTGGTCTCGx-0,0.7386398142380564,0.2613605224753935
CGAGCACGTTTAGGAAx-0,0.7568029651632988,0.24319740432810252
CGAGCCAAGGCTAGCAx-0,0.7329430219081206,0.2670573696841927
CGAGCACGTCATATCGx-0,0.7404774252821931,0.2595229475559071
CGACCTTTCCGAATGTx-0,0.7352030327094624,0.26479736813097415
CGAGCCAAGGCATGGTx-0,0.7568736076277934,0.2431267799052124
CGACTTCGTCTCTTTAx-0,0.7553684361762344,0.24463193840900188
CCTTTCTGTAAGTAGTx-0,0.7336216633686276,0.2663786564858249
CCTCTGATCTCGTATTx-0,0.7365170552912937,0.2634833331825894
CCTACCACACGTCTCTx-0,0.7337979987455374,0.2662023947890127
CCTTCCCCATTCTCATx-0,0.7582917390961128,0.24170867057915013
CCTAAAGCATTCGACAx-0,0.7542774044830074,0.24572297374795585
CGACTTCCACCAACCGx-0,0.7358175647467823,0.26418287214654834
CCTACCAGTGGGTCAAx-0,0.7182190755620038,0.28178132940950185
CCTTACGCAACGCACCx-0,0.7391605805347795,0.26083978182474327
CCTACACCAAGAGGCTx-0,0.7457575790649011,0.2542428133873655
CGAACATAGGTGACCAx-0,0.7366174869682317,0.26338292979676114
CCTAAAGAGCCTATGTx-0,0.7460651667352597,0.2539352311785457
CCTATTAGTATCGCATx-0,0.716132511775491,0.2838678493850627
CGAGAAGGTGGCCCTAx-0,0.7463174000106301,0.25368298561292524
CCTACACCAAGCGATGx-0,0.7346532532435202,0.2653471129556451
CCTAGCTTCCAGTATGx-0,0.7386739961397407,0.2613263336060672
CCTATTACAAAGGTGCx-0,0.7353372900215343,0.2646630896230933
CGACCTTAGAGCTGGTx-0,0.7392713180539581,0.2607290096659327
CCGTTCATCTACTTACx-0,0.7306552063379589,0.2693451998631964
CGATCGGTCGTACGGCx-0,0.7561684572605024,0.24383190325406978
CGACTTCGTGATGTGGx-0,0.7484540994794766,0.25154629722788396
CCTCTGAGTCCGTCAGx-0,0.7356172545223181,0.26438314282628017
CGATCGGCACGTTGGCx-0,0.7363049175351956,0.2636954682709321
CGATGGCTCCTGTACCx-0,0.7369377519597696,0.26306262774228334
CCTAAAGCATTTCACTx-0,0.7374062625430181,0.2625940903077377
CGATCGGAGTTCGCGCx-0,0.7316586085277755,0.2683417684293452
CGATGGCCAGACAAATx-0,0.7348274292469417,0.26517293846171974
CCTACACCAGATTGCTx-0,0.7334854544939821,0.26651500916268006
CCTCTGACACCGCTAGx-0,0.7351339274512868,0.2648664840512677
CGAGAAGCAGTGGAGTx-0,0.7454708843642563,0.2545295003612058
CCTTCCCGTCGGGTCTx-0,0.7320433625161032,0.2679570441458284
CGAACATTCTGTTGAGx-0,0.7372843549940654,0.26271598861977624
CGATGGCCACGAGGTAx-0,0.7370853637144174,0.26291499737371965
CCTTCGAAGGGCATGTx-0,0.7299292600062184,0.2700711077263536
CCTTCCCAGCAGGTCAx-0,0.7390599691924088,0.26094035344891453
CGACTTCTCGTTTGCCx-0,0.7368078032823003,0.2631925611428329
CCGTTCACAGTAAGATx-0,0.73627551202305,0.2637248651226675
CGAGCACCAACCGCCAx-0,0.7244181823627484,0.2755821731600091
CCTTCCCCAGGGATTGx-0,0.7358441355349599,0.26415624718191305
CGACTTCTCTGGCGACx-0,0.7399302170065536,0.2600701171408059
CCGTTCAGTCACAAGGx-0,0.7366613667612781,0.26333900813230016
CGAGCCACAGCGTTCGx-0,0.734084866971756,0.265915512273411
CGAGCCAGTGTCGCTGx-0,0.7350732034651365,0.26492718285306427
CGACTTCTCCTATGTTx-0,0.7466981921083461,0.2533022000765192
CCTCAGTGTTTGACACx-0,0.7567242036895688,0.243276196281083
CCTTTCTCATACTCTTx-0,0.7572738031637619,0.24272659399284477
CGACTTCCATTCCTCGx-0,0.7549326464704506,0.24506769936553857
CCGTTCAAGTGCTGCCx-0,0.7378146260536843,0.2621857172836222
CCTCTGAGTAATTGGAx-0,0.7393410725147023,0.26065927741054695
CCTCTGAGTCCCGACAx-0,0.7323965531564466,0.2676038395242414
CCTTACGTCGCACTCTx-0,0.739872766277041,0.2601275949745317
CCTCTGAAGAACTGTAx-0,0.7312537475614866,0.26874660720525617
CCTTCCCTCTTAGAGCx-0,0.7571588286802264,0.24284158060048844
CGAATGTCATCCTTGCx-0,0.7566060711593096,0.24339431776134363
CGAGCACTCTCGTTTAx-0,0.7350270848973223,0.26497326783010794
CGACTTCAGTTAACGAx-0,0.7328220342077525,0.267178312202286
CGAGCACTCCCTCAGTx-0,0.719254115647802,0.2807462919973142
CCTACACGTCTGATCAx-0,0.7352951106647406,0.26470524586150473
CGACTTCGTATATGAGx-0,0.7365046863020627,0.26349567605788127
CGAACATGTTGTTTGGx-0,0.756958964808557,0.24304140177373068
CGAGCCAAGAGCTGGTx-0,0.7551912341643708,0.2448091310581281
CCTAGCTCAGACACTTx-0,0.7387201480183637,0.2612802015016901
CGAACATTCTGGTATGx-0,0.6962380144763629,0.3037623532590221
CCGTTCACAGCCTATAx-0,0.736412266646017,0.26358810753770917
CCTTCCCGTCGGCTCAx-0,0.7279500162791487,0.2720504013339946
CCTACACTCTGTCCGTx-0,0.7511673532042749,0.24883301963795956
CCTTACGTCACAGGCCx-0,0.6930981491435032,0.3069022352800214
CGATGGCCACATAACCx-0,0.7297308265323542,0.27026960513319737
CCTAAAGGTCAATACCx-0,0.7375195260599567,0.26248082766777936
CCTTACGAGATGTTAGx-0,0.7372734945239715,0.2627268560007621
CGAGCCATCGTATCAGx-0,0.693136322914728,0.3068640153028016
CCTACCATCATGGTCAx-0,0.7387237877956971,0.2612765803267275
CGAATGTTCTTCCTTCx-0,0.7383815592759204,0.26161877367130737
CCTTTCTAGGGCTTCCx-0,0.7346859723748059,0.2653143885233084
CCTTCGATCACCCTCAx-0,0.7329697582750347,0.26703060412288193
CGATGGCAGATAGCATx-0,0.7350229758984967,0.26497740640180956
CCTTCCCGTATAGGTAx-0,0.7427667064987982,0.25723368384155537
CGATCGGCAGTCGATTx-0,0.7366518291053935,0.2633485337977166
CCTTACGTCCACGCAGx-0,0.7375755198292901,0.2624248765157277
CCTCTGACAAGACACGx-0,0.7373803341618113,0.2626200263529298
CCTATTATCGTACCGGx-0,0.7358102522478396,0.26419012247204365
CGATGGCCAGTCAGCCx-0,0.7371745716658016,0.26282579579153975
CGACCTTGTCCTGCTTx-0,0.7408046085782889,0.25919575741241946
CCTAAAGCAAAGAATCx-0,0.7453387937652796,0.25466155929635775
CGACTTCGTCACTGGCx-0,0.7352812822104186,0.26471912156825955
CCTTCGACAGCTGTGCx-0,0.7528875789391389,0.24711279641283626
CGATCGGCAGCCACCAx-0,0.7374210016966571,0.2625793677174187
CCTATTAAGACATAACx-0,0.7373559104761329,0.2626444832935693
CCTCTGATCTAACTCTx-0,0.7416112953301306,0.25838907641472947
CGTCCATAGTGAAGTTx-0,0.7455357824005215,0.2544646109720304
CGGTTAAGTCATGCATx-0,0.7373580136600986,0.26264233334986464
CGCTGGATCCTTTACAx-0,0.7523045235484477,0.2476958201202096
CGGGTCACACCAGGTCx-0,0.7359401225178476,0.26406019886147974
CGGGTCAGTACAGCAGx-0,0.738359310689854,0.2616410227874844
CGCTGGAGTATGAATGx-0,0.7368004226987096,0.263199925954525
CGTCCATAGCGATGACx-0,0.7299277946051136,0.2700725584269444
CGGACACTCATGCAACx-0,0.724590530234684,0.27540984098704946
CGCTATCGTCCGAATTx-0,0.7428137491472178,0.25718662575240586
CGGACGTAGGGTGTTGx-0,0.749003757944682,0.2509966112646808
CGGAGCTAGTATTGGAx-0,0.7421632098135259,0.25783717155411695
CGATTGACAACTGCTAx-0,0.75287639090611,0.24712395480172017
CGATGGCTCTGCCCTAx-0,0.7373667994848512,0.2626335406282242
CGCTGGACAAACTGCTx-0,0.7312507353456281,0.26874965843957077
CGGCTAGCACATCTTTx-0,0.7338727382927283,0.2661275773772724
CGCTTCACACCGAAAGx-0,0.735682413518903,0.2643179640203578
CGTCACTTCTGCTGCTx-0,0.7546608216441499,0.2453395748723663
CGGAGTCTCTTCGAGAx-0,0.7574484963559704,0.24255190344737648
CGTAGGCGTGGTGTAGx-0,0.7399858037680686,0.2600145359703005
CGTAGCGTCAACGAAAx-0,0.7361079061472731,0.2638924836868573
CGATTGATCGTTGACAx-0,0.7351622656312844,0.2648381125894146
CGGACGTGTTGCCTCTx-0,0.7494566920435622,0.25054368140558847
CGTAGCGGTTGGGACAx-0,0.7384644526486667,0.26153587634294656
CGTCAGGCACGAGAGTx-0,0.7352404906851513,0.26475990856046555
CGGAGCTCAGACACTTx-0,0.7333965000694216,0.26660387052545786
CGATGGCTCTATCGCCx-0,0.736118302687089,0.2638820448506387
CGTAGCGGTCGATTGTx-0,0.7312249829267526,0.26877539615895163
CGGAGTCAGGTCATCTx-0,0.7390325381732442,0.26096780029812144
CGGTTAACAGCTGTATx-0,0.7367449644595664,0.26325538823591293
CGGACACCACACCGACx-0,0.7370537997858673,0.2629465615841438
CGCTATCAGGAGTTTAx-0,0.735223963947292,0.2647764202231929
CGTCCATCAAAGCGGTx-0,0.7368413914852342,0.26315900683695714
CGGAGCTAGAGCAATTx-0,0.7280238916078211,0.27197649315575767
CGTCCATTCCGTTGCTx-0,0.7371002926663706,0.2629000523747905
CGCTATCTCCCACTTGx-0,0.7380526209159641,0.2619477511061479
CGTCCATTCACGCGGTx-0,0.7320644161767826,0.2679359445231629
CGCCAAGGTTAAGTAGx-0,0.7380076978551862,0.2619926975411314
CGCGGTATCAAGGTAAx-0,0.7369474258131601,0.26305294354824343
CGTCTACAGCTAGTGGx-0,0.7363063286460113,0.2636940647283724
CGTAGCGGTTATGTGCx-0,0.7336170991343043,0.2663832376282439
CGCGTTTCAGGATTGGx-0,0.7562958143186096,0.24370454028840857
CGCTGGATCCAGTATGx-0,0.7468310522817664,0.2531693422091471
CGGGTCACAATAGCGGx-0,0.7360878173494326,0.2639125436436819
CGGTTAATCTGCTTGCx-0,0.7361304409777977,0.2638699177279054
CGGACGTCAGTGGGATx-0,0.6968619323416244,0.30313843543754737
CGCCAAGCAGTTCCCTx-0,0.7325884548462591,0.26741194739908913
CGTCACTGTGCCTGTGx-0,0.7432676946683958,0.2567326451277263
CGGAGTCTCTCAAACGx-0,0.7207613411302798,0.27923907069673154
CGGTTAAAGTTCGCGCx-0,0.7399913020622173,0.2600090614366917
CGATGTAGTCGCTTCTx-0,0.7345980351095821,0.265402327277
CGCTGGAGTGGTAACGx-0,0.7366396435663886,0.26336072105517927
CGTCCATTCATTATCCx-0,0.7374615854766698,0.26253878995499647
CGATTGACATTGAGCTx-0,0.7128419423837026,0.28715839943118227
CGGTTAAGTCACCTAAx-0,0.7314883350985737,0.26851202780665107
CGCTTCACAGATTGCTx-0,0.7400231678302044,0.2599771717341778
CGCGGTATCAGAAATGx-0,0.7369472370161603,0.26305311867548165
CGCGTTTGTAAGTGGCx-0,0.7374183362748559,0.2625820111738752
CGATGTATCCTCATTAx-0,0.7372394849726207,0.26276086741564864
CGGGTCAAGCTAGGCAx-0,0.7344008645437815,0.2655994919971131
CGGTTAATCTGTACGAx-0,0.7377706804767755,0.2622296615373368
CGCTGGAGTAAGCACGx-0,0.6772424230358239,0.32275795482575276
CGGAGTCTCCATTCTAx-0,0.736214890096277,0.2637854751207913
CGTCCATTCCCATTTAx-0,0.7364170879222236,0.2635832614923262
CGGACTGTCCAGAGGAx-0,0.7363552201763253,0.26364514757230134
CGTCAGGAGTGTCCATx-0,0.7316853162608855,0.26831506708896113
CGTAGCGGTAATAGCAx-0,0.7364320045596121,0.2635683707992534
CGGAGTCAGATCACGGx-0,0.7324182008176106,0.267582138129461
CGGAGTCAGCTACCTAx-0,0.7372300243366329,0.26277032046454585
CGGAGCTCAAGCTGGAx-0,0.7356159812031989,0.2643843749346188
CGCCAAGAGAATTGTGx-0,0.7576860516813456,0.24231436383423047
CGATTGATCTATCCTAx-0,0.7362735233395199,0.263726843211401
CGGACACCACAAGTAAx-0,0.7356019662761453,0.26439845766320874
CGTAGGCGTTTGTTTCx-0,0.7369973868930718,0.26300299031919694
CGGACGTAGTCTCGGCx-0,0.7306598246884615,0.2693405126394337
CGCTGGATCCGTTGTCx-0,0.7174919087076621,0.2825084978987336
CGGGTCAAGCCTCGTGx-0,0.7367112798036091,0.26328906993384116
CGATGTAAGTGGGATCx-0,0.7373429254994076,0.2626574129696372
CGGACGTTCATCTGCCx-0,0.7380037369959371,0.26199663841592474
CGGACTGAGTACGCGAx-0,0.73558761214213,0.2644127519879555
CGGAGCTAGATCGATAx-0,0.7366320820114949,0.263368278187418
CGTCCATGTCCTGCTTx-0,0.7375383967970622,0.26246194729223943
CGTAGCGTCAGAGACGx-0,0.7338565352849554,0.266143850710735
CGCTGGATCACCGGGTx-0,0.7436549743862589,0.2563454175911517
CGATTGATCCAACCAAx-0,0.7384139697835378,0.2615863744959279
CGGACTGTCGAGCCCAx-0,0.7335302862467573,0.26647015490360854
CGCTGGACACGGTAAGx-0,0.7352213132177832,0.2647790545827697
CGGACACTCGAGAACGx-0,0.7394487334082208,0.260551594512495
CGTAGCGTCACGATGTx-0,0.7376281058568985,0.26237222578497826
CGCGTTTGTATGAAACx-0,0.7330718600015896,0.2669285851488787
CGTAGGCTCCGCATCTx-0,0.7392166772478753,0.2607836624629026
CGATTGATCCTGTACCx-0,0.7425707418395135,0.25742962135187186
CGGAGCTGTGTGACGAx-0,0.7379588608631011,0.26204147083462503
CGCGTTTTCTCAACTTx-0,0.7299897574734018,0.27001061484181893
CGGGTCATCGAGGTAGx-0,0.7477971484301887,0.2522032420872124
CGTCCATCAGCCTTGGx-0,0.7382105749656018,0.26178975282261374
CTCATTAAGAGTCTGGx-0,0.7368958717470769,0.2631044835838765
CGTTCTGGTAATAGCAx-0,0.7396539869769534,0.2603464008824438
CGTTGGGGTAGATTAGx-0,0.7452388275719456,0.25476155842452475
CTAGAGTAGGTGCTAGx-0,0.7356813598594117,0.26431902318600836
CTCACACGTTCCACAAx-0,0.7304537362731752,0.2695466492294515
CTCACACTCCGGGTGTx-0,0.7374271593910751,0.26257321505624576
CTACGTCCATGACATCx-0,0.7354607069626342,0.26453968011966794
CGTCTACTCGCTGATAx-0,0.7391521803383805,0.26084821407363307
CGTTCTGAGGCTAGCAx-0,0.7364656790323497,0.2635346923162491
CTAGCCTCACAGGCCTx-0,0.7388382867661147,0.26116205989860813
CGTGTAAAGCTCTCGGx-0,0.7422294560191679,0.25777091463212964
CTACACCGTTATCCGAx-0,0.7377164327877305,0.2622839155429707
CTAAGACGTCAGAGGTx-0,0.7378514220418605,0.26214897140518484
CTAACTTTCGTGGTCGx-0,0.7351653632285347,0.2648349805116726
CTACGTCCAAGTCTACx-0,0.7349932999630387,0.26500708174853954
CTAACTTAGCATGGCAx-0,0.7361391993325181,0.2638611731816295
CTACACCTCACATGCAx-0,0.7375319535373631,0.26246845543634284
CTCCTAGGTCCTCCATx-0,0.7386390395751299,0.2613613563617987
CGTTGGGCATAGTAAGx-0,0.7398527630013404,0.2601475740974079
CGTGTCTGTTCCGGCAx-0,0.7355598226788368,0.2644405497229761
CTACACCTCTCCGGTTx-0,0.7364443442400043,0.2635560237351827
CTACACCTCTCTGCTGx-0,0.7365918073903474,0.26340854333732855
CGTTAGAAGCTTTGGTx-0,0.6963636567127225,0.3036366977115898
CTAATGGTCCTCATTAx-0,0.7316396858453469,0.2683606727700045
CTAGAGTAGAAACCTAx-0,0.7388728114553333,0.26112752487242236
CTAAGACCATGGTTGTx-0,0.7363353730385399,0.2636649955175541
CTCACACGTCCTGCTTx-0,0.7057965515575916,0.29420381577794047
CTCACACGTGGCGAATx-0,0.7562322851170672,0.24376808879256215
CGTGTCTCACCACCAGx-0,0.7394488295494248,0.26055150221667994
CGTGAGCGTTCGTGATx-0,0.7449409424186899,0.2550594507485422
CTAGTGAGTTTGCATGx-0,0.7411436422035648,0.2588566879702363
CGTGTCTAGAAACCATx-0,0.7379930370992425,0.26200732795763615
CTACCCAGTATTAGCCx-0,0.7292875618848299,0.27071278652276565
CGTTAGAAGAGCTTCTx-0,0.6963022142413215,0.3036981173686844
CTAGCCTCACGGATAGx-0,0.7347521659600856,0.2652482242293405
CTAGAGTTCGCCGTGAx-0,0.7370826016303559,0.26291772053413376
CTAGAGTCAGTCGATTx-0,0.7378606137322871,0.26213972374869876
CGTGAGCGTTATGCGTx-0,0.741797596405623,0.2582028021869468
CTCAGAACAGATTGCTx-0,0.736985269042826,0.26301511344589273
CTCATTACATCCCATCx-0,0.7097724825465622,0.2902279110689618
CTACCCACAGTTCCCTx-0,0.7426251228370934,0.25737522636049504
CGTTCTGCACAAGACGx-0,0.7351178916376147,0.2648824815703293
CTAATGGGTCCAGTATx-0,0.7352973460903576,0.26470303854595567
CTCACACAGATATACGx-0,0.7365941441221006,0.26340621369894573
CTACATTCAGACAAATx-0,0.7361820495164503,0.263818360839685
CGTTCTGCAAACTGTCx-0,0.7369675359998987,0.2630328642671887
CGTGTAAGTCCTCTTGx-0,0.7366992062463422,0.26330117582875956
CTACATTGTAGCTCCGx-0,0.7035680945572023,0.29643230830500755
CTACACCCACGACGAAx-0,0.6967994407120067,0.3032008503500663
CTACACCAGATGAGAGx-0,0.7359651748433674,0.2640351778389525
CGTTGGGAGAAACGCCx-0,0.7269303231168208,0.27307013234633837
CTAACTTCATGGTTGTx-0,0.7378440183814697,0.26215635435817414
CGTGAGCGTCTTCGTCx-0,0.7380214009568891,0.26197896485101146
CGTGAGCTCAACGCTAx-0,0.7372661346153054,0.2627342184712055
CGTGTCTCAAGCTGAGx-0,0.75700925035123,0.24299111508875337
CTAACTTGTGTGCCTGx-0,0.738086216272795,0.26191414653077244
CTACACCAGTAGTGCGx-0,0.7364454663690364,0.26355489820309036
CTAATGGCAGTGGAGTx-0,0.7363453467870696,0.2636550069691973
CTCAGAAAGGGTCTCCx-0,0.7409947048210411,0.2590056353584521
CTACGTCCAAGCTGGAx-0,0.7358541822314107,0.2641461813484273
CTACACCGTTCCACGGx-0,0.7350167473102666,0.26498364401033453
CTAGTGATCTCATTCAx-0,0.7371681251245813,0.2628322413487509
CTCACACTCACGAAGGx-0,0.7233251371909036,0.27667520740121276
CGTTCTGAGTGAACATx-0,0.7369112912174518,0.26308906587693315
CTACATTAGGTGACCAx-0,0.7365171080741875,0.26348324126641853
CTACGTCAGCGTGTCCx-0,0.7352942822441545,0.26470609593323957
CGTGTAACACCTCGTTx-0,0.728147791529321,0.2718526205993743
CTCAGAATCGTATCAGx-0,0.733342407675361,0.26665795961188654
CGTGTAAAGGTGATATx-0,0.7345569777888825,0.2654434052448767
CTACCCATCTCTTGATx-0,0.7312661765875956,0.2687342663385992
CTAGAGTAGAGACTTAx-0,0.7390709764187158,0.26092939710251223
CTACATTAGATCGATAx-0,0.7386831258029345,0.26131721269930247
CTAGAGTTCTGCGGCAx-0,0.7385498424741807,0.2614505592784295
CTCATTATCGGTGTCGx-0,0.7383195005698686,0.2616808594369118
CTAGAGTTCAAACCGTx-0,0.7345376697113043,0.26546272298718504
CTACGTCGTCTAGCCGx-0,0.7498154015808416,0.2501849708086715
CTAGCCTCAATCACACx-0,0.7357070605196169,0.26429333140540123
CTAGCCTCATGACGGAx-0,0.7362333130910597,0.26376706701798963
CGTTAGACATGCCTAAx-0,0.7251397996639225,0.2748605872423962
CTCCTAGTCGGAGCAAx-0,0.7370280182151615,0.26297232981362323
CTACACCGTCTTCTCGx-0,0.7402614494322045,0.25973889502479447
CTAAGACGTACACCGCx-0,0.6283990926150053,0.3716012684783148
CTAAGACAGTACGTTCx-0,0.7377311809800907,0.26226917641850395
CTACGTCCATCGGACCx-0,0.7362588065639827,0.2637415703260014
CTAGAGTCAGCTGTGCx-0,0.7354964136491272,0.26450399852699213
CTAAGACGTTCTGGTAx-0,0.7361805057900311,0.26381987055781186
CGTTAGAAGATGTGTAx-0,0.7344583742387537,0.26554198326241946
CGTGTCTCATCACAACx-0,0.7330848992075644,0.26691546835655705
CTACACCGTCGGATCCx-0,0.7351642427343899,0.26483614042604886
CTCCTAGCAAGAAAGGx-0,0.7392582511662734,0.2607420941616699
CTACACCCACGCATCGx-0,0.6950194314739713,0.3049809117092003
CTAGCCTCAGTGGGATx-0,0.7516755064594737,0.24832485455855866
CGTGTCTAGGCGACATx-0,0.740027573835302,0.2599727530775356
CTAGAGTCATCAGTACx-0,0.739772653018391,0.2602276818192735
CTCACACGTAGTGAATx-0,0.7369146781416067,0.2630856917569046
CTCACACCATCGGAAGx-0,0.7402070553396699,0.25979327589013435
CTTAACTGTACTCAACx-0,0.7518848066132611,0.2481155694558723
CTGATCCAGACCGGATx-0,0.7334206526349165,0.2665797945465914
CTGAAGTTCTGATTCTx-0,0.735489323446003,0.2645110794877793
CTCTGGTAGTGCTGCCx-0,0.7414225037258125,0.25857783267348566
CTCGTACTCGCATGATx-0,0.7375677615311138,0.26243257882074966
CTCTAATCATTACCTTx-0,0.7362054058819971,0.2637950166592511
CTGCTGTAGAAACGAGx-0,0.7330952068990376,0.26690513455495773
CTCGAGGGTAATAGCAx-0,0.6978717831919603,0.3021286015435843
CTCTACGGTCTGCCAGx-0,0.7359253956469499,0.2640749618543034
CTCTACGGTACATCCAx-0,0.7567925794984199,0.24320780589947696
CTGAAACTCCTCAACCx-0,0.7359429047004742,0.26405747869346574
CTCTACGTCAAACGGGx-0,0.73833649545101,0.2616638633817576
CTGATAGAGGCGACATx-0,0.7418732111324805,0.2581271821579909
CTGGTCTTCGGAAATAx-0,0.7355860035042625,0.26441435339779806
CTGAAGTTCGTTTAGGx-0,0.7366208958939716,0.26337943730606095
CTTACCGTCGGCCGATx-0,0.7356161173226023,0.26438431958339054
CTGTTTACAGCGTTCGx-0,0.7350802884019928,0.26492011700527
CTGAAGTAGGTGCACAx-0,0.7371818156182771,0.26281851898377534
CTCTAATGTAGCGATGx-0,0.7359344531433331,0.26406593414140656
CTCGGGATCGGCGGTTx-0,0.7353863625353275,0.2646139792676566
CTGCCTATCTCTAGGAx-0,0.749422157188861,0.25057820632100486
CTCTAATAGAAACCATx-0,0.7355160026776058,0.26448442578520914
CTTAGGAAGAAACCGCx-0,0.7375780393433005,0.26242234231688577
CTGAAGTTCTTGTATCx-0,0.7435335825327428,0.25646681682012024
CTCGAGGTCACCCTCAx-0,0.7473067374518808,0.2526935960911987
CTCTGGTGTCTCAACAx-0,0.7371670522026592,0.26283334955804993
CTGCCTAAGGGTGTGTx-0,0.7383103003852893,0.261690081863821
CTCGTACGTTTGGCGCx-0,0.7373665913912771,0.262633766387115
CTCGTCACACAAGTAAx-0,0.7542338510555364,0.24576653557938566
CTCTGGTGTCCGTCAGx-0,0.7012186270827042,0.29878176382059674
CTCGGAGCATTCACTTx-0,0.7522680837395296,0.24773227420325772
CTGATAGGTTCGTTGAx-0,0.7578281065514901,0.24217230076468657
CTTAACTAGCGAGAAAx-0,0.7534459295701564,0.24655442615083964
CTGGTCTGTCGGGTCTx-0,0.7411163621929996,0.2588839820617904
CTCGAAACACCCAGTGx-0,0.7571520164774254,0.2428483926093103
CTTACCGCAATGGAGCx-0,0.7350582097595637,0.264942155701009
CTGAAACGTTTACTCTx-0,0.7305340945749945,0.2694662623544451
CTCTACGTCCAATGGTx-0,0.7483273475954575,0.25167303429233584
CTGTTTAAGCCAGGATx-0,0.7564087779595874,0.24359158361977062
CTTAACTCACTGAAGGx-0,0.7514331171079038,0.24856725404944158
CTGTTTAAGTCCGTATx-0,0.7332186242053536,0.2667817870220194
CTGCCTAGTCCCTACTx-0,0.7587786592033431,0.24122173867995203
CTGCTGTCATCTACGAx-0,0.7350863027037815,0.2649140945670566
CTGCCTACATCTGGTAx-0,0.7343780249744709,0.26562237364893965
CTGGTCTTCATTCACTx-0,0.7549110948315461,0.24508928874448085
CTTACCGGTCGGGTCTx-0,0.7285668425764349,0.27143357399408996
CTGTTTACATTCTCATx-0,0.7379962709866414,0.26200411072044205
CTTACCGAGGGCACTAx-0,0.7308060121091193,0.2691943102350685
CTCGAAAGTCTTCTCGx-0,0.7312851503134447,0.26871522772175704
CTGTTTAGTCCAAGTTx-0,0.7420746849417077,0.25792568905779495
CTCTAATCAGTATCTGx-0,0.7368793246862788,0.26312106354086795
CTGGTCTCAAACAACAx-0,0.730855163411278,0.2691452475246419
CTGATCCGTTCAGGCCx-0,0.7354040441987497,0.264596331947902
CTGATAGAGGAGTACCx-0,0.7395179284892075,0.26048244664329784
CTTACCGAGTAGGTGCx-0,0.7386539922720241,0.261346408525146
CTTACCGCAATGCCATx-0,0.7375032811584262,0.2624970976995294
CTCGTCATCTTGCCGTx-0,0.7405816678619082,0.2594187107989863
CTCGGAGGTACCTACAx-0,0.7349895923399011,0.2650107686886408
CTGATAGAGTTCGCGCx-0,0.7283546761916472,0.2716457024587997
CTCTAATTCTTTACACx-0,0.7390282624103532,0.260972067760662
CTCGTACCAGACTCGCx-0,0.6884947750896194,0.31150564139105524
CTGAAGTAGGGATACCx-0,0.7421289144910086,0.25787147751723777
CTGCCTATCGCGCCAAx-0,0.7353082268777098,0.26469214583038586
CTGTGCTAGTTGAGTAx-0,0.7482421655608998,0.25175822168904943
CTGGTCTTCGTGGACCx-0,0.7324252409882415,0.2675751753675709
CTGTTTATCACAGGCCx-0,0.7036467755171,0.29635368590281697
CTCTAATCACGAGAGTx-0,0.7365973787263314,0.2634030118213079
CTTAGGAAGGTGATATx-0,0.7340899555750007,0.2659104136560244
CTCTAATGTGCAACTTx-0,0.7361691720667249,0.2638311999094441
CTCTACGCAATGCCATx-0,0.6929992353686582,0.3070011200882635
CTCTGGTAGCGTTGCCx-0,0.7316312773851137,0.26836908966653916
CTCGGAGAGGCAGGTTx-0,0.7450975025476843,0.2549028506223873
CTGAAACGTATGCTTGx-0,0.738087993178358,0.2619123668681744
CTCGAGGCATGCGCACx-0,0.754861583918369,0.24513874870616587
CTGATCCAGTGGACGTx-0,0.734610751377579,0.2653896053556125
CTCTAATAGCTGGAACx-0,0.7388824907962341,0.2611178528238086
CTTAACTAGACTCGGAx-0,0.7365105496183351,0.2634898078923758
CTGATAGTCACAAACCx-0,0.7180924574062778,0.2819079680175577
CTTAACTAGTGGTAATx-0,0.7399564063778776,0.260043975732127
CTTACCGCAAGAAAGGx-0,0.7309520208478926,0.2690484342589447
CTGAAACAGAGCTATAx-0,0.7380964226936074,0.2619039586304447
CTTACCGTCTTCGAGAx-0,0.7470474765429405,0.2529529006270923
CTCTGGTGTGGTCTCGx-0,0.7356488783923207,0.26435150219938697
CTCGGGAGTCGACTATx-0,0.7558170392509094,0.24418333652821572
CTCGGAGGTTCAGTACx-0,0.7359642118394267,0.26403618918095145
CTGTGCTTCGCAAACTx-0,0.7346815738431056,0.26531881103763616
CTCGAAATCGGTGTCGx-0,0.7363023245301772,0.26369803048996443
CTGTGCTAGTGTCCCGx-0,0.7566501803447205,0.24335016455415562
CTTAGGAAGCTAGGCAx-0,0.7300613333016158,0.2699390165228554
CTCGAAAGTCTTGTCCx-0,0.7290086225069325,0.27099172165757535
CTGAAACGTAGCACGAx-0,0.7379795925008045,0.2620207507984157
CTCGAGGGTCTCCCTAx-0,0.7354641876351109,0.2645362212199797
CTCGTCAAGAGTACCGx-0,0.7260319045715664,0.2739684455042226
CTCTAATGTAAAGGAGx-0,0.7336372726103332,0.2663631431588391
CTGTTTATCGGCGCATx-0,0.7355138153443422,0.2644865415931839
CTCGAAACAATGCCATx-0,0.7311504602788018,0.2688498476996845
GAATAAGCATGAAGTAx-0,0.7467136631753261,0.2532867397779339
GAACCTAAGATCTGCTx-0,0.7316869943878246,0.26831339090741396
GAATAAGCACCTGGTGx-0,0.7438950894234897,0.25610525643510884
GAAATGACATGGTTGTx-0,0.7371359093935109,0.2628644525424597
GAATGAAGTTCCGGCAx-0,0.7379468317116179,0.26205351208006056
CTTCTCTTCGCCAGCAx-0,0.7349697795723172,0.2650306239104158
CTTGGCTTCACGGTTAx-0,0.7446269186124368,0.2553734935600871
GACGCGTGTGCGAAACx-0,0.757790470078459,0.24220993165430893
GACGTGCCAATAGCAAx-0,0.7384093580084101,0.26159098601469644
CTTCTCTGTCGTGGCTx-0,0.7385139161073974,0.2614864160004139
CTTCTCTCAATCTGCAx-0,0.7461161198884909,0.25388427049234047
CTTGGCTGTGTGTGCCx-0,0.7398925418184111,0.2601077887745945
CTTTGCGAGGAGTCTGx-0,0.735477864046317,0.26452251958715567
GACGTTATCGTCCGTTx-0,0.7386932900869206,0.26130703217896406
GAACATCGTAAGAGGAx-0,0.7350243644365901,0.2649760006957752
GACGTGCAGTACTTGCx-0,0.7357133589435972,0.2642870005816545
GAAACTCCAGGGTTAGx-0,0.7398230486778897,0.2601773102603638
GACGTTATCACGATGTx-0,0.7452797325157149,0.25472066117597425
GACACGCTCCATGAGTx-0,0.7383159071672003,0.2616844285414818
GACCTGGCAATAGCGGx-0,0.756116684275408,0.24388366705842632
GAACGGACACGGCGTTx-0,0.7382295101731743,0.2617708694816272
GACAGAGGTCTAGAGGx-0,0.7498513622121041,0.25014903583954984
GAACCTAAGCTAGTCTx-0,0.7543362548891602,0.24566410192122004
GACCTGGGTAAGGATTx-0,0.7425135647710722,0.2574868249391084
CTTGGCTCAAAGCAATx-0,0.7382380039050749,0.2617623934376796
GACACGCCAGATGAGCx-0,0.736022713871533,0.263977657685017
CTTGGCTGTGTTGAGGx-0,0.7338638111118295,0.26613649899324593
GAACGGATCCATGAACx-0,0.7332794571892295,0.26672095823810416
GAAATGACACGCTTTCx-0,0.7545019684241623,0.24549840254618274
GAACATCCATTCCTCGx-0,0.7503207092361847,0.24967966919535908
GAAACTCGTTACGTCAx-0,0.7101837672567383,0.28981661134861825
GAAGCAGAGAAAGTGGx-0,0.737092671728587,0.26290769138711667
GACGGCTAGTGCCAGAx-0,0.738923016403061,0.26107734650634845
GAAACTCCAAAGGCGTx-0,0.7406476811808564,0.25935265826243586
GAATGAACATATGAGAx-0,0.7356183768696232,0.2643820487989299
GAACGGACAGCTGGCTx-0,0.7308028045682272,0.26919752138494396
CTTGGCTTCCGTACAAx-0,0.7059513187900791,0.2940490910603978
GACGGCTCATGTCGATx-0,0.7557213850887851,0.24427894790679974
GACACGCGTAAATGTGx-0,0.7336716836422092,0.26632865610227285
GACTAACAGTCGCCGTx-0,0.7411204033249722,0.25887998314002564
GACAGAGGTCCGAACCx-0,0.7549836859924406,0.2450166955598175
GAATAAGAGCAATATGx-0,0.7320025751582757,0.26799787911594375
GAAATGAAGAAGGACAx-0,0.7380654927377533,0.2619348920293374
GAATAAGCAGGGATTGx-0,0.7274493379688104,0.272551071769861
GAAGCAGGTTACGCGCx-0,0.736648603449033,0.26335176461717985
GAATAAGAGGTGCAACx-0,0.7427966340945849,0.257203747910679
GAAACTCTCTGAGGGAx-0,0.736453016896908,0.2635473389739201
GAACCTAGTAAGTGGCx-0,0.7371972346294616,0.2628031071622266
CTTGGCTGTCACTGGCx-0,0.7344557702667301,0.26554457807343185
GACGGCTCATACCATGx-0,0.704041995366035,0.29595835395144254
CTTGGCTCACGGACAAx-0,0.7356921593165547,0.26430820356896384
GACGTTAGTTTAGGAAx-0,0.7359681924530181,0.26403221197808957
GACCAATAGGATATACx-0,0.7397702213497559,0.26023010749022796
GAACGGATCGCCTGTTx-0,0.7363262936048637,0.26367407343240856
GACTACAAGAAAGTGGx-0,0.7380063614936769,0.26199397210045994
GAAACTCAGAAACGCCx-0,0.7532199281246782,0.24678041159923708
CTTAGGACAGCATGAGx-0,0.7324450437417592,0.26755538032164455
GACGCGTCATAGAAACx-0,0.7567457514694657,0.24325461694979553
GACAGAGAGTGGCACAx-0,0.7368482857581825,0.2631520678476781
GAATAAGAGCCTCGTGx-0,0.7363693744238573,0.2636309698696039
GAAACTCCAATCCGATx-0,0.7359885145320917,0.26401185784626835
GACCTGGAGCGATCCCx-0,0.7292958940112406,0.2707044518975126
GACGTGCCATGGTCATx-0,0.7296827654201429,0.2703176121583403
CTTTGCGAGTTCGCGCx-0,0.7303982437084929,0.26960209262274754
GACCAATTCGTTTAGGx-0,0.7343369442866088,0.26566340790455384
CTTCTCTAGTACATGAx-0,0.7371021818270937,0.26289821826934295
GAAATGAAGAGGTTATx-0,0.7358322268163,0.264168209705043
GACCTGGGTCGTTGTAx-0,0.7397260098611189,0.26027431798246714
GACAGAGGTCAGATAAx-0,0.7353815363208122,0.264618817900007
CTTCTCTTCCATGAACx-0,0.7364080433596905,0.26359233005071264
GAACGGATCTTGCATTx-0,0.7448004810189718,0.2551999116001579
GAACGGATCTTGCAAGx-0,0.7395605019717657,0.26043983325502923
GACCTGGGTATAATGGx-0,0.7372498503487153,0.2627505252354207
GACACGCGTACCAGTTx-0,0.7397817548365113,0.2602186277351936
GACTAACTCAAACCGTx-0,0.7400182133928842,0.25998219717662513
GAAATGAGTACGAAATx-0,0.7361311100666624,0.26386926555838447
GAACATCGTCGCTTTCx-0,0.7419939665331875,0.2580063987847732
GAAACTCGTCCGAACCx-0,0.7366957608170038,0.2633045919853224
GAACCTAAGTCCGTATx-0,0.7368600410994318,0.26314033217707183
GACCTGGGTAGGAGTCx-0,0.7369740329265673,0.26302631936788345
CTTGGCTCAGGGTTAGx-0,0.7328545582572277,0.2671458481320598
GACGTGCCAGCATACTx-0,0.7323547992973355,0.2676454897286899
GAACGGAGTGACGGTAx-0,0.6947854644682276,0.30521498229985966
GAAGCAGTCTTGGGTAx-0,0.7383288590663306,0.2616714674419746
GAACCTAAGCGATATAx-0,0.7503876654908033,0.24961270524106327
GACGGCTTCGGATGGAx-0,0.7580095916276886,0.2419908137319461
GAACATCTCCATGAGTx-0,0.731947178329574,0.2680531886226693
GACGTGCGTCCTCTTGx-0,0.732074077606157,0.2679263030577898
CTTTGCGCAAGTTCTGx-0,0.7377570334260306,0.26224332965448643
GAATGAAGTAGAAGGAx-0,0.7376370006142909,0.26236339542423814
GACACGCTCATGTCTTx-0,0.7360322146980146,0.2639681483811714
GAACGGATCTTGTTTGx-0,0.7347964132521619,0.2652039511676724
GATCGTACACAGACAGx-0,0.7369479588802693,0.26305239837636935
GAGCAGAAGTTACCCAx-0,0.7347914267226661,0.2652089564428907
GATCGTATCATTCACTx-0,0.7365755603511218,0.2634248132627296
GATCGTAGTATCACCAx-0,0.7432292783455433,0.25677109876388016
GCAGCCATCATGTGGTx-0,0.7383652140565348,0.2616351186115662
GATGCTAGTGAACCTTx-0,0.740394444959515,0.259605940859431
GATCAGTCACAGGTTTx-0,0.7375202333777461,0.26248013862699193
GCAGCCATCGATGAGGx-0,0.753506018737728,0.24649433377484606
GATGAAATCGATCCCTx-0,0.7362252777665113,0.26377511516255625
GATCAGTAGTTACGGGx-0,0.7356355024575999,0.2643648747877526
GAGGTGACAAGGTTCTx-0,0.73720466112222,0.26279568574321727
GATGCTAGTGTTCTTTx-0,0.7354840832190663,0.2645162825788875
GAGTCCGAGGCGACATx-0,0.7378224190649901,0.2621779179349641
GACTACATCAACCAACx-0,0.7331275751273679,0.2668728164421877
GCAATCAAGGCTCAGAx-0,0.7339179084562144,0.26608250736550765
GCACTCTAGCTACCTAx-0,0.7355905634121881,0.2644098491721699
GATCGTAAGTAGGCCAx-0,0.7348477980790902,0.2651525916185303
GAGGTGATCGGCATCGx-0,0.7486517882628339,0.25134859104603025
GCAGTTACAGAGTGTGx-0,0.7362706964630643,0.26372964955696215
GATCGTACATTGGGCCx-0,0.7415871733802659,0.2584131614311342
GCACATACATAGGATAx-0,0.7388983520741305,0.26110197996436846
GCAAACTTCAGCGACCx-0,0.7354373910900776,0.264562983655394
GATGAAAGTTCAGACTx-0,0.7494320431472391,0.2505683435282219
GATGAGGAGGGCTTCCx-0,0.7366024729409911,0.2633979158620291
GACTACAGTGAGGGTTx-0,0.7353759645520629,0.2646244469540739
GAGGTGATCGGAAATAx-0,0.7382697880448343,0.26173054868404433
GACTGCGAGTAGCCGAx-0,0.7564203190598096,0.2435800258538153
GCACATACAGATGAGCx-0,0.7360645485850853,0.26393579859591365
GATCTAGGTTCCGTCTx-0,0.7379440241528291,0.262056316734613
GATGAAAAGGTTCCTAx-0,0.7494675724173194,0.25053279925749833
GAGCAGACAAGCCCACx-0,0.7388323975236192,0.2611679339835023
GACTGCGCAATTGCTGx-0,0.7436056294359727,0.25639477139014893
GCACTCTTCGGCATCGx-0,0.7581060571890196,0.24189434341857557
GATGAAAAGATGTCGGx-0,0.7367994796449047,0.2632008819492218
GCACTCTAGAAGGCCTx-0,0.7372378035672594,0.26276256755431443
GATTCAGAGATGTCGGx-0,0.7315164965076826,0.26848378763167885
GATTCAGAGATGGCGTx-0,0.7462506492355206,0.2537497327840489
GATGAAAGTTTGTGTGx-0,0.7373583780526285,0.2626419603912908
GATGAGGTCGTTTATCx-0,0.7338916305453584,0.2661087634633116
GCAGCCATCATGGTCAx-0,0.738204793669961,0.26179554683025713
GACTGCGAGTGCAAGCx-0,0.7337537424585038,0.2662466450336475
GACTACATCGTGACATx-0,0.7529353958033538,0.247064950803519
GATCGTACACTAGTACx-0,0.7411341098128053,0.2588662759483303
GCAAACTGTCGAAAGCx-0,0.7338089568209702,0.2661914427578152
GCAGTTAAGATAGCATx-0,0.734279285237023,0.2657210876485632
GATGAAACAGGCGATAx-0,0.7359763600462463,0.26402399024655443
GAGCAGATCTAGAGTCx-0,0.7354978568036432,0.2645025203128552
GATCGCGAGTGTCCCGx-0,0.7375034594447766,0.2624968823413281
GCACTCTAGAGAACAGx-0,0.7516481469988483,0.24835219723632682
GCAGTTAAGGAACTGCx-0,0.7266349731802432,0.2733653996305416
GAGTCCGTCGCGATCGx-0,0.7356798182492842,0.2643205349127316
GCAAACTAGCCAACAGx-0,0.7364625817311184,0.26353779152277335
GAGGTGAAGTACGATAx-0,0.734742948241113,0.265257416832468
GATCGTAGTGCACCACx-0,0.6980556827781346,0.3019447173772289
GATCAGTAGACCACGAx-0,0.7372550982706054,0.2627452957742982
GACTACATCTGAAAGAx-0,0.7353925414941276,0.2646077991305859
GATGCTAAGGCGTACAx-0,0.7429052932794263,0.25709509238237166
GAGCAGAAGCGACGTAx-0,0.7503168034382314,0.2496835646509559
GATGAAAAGACTAAGTx-0,0.7524910413244331,0.24750933230702352
GATCGTATCAAAGTAGx-0,0.7446966164536393,0.2553037653699105
GATCGCGAGTACGTAAx-0,0.741487072957005,0.2585132982372519
GATCGATTCGGTGTCGx-0,0.744230757881708,0.25576963367871697
GCAATCAAGGGTCTCCx-0,0.7383787613027357,0.2616215892914226
GATCGCGGTACTTGACx-0,0.7362315462293938,0.2637687958526143
GATCGATGTGGTCTCGx-0,0.756941629132247,0.2430587701057806
GATCGCGAGACACGACx-0,0.7555150029568215,0.24448536188368955
GATCAGTGTCACAAGGx-0,0.7364661695351076,0.2635342019419637
GACTGCGCACGGCTACx-0,0.739468862441662,0.26053148516645924
GAGCAGACAAAGCGGTx-0,0.6941825175014621,0.30581780102197303
GCACTCTGTTCCACTCx-0,0.7307732029297558,0.2692272297985938
GAGCAGAAGCCTCGTGx-0,0.7369993851269323,0.26300094271701896
GATCTAGTCGGAGCAAx-0,0.7532625133345751,0.24673784497005494
GCAGCCAGTAAGTAGTx-0,0.7039692991666799,0.29603112664449915
GATCGATCATGGGACAx-0,0.7305880506827901,0.26941234299726513
GATCTAGTCCGAGCCAx-0,0.7382343459956188,0.2617659973041166
GATGAGGCATGATCCAx-0,0.7344091432550873,0.26559128803585375
GATGAGGGTGCGAAACx-0,0.7554515465873671,0.24454877605952613
GATCGTACAGATGGCAx-0,0.7367200517809311,0.2632802845384957
GCAATCATCAAACCACx-0,0.7345126498250817,0.26548773589448094
GATGAGGCATTGTGCAx-0,0.7349156114456972,0.26508478152053583
GCACATAAGGGCTCTCx-0,0.7386113306277753,0.2613890182001541
GACTGCGGTTCGTCTCx-0,0.6878058191307177,0.31219458010069173
GAGTCCGAGGGTGTGTx-0,0.6895784047746261,0.31042186742477756
GCAGCCAAGTGTTGAAx-0,0.7519984538322244,0.24800189950693932
GCACATACATTCACTTx-0,0.7396567395027701,0.2603435913151753
GCAATCATCTCTAAGGx-0,0.7388221821265726,0.2611781862659265
GAGCAGAGTTCCAACAx-0,0.7353913759994828,0.26460895243827365
GATGAAAAGCGATAGCx-0,0.7354518736725236,0.26454848921800883
GACTACATCAGAGCTTx-0,0.7481888350671894,0.2518115560479694
GACTGCGCATCACGTAx-0,0.7354827506874863,0.2645176398396517
GATCGTAGTGTTGGGAx-0,0.7444741968875159,0.25552619897077317
GATGCTAAGTCTCGGCx-0,0.73621037933225,0.2637899513959444
GCAAACTCATGCTAGTx-0,0.73883051585812,0.26116982186200716
GCCAAATTCTTAGCCCx-0,0.744924957332859,0.2550754207151492
GGAAAGCCATCTATGGx-0,0.7424489139513085,0.2575514348132454
GCATGTAGTTGGTTTGx-0,0.7366553678808114,0.2633450464158457
GCTGCAGCACTGTCGGx-0,0.7394073390648571,0.26059298778468426
GGAAAGCTCCCAAGTAx-0,0.7346978522834051,0.2653025319028209
GGAACTTTCTTAACCTx-0,0.7248183949080712,0.27518190782277235
GCCAAATTCATGTCTTx-0,0.7372612627225053,0.2627391265797693
GCGAGAAAGACACTAAx-0,0.7284336168041046,0.27156680798055155
GCTGCGATCAGAGACGx-0,0.7365577025571494,0.26344269164709816
GCATGCGCAACACGCCx-0,0.7339253824293419,0.2660750145630705
GCCTCTATCCACTCCAx-0,0.7405296699241236,0.2594707164961858
GCTCTGTAGCTGATAAx-0,0.7170710260771728,0.2829293317845468
GCGCGATAGGTGATTAx-0,0.7575164448412013,0.24248395445779092
GCGGGTTTCCGATATGx-0,0.7400666800178405,0.25993364320325446
GCTGCTTAGGCTCTTAx-0,0.7393888195457661,0.2606115533561376
GCTTCCAGTCGGCACTx-0,0.7374128792654719,0.2625874767531641
GCAGTTAGTCACACGCx-0,0.7330189755089119,0.2669814284038819
GCGCAACGTCCGCTGAx-0,0.736647958726326,0.26335241635771617
GCTCTGTAGTGAAGTTx-0,0.741156510943797,0.2588438825375368
GCTGCTTAGGTGCTAGx-0,0.7479006873153331,0.25209971810481435
GCGCGATGTCCCTTGTx-0,0.7366421657931626,0.2633581983858483
GCGACCATCAGATAAGx-0,0.7363211330720182,0.2636792099614791
GCATGCGGTATTAGCCx-0,0.7391340169307018,0.26086632709920327
GCTCTGTAGCCATCGCx-0,0.7571403261428332,0.24286007564235182
GGAATAAAGACACTAAx-0,0.7364063576266383,0.2635940377430674
GCGCAGTCACCTCGTTx-0,0.7368932815092,0.26310709456263154
GCGCCAATCGGATGGAx-0,0.7569104532859857,0.24308993298958856
GCATGCGCATCGACGCx-0,0.734332193880584,0.26566818270967885
GCGCAACGTCTCTTATx-0,0.7569797009012261,0.24302070084266392
GCGGGTTGTAGCGTCCx-0,0.7363091384388032,0.26369124295072155
GCGGGTTGTTCGTGATx-0,0.737016485756011,0.2629838788474871
GCTCCTAAGATCGGGTx-0,0.7421589501051263,0.2578413934965827
GGAAAGCCAGAGCCAAx-0,0.7378239244290006,0.26217641464079283
GCTTCCAAGGACAGAAx-0,0.7387276731502629,0.26127265887382217
GCCAAATAGATCGATAx-0,0.7327776017841295,0.26722273287693826
GCTTCCACAAGAAAGGx-0,0.7352043844130646,0.2647960602336103
GCTGCGATCAATACCGx-0,0.756866742498161,0.2431336214888879
GCATGATAGGCAGTCAx-0,0.7391457304400328,0.2608546389113045
GCGCAGTGTCCGAAGAx-0,0.7379134930217811,0.2620868387807167
GGAAAGCCAAGCGAGTx-0,0.7347733026435554,0.2652270635712848
GCAGTTAGTCTTGTCCx-0,0.7369623232234536,0.26303804702046807
GCGACCAAGTGTGAATx-0,0.7452650487634482,0.2547353628915016
GCATGCGGTTCATGGTx-0,0.7402523319502725,0.2597480052449588
GCATGATCATCCGTGGx-0,0.738396911969522,0.26160343087809373
GCATACATCTTGTATCx-0,0.7385573770692176,0.2614429480341276
GCATGTAAGGTCATCTx-0,0.7357971408819466,0.2642032342918215
GGAACTTCAATGTTGCx-0,0.740956267230371,0.25904410496691876
GCGACCAAGGACACCAx-0,0.7375054297061491,0.2624949062919195
GCTTGAATCTCGCTTGx-0,0.7383273000215966,0.26167303666961134
GCATGCGAGGGAGTAAx-0,0.7246677015838557,0.27533263653755824
GCTGGGTGTAGCGCTCx-0,0.7380468428206638,0.26195349484358144
GCTGGGTAGTGTTAGAx-0,0.75647515461535,0.24352519315410617
GCTGCGAGTCCGACGTx-0,0.7386488880907316,0.261351445501285
GCTTCCAAGTGGTCCCx-0,0.7351331754212419,0.2648671574858024
GCGGGTTCACATTAGCx-0,0.7371942839236658,0.2628060518823171
GCGCAGTTCGTTTGCCx-0,0.7363519275170036,0.26364842788777115
GCGCAACAGTCAATAGx-0,0.6863955845431232,0.31360475294381035
GCGACCACACCTGGTGx-0,0.7359451387756812,0.2640552325542
GCTGCAGAGTCCGTATx-0,0.7342859914319892,0.2657143514838353
GCGAGAATCACTCTTAx-0,0.7533128703578943,0.24668751382230533
GCTCTGTGTTACGCGCx-0,0.7548540873002798,0.24514629131133553
GCGACCAAGCTAACAAx-0,0.7372079538275754,0.2627923846221222
GCTGCAGAGAGTTGGCx-0,0.7354665124581046,0.26453383926241036
GCGGGTTGTGCAGTAGx-0,0.7391814224066519,0.26081898218804017
GCCTCTAAGCGCCTTGx-0,0.7351705674833616,0.2648297861106666
GCAGTTAGTTCTGTTTx-0,0.6954605426796694,0.30453984756646285
GCGCCAAGTATATGGAx-0,0.7364298010477625,0.26357055615642366
GCATGTAAGCATCATCx-0,0.7370157907249484,0.262984561690659
GCGAGAATCCGTAGGCx-0,0.735368981899705,0.26463141040116567
GCCTCTAGTGCCTGTGx-0,0.7387569488509932,0.2612433983006989
GCATGCGGTGCGGTAAx-0,0.7423311415907824,0.2576692443857565
GCTTGAAGTATAGGTAx-0,0.7355087976673556,0.26449160727274795
GCCTCTACACAGGCCTx-0,0.7349115458325289,0.2650888464397553
GCATGCGGTACAGCAGx-0,0.7570780718608332,0.24292233577334732
GCTGGGTGTCTCATCCx-0,0.7549346687804898,0.24506570740677208
GCGCCAAGTTCCCGAGx-0,0.7398115853490194,0.26018881232724067
GGAACTTTCCTAAGTGx-0,0.7349438422845902,0.26505656984315257
GCATGATAGTCGAGTGx-0,0.731607365169031,0.2683930309758716
GCAGTTATCAGGCCCAx-0,0.7352753660744332,0.2647250069861601
GCATGATCAGCGAACAx-0,0.7447995462989674,0.255200854903695
GCGCAGTAGATCCTGTx-0,0.7146145130280552,0.28538584163589187
GGAATAAAGACATAACx-0,0.7338997939325991,0.26610057087626243
GCTGGGTAGCTGCAAGx-0,0.73759512815595,0.26240525384729335
GCTCTGTTCGAATGCTx-0,0.7315005085669635,0.26849984478102873
GCGCGATAGGCCCTTGx-0,0.7366290674589608,0.26337130573394396
GGAACTTTCCGGCACAx-0,0.7341934656149831,0.2658068734245948
GCATACACATCCTTGCx-0,0.736283425558646,0.26371696060779026
GCGACCAAGATGCCAGx-0,0.7545093598403865,0.24549096818724717
GCATGATGTTAAGATGx-0,0.7469109654215027,0.2530894027331499
GCTGCGACATCTCGCTx-0,0.7519677460102414,0.24803261503771404
GCCAAATGTCCAACTAx-0,0.7378206304712714,0.26217969814608433
GCGACCACACATCCAAx-0,0.7559866805964488,0.24401372778827998
GCGGGTTCATAGAAACx-0,0.7365225239377596,0.26347784878636166
GCTTGAAAGGTGGGTTx-0,0.7338760224838549,0.2661243704455613
GCTGGGTAGACAGGCTx-0,0.7376594812340457,0.26234089334232547
GCATGATTCTTCGAGAx-0,0.7577114967952131,0.24228890162393318
GGACGTCGTGCAACGAx-0,0.7308101950822482,0.2691901539607778
GGCCGATTCGGAAATAx-0,0.7354242794964875,0.2645761076639754
GGCGTGTTCAGGTTCAx-0,0.7348407744149215,0.26515955403177927
GGCGACTAGTCAAGGCx-0,0.7569734381195542,0.24302694122768886
GGAATAATCTCTAAGGx-0,0.7216668954847488,0.27833348006751973
GGACGTCAGGACACCAx-0,0.7359802698942234,0.26402013103907274
GGGTTGCAGTACGTAAx-0,0.7432863113648641,0.2567140687005021
GGCGACTGTCGGCTCAx-0,0.7375382410020295,0.2624621144550707
GGATTACCACGGCGTTx-0,0.7382776423492855,0.2617227051552572
GGAGCAATCTTGAGGTx-0,0.7361290584092806,0.26387134704964055
GGGCACTCATGGTTGTx-0,0.733985034023461,0.2660153252728339
GGCAATTAGAAACCATx-0,0.7404410738066125,0.25955932610433313
GGCCGATGTAAGTGTAx-0,0.7537079728554681,0.24629238863118455
GGGAGATGTACCATCAx-0,0.739211080611593,0.26078931236960545
GGGACCTAGAGGTTGCx-0,0.7366607109801145,0.2633396319152172
GGCGTGTGTCGCGAAAx-0,0.7361452454149434,0.263855097655291
GGACAGACATGCCTAAx-0,0.734106102873903,0.2658942819913463
GGCTGGTCAGTTAACCx-0,0.7561818174997722,0.24381858948342397
GGGTCTGTCGCCCTTAx-0,0.7448497139051322,0.25515064084574807
GGAATAATCTGGCGTGx-0,0.7480499187086022,0.2519504372728506
GGGAATGTCACGGTTAx-0,0.7373935525197471,0.26260678854252867
GGACGTCAGGGTGTTGx-0,0.7312466334273453,0.26875375670515333
GGCTGGTAGGTGTGGTx-0,0.7424513660854969,0.2575489775114418
GGCGACTGTAGGGTACx-0,0.735068010472769,0.2649323231218669
GGGTTGCCACGCCAGTx-0,0.7353302943934003,0.2646700398619885
GGGAGATCAGGGAGAGx-0,0.7305314694517667,0.26946893492537793
GGGCATCTCGCAAGCCx-0,0.7550675402555503,0.24493283109004468
GGATGTTAGTGGGCTAx-0,0.7348146349385867,0.2651858553645052
GGATTACGTAACGACGx-0,0.7373354164097351,0.2626649504021965
GGACGTCGTCTGGAGAx-0,0.7394409218900186,0.2605594110199673
GGCTCGAGTTATCCGAx-0,0.7501516429779939,0.24984876030470488
GGCTCGAGTCATATGCx-0,0.7441619012500902,0.2558384766366025
GGCCGATGTGTGACGAx-0,0.7363679601764662,0.26363243547671317
GGACATTTCACTGGGCx-0,0.7370131898038554,0.2629871543315082
GGATGTTGTCGAACAGx-0,0.7469353986552731,0.2530650157298522
GGCAATTGTCGAATCTx-0,0.7350276828667485,0.2649727037693542
GGGAATGCAAGCCGCTx-0,0.7374632322646445,0.26253710757029075
GGGACCTCAGCTGCTGx-0,0.7330948103384399,0.26690554434146774
GGGAATGCAGACGCCTx-0,0.7361098299720151,0.26389051226884985
GGGATGACAGGGTTAGx-0,0.7374939781800764,0.26250636663578714
GGGTCTGCATAGTAAGx-0,0.7419837268311168,0.258016656757581
GGACATTCACGGACAAx-0,0.718513949726063,0.2814864299721619
GGATGTTGTACCAGTTx-0,0.7372288235640279,0.26277159617187834
GGCAATTGTTCGTCTCx-0,0.7345068470643289,0.2654935171742079
GGCCGATCAGGAATGCx-0,0.7298251246199021,0.27017526731760666
GGAATAAAGCGGCTTCx-0,0.7376830196114104,0.26231731811029657
GGAATAACATGTCTCCx-0,0.7343687846755513,0.26563160464171154
GGACAGAAGGATCGCAx-0,0.7374800367324301,0.26252028634675756
GGACAAGGTACCATCAx-0,0.736939773637324,0.2630606460525559
GGGCACTTCTCAAGTGx-0,0.740367052006037,0.2596333047274041
GGGAATGTCATGTCTTx-0,0.7522591013563038,0.24774124202584485
GGGTCTGGTAAACCTCx-0,0.7399150263434809,0.2600853417308805
GGGAGATAGTCTCGGCx-0,0.7445139830040185,0.2554864307076286
GGATTACCACCACGTGx-0,0.7548884244069551,0.24511194387902216
GGACATTGTCTCCATCx-0,0.7281013970263879,0.2718988901873511
GGGACCTAGAAGGGTAx-0,0.7376419999118399,0.2623583392217739
GGCGACTAGCATCATCx-0,0.7367466802639502,0.26325375231390774
GGCCGATTCCTGCTTGx-0,0.7356581124379094,0.26434225524104493
GGCGACTTCATAACCGx-0,0.7354262119443865,0.26457417949812523
GGAGCAAAGTAGGCCAx-0,0.756155895403917,0.2438444800396191
GGCTCGACACATAACCx-0,0.695036614777831,0.3049637461099749
GGCCGATGTAACGTTCx-0,0.7226027033310665,0.2773976538918699
GGGTCTGCACGACGAAx-0,0.7400080573497252,0.259992327716736
GGACAAGTCAACACGTx-0,0.7398551225107988,0.2601452079386613
GGGCATCAGTGACTCTx-0,0.7571659019292305,0.24283445294467954
GGATGTTCACGTTGGCx-0,0.7349371050059903,0.2650632791514309
GGCAATTCACCGAATTx-0,0.7377980683423715,0.2622022673381559
GGAATAATCCTGCTTGx-0,0.7320871792010443,0.26791323845754805
GGAATAAGTATGGTTCx-0,0.7429738145094608,0.25702656455029177
GGGTTGCAGGCTAGCAx-0,0.7349080258923711,0.2650923772970877
GGGATGAGTATCTGCAx-0,0.7386987354361336,0.26130160034615557
GGACAAGTCGTCGTTCx-0,0.7375057177367167,0.26249462158395054
GGCAATTCAGTTTACGx-0,0.7568768094879065,0.24312357938422555
GGGATGAGTGGTCTCGx-0,0.7375257721522598,0.26247458239038907
GGGCATCAGCCCAATTx-0,0.6923590693772421,0.3076412556968003
GGCGTGTTCACTTCATx-0,0.7388548918117102,0.26114542881734415
GGGAGATAGACAAAGGx-0,0.7450266857218638,0.25497368598419584
GGGAATGAGAATTGTGx-0,0.7379768831893436,0.2620234596144751
GGATGTTAGTCAAGCGx-0,0.7404398166591782,0.25956060079697146
GGCGACTCAGATGGCAx-0,0.7324767368621059,0.2675236660437678
GGGATGACAGTTCCCTx-0,0.7415053315771579,0.25849499783133767
GGAATAATCACCCTCAx-0,0.734208428991444,0.2657920151316884
GGACATTCAGAAGCACx-0,0.7393055347515352,0.2606947970104506
GGGAGATAGCGCTCCAx-0,0.7378882971603425,0.2621120723525656
GGCTCGAGTCTAGCGCx-0,0.7389795091421917,0.26102081414445716
GGCGACTCAACGATGGx-0,0.7145285626136806,0.2854718757417117
GGGCACTCAATACGCTx-0,0.7342506450500986,0.2657497686815816
GGCTCGACATCTATGGx-0,0.7338963436357769,0.2661040814211722
GGCTGGTGTAACGCGAx-0,0.7404258995854539,0.25957442759717914
GGGATGACAGATCGGAx-0,0.7370043967870371,0.26299597160282384
GGCTCGAGTGCAGGTAx-0,0.7371910235374148,0.26280933187559125
GGGAGATAGAAACGAGx-0,0.7402933049146861,0.2597070248433421
GGGATGAAGGCTCATTx-0,0.7345413564216263,0.2654590419723708
GGACAAGCATCAGTACx-0,0.7521995862076597,0.24780077050632093
GGAGCAACATAACCTGx-0,0.734425882083202,0.2655744033099986
GTAACGTTCCATGCTCx-0,0.7360232465784331,0.26397711844850547
GTACTCCTCACCCGAGx-0,0.757404136054414,0.24259624969291446
GTACTCCGTCTCATCCx-0,0.6964929550751588,0.30350739781569347
GTACTCCAGGGATACCx-0,0.739069539074965,0.26093077255743463
GGTGCGTCAAGCCATTx-0,0.7344657820383647,0.2655345734440019
GTACTCCCACATGTGTx-0,0.735102013883539,0.2648983662327502
GTAGTCATCACAGGCCx-0,0.7344265581829966,0.265573847684692
GTATTCTCAGCTGCACx-0,0.7358445982729882,0.26415580406854094
GGTATTGCATCCGCGAx-0,0.7506243797368932,0.24937599833521823
GTAACGTCACAACTGTx-0,0.7485950242254856,0.25140535407990044
GTAACGTTCAACACTGx-0,0.7318643646208935,0.26813595560390735
GTATTCTTCAGCCTAAx-0,0.7367806914875313,0.26321966723667756
GTAGTCATCTGCGGCAx-0,0.7548651733060069,0.24513516968564014
GTATTCTAGATGCCAGx-0,0.7395905219834821,0.2604098620027758
GTATTCTAGGAATCGCx-0,0.6955847215661692,0.30441540147486096
GTAGTCATCACCAGGCx-0,0.7363315863104707,0.2636687992699859
GTACTTTGTACCGAGAx-0,0.7559611227279741,0.24403920614856714
GTCACGGGTAACGCGAx-0,0.7379502964680656,0.26205007639485856
GTAACGTGTTCGGCACx-0,0.7382344906918358,0.261765839379572
GTAGGCCTCAGTCCCTx-0,0.7432492647263362,0.2567511519184523
GGTGCGTCAGCGTAAGx-0,0.727473340257131,0.27252703090408903
GGGTTGCTCCCTCTTTx-0,0.7350043786426244,0.26499601675651996
GTATCTTAGTTGTCGTx-0,0.7349430493040559,0.2650572972942951
GTACTCCGTAAATACGx-0,0.7368711621707117,0.2631292199295148
GTACTCCTCTGTGCAAx-0,0.7390916369696431,0.2609086860276297
GGTATTGAGTATTGGAx-0,0.7358944051476521,0.264105952614303
GTATTCTAGCCAGTAGx-0,0.7339765578680476,0.2660238275333149
GGTGTTATCACATGCAx-0,0.7566642584304861,0.24333611138284802
GTAGGCCAGGAATTACx-0,0.7326673538970815,0.2673330672134257
GGTGTTACACCCATTCx-0,0.75654011415112,0.24346023215442666
GTACGTAAGTGCCATTx-0,0.7378090703488662,0.26219127384422136
GTACTTTTCTTGTATCx-0,0.7556839993134606,0.24431637502726597
GTCACAATCGCCATAAx-0,0.745760594940347,0.2542397974312534
GTATTCTCACACGCTGx-0,0.7361479597581745,0.2638524157029787
GTCACGGAGGCGATACx-0,0.7327441411969358,0.26725620342167977
GTCAAGTTCAACGGGAx-0,0.7447686296438872,0.2552317148525424
GGTGCGTTCGCGTAGCx-0,0.738819331089967,0.26118100916536524
GTACGTACAGCCTGTGx-0,0.7362776217257909,0.2637227618373172
GTAGTCAGTACTCGCGx-0,0.7446465190536672,0.255353868287064
GTAGGCCCATACTCTTx-0,0.7353501985885028,0.2646501660783101
GTAACGTCAATAGCAAx-0,0.720576792585013,0.27942355056296664
GGTGTTAAGGGCACTAx-0,0.6981699178328378,0.3018305834496525
GTAACTGTCTAACTTCx-0,0.7373573038201164,0.26264305546244865
GTCACAACAGCTCCGAx-0,0.7354145981538138,0.264585772130579
GTACTTTTCAAGATCCx-0,0.7374897616268311,0.26251057889345614
GTCACGGAGGAACTGCx-0,0.7366689456894965,0.263331378927714
GTACGTATCTTAGCCCx-0,0.7381201192115312,0.26188022647656983
GTCAAGTCAACCGCCAx-0,0.7374947435145188,0.26250562716369796
GTATTCTCACGTCTCTx-0,0.736226398292398,0.26377395229117956
GTAACTGGTGTTTGGTx-0,0.7363289252728988,0.2636715162254716
GTACTTTGTTCGTCTCx-0,0.7350692690515876,0.26493112901075044
GTACGTATCATAACCGx-0,0.6960316481612981,0.3039686837872581
GTACTCCTCAATACCGx-0,0.734863206204774,0.2651371282782319
GGTGCGTCATGGTAGGx-0,0.7513441580088446,0.24865620763701046
GGTATTGGTGAGGGTTx-0,0.7449660439120163,0.25503432009911653
GGGTTGCTCACATGCAx-0,0.735955035537864,0.2640452985336508
GTACTTTGTCTGCGGTx-0,0.7431229604967773,0.25687739970641976
GTACGTATCATTATCCx-0,0.7395987885552398,0.260401539282639
GGTGCGTTCGAACTGTx-0,0.7354116695015792,0.2645887315713854
GTAACTGCAAGGACACx-0,0.7368614902733979,0.26313895494492395
GTACGTAGTCTGCGGTx-0,0.7398908531686406,0.26010951352897244
GGTATTGTCCAGTAGTx-0,0.7357179365035793,0.2642824579608244
GTAACTGCAAAGTGCGx-0,0.7369768220865222,0.2630235329403516
GTACTTTGTCAGGACAx-0,0.7330540143307118,0.2669463118783029
GTCACAAGTCTAGCGCx-0,0.7307753026726954,0.26922505652141143
GTATTCTCAGTCGTGCx-0,0.7369928268152827,0.26300750206679147
GGTGCGTAGGATGCGTx-0,0.7323519897616914,0.26764842623770474
GTAGTCAGTACCATCAx-0,0.7375992592970231,0.2624011004864586
GTATCTTAGTACACCTx-0,0.7500894107794314,0.2499109621282913
GGTGCGTGTACATGTCx-0,0.7335888434859437,0.2664115201625584
GTACTCCTCCATGCTCx-0,0.7366765637635214,0.2633238282057491
GGTATTGGTAAGAGAGx-0,0.736701630181457,0.26329874397840675
GTATCTTAGGGAAACAx-0,0.753491459985455,0.2465089163792439
GGTGCGTCAGCTGTGCx-0,0.7546461234571148,0.2453542383839662
GGTGCGTTCAAACCACx-0,0.7441976848625359,0.2558026834172835
GGTATTGGTCAGAGGTx-0,0.7337782596219548,0.26622205406019217
GTAGTCAAGTACTTGCx-0,0.7376708982656867,0.26232944848254736
GTCACAATCATGTCTTx-0,0.7303969579187308,0.26960349331406175
GGTGAAGGTTCCCGAGx-0,0.7372376476321582,0.2627626869791414
GGTGAAGAGTAACCCTx-0,0.736286505409065,0.2637138752477083
GGTGAAGCATATACCGx-0,0.738313165250756,0.26168717159523297
GGTATTGGTCTAAAGAx-0,0.7407224142908597,0.2592779883641089
GGTGAAGAGATGTGTAx-0,0.7365349961551524,0.26346535398318843
GGTGTTATCATGTCCCx-0,0.7418280465502686,0.2581723501689192
GTAGGCCAGGCAGTCAx-0,0.7358246978941988,0.26417565787349867
GTACTTTGTAAATACGx-0,0.7395126944738698,0.2604876463219855
GTATCTTGTCGCATATx-0,0.7359825036246634,0.2640178583152935
GTAACGTCAGCTATTGx-0,0.7544345369880993,0.2455658047021521
GTAGGCCTCTACGAGTx-0,0.7355749423969503,0.2644254305784714
GTCAAGTCACAGTCGCx-0,0.7361141819085383,0.26388622442801124
GTATTCTAGGCAGGTTx-0,0.7331099440677844,0.26689041206800135
GGTGCGTAGCAATCTCx-0,0.7366849383489357,0.26331540777146334
GTATCTTCATTGGGCCx-0,0.7361137674467962,0.2638866442890707
GTAGTCACAGTCGTGCx-0,0.7373618152442515,0.2626384967018153
GTGCATATCCGCGTTTx-0,0.7058763306230149,0.29412400908296854
GTCTCGTAGAGCTGGTx-0,0.7379538375659437,0.26204649622397563
TAAACCGTCTTGTTTGx-0,0.7355590349774834,0.26444134727683166
GTGCAGCTCAAGAAGTx-0,0.7414836001898167,0.25851677121132777
GTGTGCGCATATGAGAx-0,0.7366836147125254,0.2633167624751884
GTTACAGGTAGCCTATx-0,0.7350208246556621,0.2649796198326775
GTGTGCGTCCACGACGx-0,0.7360830776580308,0.2639172987785095
GTGCGGTTCACCTTATx-0,0.7382116397429688,0.26178874399865404
GTTTCTATCTTGTCATx-0,0.737735256446329,0.2622650940431029
GTCGTAAAGGCGCTCTx-0,0.751654196776843,0.2483461733263114
GTGAAGGAGCGCCTCAx-0,0.755630775412253,0.2443696245963146
GTCATTTCAAGTAATGx-0,0.6995172358356637,0.3004831404977766
GTGTGCGGTCTCGTTCx-0,0.7359035801157456,0.2640967933557617
GTGGGTCCACAAGTAAx-0,0.7361107476564636,0.26388961214559187
GTGTTAGCAGATAATGx-0,0.7357784271149893,0.2642219482266851
TAAACCGCAGTCGTGCx-0,0.6931099908147811,0.30689033689072764
GTCTCGTAGTTAGGTAx-0,0.7560019188392886,0.243998428654719
GTGCATACATTTGCCCx-0,0.6965012589421772,0.30349920376482487
GTCTTCGCATCACAACx-0,0.7365472429397466,0.26345313471122633
GTTTCTACATCGGGTCx-0,0.737879748148151,0.26212058401771515
GTGTTAGCATGCCACGx-0,0.7380896702836988,0.26191064698426164
GTCGTAAGTCTCTCTGx-0,0.7482270318920137,0.2517733650050519
GTGGGTCCATTAGCCAx-0,0.7384595829473809,0.2615407534504438
GTTCATTCAATGAAACx-0,0.7388159454360765,0.26118444139239805
GTGGGTCTCGCTTAGAx-0,0.7334161051992321,0.2665842103071182
GTCCTCAGTCAGCTATx-0,0.7363295698447838,0.26367078608144284
GTCTTCGAGTCGCCGTx-0,0.7402547789612681,0.2597455918181649
GTTCATTGTACGCACCx-0,0.7282683274722269,0.27173211169898687
GTGGGTCGTGTCAATCx-0,0.7386314037749178,0.2613689699748462
GTGAAGGAGACTTTCGx-0,0.7564197437454226,0.24358061324674382
GTCCTCACAGTCTTCCx-0,0.7377986619294791,0.2622016915143911
GTCTTCGGTATGAAACx-0,0.7368003941532701,0.26319994158570575
GTCGTAAGTACTTCTTx-0,0.7371616053401244,0.26283877608334666
GTTTCTAAGCGCCTTGx-0,0.7488985869599162,0.2511017973268837
GTTTCTAAGCTGCAAGx-0,0.7374369735307197,0.26256336490618665
GTGAAGGTCGCGCCAAx-0,0.7451553423604383,0.25484504986161693
GTGCTTCAGTCTCGGCx-0,0.735728413835592,0.26427199518304034
GTCTCGTAGTCATCCAx-0,0.7361905317490645,0.26380992742303216
GTTCATTAGAGACTATx-0,0.7362049512707906,0.26379546086104144
GTGAAGGGTTGTGGCCx-0,0.7372740063799091,0.26272639704964906
GTGAAGGGTGCACGAAx-0,0.7388300780335553,0.261170251545894
GTTCTCGAGGAATCGCx-0,0.7489660109022328,0.2510343705404821
GTGTTAGGTCGCCATGx-0,0.7371853638203159,0.26281504500129055
GTTAAGCAGGAGCGAGx-0,0.7376689016915441,0.26233143493227207
GTCTTCGAGGTAGCTGx-0,0.7366346189815441,0.2633657485502669
GTGTTAGGTTTGACTGx-0,0.733822826816308,0.2661775611532994
GTTAAGCTCGAACGGAx-0,0.7376170848615098,0.26238325735705725
GTCTCGTTCCGGGTGTx-0,0.7374214636554416,0.26257890798769057
GTCGGGTAGAATAGGGx-0,0.7563189409119726,0.24368139982109188
GTTAAGCGTCTGCCAGx-0,0.7564169506276829,0.2435834361554537
GTTTCTACACGTGAGAx-0,0.7365812680730283,0.2634190642117809
TAAACCGCACTAAGTCx-0,0.7379501068322919,0.26205028784691564
GTCTCGTGTAAGCACGx-0,0.7298867937922868,0.2701136087960168
GTTCTCGGTCTGATCAx-0,0.7334577980489999,0.2665425704644965
GTTAAGCCACCGTTGGx-0,0.7516010724697673,0.24839926964731962
GTTAAGCCACCAACCGx-0,0.7366678378321434,0.2633325234593052
GTGTGCGTCTACTTACx-0,0.737018987368183,0.2629813765160313
GTCTTCGGTTGAGTTCx-0,0.7124558011591064,0.28754459208929656
GTGTGCGGTATAATGGx-0,0.7396559479269188,0.2603443831199891
GTTTCTAAGGATATACx-0,0.7367704394556359,0.2632300340154276
GTGTTAGAGAGTTGGCx-0,0.7374489166302473,0.26255150390125576
GTCTTCGAGTCTCGGCx-0,0.7437389885103064,0.25626134698896524
GTGTTAGAGGCTACGAx-0,0.7346332686343278,0.2653671025030201
GTGCGGTTCTGCAAGTx-0,0.7359603963967608,0.2640400287227744
TAAACCGGTCTTTCATx-0,0.7382500919703756,0.2617502507824933
GTCATTTAGTAGGTGCx-0,0.7507004721443773,0.24929990361717033
GTTCTCGAGTGTGGCAx-0,0.7376269761155783,0.26237337125459337
TAAACCGGTCAAAGATx-0,0.7314607898297018,0.2685395733055728
GTGCTTCAGGCAATTAx-0,0.7553541825793272,0.24464621129386496
GTGAAGGAGATGCCAGx-0,0.7330472359705033,0.26695313236189344
GTGGGTCTCAGCTTAGx-0,0.742443329540244,0.25755704036846594
GTGCGGTAGTGTTGAAx-0,0.7370703400171911,0.262930002760704
GTTAAGCAGAAGGGTAx-0,0.7378490393592356,0.262151319719485
GTCATTTGTAGCGCAAx-0,0.7375563380728598,0.2624439923884481
GTGCAGCAGCTTCGCGx-0,0.7384284996304316,0.26157187749380056
GTCATTTGTCTACCTCx-0,0.7362932182940954,0.26370717411167693
GTGAAGGGTAGCTAAAx-0,0.7377627408739669,0.2622376227241208
GTGCAGCCACAAGTAAx-0,0.7359455861471199,0.2640547736246172
GTGTGCGAGATATACGx-0,0.7566589438756693,0.24334143115853485
GTGCATAAGAGACTATx-0,0.7566008084947384,0.24339957835158826
GTCCTCACAATCGAAAx-0,0.7310956624303087,0.26890468222594266
GTGAAGGTCAAACGGGx-0,0.7371587244137392,0.26284169887381503
GTCGGGTAGTACGATAx-0,0.7361463093957621,0.2638540973035049
GTGAAGGAGAAGGACAx-0,0.7407415613389908,0.25925877160937133
GTGTGCGTCTCCCTGAx-0,0.737073515671241,0.2629268314868008
GTGTGCGTCAAACAAGx-0,0.7538943879076535,0.24610597593752143
GTGCATACACAACTGTx-0,0.7387117720177523,0.26128857053111243
GTTACAGTCCCGACTTx-0,0.6969358125763079,0.30306455718335007
GTGTTAGGTGTGGTTTx-0,0.754423133385314,0.24557723625109396
GTCATTTTCGCTTAGAx-0,0.7404789100124783,0.25952141788475425
GTTAAGCGTTTGCATGx-0,0.734802006682363,0.2651983852720799
GTTACAGTCTGGGCCAx-0,0.7545599864382025,0.24544033784147715
GTGAAGGTCTGAGTGTx-0,0.7375203432846598,0.26247999326613414
TAGACCAGTTCGGCACx-0,0.7357303276519288,0.2642700970987716
TACTTACTCCGAACGCx-0,0.7327613289269815,0.26723915385306074
TAGTGGTCACAACTGTx-0,0.7348181375253638,0.2651822208296468
TAAGAGACAAGACACGx-0,0.7419063875611748,0.25809400809978733
TAAGAGATCGCAAGCCx-0,0.7363092621269336,0.26369106980306356
TACAGTGAGACACGACx-0,0.7389341087673729,0.26106626905453584
TAGTTGGCATACAGCTx-0,0.7508617389062693,0.24913862138396206
TACGGGCGTCGGCATCx-0,0.7337273753877442,0.2662729896615873
TAGACCACACCGAAAGx-0,0.7328483932247316,0.2671520021631026
TACCTTATCGGACAAGx-0,0.7380611534172825,0.2619391985971488
TACGGGCAGCTGATAAx-0,0.7467992715174413,0.2532011299905986
TAGGCATGTGAGCGATx-0,0.737789896525403,0.2622104405661457
TACTTGTGTGTCCTCTx-0,0.7522324175253621,0.24776795579784178
TACCTTAGTCATGCCGx-0,0.7357624625436792,0.26423791010677816
TAAGTGCAGAGATGAGx-0,0.7373636916480163,0.2626366324506862
TAAGCGTAGATGTCGGx-0,0.7405100745302486,0.2594903033228748
TACCTTACAGCTGTGCx-0,0.7361509207506272,0.263849423243657
TAAGAGACATAAAGGTx-0,0.7342002063996932,0.2658002557936785
TAAGCGTTCAAACCACx-0,0.7354916715664309,0.26450869736426036
TACACGATCAGGCCCAx-0,0.7474408504972381,0.25255950498293844
TAGTTGGGTAATCGTCx-0,0.7342249698205755,0.2657753824606845
TATCAGGAGCAGACTGx-0,0.7410831203144232,0.2589172153168186
TACCTATAGCGGCTTCx-0,0.735860944682776,0.26413941851350986
TACACGACAGGTTTCAx-0,0.7539373525612569,0.24606302493109095
TACAGTGGTTCGCTAAx-0,0.7376623092027765,0.26233805605124283
TACTCATCATCACGATx-0,0.7344260680913245,0.26557430103172386
TAGAGCTTCAGCGACCx-0,0.7365853093687494,0.26341501571896675
TAGAGCTAGCATCATCx-0,0.7370514748287607,0.2629488598712626
TACACGACAATAAGCAx-0,0.6883569467892914,0.31164348778512474
TACTTACAGAGCTGGTx-0,0.7340399969330124,0.2659603316460486
TACTTACCAGCCAATTx-0,0.7341371404100714,0.2658632824316363
TAGAGCTAGGATTCGGx-0,0.7368601405928662,0.2631401936233834
TAAGAGACAGTGACAGx-0,0.7434448969203116,0.25655547979994064
TACTTGTCAGGATTGGx-0,0.7571302744794434,0.2428701369416181
TACTTACAGGAATTACx-0,0.7350453291210294,0.26495504011623905
TACACGAGTTCACGGCx-0,0.7384086415706275,0.2615917250220663
TACACGAAGACACGACx-0,0.7315481737732943,0.26845222829543725
TAAGTGCCATTCGACAx-0,0.741941966857674,0.25805843749462787
TACGGATGTCCCTACTx-0,0.735249138472729,0.2647512725738904
TACAGTGGTCTTCTCGx-0,0.7391805919521224,0.26081975426308174
TAGTTGGCATTGAGCTx-0,0.7368358200890991,0.26316456468025273
TACTTGTAGAAGCCCAx-0,0.7260940420134238,0.27390625846738453
TACTCGCGTGCTGTATx-0,0.7333891397402956,0.26661125277189135
TAGGCATAGTCCCACGx-0,0.7424140013275361,0.25758639091413466
TAAGTGCAGATCGGGTx-0,0.7362641057193998,0.26373625204883533
TACGGATTCTCAAACGx-0,0.7528799358961585,0.24712044581988607
TAAGCGTAGGAACTGCx-0,0.7481743143179351,0.25182602304804796
TAGAGCTTCACAATGCx-0,0.6948423886152404,0.3051579855998517
TAAGAGACAAAGGAAGx-0,0.7570850357389804,0.24291531173058714
TACCTATAGTGAACGCx-0,0.7365574454788651,0.2634429080609699
TACTTACGTCGCCATGx-0,0.7491148632746716,0.25088550810664173
TACGGTACACCCTATCx-0,0.7407434005614626,0.25925694080109707
TACACGACATGAGCGAx-0,0.738411026084082,0.26158931050443196
TACTTGTTCTAACTCTx-0,0.7360807909881697,0.26391958461845605
TAGTTGGGTGAGGCTAx-0,0.7364187886767487,0.263581560978116
TACTCGCCACCAGATTx-0,0.7334286062847466,0.26657173935986245
TACGGGCCAGACAAGCx-0,0.7343740896368889,0.26562625221038627
TAGCCGGCAGCGATCCx-0,0.7369527644757773,0.2630475933739574
TAAGAGACATATGGTCx-0,0.6949032284780653,0.3050971082940749
TACACGATCACAATGCx-0,0.7370269608765226,0.2629734134631657
TAAGTGCTCACTTCATx-0,0.7330495326440839,0.2669508300056936
TAGAGCTGTAAGTTCCx-0,0.7472859629826365,0.2527144244583845
TAAGAGAAGAAACCATx-0,0.7389345918420231,0.2610657347589262
TACGGATAGGCCCTTGx-0,0.734524357034335,0.2654759973894814
TACTCATTCATGTCCCx-0,0.7476591161935906,0.25234127387976313
TACGGATAGCTGCGAAx-0,0.7333964364664952,0.2666039711222281
TACCTATCATTGTGCAx-0,0.7362883687386568,0.2637120095675501
TACGGATTCCAAACACx-0,0.736564455322264,0.2634359286323766
TACGGTACAGGTCGTCx-0,0.7517297661834323,0.2482706223036215
TAGACCAAGGGTGTGTx-0,0.7373014463621133,0.26269891150032626
TACAGTGTCGGACAAGx-0,0.729826813819706,0.2701735995693146
TACCTATTCGTCGTTCx-0,0.7360173157222952,0.26398301381141737
TAGCCGGCACATGTGTx-0,0.7385719950942441,0.2614283533035277
TACTCATCACACTGCGx-0,0.7386431459453703,0.2613572312171897
TAGCCGGAGTAAGTACx-0,0.6998487105676431,0.30015170530174606
TAGTTGGAGACTAGGCx-0,0.7381780795475883,0.261822290754251
TACGGATTCTACTATCx-0,0.7429879211288112,0.2570124510401183
TACCTATTCCGCGGTAx-0,0.7401946715416919,0.2598056682953689
TACCTTATCTGAGGGAx-0,0.7372992516345677,0.2627011032896363
TACGGGCTCTATGTGGx-0,0.7356063367912976,0.26439408250644614
TACTTACTCCTGCCATx-0,0.7334090908562485,0.2665912756932097
TAAGTGCCACCGTTGGx-0,0.7379280617160645,0.2620723196610946
TACAGTGGTCTCACCTx-0,0.7394065377726499,0.26059380644965247
TACTTGTCACCACCAGx-0,0.7347896699043428,0.2652107050332299
TACCTATAGAAACGAGx-0,0.7419462826286264,0.2580541217820098
TACGGATTCAGGATCTx-0,0.757034555939223,0.2429658044831214
TACGGGCTCATTGCGAx-0,0.7358540680754693,0.26414625625728544
TAGACCAAGAGCAATTx-0,0.7436305344256104,0.25636986648393795
TACCTTATCCCTCAGTx-0,0.7488149137672951,0.2511854614148775
TACGGTACACCGTTGGx-0,0.7362362520114318,0.263764089672101
TAGTTGGTCGGTTCGGx-0,0.7430359415113521,0.2569644083242519
TATCTCAAGCTGCCCAx-0,0.7336908650100793,0.26630953061441
TACGGTATCACTTACTx-0,0.75617196184592,0.24382840453835652
TATCAGGGTCTCAACAx-0,0.7326648123933284,0.26733545903025235
TAGACCATCCCTTGTGx-0,0.7374657947503965,0.2625345516172674
TAAGCGTTCGGTGTTAx-0,0.7346328440782206,0.26536751967465627
TACGGGCGTCAAGCGAx-0,0.7561549220338502,0.24384548524884853
TACGGATCATGACGGAx-0,0.7371644085756628,0.2628359956174195
TAAGAGACACGGATAGx-0,0.7400985838899659,0.2599017255466696
TCATTTGAGTGTTTGCx-0,0.7348600963668093,0.2651402810628566
TCAATCTTCCACTCCAx-0,0.7354669020377562,0.2645335075594841
TATCTCACAAGTAATGx-0,0.7373496132310582,0.2626507241959918
TCAGGTATCTTCTGGCx-0,0.7336878351776429,0.26631245266125814
TCACAAGTCCTCTAGCx-0,0.7367320093507203,0.263268363284801
TCAGCTCCAATTCCTTx-0,0.732000243850772,0.26800013551437013
TCGGGACCACTACAGTx-0,0.7373485998939794,0.2626517576444665
TATGCCCTCGGAAACGx-0,0.7300631556985483,0.26993731391981085
TCAACGAGTGTTGAGGx-0,0.7571988146131735,0.24280159658960623
TCACGAATCAATCTCTx-0,0.7399312626829815,0.2600691124159519
TCGAGGCGTTAAAGACx-0,0.7354890917885002,0.2645112946462244
TATCTCAGTATTAGCCx-0,0.735015526691191,0.264984835194605
TCGCGTTGTCCGTGACx-0,0.7517051877323551,0.24829521781013328
TCGTAGACAGTAACGGx-0,0.7396486191764315,0.26035171004336133
TCGGTAAAGGCTAGACx-0,0.7334774545099483,0.26652295936402903
TCGCGAGTCATGTAGCx-0,0.7473193462724188,0.25268102016946603
TCAGGATTCATCATTCx-0,0.7378935765452007,0.26210677104852687
TCGCGAGCACCTATCCx-0,0.7357371314331994,0.26426326318536275
TCAATCTAGAGCAATTx-0,0.7226040837321415,0.2773962318661123
TCGCGAGAGTTACGGGx-0,0.7388747744094598,0.26112556930080977
TCGCGAGGTCTTTCATx-0,0.7352643356881592,0.26473607293717594
TCAATCTCATCCGCGAx-0,0.7355296418566166,0.2644707380089996
TCAGCTCCACATGGGAx-0,0.7376277405906977,0.2623726144310546
TATCTCAGTCTAGCGCx-0,0.7361857559847014,0.2638145868739372
TCAGCTCTCTTGTTTGx-0,0.7338424548650697,0.2661579423889804
TCACAAGGTGACGGTAx-0,0.7377982164711567,0.2622021215540421
TCGCGAGCACGAAGCAx-0,0.7372475762305728,0.2627527813030483
TCAGCAATCTCTGCTGx-0,0.7518284746234706,0.2481718802764235
TCACGAAGTTCAGGCCx-0,0.7389098062856228,0.2610905321220015
TCGTACCGTAACGACGx-0,0.7337267445997823,0.26627360858050414
TCAGCTCCATCATCCCx-0,0.7542840854728263,0.24571630792203328
TATCTCACACTGTGTAx-0,0.7401534419618506,0.2598468836347986
TATCTCAGTAAAGGAGx-0,0.7399212394370435,0.2600790919042833
TATCTCACACCACGTGx-0,0.7552721198620604,0.2447282756423739
TCAGCAATCACCGTAAx-0,0.7387409516671043,0.2612594312313353
TATGCCCTCAGGATCTx-0,0.7494267773907901,0.25057358124639256
TCAGGTAGTCTAAACCx-0,0.7317791075448675,0.26822127727621253
TCGGTAATCGGTCTAAx-0,0.730964721862449,0.2690356039454019
TATGCCCTCTCTTATGx-0,0.733725825227941,0.26627446172894254
TATGCCCTCCATGAGTx-0,0.7479635069933785,0.2520368542441916
TCAACGATCAGTGCATx-0,0.736327357427235,0.2636730062240608
TCAATCTTCTTAGAGCx-0,0.7341652414537826,0.2658352037069678
TCACAAGCATACTACGx-0,0.734575600205711,0.2654247677110684
TCCCGATCACCGGAAAx-0,0.7380590705240554,0.2619413233611408
TCGCGAGTCGCCCTTAx-0,0.7426240507990499,0.2573763563683134
TCACGAACACAACGTTx-0,0.7410448341373709,0.25895554543169813
TCAGCAAGTGTGGTTTx-0,0.73704938505835,0.2629509602940869
TCGTAGACATCCTTGCx-0,0.7245064758500823,0.27549383846492737
TATTACCCACTCAGGCx-0,0.7373497574557513,0.26265057792016433
TCAACGAAGGCTACGAx-0,0.7351741606704956,0.2648262188335376
TCGCGTTCATCACGATx-0,0.7547110996795305,0.24528924497459692
TCGGTAAAGAGGTACCx-0,0.73477121215851,0.26522917282046676
TCAGATGTCTCTTATGx-0,0.7535281569892626,0.2464721878553411
TCAGGTACAGTGGAGTx-0,0.7388045415930801,0.26119578405379074
TCAGCAAAGCCCTAATx-0,0.7561333146953926,0.24386708216966663
TCACGAAGTCAGAGGTx-0,0.7294592927422731,0.2705411088091651
TCGTACCTCAAGAAGTx-0,0.7546497741978967,0.2453506282976584
TCATTTGCAAGTACCTx-0,0.7348279045044251,0.2651724266985888
TCGGTAAGTGACCAAGx-0,0.7354443396512244,0.2645560983739129
TCACAAGAGTCCATACx-0,0.7468722696086935,0.25312809597427754
TCACAAGTCTGCGTAAx-0,0.7357674036619484,0.26423299543016265
TCAGCAAAGAAACCTAx-0,0.7400464098993148,0.2599539060399415
TCCACACAGCGCTTATx-0,0.7383499766962597,0.2616503833396303
TCAATCTTCCGTCAAAx-0,0.7543677634028607,0.24563257124283763
TCGTACCAGGCTAGACx-0,0.7563948481528053,0.2436055339079749
TCATTACCAACGCACCx-0,0.7349687082186701,0.26503164132755996
TCATTTGTCCAGTAGTx-0,0.7370753595432011,0.2629249998949401
TCACAAGCACCGCTAGx-0,0.7325322732952066,0.26746801032681694
TCAGGATGTACGAAATx-0,0.7385800049759734,0.2614203840183529
TCCACACCACCACGTGx-0,0.756282967292965,0.2437174343832071
TCACAAGAGCCATCGCx-0,0.7361490084003259,0.26385135828448136
TCAGCAAAGTCCCACGx-0,0.739925649591867,0.26007473884686677
TCAATCTCAAGTCTGTx-0,0.7389821284185014,0.2610182259895325
TCAGCTCCAGTGGGATx-0,0.7529797969140504,0.2470205669979848
TCGTAGAAGGCAATTAx-0,0.7447204201805177,0.2552799909669175
TCGCGAGGTCATGCATx-0,0.7471353763032487,0.2528650048050659
TCGGGACGTGATAAACx-0,0.7368524561884207,0.2631479400755626
TCATTACGTATTCTCTx-0,0.7403474785936787,0.259652904772782
TCGCGAGCAAGCTGTTx-0,0.7393286262839613,0.2606717545861125
TCATTACGTACCCAATx-0,0.7357331881867866,0.2642671922671972
TATCTCATCACCCGAGx-0,0.7334244477592989,0.2665759236504556
TCGTACCCATTCTTACx-0,0.7391537322689337,0.2608466332597556
TCGGTAAAGTAGCCGAx-0,0.7521072059776002,0.24789316126283242
TCACAAGCATGGTTGTx-0,0.7335986120412415,0.26640179917250334
TATGCCCAGGGTTCCCx-0,0.6964102524973611,0.3035900829728144
TCCCGATTCTAACGGTx-0,0.748069272441207,0.2519311312019571
TATGCCCCAATGGATAx-0,0.7506077019822677,0.24939266372256172
TCAGATGAGAATGTTGx-0,0.7404133965015633,0.25958693162111185
TCCCGATTCTGAAAGAx-0,0.7379230981441718,0.2620772543399684
TCGAGGCCAAGGACTGx-0,0.7379054912091899,0.2620948636671784
TCAACGACATGACGGAx-0,0.7311867263832255,0.2688136836429935
TCAATCTAGGTGCTAGx-0,0.7564278621046385,0.24357249174919418
TCGTACCCAATCAGAAx-0,0.735846169516886,0.2641541858675879
TCGCGTTAGTACGACGx-0,0.7366369334641594,0.2633634394302813
TCATTACAGACCTTTGx-0,0.7443150181420045,0.2556853315044614
TATTACCCATGCCTTCx-0,0.7368755457038578,0.26312480648002673
TCAGATGCAAGCCTATx-0,0.7411821605598308,0.2588181972051806
TGAGCATCAGGCAGTAx-0,0.7366971203261377,0.2633032041076384
TGACGGCTCTCGGACGx-0,0.7575098654200766,0.24249051814434944
TGAGCATAGACTTGAAx-0,0.7341450259199016,0.2658554185573123
TGATTTCTCCTACAGAx-0,0.7353048328411227,0.26469557257980647
TGAAAGAAGCCAGGATx-0,0.7377233015526328,0.2622771169731003
TGAGCATCAATGAAACx-0,0.7317516454192527,0.26824867830144794
TGATTTCCATTAGCCAx-0,0.7385253073268307,0.2614750406749704
TCTTTCCAGCCACGTCx-0,0.7347812086671914,0.2652191637802055
TGAGCATTCGTACCGGx-0,0.6948714571534332,0.30512892339594416
TCTTTCCCAGGAATCGx-0,0.748115238098589,0.2518851358323328
TCTCTAAGTATAATGGx-0,0.736101074285996,0.2638993290746226
TCTCATACAACACGCCx-0,0.7361495732997227,0.26385076849296335
TCTCTAAAGTGATCGGx-0,0.7483942292137886,0.25160614545405297
TCTGGAAAGTCTCAACx-0,0.7559851777699128,0.24401521594104755
TCTCATACATGAACCTx-0,0.734857667939415,0.26514274345608785
TGACTTTGTCTCTTTAx-0,0.7444498998944243,0.2555504934125278
TGACTTTCATACCATGx-0,0.7434983390052904,0.2565020272243148
TGACGGCAGACAAAGGx-0,0.734123701837591,0.26587670185876905
TGAAAGATCAGCGACCx-0,0.7369301503411539,0.26307023525142237
TCGTAGATCGCCCTTAx-0,0.7336574453729335,0.26634293938907716
TGAAAGACAATCCAACx-0,0.748507292932211,0.25149306357093076
TGAGAGGGTATGAAACx-0,0.7362774095397855,0.26372297536057204
TCTGAGATCAGCTCGGx-0,0.7367986191353791,0.2632017175096406
TCTTCGGTCGCCTGAGx-0,0.7387689813045499,0.26123135341124026
TCTCATAAGACGACGTx-0,0.7330863786130051,0.2669141175512104
TCTGAGAGTGGCGAATx-0,0.7371290732139312,0.26287127788518405
TCTTTCCAGGCATGGTx-0,0.7429901083496533,0.25701026157304924
TGACAACGTGACGCCTx-0,0.7256800524201519,0.2743203336716151
TCTGGAACAGATCCATx-0,0.7439099920513029,0.2560903937124167
TCTTCGGGTATTACCGx-0,0.7548025218396158,0.2451978827375737
TCTTTCCCAAGCGAGTx-0,0.7385211713780332,0.2614792401163535
TGACAACGTGCACCACx-0,0.7359095461037719,0.264090809146846
TCTTTCCCATTTCACTx-0,0.7365443054678796,0.2634560709873368
TCTATTGTCATTGCGAx-0,0.7581557988364468,0.2418446108294646
TGAGCATCACCTCGTTx-0,0.7376837705992958,0.26231661321740224
TCGTAGAGTGTGTGCCx-0,0.7372136997473937,0.2627866664781289
TGCACCTTCGGTTCGGx-0,0.7374046861124638,0.2625956709613647
TCTGGAACACGACGAAx-0,0.748468914232663,0.25153143600554534
TCTTTCCTCTTACCGCx-0,0.7538641115920391,0.24613626947545314
TGACTAGCATGAGCGAx-0,0.7392553062222184,0.2607450614334761
TGAGGGATCAGGCAAGx-0,0.7359020867415955,0.26409827444257145
TCTTTCCGTCTCCATCx-0,0.7339967023647604,0.26600359961669845
TGAGAGGCATCCCATCx-0,0.7365965814143195,0.2634038038979277
TGACGGCTCTCACATTx-0,0.7354075190927652,0.2645929198332808
TCTATTGCAATGGTCTx-0,0.7364725730035946,0.2635277911197135
TGAGCATCAGGGATTGx-0,0.7397829150049938,0.2602174207362005
TCTGAGATCAACGAAAx-0,0.7307971500417315,0.26920327821944323
TGCACCTTCAGCGATTx-0,0.7379123772989331,0.2620879682333579
TCTCTAAAGCTCTCGGx-0,0.7402995502561295,0.25970081599107186
TGACTTTTCTCGAGTAx-0,0.7329187910148376,0.2670815792720889
TGACGGCCATAACCTGx-0,0.7526441637717783,0.247356203290415
TCTCATAAGTCTCAACx-0,0.732490640639896,0.2675096678733641
TCTGGAAGTCCGTCAGx-0,0.7503200976865537,0.24968028933167208
TCTTTCCCACATGACTx-0,0.7540230278604869,0.24597737470480413
TGACTAGTCTTATCTGx-0,0.7313166264129249,0.2686838100266722
TGAGCCGGTGGTTTCAx-0,0.7465533598906197,0.25344702603904495
TCTCTAAAGGACATTAx-0,0.7350659751844912,0.26493439272391595
TGACTAGCATATGAGAx-0,0.7416735672044555,0.25832677224299183
TCTTTCCGTAGAAAGGx-0,0.7533108023630591,0.24668954205491253
TCTCTAAGTCTCCCTAx-0,0.7344050499141934,0.2655953448654707
TGAGGGAAGAGTACCGx-0,0.7381987152705308,0.2618016345661563
TGACAACGTCATCGGCx-0,0.7377309202934009,0.26226942602959324
TGAGAGGTCATTCACTx-0,0.734883034386389,0.26511735736294256
TCTCTAACATCACCCTx-0,0.7360065569049254,0.26399382645842623
TGAGAGGCAGCGTCCAx-0,0.7569716845401785,0.24302867989835505
TCTGGAACACTAAGTCx-0,0.7548303622024842,0.2451700490962806
TCGTAGAGTCCAGTATx-0,0.7347150863024381,0.2652852871823248
TGAGAGGAGGGATGGGx-0,0.7296462549003379,0.2703540957107403
TCTGAGATCAATCACGx-0,0.7353985574760808,0.2646018157445946
TGACTTTAGTCATGCTx-0,0.755669243197062,0.24433113924148228
TCGTAGATCCGCGGTAx-0,0.7367384410201148,0.263261956787242
TGATTTCCAAAGAATCx-0,0.737371487637441,0.2626288657180141
TGACTAGTCCAGGGCTx-0,0.6950248905887036,0.3049754131779625
TCTCATAGTCTCGTTCx-0,0.7338385238794258,0.26616183308345653
TGAGCATAGGCTATCTx-0,0.7444785060866989,0.25552189109871254
TGAAAGATCTCCTATAx-0,0.7570112185848449,0.24298917991353727
TGAAAGAGTCTAGTGTx-0,0.7307082738249701,0.2692921304211983
TGAGGGATCTACGAGTx-0,0.7386773696144268,0.2613229992831104
TGACAACGTAAAGTCAx-0,0.7382244952725464,0.26177582425792645
TGACTAGAGTGTACCTx-0,0.7370297118424082,0.26297065404411973
TGACTTTGTCGTCTTCx-0,0.7402967153878488,0.2597036852203043
TGATTTCTCCCAGGTGx-0,0.7354995308866848,0.26450089866339943
TCTTCGGAGTCTTGCAx-0,0.7329647418329055,0.26703575447349515
TCTTTCCAGCACCGCTx-0,0.7379891368081646,0.26201118571199566
TGACGGCGTCACCCAGx-0,0.7372070926460328,0.26279324805524035
TGACGGCGTTCCGGCAx-0,0.7366704242110619,0.2633299581669139
TGCACCTGTCTTCAAGx-0,0.7386186350216077,0.2613817115637897
TGCACCTAGTTGTCGTx-0,0.7388338364494071,0.26116651253900625
TCTTCGGTCAGTCCCTx-0,0.7376409657520929,0.26235937364861844
TGCACCTGTGCACCACx-0,0.7494429444153686,0.250557448026322
TCTCATAAGTGTACCTx-0,0.7377048342912127,0.2622955069569492
TGACGGCCATTGGGCCx-0,0.7377321287059536,0.2622682042535678
TGACTTTTCGTCGTTCx-0,0.7455102650434614,0.2544901289828816
TGAGCATTCCTTGCCAx-0,0.7301542822879529,0.26984604153796266
TGCCAAAAGGCCCGTTx-0,0.7512568266176481,0.24874350795461783
TGCGGGTAGTGCAAGCx-0,0.7555220977437509,0.2444782570893377
TGGGAAGCAAGCTGGAx-0,0.7338991060905966,0.2661012797477517
TGTGGTATCATTTGGGx-0,0.7395452279543616,0.26045510203318606
TGGCGCAGTGCAGGTAx-0,0.735296957022012,0.264703438038533
TGTATTCCATAGTAAGx-0,0.7352381587320399,0.2647622184659171
TGGACGCAGCCAGTTTx-0,0.7350892425273031,0.26491114159781126
TGTCCCACAGATCCATx-0,0.741051288094695,0.2589491068372404
TGCTGCTAGATGTAACx-0,0.7337784866270999,0.2662218989325328
TGTGTTTAGGTTACCTx-0,0.7553563416771337,0.24464404339792092
TGGACGCCATCACCCTx-0,0.7355201137308536,0.2644802668425933
TGGCGCAAGAATGTTGx-0,0.7368826524849093,0.2631176601783902
TGCGGGTTCAGAGGTGx-0,0.7396160310419994,0.2603843512363465
TGCGTGGTCACCATAGx-0,0.7351056828312686,0.26489469992688003
TGCTGCTAGACTGTAAx-0,0.7342733970552942,0.2657269766832813
TGTGTTTCAATGACCTx-0,0.7000778632035659,0.2999225835598453
TGTATTCTCTTCCTTCx-0,0.6852374685407617,0.3147628686976097
TGGGCGTAGTGAACGCx-0,0.7387367369628917,0.2612636140282097
TGGTTCCCATGGTCTAx-0,0.7381537124047309,0.2618465952517687
TGCGGGTGTCGAACAGx-0,0.7361508699596547,0.26384947293677274
TGGCCAGGTCAGGACAx-0,0.738082369530672,0.2619180042015335
TGGACGCGTCTAAAGAx-0,0.7370198736702841,0.26298050665676725
TGCCAAAGTTATTCTCx-0,0.7057472006348636,0.2942531756779964
TGGTTCCTCAGCGACCx-0,0.7396231807880931,0.2603771392471402
TGGCGCACACATCCGGx-0,0.736578839194882,0.26342151362492483
TGCGCAGGTTTAGGAAx-0,0.7448204946118616,0.2551799013573567
TGCCCATCAGCTCGACx-0,0.744039411874578,0.25596095341998093
TGTGGTAGTCATGCATx-0,0.7366835135221458,0.26331682910432536
TGCCCATCAGCCAGAAx-0,0.739367430374625,0.2606328988954203
TGGGCGTAGAAGAAGCx-0,0.7346390120142675,0.26536138004240195
TGGGAAGAGAGGGATAx-0,0.7335301996749182,0.2664701830646404
TGGTTAGTCCCTTGTGx-0,0.7355726336995311,0.26442774422994125
TGCGTGGCATCGATTGx-0,0.7401652194096184,0.2598351168207437
TGTGGTAAGACTCGGAx-0,0.7376010048313161,0.26239934202955706
TGCGGGTCACTAAGTCx-0,0.754046029307002,0.2459543187784491
TGCCAAATCGGCGGTTx-0,0.7475897480768142,0.25241062515382284
TGTGGTAGTCGGCTCAx-0,0.7528931550295417,0.24710720009023013
TGGTTCCTCTGTTGAGx-0,0.7393818899839169,0.260618442371759
TGGGCGTGTAAATGTGx-0,0.7383467125933729,0.261653648411977
TGGTTCCCACAGCGTCx-0,0.7374768066129344,0.26252356742578326
TGGTTCCTCGTCCGTTx-0,0.7377759052476321,0.26222444393002814
TGCCAAATCCAGAAGGx-0,0.746755451174485,0.25324494110632767
TGGGCGTCAGCCAATTx-0,0.7354154979441145,0.26458493171246533
TGGCCAGGTTACGCGCx-0,0.7486629198049757,0.2513374607454786
TGCCCATAGGTCGGATx-0,0.7268662893723352,0.2731341412055671
TGTCCCAAGATGAGAGx-0,0.7380439532722438,0.2619563861624615
TGCCAAAGTGCAACGAx-0,0.7334892010207902,0.2665111626396212
TGGGAAGCAGTCGATTx-0,0.7339097483411503,0.2660905830927206
TGCCCATAGGGCTCTCx-0,0.7338153542294154,0.2661850710268698
TGGGAAGTCATGGTCAx-0,0.7227714786140991,0.2772288771787629
TGGTTAGTCGTTTATCx-0,0.7362294618933901,0.2637709458091985
TGCCCTATCTGGTGTAx-0,0.7525692045857965,0.2474311817005218
TGGTTAGCAAGCCGTCx-0,0.6965519709950571,0.3034483439633332
TGGGAAGGTCACCTAAx-0,0.7267167567270177,0.2732836285722164
TGTGTTTAGGCACATGx-0,0.7509130381820069,0.2490873278484424
TGCGTGGCAAGTTAAGx-0,0.7512548816668013,0.2487454783181673
TGTCCCAAGATACACAx-0,0.7353934691090602,0.26460689566740125
TGGCCAGGTCTGCCAGx-0,0.7447140524066634,0.2552863324415399
TGGTTAGCAAAGTGCGx-0,0.7383469138595514,0.26165344183700495
TGGGAAGTCGATCCCTx-0,0.7562745627865431,0.24372582701852605
TGGCTGGGTCCGTTAAx-0,0.7417389827096128,0.25826141727597685
TGCGTGGGTTTAAGCCx-0,0.7351629144701306,0.26483741713875525
TGCGTGGAGCGTGAGTx-0,0.7581296054201418,0.24187080606023756
TGCGCAGCACAGGTTTx-0,0.7310116548325039,0.2689887767135271
TGTCCCATCGTTTGCCx-0,0.7364134832585987,0.26358688177563444
TGGGAAGAGAAGGACAx-0,0.7312818938155996,0.26871840740857444
TGCTGCTCATGGGACAx-0,0.7330567380376416,0.26694364979657015
TGGGCGTAGTGACATAx-0,0.7358725848684011,0.26412781603091046
TGCTACCGTATGAAACx-0,0.7349298939959815,0.2650705015690141
TGGCTGGAGTTAGCGGx-0,0.7380162718300555,0.2619840839031569
TGGGCGTGTAAGGGCTx-0,0.7551669884058894,0.24483338411632308
TGGACGCTCTTCAACTx-0,0.7398433206309754,0.26015700274023146
TGGTTAGCATCGGTTAx-0,0.7353203137216805,0.26468006352589407
TGCTGCTGTCGGCATCx-0,0.7252059824838796,0.27479437965111586
TGCTGCTTCACATACGx-0,0.7323229548842584,0.2676774177035858
TGCGTGGCACCAGGTCx-0,0.7382835995589837,0.26171671014808495
TGGGCGTAGTCAAGGCx-0,0.734695175034482,0.2653051974893441
TGCCCATTCCGGCACAx-0,0.7341139461521378,0.2658864524855082
TGGTTCCGTCGATTGTx-0,0.7349244984926111,0.26507583093435494
TGGTTCCCATGAAGTAx-0,0.7412044155385298,0.258795968682887
TGCCAAAGTCTGCCAGx-0,0.7410726371845462,0.2589276805938907
TGGCGCATCTTGCCGTx-0,0.7358630081352446,0.2641373673810178
TGCGCAGGTAGAAGGAx-0,0.7352930048421992,0.2647073494057393
TGCTACCGTACATCCAx-0,0.7366301730856264,0.2633702262953603
TGCTGCTGTGTGGCTCx-0,0.7293561770132787,0.27064431955235235
TGGGAAGAGATGTTAGx-0,0.7361099750456922,0.263890420113345
TGCTGCTAGATGTCGGx-0,0.7320217326707443,0.2679785801301143
TGGCCAGGTTTGGCGCx-0,0.7132760638185449,0.28672427620749574
TGCCCTACATATGCTGx-0,0.7358567727536396,0.2641436028927657
TGTCCCATCGCTTAGAx-0,0.7366133526580673,0.2633870053336956
TGGGAAGAGCGATATAx-0,0.7406384871812843,0.25936183883706376
TGGACGCCATCTATGGx-0,0.7342539224555813,0.26574645005485403
TGCTACCTCTAGAGTCx-0,0.7383921350414259,0.2616082027503396
TGCTACCGTAGAGGAAx-0,0.7359763945529685,0.2640240338544634
TGGCCAGCATCCTTGCx-0,0.7348541236038476,0.26514627320221296
TGCTACCTCTAACTGGx-0,0.7575862314259469,0.242414168915096
TGGGCGTTCCACGTGGx-0,0.7348962761618439,0.2651040841020836
TGTTCCGGTATGGTTCx-0,0.6302055667119452,0.36979478961074447
TGTGTTTTCTCGATGAx-0,0.7349049831701139,0.26509537473197253
TTCCCAGGTCGAACAGx-0,0.7319712754371482,0.2680290921424121
TTAGGCATCTGCGTAAx-0,0.7367022115758571,0.26329811213835824
TTCTTAGTCAGCGATTx-0,0.7403244755589942,0.2596758891720466
TTGACTTCAGATAATGx-0,0.7327564836101226,0.26724396687567453
TTCTTAGAGATCCCGCx-0,0.7324643509096481,0.2675359688516831
TTAGTTCGTTTGGGCCx-0,0.7521948377176234,0.24780549532488816
TTAGGCAGTAACGTTCx-0,0.7387222189530918,0.2612781009715935
TTCGGTCTCCTTTCTCx-0,0.7327278067521714,0.26727256307001357
TTGCGTCCAGTCACTAx-0,0.7346272362374577,0.26537312363842813
TTGAACGAGAAAGTGGx-0,0.7404804226387779,0.2595199475640606
TTCTCAACACATCCGGx-0,0.7317391686047473,0.26826113028021104
TTGCGTCGTGGAAAGAx-0,0.7387864885053189,0.26121388079306757
TTCCCAGGTACAGACGx-0,0.7564806459995044,0.24351973974715
TTGGAACAGACTTGAAx-0,0.7419049013278017,0.25809550707814194
TTCTTAGAGACTAAGTx-0,0.7312666240247861,0.2687337779159805
TTCGAAGTCTACGAGTx-0,0.7356212301381437,0.2643791605298341
TTCGGTCCACCTCGGAx-0,0.7408140353586694,0.2591862871888145
TTCTTAGGTTCAGGCCx-0,0.7373197636883392,0.2626805954628248
TTAGGACCATATGGTCx-0,0.7358654208456791,0.2641349880659824
TTCTACAGTGACGCCTx-0,0.7353416500458145,0.26465874779385556
TTGCCGTTCGATAGAAx-0,0.7347617851111569,0.26523859216339074
TTGCGTCTCCTCAACCx-0,0.7340203340148189,0.2659800545238192
TTCTACAAGATCCGAGx-0,0.7369570833995818,0.26304323753599046
TTAGGACTCTTGAGACx-0,0.7358066287359987,0.26419374283047053
TTCTACATCATTCACTx-0,0.7310451073727898,0.268955276021162
TTCGGTCGTCTTCTCGx-0,0.7360963083441167,0.26390407476289535
TTATGCTCAGGAATGCx-0,0.736476205642936,0.26352415397693757
TTAGTTCCAAGTTGTCx-0,0.7371679322336736,0.26283244958497165
TTAGGCACATATGCTGx-0,0.7351849189397351,0.2648154465432469
TTCTCCTGTAATCGTCx-0,0.7527442338890867,0.24725612227256805
TTGACTTCATGGTTGTx-0,0.7535449420712811,0.24645540258213058
TTCTTAGAGTGTACTCx-0,0.7350646512915971,0.26493570774413017
TTCGGTCTCAAAGTAGx-0,0.7483045110071971,0.25169587682515027
TTCTCCTTCAAGATCCx-0,0.7336297611198491,0.266370667792771
TTCTCAAGTCCAGTATx-0,0.736492082288037,0.26350828990083497
TTGCCGTAGTTGCAGGx-0,0.7411731527116294,0.25882718154845996
TTCGGTCGTGTTCTTTx-0,0.7288343449501666,0.27116602928477535
TTGCCGTCAATAGCAAx-0,0.7412723904538951,0.2587279641780693
TTATGCTGTGATGTGGx-0,0.7349137531531929,0.2650866229760036
TTCTCCTGTAAACGCGx-0,0.7270521200436666,0.2729482818436035
TTCGGTCTCTGCTGCTx-0,0.7390393683484686,0.26096097744451047
TTGCGTCAGTGACATAx-0,0.7360883390111018,0.26391200216670563
TTAGTTCCATACGCCGx-0,0.7538340650473734,0.2461662586078092
TTCTCAATCTGCGTAAx-0,0.7457770703238943,0.2542232571174041
TTCTACATCACGACTAx-0,0.7367487035334773,0.2632516647353731
TTCTCAAGTCTCGTTCx-0,0.7330800188572555,0.26692030074403456
TTGCCGTCACCACCAGx-0,0.7349557402436204,0.265044566490375
TTAGGACGTTCAGGCCx-0,0.73522563235625,0.26477469699826045
TTGCGTCCATACGCCGx-0,0.74648425760572,0.2535161312576477
TTCTCCTTCTTGTACTx-0,0.7334683879155617,0.2665320528521344
TTGCCGTGTATCTGCAx-0,0.7261842917794121,0.27381605643048185
TTCTTAGAGACAGGCTx-0,0.7369496113625734,0.26305074733998396
TTCCCAGAGAGTGAGAx-0,0.735819437928798,0.2641809282995389
TTCTACACACATCTTTx-0,0.7487713826283503,0.2512289824584038
TTAGGCATCTAAGCCAx-0,0.7546339322391673,0.2453664387738428
TTGACTTGTGATAAACx-0,0.7426019041498184,0.2573984887442759
TGTTCCGCAACTTGACx-0,0.7362166977901213,0.26378364851487446
TTAACTCCACGGATAGx-0,0.7370337226456068,0.26296666086662557
TTCTTAGTCCGCATAAx-0,0.7369848124960557,0.2630155339680617
TTAACTCGTGCCTTGGx-0,0.6948106315381074,0.30518976039154977
TTATGCTTCAGCCTAAx-0,0.7402926867760227,0.2597076968081033
TGTGTTTCAGTGGGATx-0,0.7361816261200772,0.26381872355864083
TTAGGACCACTTAAGCx-0,0.733576978181747,0.26642347545808315
TGTTCCGAGGAGCGAGx-0,0.7409319864690856,0.2590683867778793
TTCTACATCACCTTATx-0,0.7333732776566386,0.2666271855956565
TTCTCAAGTTCAGACTx-0,0.7381569020270735,0.2618434344141012
TTGCCGTTCGTACCGGx-0,0.7370989964323181,0.26290134359490086
TTCTCCTTCCCTAATTx-0,0.7358015266261874,0.2641988713325268
TTGCGTCGTTCAACCAx-0,0.7399856490123999,0.2600146926098817
TTGAACGGTAGATTAGx-0,0.7364506695739245,0.26354972545620053
TTCTTAGGTCCGTTAAx-0,0.7367295928934756,0.26327074670593564
TTCCCAGTCCGAACGCx-0,0.6933165901252496,0.3066837505302707
TTCCCAGTCGTGGTCGx-0,0.7361320071889376,0.26386833764565665
TTGCGTCAGAGGGCTTx-0,0.7543917514570614,0.24560856430771894
TTCGGTCCATGACGGAx-0,0.7419225487186349,0.25807779283919663
TTAGTTCAGAGCTGGTx-0,0.735110760368277,0.2648896555039224
TTCGAAGCACACCGCAx-0,0.7415255709614673,0.25847475851876656
TTCGAAGTCACCGTAAx-0,0.7367028030135099,0.26329755385499515
TGTGTTTGTTACTGACx-0,0.7549754727464986,0.2450249155406602
TTAGGCAAGAGTAATCx-0,0.7352886039675296,0.2647117831634315
TTAACTCTCTCGATGAx-0,0.7374751084238337,0.2625252420880004
TTCCCAGAGGATTCGGx-0,0.7554511424672572,0.2445492630172527
TTCTCAATCATACGGTx-0,0.7303212533927967,0.26967906384042173
TGTTCCGCAACGATCTx-0,0.7484036992604717,0.2515966838209212
TTAACTCCAAGCGAGTx-0,0.7349431676726476,0.26505723326268615
TTGCGTCCACCTGGTGx-0,0.7341893806169165,0.2658110057962205
TTAGTTCCATATACGCx-0,0.7255125962896055,0.27448779115013083
TTGCCGTGTTCCCTTGx-0,0.7384990504771736,0.26150127909686477
TTATGCTGTCGGCTCAx-0,0.7247555316993752,0.2752448987644541
TTGAACGAGCCCAGCTx-0,0.7514032356444119,0.24859709756609946
TTAGGCAGTAGAAAGGx-0,0.7492693414010826,0.25073101673594606
TTCGGTCAGGTGCACAx-0,0.7390987640130189,0.26090156575792434
TTCGGTCAGAGGTTATx-0,0.7336721368382689,0.2663282887667451
TTGAACGTCCAGTATGx-0,0.7351792301110894,0.2648212026271803
TTTGGTTGTCTCTCTGx-0,0.7563425788518454,0.24365784339254024
TTGGCAATCGGTGTTAx-0,0.6937336626887757,0.3062667040497744
TTTCCTCAGGGTATCGx-0,0.7578336563240916,0.24216675910189303
TTTGGTTGTGTCAATCx-0,0.7528487319140031,0.2471516430846015
TTGGAACTCTGGCGACx-0,0.7364296180998278,0.2635707171810894
TTTGCGCAGATATACGx-0,0.7375880667363431,0.2624122732641198
TTGGCAACAGCAGTTTx-0,0.7341794879383183,0.2658209442185441
TTTGGTTCAAGAGGCTx-0,0.740697495901049,0.2593028230370851
TTTACTGTCTGCAAGTx-0,0.7556194528628043,0.24438086053809593
TTTCCTCGTCTTCAAGx-0,0.7346338310862771,0.2653665176715527
TTTCCTCGTGATAAACx-0,0.7317272595764468,0.26827308951808326
TTTGTCACAGCCACCAx-0,0.723173687137863,0.2768267028454206
TTTGTCAGTACCAGTTx-0,0.7351748567408704,0.26482557872009044
TTGTAGGCAATCTGCAx-0,0.7381366686093598,0.26186370529512826
TTTACTGTCGGAAACGx-0,0.7357550837676499,0.26424529318571693
TTTCCTCAGGACTGGTx-0,0.7357650937187281,0.26423529719576344
TTGTAGGGTTAGATGAx-0,0.735767918432326,0.2642325062050447
TTTATGCAGCACCGCTx-0,0.7387236253670324,0.26127670047828605
TTTATGCTCTGCTGTCx-0,0.733369030370614,0.26663137045063245
TTTGTCATCACAATGCx-0,0.7376108851462628,0.262389531242842
TTTGTCAGTTTGGCGCx-0,0.7366333926605436,0.2633669653480224
TTTGGTTGTCCTAGCGx-0,0.7347914236665666,0.26520892526015444
TTTCCTCAGGCATGTGx-0,0.7367601801902823,0.26324019635632867
TTGTAGGTCGTGGTCGx-0,0.7362723417877249,0.2637280171892385
TTGTAGGCAAGTTCTGx-0,0.734221608720836,0.2657787784676959
TTTGTCAAGGGTATCGx-0,0.7445746354372141,0.2554257081901575
TTTGTCATCTGCTTGCx-0,0.7246166147705255,0.27538370922281874
TTTCCTCTCTCGATGAx-0,0.7365256412206556,0.2634747419991665
TTGGCAAAGTGTTTGCx-0,0.7563167505168863,0.24368358335698642
TTTGGTTAGTACGTTCx-0,0.7315314531713872,0.2684688420713973
TTGGAACCATGAAGTAx-0,0.6908774934797048,0.30912292334673486
TTTGTCATCCCACTTGx-0,0.7384552861894362,0.2615450726627287
TTTGTCACATAGAAACx-0,0.7436955604353273,0.25630483697972695
TTTGCGCGTCCTAGCGx-0,0.7423420525069105,0.25765829984986804
TTGTAGGGTTAGGGTGx-0,0.7363048375112405,0.2636955078389288
TTGGAACAGAGTACATx-0,0.7334574297059574,0.26654299866502085
TTTCCTCCAATGTTGCx-0,0.7352867009518319,0.264713713519002
TTTCCTCAGTAATCCCx-0,0.7045522738075853,0.2954481073379653
TTTGTCACACGGCGTTx-0,0.7377876265808041,0.26221274583641496
TTTATGCGTAAGCACGx-0,0.7432911705827099,0.2567092132142009
TTGTAGGGTGGAAAGAx-0,0.7552807785210075,0.24471956452346472
TTTACTGTCGTTACAGx-0,0.7368336691381719,0.26316669201328
AACTCCCTCATCACCCx-1,0.7543130446540866,0.24568734116492283
AAACGGGAGCGTTCCGx-1,0.7418181516100172,0.25818226963468105
AACACGTGTCTCCCTAx-1,0.6181949187003061,0.3818054241143288
AAAGCAAGTGGTTTCAx-1,0.7032488075050272,0.2967515624317364
AACTCCCAGTGTGAATx-1,0.6401292350572859,0.3598711081028529
AACTCTTAGCCTATGTx-1,0.756549637785941,0.24345076442967073
AAAGCAACATATGCTGx-1,0.7477568270961915,0.2522435657703865
AACACGTAGCCACGCTx-1,0.7501228349328213,0.249877543594555
AAACCTGGTTATTCTCx-1,0.7498223163905708,0.25017806794393466
AAACGGGCATCCTTGCx-1,0.7575926791622114,0.24240773485219053
AAAGTAGTCCTATGTTx-1,0.7567655436891314,0.2432348664499857
AACCATGAGGGCTTCCx-1,0.6706183654475574,0.32938199748537683
AAACCTGGTCTAGCCGx-1,0.7579180542469419,0.24208235432478892
AACCATGTCATAAAGGx-1,0.7490634171983883,0.2509369774898237
AACTCCCTCCCTAACCx-1,0.6859500593057791,0.31405032670181443
AAAGTAGGTCATTAGCx-1,0.6612098797866693,0.3387904638834701
AACCGCGAGAATGTTGx-1,0.6284225636683339,0.37157776508145024
AACTCAGAGCGATAGCx-1,0.7511034142660364,0.24889696870424374
AACCATGTCGGCATCGx-1,0.7500802520863945,0.24992007339859706
AACTCTTAGATATGCAx-1,0.6580352615034427,0.3419650755587553
AAATGCCCAAACGCGAx-1,0.7579367851595682,0.24206362166787876
AAAGTAGTCCGTCATCx-1,0.704693138075081,0.2953072236108313
AACGTTGGTCGCCATGx-1,0.758538858691626,0.24146154107585355
AAAGTAGGTTCGTTGAx-1,0.7534416708664621,0.24655873488136215
AACCGCGCAAGTAATGx-1,0.7557002514767664,0.24430013708572862
AAACGGGTCGCGATCGx-1,0.7507472294012836,0.24925316172200898
AACACGTCAGCATACTx-1,0.758848070365343,0.24115233542722866
AACTCTTGTCCAAGTTx-1,0.7532119785652152,0.24678841566226828
AACTCAGGTTAGTGGGx-1,0.7503660309328573,0.24963435478398152
AAAGTAGGTCACTGGCx-1,0.7580068481876991,0.24199356064227434
AACTCCCTCACTCCTGx-1,0.7501981197799613,0.24980225210940618
AACCGCGCATGCTAGTx-1,0.7542536497669082,0.24574674779783715
AAAGCAATCGAGAGCAx-1,0.7490542190840344,0.2509461683908699
AACGTTGTCCGTTGCTx-1,0.7004653356386533,0.29953504391195573
AACTCAGGTAAGCACGx-1,0.7531633754793293,0.24683702154755505
AAACGGGCACCGAATTx-1,0.0,1.0
AACTCCCGTTGTTTGGx-1,0.748359661123705,0.2516407167232746
AACGTTGCAAACCCATx-1,0.7486115070728158,0.2513888823608045
AACTCCCAGCTTATCGx-1,0.7500090648810019,0.24999133179149258
AAACGGGAGGATTCGGx-1,0.749575061437868,0.25042533529165045
AAAGCAACATGTCTCCx-1,0.7578176547257952,0.24218274589451552
AAACCTGCAGTAACGGx-1,0.7577618943153983,0.24223851349604741
AACTCCCCAAGTCATCx-1,0.7572512409544631,0.24274917088264933
AAAGCAAGTATGAATGx-1,0.6890755738605742,0.310924800147273
AACTCTTGTCTCCCTAx-1,0.6988113045887779,0.30118907471892326
AAATGCCGTACCGCTGx-1,0.7519451818401267,0.24805520929113395
AAAGTAGTCCTTCAATx-1,0.7510087308049671,0.24899165990353045
AAACCTGAGAAGGGTAx-1,0.6944308187113578,0.3055695563654992
AACCATGAGAATGTTGx-1,0.7560854444275866,0.24391496855798922
AACCATGGTAGCGTAGx-1,0.7582585484637693,0.24174185550229407
AAATGCCAGATGAGAGx-1,0.7499319272949126,0.25006847498148926
AAAGCAATCAGGATCTx-1,0.703793143730672,0.29620722951616596
AACTCAGAGAAACCTAx-1,0.7462544302170933,0.25374595404147754
AACACGTCAAGCGATGx-1,0.7575753944647573,0.24242502037523542
AAAGTAGCACCGTTGGx-1,0.7019097158696552,0.2980906625788204
AAAGCAAAGTATTGGAx-1,0.7552959551354613,0.24470445208265582
AAATGCCGTCATATCGx-1,0.6779392625043995,0.32206109774837655
AAACGGGAGAGAGCTCx-1,0.7581117316914795,0.2418886689275346
AAAGTAGCATGGATGGx-1,0.736979541272761,0.26302083501899126
AACGTTGCAAGCGCTCx-1,0.758342054055528,0.24165834479028284
AACCATGGTTCGGGCTx-1,0.7525665532998193,0.24743382633256097
AACCGCGCACTCGACGx-1,0.7573326847517515,0.24266772949932564
AACACGTGTAAGTGGCx-1,0.7535201741781585,0.2464802219831132
AAACGGGAGTGTACTCx-1,0.758147494712288,0.24185292412060677
AACTCAGCAGTATAAGx-1,0.7018051398663285,0.29819522478469396
AACTCTTTCCAGATCAx-1,0.7504059558260753,0.2495944326729304
AAACCTGAGCTACCTAx-1,0.7014743433778524,0.29852603427828295
AACCGCGCACTTCGAAx-1,0.7505946022719387,0.24940578533534052
AAACCTGTCCAACCAAx-1,0.7564278926243176,0.24357250251612286
AACACGTCAAACTGCTx-1,0.7502713270408542,0.24972896335749153
AACGTTGTCCGGCACAx-1,0.7543592315526975,0.2456411600357322
AAACCTGCAATAGCGGx-1,0.707390005781642,0.2926103719791396
AACGTTGAGCGATTCTx-1,0.6370297826812786,0.36297057671570704
AACGTTGAGGTAGCCAx-1,0.7086577543945342,0.2913425064511851
AAACCTGCATCCGCGAx-1,0.7508794134953927,0.2491209719191013
AAAGATGGTCGGATCCx-1,0.759316397472361,0.24068399505900545
AAATGCCAGACCACGAx-1,0.75750670390825,0.24249369187182973
AACCGCGAGGAGCGTTx-1,0.7497829031820651,0.25021748809031663
AACTCTTGTGCCTGCAx-1,0.7504648115629207,0.24953557808144897
AAACCTGGTCTCCACTx-1,0.7457270127271549,0.25427337365683933
AAAGCAATCTACGAGTx-1,0.7516219236580998,0.24837846282057446
AACGTTGTCTGTCCGTx-1,0.7454573866411545,0.2545429913193022
AACTCAGAGAAGAAGCx-1,0.7477576835139551,0.25224269855596954
AAACCTGGTGAGTGACx-1,0.7495013976652104,0.25049900685657794
AACCATGAGATATGCAx-1,0.6894489178732709,0.31055145554513014
AACTCCCTCCGCGCAAx-1,0.7495723537311956,0.25042803907475203
AACTCCCGTTGACGTTx-1,0.7493722890509804,0.25062790866315465
AAAGATGTCTCTGAGAx-1,0.7545133216464674,0.24548706054009437
AACCGCGAGAAACGCCx-1,0.7497204973973811,0.2502798518616558
AAACGGGAGTGCCAGAx-1,0.7487649078581063,0.25123547626089904
AACCGCGGTAGCGCAAx-1,0.7511193304760078,0.24888101250128936
AAAGATGAGCCAGGATx-1,0.7590263446890565,0.24097405838651498
AAACGGGTCCGTCATCx-1,0.748790146888631,0.251210249638739
AAAGTAGTCCTTGACCx-1,0.7544664914754449,0.2455338753850072
AAATGCCTCACAACGTx-1,0.6800003838332421,0.31999997177802275
AAAGCAAAGATCCGAGx-1,0.7440516442535181,0.25594878686222117
AACCGCGCAAAGGCGTx-1,0.7573217572772257,0.24267864732489297
AACCGCGAGCTGTTCAx-1,0.7498878666166489,0.2501125235961495
AATCCAGTCGTCGTTCx-1,0.7580381712027007,0.24196224184148218
AAGCCGCAGCGTTGCCx-1,0.7016408685192043,0.29835950304791137
ACAGCCGCAGATCTGTx-1,0.7569393005173423,0.2430610765575109
AACTGGTAGTACGCGAx-1,0.7564823380507897,0.24351803959124066
ACACTGAGTTACCAGTx-1,0.7025635292022692,0.29743684771350576
AACTCTTTCCCTAACCx-1,0.7501230357507205,0.24987735921679802
ACACCAAGTACGAAATx-1,0.7564153687609491,0.2435850265606513
AAGGAGCAGAAACCGCx-1,0.7584401982709527,0.24156020631393738
ACAGCCGCACATGTGTx-1,0.7567612908803388,0.24323908441427564
AAGGTTCCAATTGCTGx-1,0.7527055456899064,0.24729484875834862
AACTTTCCACGGATAGx-1,0.749743055011963,0.2502573265554497
AAGTCTGAGACGCACAx-1,0.7573104778568486,0.24268993825641166
ACACCGGGTACGCTGCx-1,0.7506564119316348,0.24934399015638234
AAGCCGCAGTCATGCTx-1,0.7517414033071561,0.2482589967726209
ACACCGGGTAAGGGCTx-1,0.7579054037261483,0.24209501046707246
ACACTGATCTTCGGTCx-1,0.7224623158073262,0.27753788654886097
AATCGGTTCGAGAACGx-1,0.6619127475089484,0.3380876040581709
AAGGAGCGTACCCAATx-1,0.7539120541554003,0.246088337337219
ACACTGAAGTCCTCCTx-1,0.7505580488247627,0.24944233908432803
AACTTTCTCCATTCTAx-1,0.71387832399938,0.2861220564416405
ACAGCCGCAAGTTGTCx-1,0.7500028281860196,0.24999756485904714
AAGGAGCCACAGCCCAx-1,0.7509539751071306,0.24904642754623738
AATCCAGTCTTAACCTx-1,0.7503537338896809,0.24964663380802757
AATCGGTAGCACACAGx-1,0.748076266313213,0.2519241220061938
AACTGGTTCCAGGGCTx-1,0.7497092347995762,0.25029115243062117
AAGTCTGTCATTGCGAx-1,0.7578022466477604,0.24219816108430683
AAGCCGCAGCGTAATAx-1,0.7497660944361343,0.2502342832866521
AATCCAGAGCCACGTCx-1,0.7501148138346179,0.24988557717049917
ACACCCTAGCCCTAATx-1,0.5940536147811329,0.40594671197519233
ACAGCCGCATTTCAGGx-1,0.750259356696874,0.24974102447131186
AACTGGTGTTTAGGAAx-1,0.7495992061284524,0.2504011713458251
ACACCAAGTTGGGACAx-1,0.7490323668099957,0.2509680181031761
ACACCAAGTTCGGCACx-1,0.7398601031354529,0.26014028296372177
AACTGGTTCGTCCAGGx-1,0.750937953724313,0.2490624283385608
AAGGTTCTCGTACGGCx-1,0.7497118221786901,0.2502885586886868
AAGACCTGTCTCTCTGx-1,0.7489030652223501,0.25109731326520496
AATCCAGAGATGTGGCx-1,0.5627889990168006,0.43721131294342996
AAGGCAGAGGCCGAATx-1,0.7556810100257005,0.24431939835466182
ACACCAAAGTACGTAAx-1,0.7488194030281,0.25118098225980956
AACTTTCAGTAGATGTx-1,0.7487115815713835,0.25128880452252467
AAGTCTGAGAGACTTAx-1,0.7565866455235782,0.24341374451756304
AAGACCTGTTGGGACAx-1,0.7537856609887124,0.24621472732344762
AATCCAGAGAGTACATx-1,0.6589816477508922,0.3410187106818112
AACTGGTGTGGCTCCAx-1,0.756816759441098,0.24318364882706292
AAGCCGCGTCATGCATx-1,0.7463528925481722,0.25364749434348405
AAGGTTCCATGCCACGx-1,0.7495587885525751,0.25044159592664383
AAGACCTAGGGAAACAx-1,0.7495654891700433,0.25043489569090094
ACACCAAAGTGTCCCGx-1,0.7602384506854944,0.23976196337803443
AAGGCAGTCCGCATAAx-1,0.7489875924149078,0.25101280844831064
AAGGCAGCATACAGCTx-1,0.6411981903798294,0.3588021562591188
AACTTTCAGCGGATCAx-1,0.7510400172844974,0.24896037454032288
ACACCAATCGTTTATCx-1,0.7530566618090376,0.24694371215279723
AACTGGTTCATAACCGx-1,0.7567141964329359,0.24328620764280687
ACACCAAGTCGAGTTTx-1,0.749789428959315,0.25021096283188027
ACACCCTGTCTTCGTCx-1,0.7496486758764955,0.2503517058873125
AAGGAGCTCCGTCAAAx-1,0.755569856908568,0.24443054296410052
ACACCGGCACACATGTx-1,0.7531860287035469,0.24681435346749042
ACAGCCGCAGATGGGTx-1,0.7516265203225929,0.24837386939514702
ACACCAAAGATCGATAx-1,0.7496614552124349,0.2503389075704184
ACACTGACAGGGTACAx-1,0.7574762150580302,0.2425241947677988
AAGGAGCCACGTAAGGx-1,0.7537897866165703,0.24621059160621345
AAGGCAGCACACGCTGx-1,0.7481658670072576,0.2518345238769638
AATCGGTAGCCCAACCx-1,0.7499655156295185,0.2500348725018807
ACACCCTTCGGAAACGx-1,0.7502067917421823,0.24979358644744115
ACACTGACAAGAGGCTx-1,0.7482101974526796,0.25179018736659964
AATCCAGTCCCAACGGx-1,0.7493528583696683,0.2506475332172099
ACACCAAAGAGGGATAx-1,0.7531050776781649,0.24689530325164194
AATCGGTAGCTAACTCx-1,0.7564747068248829,0.24352567345898865
AATCGGTTCTGTCAAGx-1,0.7498358010874238,0.25016458280361326
ACACCCTTCCCATTTAx-1,0.7507287496656118,0.24927163589309403
AACTCTTTCTTCCTTCx-1,0.6670072281323588,0.3329931305039229
ACACCGGCACCACCAGx-1,0.749531316002702,0.2504690612778996
AATCGGTGTCGTGGCTx-1,0.7048816091634499,0.29511876155132466
ACACCGGTCACTTACTx-1,0.7038463640586767,0.29615400242375967
AATCGGTGTAGAGCTGx-1,0.7500695958059275,0.24993080505842674
AAGGCAGAGTACGACGx-1,0.7581885600896501,0.2418118452756233
AAGTCTGTCCCAAGATx-1,0.7496488268945338,0.25035155534528564
AATCGGTGTGAAGGCTx-1,0.7499302655499859,0.2500701157166402
AAGGCAGAGACTTTCGx-1,0.7493028527543351,0.25069752703330433
AATCGGTGTACAGCAGx-1,0.7531208468005129,0.24687954287669975
AATCCAGGTATCGCATx-1,0.7567421433180208,0.24325823204570002
AACTGGTTCGCCGTGAx-1,0.7496139950188533,0.2503863972325499
AAGACCTCAAAGAATCx-1,0.7598055704367263,0.2401948323125564
ACACTGATCTATCGCCx-1,0.7564354793282337,0.24356489406849577
AACTTTCTCGCATGATx-1,0.7506693046268943,0.24933107138854751
AAGGTTCAGCGTTCCGx-1,0.7583494291972203,0.24165098268738452
AATCGGTAGAATGTGTx-1,0.7500769576045804,0.24992341897941098
AAGACCTAGGTGCAACx-1,0.7565407630543841,0.24345964307430862
ACACTGACAGCTGTTAx-1,0.7572527647966871,0.24274764077254457
AAGCCGCAGTTCCACAx-1,0.7078583951368331,0.29214198181837514
ACACCAATCGGAGCAAx-1,0.7576780564258221,0.2423223500202753
AACTGGTAGGACACCAx-1,0.754445800830615,0.24555461094700773
AAGACCTTCCAAATGCx-1,0.7067361445713518,0.29326420356631455
ACACTGACAATAAGCAx-1,0.7586060163288663,0.2413943808800944
AACTCTTTCGGAAATAx-1,0.749557354295864,0.25044303494578907
ACACCAAAGTGGTCCCx-1,0.7502737313674143,0.2497266540424597
ACATGGTTCTCCAACCx-1,0.6018989828552154,0.398101346020617
ACAGCTAAGTGCGATGx-1,0.6560757694813102,0.3439245867258958
ACAGCCGTCCTTTACAx-1,0.749807354169352,0.25019303981371255
ACATACGTCTGTTTGTx-1,0.7566189088568188,0.2433814833730011
ACATCAGTCTCACATTx-1,0.5020659307595674,0.4979343293326458
ACGCAGCGTGAAGGCTx-1,0.7561391681037025,0.24386122380807138
ACCGTAACAGCATACTx-1,0.7533949541013975,0.24660542816105824
ACCTTTACAAAGAATCx-1,0.6981626256973755,0.3018377514333256
ACCTTTAAGGGAGTAAx-1,0.7508110163611245,0.2491893708773544
ACGAGGAGTCACCCAGx-1,0.6785698900637492,0.3214304778647682
ACATGGTTCGTACCGGx-1,0.7493884828415557,0.25061189881290613
ACATACGCACAGAGGTx-1,0.756623718417125,0.2433766982076877
ACAGCCGGTGGTACAGx-1,0.7557370988471703,0.24426329309985334
ACGAGCCAGAGTTGGCx-1,0.7493916072010222,0.25060877612608806
ACATACGCAATAGCGGx-1,0.7504962538566551,0.2495041233873348
ACATGGTCACTCAGGCx-1,0.7580253183727154,0.24197509584402258
ACGATGTTCACTGGGCx-1,0.6871474524620096,0.3128529190085808
ACATACGTCAGTCCCTx-1,0.6313016713992584,0.368698682045218
ACGCAGCCAACACGCCx-1,0.749460757574641,0.2505396335844097
ACGAGGAGTTTGGGCCx-1,0.757861105549536,0.24213930939910236
ACGATGTGTGATAAACx-1,0.7235790843749361,0.27642129657336856
ACCGTAAAGGCTAGGTx-1,0.7197938532631183,0.28020652076098834
ACATGGTAGCCAGAACx-1,0.7560035848765523,0.24399681822053607
ACGATGTGTCTAAAGAx-1,0.7570721016218164,0.2429283098677557
ACCGTAAGTTGGGACAx-1,0.7525350317599417,0.2474653514641576
ACAGCTACAATAGCGGx-1,0.7566479069799391,0.24335248876636148
ACGCCAGTCACGAAGGx-1,0.7495987276948571,0.2504016556533106
ACATCAGGTTGAGTTCx-1,0.7566386921212481,0.2433617091649686
ACATCAGTCGGCGCTAx-1,0.7545615554896996,0.24543883984086096
ACATCAGGTAGTAGTAx-1,0.7581982916463283,0.24180211645567723
ACGATACGTCCGAGTCx-1,0.7500997158624652,0.24990066913783116
ACGATGTTCGGCGGTTx-1,0.755193376091887,0.24480703542610224
ACCGTAAGTCCCGACAx-1,0.7576462612253841,0.24235416449872046
ACGATACTCCTCATTAx-1,0.749583661039237,0.2504167329645049
ACAGCCGGTGCACTTAx-1,0.7587306016529612,0.24126980494141714
ACCGTAAGTGGCAAACx-1,0.7570230319994573,0.24297737241738832
ACGCAGCCAAAGGTGCx-1,0.7449348909911444,0.25506550150685925
ACGCCAGCACATAACCx-1,0.7540156075838202,0.2459847935413838
ACGATACCAATAGCAAx-1,0.7494922366628862,0.2505081409656441
ACGATGTCAACGCACCx-1,0.7502080432180259,0.2497923473675273
ACGATGTTCCATGAACx-1,0.7578859344058649,0.2421144716568842
ACGCCAGGTAGATTAGx-1,0.7506245147732629,0.24937586533413852
ACATGGTGTAAAGGAGx-1,0.7502924943007987,0.24970779168743845
ACGATACTCCTTAATCx-1,0.7551669811741283,0.24483339429994144
ACAGCTAGTACCGTATx-1,0.7529428598268677,0.2470575294516876
ACCAGTATCCGTCATCx-1,0.756784742052784,0.2432156640790077
ACGAGCCTCATTATCCx-1,0.7541196280197098,0.24588077799312957
ACCGTAAGTCTAGAGGx-1,0.7580582575357743,0.24194213878360485
ACCAGTACATCAGTCAx-1,0.7504762467707538,0.24952415268902434
ACGCCAGGTTAAGACAx-1,0.7523213811085088,0.24767900559918815
ACCCACTTCACTCCTGx-1,0.7495945406220531,0.2504058302853785
ACGAGGACAGCCACCAx-1,0.7543562518575965,0.24564415010300997
ACATCAGCAGAAGCACx-1,0.6077134954068242,0.3922868179390442
ACCTTTATCTTGACGAx-1,0.749188438237318,0.25081194880925084
ACGATGTCATTACGACx-1,0.7504336676939172,0.2495667141535528
ACGATGTTCCGTTGCTx-1,0.7537550063118846,0.24624538568746857
ACATCAGCAGTCACTAx-1,0.7497124186820834,0.25028796391213565
ACCCACTCACAACGTTx-1,0.686879523997356,0.3131208510141374
ACGCAGCCACTTAACGx-1,0.7569936194243343,0.24300679035894213
ACGCCAGCAAGTACCTx-1,0.618094864417506,0.3819054661050108
ACCGTAAGTTCCACAAx-1,0.7041830418982736,0.29581733746394917
ACAGCTAAGTAATCCCx-1,0.7503262679863103,0.2496741187380075
ACGAGCCCAGCGATCCx-1,0.7533323992075016,0.2466680008499589
ACGATGTAGGCTCATTx-1,0.7570017177768438,0.2429986671975491
ACAGCTACAAGTACCTx-1,0.7575016699120278,0.242498741957796
ACCGTAATCCTACAGAx-1,0.7528816134559176,0.247118785198638
ACATACGAGTCTCGGCx-1,0.7580517877417181,0.2419486111227892
ACCCACTCACACAGAGx-1,0.7504315568603144,0.2495688325998215
ACGAGGAAGGTCATCTx-1,0.7578250519347628,0.2421753472777501
ACAGCCGGTGACGCCTx-1,0.7551308343482396,0.24486956312644592
ACGAGCCTCTGCAAGTx-1,0.7525390548482368,0.2474613277536692
ACGCAGCTCCTTAATCx-1,0.7500657907133395,0.2499345272861477
ACATGGTTCTTGAGACx-1,0.7526070363137891,0.24739333496047064
ACGCAGCGTAGCACGAx-1,0.7491786175079375,0.2508217653508081
ACGAGCCCAGTATAAGx-1,0.7512687869110495,0.2487316023650662
ACGATGTTCAGTGCATx-1,0.7352484668124865,0.2647519135665215
ACATACGTCTCCTATAx-1,0.7579168352957568,0.24208358128805416
ACATGGTAGATGTTAGx-1,0.5432554774202083,0.45674481586591664
ACGCCAGCACAGGAGTx-1,0.6393973989062492,0.36060293892138146
ACCGTAAGTCGAGATGx-1,0.749441313848393,0.2505590811890894
ACAGCCGGTAGAAAGGx-1,0.7537982413508612,0.24620214556604514
ACATGGTCACGAAAGCx-1,0.7483263939926699,0.25167398131119956
ACGATGTCACCCTATCx-1,0.7502923306677678,0.24970805950815586
ACGATGTAGCTAGTCTx-1,0.7486532134297833,0.25134717048121225
ACATACGCATACTACGx-1,0.748219445579169,0.25178097938943067
ACCCACTGTCTTGCGGx-1,0.7010445283768424,0.29895584391439745
ACGAGGAGTCAGAAGCx-1,0.744024223137738,0.2559761599179645
ACATGGTGTGATAAACx-1,0.7569292269067434,0.24307117221112426
ACATCAGAGTTAACGAx-1,0.7575778854254437,0.2424225225969001
ACGATGTTCCACGACGx-1,0.7544562165588512,0.24554415634016244
ACATACGCAGCGTAAGx-1,0.7505288972851457,0.24947148857971074
ACCAGTAAGTACATGAx-1,0.6904925695491637,0.3095078066634925
ACAGCTACACAGTCGCx-1,0.7502410094567873,0.24975937950544738
ACATCAGAGGCGATACx-1,0.6965268946573816,0.3034734773657921
ACATGGTGTGTTTGTGx-1,0.7023060094412393,0.2976943606596227
ACGAGGAAGTAGATGTx-1,0.7478747741161093,0.2521256000652998
ACATCAGTCTTTACACx-1,0.7498457782076331,0.25015460475540713
ACTGTCCTCACGAAGGx-1,0.7499675484413136,0.2500328320283035
ACGGAGACAGGCGATAx-1,0.7213617812510923,0.2786385975397104
ACGGGCTAGCACACAGx-1,0.7513216056713691,0.24867876647565038
ACGGGCTTCTCCCTGAx-1,0.7550731107813481,0.24492728511589731
ACGGGCTCAAGTAGTAx-1,0.7498649956553759,0.2501353214676189
ACTGAACCAACACCCGx-1,0.7537116617367507,0.24628873219474734
ACGGAGAAGCTAGCCCx-1,0.7504111546743701,0.2495892293571503
ACGGAGATCACCCGAGx-1,0.751853079346778,0.24814731906946155
ACGGCCACAAAGTGCGx-1,0.7566295823282037,0.24337080539066272
ACGGGTCTCTGGAGCCx-1,0.7559985807751625,0.2440018118659978
ACGCCGAGTTTGGGCCx-1,0.7582889675951294,0.24171144599199906
ACGGAGACACGGCTACx-1,0.7491466291694107,0.2508537588182279
ACTGATGTCGTCTGAAx-1,0.7489225968890753,0.25107779868812663
ACTGATGTCACGAAGGx-1,0.589172082914639,0.41082822400528063
ACTGAGTAGAAACCGCx-1,0.7510799762388042,0.24892041542084198
ACGGGTCAGACTAAGTx-1,0.7593607062131894,0.24063969685228703
ACTGAACTCATTATCCx-1,0.6622231498748505,0.33777722159512585
ACTGAGTGTGTGACCCx-1,0.7500480486674128,0.24995233969168318
ACGGGCTGTATATCCGx-1,0.7491185090391769,0.25088188117184335
ACTGTCCTCCGCAGTGx-1,0.7559167099982974,0.24408364611995317
ACTGTCCAGTTGTCGTx-1,0.7497021828795167,0.2502981988435146
ACGTCAAGTTCAGGCCx-1,0.7496263870723052,0.2503739977824606
ACGGCCATCCCTTGTGx-1,0.7525502686132443,0.24745012956932227
ACTGATGTCGTCCGTTx-1,0.7502866989834904,0.2497136954066348
ACGGAGACACGCTTTCx-1,0.6220722903045544,0.3779280417779405
ACTGATGAGTCCCACGx-1,0.7487218439576243,0.2512785504041384
ACGGAGACACCCATGGx-1,0.7478138661942078,0.2521865060843075
ACGGCCAAGGGCTTCCx-1,0.7536245746242166,0.24637581309978218
ACTGAGTTCATCGATGx-1,0.6473673360454633,0.3526330335427773
ACGGCCAGTTGGGACAx-1,0.7036153269862551,0.2963850444384395
ACGGGCTAGATGGGTCx-1,0.688436068392571,0.3115642933177747
ACTGAGTAGCCGCCTAx-1,0.7430326338714006,0.25696774773626085
ACTTACTCACGTGAGAx-1,0.7026981841793135,0.29730219499260263
ACGCCGAGTTCAGCGCx-1,0.7545005452105606,0.2454998361552391
ACGGAGATCCAAACTGx-1,0.721405805366474,0.27859456951786493
ACGGGCTAGACTGGGTx-1,0.7496239634357637,0.25037640511011316
ACTATCTAGCTACCTAx-1,0.7518685837694905,0.24813180783059538
ACTATCTGTATAATGGx-1,0.7495962771579207,0.25040410439253047
ACTGTCCCAGGGTTAGx-1,0.7564424724436193,0.24355792793209352
ACGGCCATCCTCTAGCx-1,0.7513880600955464,0.24861231737183823
ACTGTCCGTTGCGTTAx-1,0.7316748321919115,0.26832554685963667
ACGGCCACAGCTGTTAx-1,0.7512537741172292,0.24874661816562957
ACGGAGACATCGACGCx-1,0.7497025995045801,0.25029778904059696
ACTGAACGTGTGAAATx-1,0.7576700142063202,0.2423304015478591
ACGGAGATCCCTCAGTx-1,0.7523470742873346,0.24765331165333074
ACTGAGTGTTATGTGCx-1,0.756317289512896,0.24368310587102524
ACTTACTGTAAAGTCAx-1,0.7449552611291054,0.2550451346235082
ACGGAGACAGGATTGGx-1,0.7488260351629967,0.2511743448147815
ACGGCCAAGGGCATGTx-1,0.7538152926372507,0.24618508944134027
ACTGATGCAGTACACTx-1,0.7491376926847798,0.25086267824289465
ACTGATGAGGCCCGTTx-1,0.7497221912152054,0.2502782021352073
ACGTCAATCGGCGCTAx-1,0.7487963703424955,0.2512040212201762
ACGTCAAGTTATGCGTx-1,0.7500800610977142,0.24992032594424846
ACTGCTCAGTGGTAATx-1,0.7493239525474568,0.25067644634593406
ACTGCTCGTTTAGGAAx-1,0.48254205412525897,0.5174581821357405
ACTATCTAGGTCGGATx-1,0.6912192669988637,0.3087810979609376
ACTGTCCGTATCAGTCx-1,0.750388799359742,0.2496115974940491
ACGGGCTAGAAACGAGx-1,0.7494526054092497,0.25054778690888674
ACGGAGATCAGTTCGAx-1,0.7498858511221843,0.2501145213931869
ACTATCTTCAGTGCATx-1,0.7505713095739746,0.2494290520286271
ACTGCTCGTTTCGCTCx-1,0.7579453384512741,0.2420550776157294
ACTATCTTCGTTGACAx-1,0.7506405203303503,0.2493596415130587
ACTGCTCCAAGCCTATx-1,0.6792506674448778,0.3207496932214778
ACGGGTCGTCAAACTCx-1,0.7517054040720155,0.24829500255796597
ACGGAGAAGTTAGCGGx-1,0.7574958000091755,0.24250460434090917
ACTGTCCTCCTTGACCx-1,0.7490315522875803,0.2509688321808157
ACGGCCAGTGCAGACAx-1,0.7514985042206709,0.2485018867197378
ACTGTCCCACATGTGTx-1,0.748484760363921,0.25151539170676407
ACGTCAAAGTTAACGAx-1,0.7507213818554308,0.24927900647016601
ACGGGTCAGTCCGTATx-1,0.7214951563264015,0.278505193579801
ACTGTCCTCATAGCACx-1,0.7507628124406464,0.24923756694825341
ACGTCAAAGAAGGGTAx-1,0.7499586620106058,0.2500417294614937
ACGGAGATCGGATGTTx-1,0.7494802934914472,0.2505200936824183
ACGCCGAGTAAGTAGTx-1,0.7584453946258825,0.24155498660648778
ACGCCGAAGGGTTCCCx-1,0.7572915087457064,0.24270890132747183
ACGCCGAGTCGTCTTCx-1,0.0,1.0
ACTGAGTAGCGTGAGTx-1,0.6773038926533457,0.32269647460386336
ACGGGTCTCTTACCGCx-1,0.7494713456530172,0.25052903945278665
ACGCCGAAGCTCCTCTx-1,0.7534519627900259,0.24654840976194226
ACTGTCCGTTGTGGCCx-1,0.7523674188935031,0.2476329648934373
ACGGGCTCACGGCGTTx-1,0.749633069879266,0.2503673233689931
ACGGGTCAGGACGAAAx-1,0.7578529004678463,0.24214751013630492
ACTGAGTGTCGACTGCx-1,0.7499676866018511,0.2500326928282739
ACGGCCACATTGAGCTx-1,0.7588973694732488,0.2411030307123952
ACGGAGAAGTGGTAGCx-1,0.7571368104152991,0.24286359387843132
ACTGTCCAGCTGCGAAx-1,0.75249958098058,0.24750080598161497
ACGGGTCAGAAGCCCAx-1,0.7572921370680572,0.24270825322259793
ACTGAACTCGCATGGCx-1,0.7498488469112126,0.2501515563652434
ACGTCAAAGTACGCGAx-1,0.6986618833945054,0.3013384868258565
ACGGGTCGTAAAGGAGx-1,0.7043047860482762,0.2956955892437445
ACTATCTAGCGAGAAAx-1,0.7527855962871028,0.24721480135270396
ACGGGCTAGTTACGGGx-1,0.7511473390699968,0.24885304291813748
ACTGAGTTCCTATGTTx-1,0.7505235635114827,0.24947679129989114
ACGGAGAAGAGCCCAAx-1,0.7008562894450586,0.2991440791524671
ACTGATGAGAGCTATAx-1,0.7531165457277631,0.2468838342092915
AGCCTAACATGGTCATx-1,0.7562168558092379,0.24378354253968507
ACTTTCAAGTGGGATCx-1,0.754591624665333,0.2454087706193346
AGATCTGAGGGAAACAx-1,0.755387223843618,0.24461315066715564
AGAATAGCAAGCCTATx-1,0.752170033517485,0.24783035449879223
AGAATAGAGTCTCAACx-1,0.7556550174221129,0.24434539448009113
ACTTACTTCCTTTCGGx-1,0.6819498527317001,0.3180504840441823
AGATTGCCATTTCAGGx-1,0.756185959559383,0.24381443310151288
AGCCTAACATACAGCTx-1,0.6305542131416592,0.369446122197696
AGCAGCCCACGGACAAx-1,0.7478651568610322,0.252135223727623
AGAGTGGTCGCACTCTx-1,0.7479450054332146,0.2520553810066132
AGCCTAAAGTGTGGCAx-1,0.7523926588544136,0.24760772873731965
ACTTTCACAAGTACCTx-1,0.7549526194695098,0.24504776834702896
AGCATACGTAAAGTCAx-1,0.7500177202436061,0.24998267144735517
AGCAGCCAGCCCTAATx-1,0.75157179030828,0.24842859651728744
AGCAGCCTCGATAGAAx-1,0.752951511973967,0.24704887630277905
ACTTGTTCATCCGCGAx-1,0.6387881008687807,0.3612122538842359
ACTTACTGTCTAACGTx-1,0.7547645956805358,0.24523580450108448
AGAGCGAAGTTGCAGGx-1,0.7580789130703632,0.24192149712269648
AGAGCTTCATTTGCTTx-1,0.754853964901045,0.2451464357061985
ACTTGTTCACAAGTAAx-1,0.7499462125386107,0.2500541656894462
ACTTGTTTCCAAGTACx-1,0.7501628152872069,0.24983757057017547
AGACGTTAGTGTACCTx-1,0.7577089646950567,0.24229143832897745
AGAGTGGCATGAACCTx-1,0.7497798084974706,0.25022057670402287
AGAGCGATCGCCAGCAx-1,0.7501456464697741,0.2498547380382924
AGAATAGTCGTACGGCx-1,0.7498579727651186,0.25014236924721395
AGATCTGAGTTACGGGx-1,0.7474330925115092,0.25256729066950284
AGCAGCCAGAGATGAGx-1,0.7514269962059932,0.2485733790270599
AGAATAGAGGACATTAx-1,0.7559197165695584,0.24408069075615244
AGCAGCCAGACTAGGCx-1,0.7530430951774939,0.24695728560681537
AGATTGCAGCTAGGCAx-1,0.703767343265222,0.29623303356511355
ACTTACTTCACGCATAx-1,0.7583912467335596,0.24160910419696008
AGCAGCCAGCAACGGTx-1,0.7498593057990484,0.25014106291399996
AGCATACCACGAAACGx-1,0.7446692252886548,0.25533114846977156
AGACGTTTCCCTTGTGx-1,0.7525748723455271,0.2474255291595527
AGACGTTGTACTTCTTx-1,0.6366186345075551,0.36338170843354417
AGAGCGACACGGCTACx-1,0.7497432429832038,0.25025714352739337
AGATTGCAGTAGTGCGx-1,0.7495405414093795,0.25045983550772694
AGCCTAACACGGTTTAx-1,0.7476021166237915,0.252398272937685
AGCATACAGAGCTGCAx-1,0.7554563906726259,0.24454399883429379
AGATCTGGTGCAGGTAx-1,0.6983535956631447,0.30164678187097366
AGCCTAACAGACTCGCx-1,0.750616360949176,0.24938402964173575
AGAGCGACAGCTTAACx-1,0.7499035473181839,0.2500968471309849
AGAGCGACATGTTGACx-1,0.750102502835661,0.24989788383231637
AGATCTGAGGACAGAAx-1,0.756837483659565,0.24316292302090586
AGAATAGCACGGTAGAx-1,0.7537831341339033,0.24621726865694474
AGAGTGGCACGAAATAx-1,0.7045535491217323,0.2954468264563089
AGAGCTTAGGATGGTCx-1,0.7524840511640225,0.24751634020970006
AGAATAGTCCGAATGTx-1,0.7543698955486615,0.24563050177168327
AGAGCTTGTCCGTGACx-1,0.7538047659606735,0.24619560904021445
AGCAGCCAGGCCCTTGx-1,0.7495109895781857,0.25048938667679566
AGAATAGAGTACCGGAx-1,0.7495936622509792,0.2504067200350188
AGATTGCCACTAAGTCx-1,0.7483938957312138,0.2516064847990814
ACTTTCAAGTTAGGTAx-1,0.7494463834021595,0.25055400020318613
AGAGCGAGTGCACCACx-1,0.7505769895088991,0.2494234101057759
AGATTGCGTCCGTGACx-1,0.751294234439447,0.248706075703677
AGAGTGGGTCAACTGTx-1,0.6619945378496306,0.33800580018854853
AGCAGCCCATGACGGAx-1,0.6920261625287801,0.3079742004539275
AGCATACAGAAGGACAx-1,0.7578224490512852,0.24217796642286718
AGAGTGGAGAATTGTGx-1,0.7550291912360809,0.2449711948274207
AGATCTGTCGTCTGAAx-1,0.7584280400786165,0.24157236553912192
AGCATACGTCAATGTCx-1,0.6940212808283746,0.30597909361230774
AGAGTGGAGATAGCATx-1,0.7572172680243902,0.24278314006662435
AGAGTGGTCGAGGTAGx-1,0.7457806919289424,0.2542196371350658
AGCATACGTACCGGCTx-1,0.7568256695346418,0.24317473737312753
ACTTGTTTCGGGAGTAx-1,0.7559337291291737,0.24406668344537122
AGAGTGGGTGCATCTAx-1,0.7575354183214542,0.24246499565042837
AGAATAGTCGCATGATx-1,0.7497201006893693,0.25028029013202646
AGAGCGATCAATACCGx-1,0.7066855074149596,0.2933148641753715
AGAGTGGGTGCAGACAx-1,0.6928685211165981,0.3071318571172682
AGACGTTCAGTATAAGx-1,0.7042477760553285,0.29575260417341015
AGATCTGAGTGGCACAx-1,0.6830983614108791,0.3169019956409135
AGCAGCCGTGTGGCTCx-1,0.7563448125782855,0.24365559326252656
AGCATACGTTTACTCTx-1,0.7038059371707048,0.29619442529291834
AGAGCGAGTTACAGAAx-1,0.7492537707529624,0.2507466098425519
AGAATAGAGACTTTCGx-1,0.7506826662035786,0.24931771010272458
ACTTTCAGTGCAGACAx-1,0.7509938704480361,0.24900652474409432
AGAGTGGGTAAGTTCCx-1,0.7578087931362898,0.24219161265791173
ACTTGTTCACCGTTGGx-1,0.7518697129433113,0.24813068125249677
AGATCTGGTTATCCGAx-1,0.7505520880913648,0.2494482916281522
AGAGCTTTCAAACGGGx-1,0.734615652287635,0.2653847324623577
AGAATAGCATAGACTCx-1,0.7497741487606773,0.25022622530698757
AGAGCTTCACGACTCGx-1,0.7071421500978821,0.2928582087468378
AGATTGCAGTATCTCGx-1,0.7568613886481768,0.2431390117364937
AGAGCTTTCATATCGGx-1,0.7058384017423113,0.2941619561099584
AGAATAGGTGGGTCAAx-1,0.7498446702642236,0.250155716036386
AGATCTGCACGTAAGGx-1,0.705152085539227,0.29484826908427697
AGATTGCCAACTTGACx-1,0.0,1.0
AGAATAGAGGCCCTTGx-1,0.7545204724746055,0.24547994237502568
AGATTGCAGAGGTACCx-1,0.7580392119253172,0.24196118781596404
ACTTGTTCATCCCATCx-1,0.7512709131319906,0.24872946923826744
ACTTGTTGTCTAGCCGx-1,0.7044644830833878,0.29553589107122413
AGATTGCAGGCAGGTTx-1,0.7563076859210801,0.24369271957213806
AGATCTGTCTTTACGTx-1,0.7580262521270587,0.241974155098879
AGCCTAAAGTGCCAGAx-1,0.7525335368889681,0.24746685360337792
AGCCTAATCTCGAGTAx-1,0.6868703142562537,0.31313004865982963
AGCGTCGGTCGGATCCx-1,0.7531006161789915,0.24689979765450162
AGCTTGAGTGCATCTAx-1,0.7043227457595181,0.2956776272511093
AGGCCGTTCGGCGGTTx-1,0.7491943823219389,0.25080600535855113
AGTAGTCAGTACGCCCx-1,0.7507150484531312,0.24928533213945583
AGCCTAATCTAACTCTx-1,0.5778768447340636,0.42212347133169115
AGTAGTCCACCTGGTGx-1,0.756298474660961,0.24370192355437242
AGCTTGAAGCCGATTTx-1,0.7471031356800001,0.2528972523211445
AGCGGTCGTACCGAGAx-1,0.7494237982041713,0.2505765886929351
AGGTCATCAAGTCTGTx-1,0.757019014660157,0.24298138228824984
AGCTCCTCACTTAACGx-1,0.7524847364140134,0.24751565293568
AGCTCCTAGAAGATTCx-1,0.7081031613249761,0.2918972162460511
AGCTTGACACCGGAAAx-1,0.7541704340972052,0.24582995817723338
AGCTCTCTCAGCTGGCx-1,0.7569965571083774,0.2430038402901219
AGGGATGGTCCGAATTx-1,0.0,1.0
AGGGTGAGTCGGGTCTx-1,0.7441145903730503,0.25588579806942297
AGGCCACCATCACGTAx-1,0.6666032827864853,0.33339708614201374
AGGTCATCACGGACAAx-1,0.7513583361773487,0.248642067906186
AGGCCGTAGTAGGCCAx-1,0.7577840644620637,0.24221634169859707
AGGGATGGTCGACTATx-1,0.7500977263314824,0.2499026614681317
AGTAGTCAGATCCGAGx-1,0.7495935568335954,0.25040682893498606
AGGGTGACACCACGTGx-1,0.6526675870902495,0.34733277568343435
AGCGTATCATGGTCATx-1,0.7601381921211823,0.2398622155174301
AGGCCGTTCGTATCAGx-1,0.7570745174837475,0.24292588870793277
AGCGTCGCAAGAGTCGx-1,0.7593449235538619,0.24065547396379228
AGGTCCGCAGCTTAACx-1,0.650357869414089,0.3496424793747317
AGGGATGTCTCACATTx-1,0.6906279190874621,0.3093724514968931
AGGCCACTCCACGACGx-1,0.7485692344914547,0.25143114100848885
AGGTCATAGAGACTATx-1,0.749843432300695,0.2501569624800124
AGCTTGACAAAGAATCx-1,0.6398893272376467,0.3601110143119495
AGGCCACGTGTTAAGAx-1,0.7588315134064999,0.24116889801260086
AGCGTCGGTCTCCATCx-1,0.6727576325383935,0.3272427433905419
AGGGATGAGTAGCGGTx-1,0.7502008420224134,0.24979955550225877
AGGTCATGTAACGCGAx-1,0.7575755928292717,0.24242482677411448
AGCTCCTTCAACACACx-1,0.7505836915009699,0.2494166749159237
AGCTTGAAGAGGTACCx-1,0.7524564692280997,0.247543925231507
AGGGTGAGTGCACGAAx-1,0.7500085178149398,0.2499918869820767
AGGCCACGTCTCACCTx-1,0.7527078806850469,0.24729250077239484
AGCTCTCAGCTGATAAx-1,0.7494833602140545,0.25051701594317694
AGGTCATGTCCATGATx-1,0.7566695609154547,0.2433308413767322
AGGGAGTGTCACTGGCx-1,0.7419321758581193,0.25806820043559614
AGGCCACAGCCTTGATx-1,0.7501143876095525,0.2498859749007914
AGCGTCGAGATATACGx-1,0.7507348747832997,0.2492655198678259
AGCTCTCGTCTTTCATx-1,0.7492863408272165,0.250713948581911
AGGGTGACATCACCCTx-1,0.755914046875426,0.2440863577872132
AGCTTGAAGGCGATACx-1,0.7508508550937272,0.24914953029264272
AGCGTATGTCAGAGGTx-1,0.7496023262169432,0.2503980538868868
AGGTCATCAGCCAGAAx-1,0.7574732724045679,0.24252713916709767
AGCGTCGTCAGTTCGAx-1,0.7499858764569161,0.25001452189500784
AGGTCATTCTAACTTCx-1,0.7499682914464083,0.2500320890680498
AGCGTCGCAAATACAGx-1,0.7576366715233047,0.24236374618157364
AGGGAGTAGAGAACAGx-1,0.6284824974232759,0.3715178443793909
AGGGATGCAGAAGCACx-1,0.7517270337874196,0.24827336416078818
AGCGGTCTCTGCTTGCx-1,0.6953871814466137,0.304613187927397
AGCTCTCTCGGAGGTAx-1,0.4960572331538425,0.5039430371477134
AGCGTATTCGATCCCTx-1,0.7452753631613992,0.25472501294503325
AGCTCCTAGTCATCCAx-1,0.6975040399000422,0.30249633293955414
AGGGATGAGACGCAACx-1,0.7575735612891705,0.24242684912852244
AGCCTAATCTACCAGAx-1,0.6957203235426808,0.30428004730954317
AGCGTATTCCCAACGGx-1,0.7082313288787242,0.2917690480799805
AGCGGTCCATGACATCx-1,0.7563241135136437,0.2436762734323699
AGCTTGACACACAGAGx-1,0.7081312510014808,0.2918691283555916
AGGCCACTCACCCGAGx-1,0.7544636464276517,0.24553674502005512
AGGGATGCAGTACACTx-1,0.7000286940672529,0.29997168737070673
AGGTCATAGAAGGTGAx-1,0.7507763268762784,0.2492240649682527
AGGTCATCATGCCTAAx-1,0.6877902950336398,0.3122100810535024
AGTAGTCCACCACGTGx-1,0.7510420664879207,0.2489583333094415
AGCCTAATCAGGCAAGx-1,0.6610402586709466,0.3389600976444959
AGGGAGTGTCGTGGCTx-1,0.7026834218165395,0.29731695633508065
AGCTCTCAGACATAACx-1,0.7578941469413774,0.24210626945028257
AGGCCACAGCTAAACAx-1,0.7572441496294762,0.24275625828176045
AGGCCACCATGAACCTx-1,0.6937934234899182,0.3062069533668486
AGGCCACGTCGAGATGx-1,0.7572946205295021,0.2427057939380851
AGGTCATAGGGTGTTGx-1,0.7550756140841777,0.24492478552237595
AGCGTATCACTGTGTAx-1,0.7506351254055325,0.24936525781641886
AGCGGTCAGAATTGTGx-1,0.6876623959377479,0.3123379740856
AGGGATGGTCCAGTTAx-1,0.749804435647396,0.25019595410693846
AGGGTGAGTCACTTCCx-1,0.7496182796377096,0.2503821165916216
AGGTCCGAGCGGCTTCx-1,0.7561538303775317,0.24384657601251325
AGGGAGTAGTCCCACGx-1,0.7499799981590936,0.2500203901502378
AGCTCTCGTCCAAGTTx-1,0.7561912967584575,0.24380908599199935
AGGTCCGTCCGCGGTAx-1,0.752627132569833,0.24737313922235943
AGGCCACGTGAAAGAGx-1,0.7604670448666427,0.23953335704317746
AGGGTGATCCGCAGTGx-1,0.7515746531054696,0.2484257245770464
AGGTCATGTCACTGGCx-1,0.757320109952853,0.24268027292501368
AGGGTGACATTAACCGx-1,0.7535895073462268,0.2464108730724053
AGCTCCTGTTGTTTGGx-1,0.7576950469593358,0.24230534420957023
AGCGTCGGTAGCTTGTx-1,0.7497753895437588,0.25022498268855453
AGCTTGAGTTGTACACx-1,0.7494117461479742,0.25058864212527293
AGGGTGATCTGTTTGTx-1,0.7578156742725688,0.2421847383314813
AGGGAGTTCATCTGTTx-1,0.7488676174758876,0.25113277406925366
AGCTTGAAGAATAGGGx-1,0.7586943006560158,0.24130609506905684
AGCGGTCCACGAAACGx-1,0.6631249010747635,0.33687545232043653
AGCTCCTCAGGGCATAx-1,0.7497899393419775,0.2502104457112987
AGGGAGTGTAAGTAGTx-1,0.7559492531357339,0.24405115220449605
ATCATCTCATCCGGGTx-1,0.6907124097369788,0.30928796727256513
ATCATGGAGTTGTCGTx-1,0.7501569169458109,0.24984347760807518
AGTGGGAAGGGTGTGTx-1,0.7557734770720781,0.24422693203402263
AGTGTCACACGCCAGTx-1,0.7560276850165436,0.2439726978805862
ATAGACCCACTTCTGCx-1,0.7582774797022339,0.2417229264992609
AGTTGGTGTGGTCTCGx-1,0.7577169067690579,0.2422835074287762
ATAGACCGTCAATGTCx-1,0.7579479344948967,0.24205247221466705
AGTCTTTGTTCGCGACx-1,0.6802091146073694,0.3197912418404781
AGTGAGGAGGAACTGCx-1,0.7498282790432621,0.2501721036626428
AGTCTTTTCGTCCGTTx-1,0.7552424838719793,0.24475792267174507
AGTCTTTCAACGCACCx-1,0.7158166915339537,0.2841836896226186
ATAAGAGAGTAATCCCx-1,0.7498678412072365,0.25013254203856894
AGTCTTTAGGCTCAGAx-1,0.7541623450967624,0.24583803445375993
AGTAGTCGTCAATGTCx-1,0.6054368773956645,0.39456345156558825
AGTCTTTTCAATCACGx-1,0.7531954713221458,0.24680489553877422
AGTTGGTTCGTGGGAAx-1,0.7570369402617043,0.24296346753410444
ATCACGATCGAACGGAx-1,0.7502362222518996,0.24976419015851845
AGTGTCAAGCTGGAACx-1,0.7580067434699135,0.24199366397754812
AGTGTCACAGTTCATGx-1,0.7528297327995321,0.2471706676129198
AGTTGGTCAATCGAAAx-1,0.7504963768474061,0.249504015483639
ATAACGCCATGCAATCx-1,0.7575390018781774,0.24246140396415658
ATCATCTGTCATCGGCx-1,0.7590184682875452,0.24098193517818012
AGTAGTCTCACAAACCx-1,0.7490779166409042,0.2509224572304116
AGTGAGGGTGTTGAGGx-1,0.7554223534242775,0.2445780529733843
ATCACGAGTATGGTTCx-1,0.7569279391267218,0.24307246193368337
AGTAGTCGTATGGTTCx-1,0.7491736581239369,0.2508267185398363
ATCATGGAGGCGCTCTx-1,0.7490735743861731,0.2509268217539617
AGTGTCATCATGCAACx-1,0.6976585347576827,0.30234183293113925
ATAGACCAGGATGGAAx-1,0.7499059489534874,0.25009443525257896
AGTCTTTGTGGTGTAGx-1,0.749650315462509,0.250350063593476
AGTAGTCTCATGCTCCx-1,0.7514837276849214,0.24851665174813642
AGTTGGTAGTGTACTCx-1,0.74982017158285,0.25018022032539555
AGTTGGTGTGTTCTTTx-1,0.7569682333737514,0.24303214622635919
AGTGTCAGTGTGCGTCx-1,0.7580351825439124,0.241965221844214
AGTGTCAAGCTAAACAx-1,0.7574307905304779,0.2425696125071014
ATCATCTGTTCCGGCAx-1,0.7521461958853851,0.24785418907355442
AGTGGGAAGCTGCGAAx-1,0.7554357283947127,0.24456466230322466
AGTCTTTGTGCACCACx-1,0.7494563610397872,0.250544034692821
AGTTGGTAGGTAGCCAx-1,0.7566944355018386,0.24330597723491532
AGTGAGGAGAAACCTAx-1,0.7505851603334004,0.24941523212513225
ATAACGCCATATACGCx-1,0.7497446124402092,0.2502557772475276
ATAGACCGTGCACGAAx-1,0.6746646382541911,0.3253357262366682
ATAGACCAGACTAAGTx-1,0.7576365121869331,0.24236389398493907
AGTGAGGCAAGGCTCCx-1,0.7508355349679007,0.24916486193013376
AGTAGTCGTTTGACTGx-1,0.7577247387098774,0.2422756711616724
AGTGAGGCAAAGTCAAx-1,0.7506319698657227,0.2493683518061945
AGTGTCACACCAGCACx-1,0.7504850904409801,0.24951525515045422
AGTGAGGTCAGCGATTx-1,0.6686077413836596,0.3313926035516339
AGTTGGTCATCCCACTx-1,0.7553968440427625,0.24460354723242012
ATAACGCGTCTTCGTCx-1,0.7498540797977438,0.2501463085543648
AGTGGGAGTTAAGGGCx-1,0.7579940349063673,0.24200638508943983
ATAACGCCACAGCGTCx-1,0.7531534784308449,0.2468469249757362
ATCACGAAGCATGGCAx-1,0.7546727263254702,0.2453275737525006
AGTGGGAAGATCCCATx-1,0.7578651801618094,0.2421352465768581
ATAGACCAGTGGCACAx-1,0.7576659049290182,0.24233448555611364
ATAGACCGTACTCAACx-1,0.6922445835801005,0.30775579000032566
AGTCTTTAGACCTTTGx-1,0.75041711319541,0.24958327373804687
AGTTGGTAGTCCATACx-1,0.6985348702260441,0.30146551099371827
ATAGACCCATGCTAGTx-1,0.749880635357428,0.25011974832554057
ATCACGAGTTCTGAACx-1,0.7577440605181386,0.24225634072528246
ATCATCTTCGTTGACAx-1,0.7500574057372601,0.2499429816074475
AGTGTCACAGCCAGAAx-1,0.5551768752200754,0.44482343451121314
AGTGAGGTCTACTATCx-1,0.7592281648002246,0.24077223623586513
AGTGTCAGTGGTCCGTx-1,0.7504103020990608,0.24959008698838223
AGTGTCATCGGCCGATx-1,0.7494298768797074,0.2505705041225893
AGTGGGAGTGAGTGACx-1,0.6664721670802775,0.3335281812892976
ATAACGCCATTAGCCAx-1,0.7504821203319452,0.24951824845626835
AGTAGTCTCTCGTTTAx-1,0.7563889376983177,0.2436114728134821
ATAACGCTCTTTAGTCx-1,0.7495387099561386,0.2504616743593331
ATAAGAGAGGCAGGTTx-1,0.705456324888908,0.2945440475222486
AGTGTCACACGGCCATx-1,0.7577065183707774,0.24229388725947182
AGTGTCATCTAGCACAx-1,0.7577022152636537,0.24229820870478552
AGTAGTCGTGACCAAGx-1,0.754520476156022,0.24547993105977894
ATAGACCAGCTACCTAx-1,0.7494583714576716,0.25054200503864305
ATCATCTAGGCGTACAx-1,0.7597764694980348,0.2402239284751609
AGTTGGTAGGAGTTGCx-1,0.51395590955266,0.4860443675874315
AGTGAGGGTGTGACGAx-1,0.7538909180112845,0.24610946968172037
AGTCTTTGTCGCTTTCx-1,0.7570733252037539,0.24292708762609352
AGTTGGTTCACCATAGx-1,0.5551307965927561,0.4448694861888153
ATAACGCAGCACCGTCx-1,0.6993001725747663,0.30070019631702516
ATAGACCCAAACAACAx-1,0.7419603222118952,0.2580400677862858
AGTGTCAGTAAATACGx-1,0.7591955416176591,0.24080486084611666
ATAGACCAGCTGTCTAx-1,0.7038305699289936,0.29616981486219723
AGTGAGGCAATGGATAx-1,0.7507669602829925,0.24923342289133593
AGTGGGACACGGTTTAx-1,0.7568233987775892,0.24317699448838098
AGTGAGGGTTTGACTGx-1,0.7534231634695734,0.24657722387959324
ATAAGAGCACCATCCTx-1,0.7041142765983478,0.2958861064470749
AGTCTTTTCTCTGAGAx-1,0.7498127948555963,0.25018757034671796
AGTGAGGCAATGGAATx-1,0.7559834247979671,0.24401699108623723
AGTGGGAGTTCACGGCx-1,0.7503483813426489,0.2496520044692959
ATCACGAAGGACAGAAx-1,0.7255227400537025,0.27447763612688275
ATAAGAGCATATGAGAx-1,0.7524902137042965,0.24751017941485934
AGTGGGACAGTCTTCCx-1,0.7542190221144828,0.2457813841784833
AGTGAGGCACCATCCTx-1,0.7508886188023518,0.24911177896786543
ATCACGAGTCCCTACTx-1,0.7591325284133084,0.2408678670398442
ATAAGAGGTGACTACTx-1,0.7478618016269696,0.2521385962651963
ATAAGAGGTAGCCTCGx-1,0.7528756172322265,0.24712474794851577
ATTACTCCAAGTTGTCx-1,0.6908637060276274,0.30913666444250293
ATTATCCTCAGCAACTx-1,0.7576041712076479,0.24239624037754365
ATTACTCGTCGGCTCAx-1,0.0,1.0
ATCGAGTAGAGTACCGx-1,0.7441148320491295,0.2558855653661261
ATCTGCCCAAGTCTGTx-1,0.7133418293460945,0.28665854608135577
ATGTGTGGTAGCGTCCx-1,0.7574272483950429,0.24257315823219439
ATTACTCGTGTTGAGGx-1,0.7581789825107483,0.24182142235517687
ATGAGGGTCACGATGTx-1,0.6826086072877238,0.3173917379173406
ATCATGGTCTGCTGCTx-1,0.750065929634301,0.24993445426405878
ATCTACTTCCTCATTAx-1,0.7547287089075213,0.2452717574572035
ATTATCCAGCGTGTCCx-1,0.7496890681032099,0.2503113223932131
ATCCGAATCTCCTATAx-1,0.7567111752719894,0.2432892421218133
ATCTGCCGTTAAGACAx-1,0.7036255222764614,0.29637484845493206
ATTATCCGTCCATCCTx-1,0.7494331018334169,0.2505672853035137
ATCTACTAGATCACGGx-1,0.749226573999085,0.2507738131914959
ATGAGGGCAGCTTAACx-1,0.6008509041350953,0.3991494203876842
ATGCGATTCAAGAAGTx-1,0.7550581894784365,0.24494219853185978
ATCGAGTGTCCGTCAGx-1,0.7498948473169876,0.2501055430706929
ATCTGCCTCTATCCCGx-1,0.4884996346812046,0.5115006189337998
ATCTACTCACGGCTACx-1,0.7573623021147639,0.24263812734232693
ATCTGCCTCAGCTTAGx-1,0.74899545532099,0.25100493274770386
ATGTGTGAGCCAGGATx-1,0.7498149368585902,0.2501854419076167
ATGAGGGCAGCATACTx-1,0.7581346491474916,0.24186577137718346
ATGCGATCATGGTTGTx-1,0.7499617000041714,0.25003847724816003
ATCATGGTCGCAAGCCx-1,0.7590233884777035,0.24097701215813344
ATCTGCCCATCCCATCx-1,0.7546719357213237,0.24532845968464345
ATCCGAAGTCAAACTCx-1,0.7500772966099193,0.24992309850169903
ATCGAGTGTAGCGTAGx-1,0.7496279092568279,0.25037248003291585
ATCTGCCCAACACGCCx-1,0.7497436393760577,0.2502567544018142
ATCTGCCAGAAGGTTTx-1,0.7575986147358842,0.24240179424804237
ATGCGATTCACGCGGTx-1,0.671981734614262,0.32801862711359586
ATCCGAACAGCTCGCAx-1,0.7539667478143968,0.2460336486621648
ATCGAGTGTACGAAATx-1,0.7499426317119489,0.25005776435813304
ATGTGTGGTGCTCTTCx-1,0.7568680430543104,0.24313237034457
ATCTGCCCAAGTACCTx-1,0.7523244416566862,0.24767595843503468
ATGCGATCATCTCCCAx-1,0.7555654220675221,0.24443498610396835
ATCGAGTGTCTCATCCx-1,0.687669541293636,0.31233081829102133
ATTATCCAGTGTCCCGx-1,0.7503939259909537,0.2496064527918592
ATTATCCTCTTGCCGTx-1,0.7588695763207652,0.24113083170058214
ATTATCCAGTGCCAGAx-1,0.7515298935280469,0.2484704796880987
ATGTGTGTCGGTTAACx-1,0.7524838707890296,0.24751652562166346
ATGCGATCACACGCTGx-1,0.7505201432452655,0.2494802549628118
ATCGAGTGTAAGAGAGx-1,0.7542100973884412,0.24579028316669196
ATGCGATAGGACATTAx-1,0.7584304260366848,0.24156998309027938
ATTATCCCAAACCTACx-1,0.7495162349335243,0.25048415355853315
ATCTACTTCTTGAGACx-1,0.7518717815303675,0.24812859565556156
ATCCGAACAATGGAGCx-1,0.7498454443197411,0.2501549440564988
ATCTACTAGGAGTAGAx-1,0.7049692297164648,0.2950311486457813
ATCCGAATCGTGGACCx-1,0.4308176657414915,0.5691825559814511
ATGCGATTCTTTAGTCx-1,0.6709986789348208,0.3290016679405146
ATCTGCCGTGATGATAx-1,0.7425334359223503,0.257467060323064
ATCCACCCAAACGCGAx-1,0.749895465503331,0.250104916982761
ATCTACTTCATCACCCx-1,0.7492688717950302,0.2507315149636446
ATTATCCGTCTAGTCAx-1,0.7494045401500306,0.2505958500542726
ATCCACCCACAGCGTCx-1,0.7515262951729533,0.24847409607107462
ATGCGATCATGACATCx-1,0.7496530952620432,0.25034728284567975
ATGGGAGCACAGTCGCx-1,0.7502862593310239,0.24971412957050712
ATCCACCTCCTAGTGAx-1,0.7589982464000603,0.24100216007847372
ATTATCCCACGGCGTTx-1,0.7567390300539484,0.24326134736510993
ATGGGAGTCCAGGGCTx-1,0.6954796907511469,0.3045206822186018
ATGGGAGCAGGACCCTx-1,0.7521821200247756,0.24781825819301964
ATGCGATAGACGCTTTx-1,0.7022911917571701,0.29770919442344307
ATGAGGGCACATTTCTx-1,0.7547179255882162,0.24528246070625714
ATCCGAATCATTGCCCx-1,0.6502641622541601,0.34973618500383685
ATCATGGCAATACGCTx-1,0.7483833523133505,0.25161703846347905
ATTATCCAGGTGTTAAx-1,0.6378724287107871,0.3621279120854338
ATTATCCGTTTCCACCx-1,0.7558315682076802,0.24416883172218237
ATGAGGGGTAAATGACx-1,0.7013303389124864,0.29867002449987673
ATGCGATAGCATGGCAx-1,0.7402224553164215,0.25977792108359127
ATCTACTTCAGCTCTCx-1,0.6990739280201034,0.30092637718832366
ATGAGGGAGAGACTATx-1,0.757901144729278,0.24209925854964529
ATGCGATGTGTTAAGAx-1,0.7548706562265867,0.2451297226812079
ATCTGCCAGAAACCATx-1,0.7013297449930078,0.29867062097817676
ATCATGGTCGTCCGTTx-1,0.7540596515360928,0.24594074048921358
ATCCACCCATCCAACAx-1,0.7047033578832527,0.2952970236025471
ATCTACTAGGCCCGTTx-1,0.7496972546480357,0.2503031345518448
ATGAGGGCAGCCAATTx-1,0.7494391227785968,0.2505612629431898
ATCGAGTCATTTGCCCx-1,0.753049655640399,0.2469507309910465
ATGGGAGAGTGTACTCx-1,0.7554289701970295,0.2445714245538308
ATCTGCCCATGGTCATx-1,0.7507846095230574,0.24921576725645486
ATGCGATCAAGGGTCAx-1,0.7522543477299753,0.24774601573851548
ATCCGAAGTCCGCTGAx-1,0.7320615678522189,0.2679387811662105
ATGAGGGAGCACCGTCx-1,0.7022087380936632,0.2977916443374436
ATCCACCAGAACAATCx-1,0.7496786626329218,0.2503217180527037
ATGTGTGGTCTTGTCCx-1,0.7553327292875762,0.24466765031707485
ATCTACTTCCTGTAGAx-1,0.7508421159441936,0.24915813852308666
ATTATCCCATGCCTAAx-1,0.7501324320771433,0.24986795335186507
ATGAGGGTCCTTGGTCx-1,0.7499640319608908,0.25003637061220857
ATCTGCCGTACATCCAx-1,0.7518914351682194,0.24810893098452894
ATGTGTGAGGTGTTAAx-1,0.7539782167559049,0.24602218819746166
ATGCGATCATGCTGGCx-1,0.7510798916448815,0.2489204941063549
ATGAGGGAGACTCGGAx-1,0.5774242876560379,0.422576037267952
ATTACTCGTAAGGGCTx-1,0.7580962794930242,0.241904122717937
ATTATCCCAAGCTGGAx-1,0.7573697394798513,0.24263065807191017
ATCGAGTCAGTCGATTx-1,0.629633250992224,0.37036707885262277
ATTGGACTCCTGTACCx-1,0.7580440652889198,0.24195635052877845
ATTGGTGAGATGCCAGx-1,0.7526369578930713,0.24736340829782694
ATTGGTGAGTGAACGCx-1,0.758383878318284,0.2416165356193543
CAACCTCTCGCGTAGCx-1,0.7444084951587219,0.25559189199785914
ATTGGTGGTCCAGTATx-1,0.7504518877413782,0.24954848052224549
CACAAACAGCTAGTCTx-1,0.753002232060596,0.24699815560743094
ATTCTACCAAGGGTCAx-1,0.705317909626774,0.2946824585968045
ATTCTACAGTCCATACx-1,0.7559838287477708,0.24401655879956263
CAAGTTGCAGAGTGTGx-1,0.7548012043987595,0.2451991899987344
CAAGGCCGTGATGTGGx-1,0.7519759358893569,0.24802442060190757
ATTGGACCAGGTGCCTx-1,0.7534381627200679,0.24656222767167127
CACAAACAGAGCTGCAx-1,0.7491735675573367,0.25082683016613516
ATTGGACTCGCCCTTAx-1,0.7577174712684533,0.24228293764264275
CAACCTCTCAAGAAGTx-1,0.7548755607937426,0.24512483427747858
CAAGATCAGCCTCGTGx-1,0.756910590848962,0.24308980802716915
CAAGGCCCACATCTTTx-1,0.7575567255428084,0.2424436662740232
ATTTCTGTCGGCTACGx-1,0.7528684532252805,0.24713192377740056
CAAGTTGAGGGCTTCCx-1,0.7521165033576444,0.24788389456751286
CAACCTCAGCTAAACAx-1,0.7581193188818612,0.24188109167896882
CAAGTTGAGAGCTGCAx-1,0.7500798852336343,0.24992050454258638
CAAGAAAGTAGAAGGAx-1,0.7500067348951444,0.24999366882429697
ATTGGTGAGTCTCCTCx-1,0.7526586378193628,0.2473417263038187
ATTGGACGTGAAGGCTx-1,0.7499716585969827,0.2500287391998146
CAACCAAGTAGAAAGGx-1,0.756568141583716,0.2434322621636197
CAAGGCCCAGCCAGAAx-1,0.7496099038013009,0.2503904713029641
CAAGTTGTCTTACCGCx-1,0.6116639769514307,0.3883363650528357
CAACTAGAGATATGCAx-1,0.7501437179222141,0.24985652880119233
CAAGATCTCTGATACGx-1,0.7513356775223932,0.24866471128594847
CACAAACAGCCCAGCTx-1,0.7465484237988684,0.25345195431092576
CACAAACAGGACACCAx-1,0.7600528189633957,0.23994759852784814
ATTGGACCAGCATGAGx-1,0.6930646951909494,0.3069356812685043
CAAGATCAGGACCACAx-1,0.4801812334067004,0.5198190243851027
CAAGAAACACGCATCGx-1,0.7494190663657775,0.2505813106984139
ATTGGTGCAAACTGTCx-1,0.7560983713329642,0.24390204552384834
CAACTAGAGTCCGTATx-1,0.7577594134813477,0.24224095722560549
ATTGGTGAGCAGACTGx-1,0.7052408161575388,0.29475957128326996
CACAAACGTCTAAAGAx-1,0.7445114624315087,0.25548892010499114
ATTTCTGAGTGGACGTx-1,0.747568268354753,0.25243210970874236
ATTGGTGCATGGAATAx-1,0.7496474973217265,0.25035287816043134
CACAAACCACATGACTx-1,0.7509717963027068,0.24902859204829902
CAAGAAATCTTAGCCCx-1,0.709338168311773,0.2906622145599623
ATTTCTGGTTGCTCCTx-1,0.7443901262688705,0.2556102688876063
ATTCTACGTACAGTGGx-1,0.7480143633727507,0.25198601451629915
ATTTCTGCAAATTGCCx-1,0.7062149104779413,0.29378546484709805
CAAGTTGCATCTGGTAx-1,0.7497155237625066,0.250284852346655
ATTCTACAGAGCTGCAx-1,0.7500917850757656,0.24990859182169478
CAAGTTGTCCACTCCAx-1,0.749495528460098,0.25050487550156075
ATTGGTGGTAATCGTCx-1,0.7488696693059128,0.2511307260090687
CAACTAGCATACTCTTx-1,0.537746966409579,0.4622533009753274
ATTTCTGAGAGTAATCx-1,0.7452787434662838,0.2547217518219358
CAACTAGCATGTTCCCx-1,0.7592540366257944,0.2407463557135782
CAAGGCCCAGAGCCAAx-1,0.6881700849511072,0.31183029372176085
CAAGTTGAGATCCCGCx-1,0.7570912752505315,0.242909135718518
CAAGGCCTCCAGTAGTx-1,0.6305161835010396,0.36948417513218235
CAAGATCCAAGCGAGTx-1,0.7572328135134231,0.24276758481732127
CAACCTCTCATGGTCAx-1,0.6048567600135846,0.39514359236164825
CACAAACAGTTTAGGAx-1,0.751459139342561,0.24854125765343546
CAAGGCCGTCTGGTCGx-1,0.7584161543717679,0.24158425993623014
CAACTAGCAGGTGCCTx-1,0.7474050701433768,0.25259531385797096
CAAGATCGTCATATGCx-1,0.755911947422223,0.24408845884680866
CAAGAAAAGTAGGTGCx-1,0.7501191949808697,0.24988117562191048
ATTGGTGGTTCACGGCx-1,0.7134142978419483,0.2865859654634901
CAACTAGAGGCTCATTx-1,0.748527151382238,0.25147324179111974
CAACCTCAGTGTACTCx-1,0.757331948464547,0.24266847099722183
ATTGGACAGTCGTACTx-1,0.7499838603307973,0.25001653118059525
CAAGGCCGTAGGACACx-1,0.6556613539020612,0.34433897975853656
CAACCTCTCGGAGCAAx-1,0.7594544071193761,0.24054601545240265
CAAGGCCAGCCAGTTTx-1,0.6607568211714874,0.3392435410027852
ATTCTACAGTACGATAx-1,0.7497911404989522,0.25020925051517423
ATTGGTGGTTCATGGTx-1,0.749771347259452,0.2502290370717599
CAACCAATCCATGCTCx-1,0.7565873332654471,0.24341306626663092
CAAGTTGGTAGGCTGAx-1,0.7495461324893512,0.25045425558797246
ATTCTACTCCGCGGTAx-1,0.748626912748529,0.2513734597185036
CAAGGCCAGAGTCGGTx-1,0.7533137011535095,0.24668670964312672
CAACCAACAATGTTGCx-1,0.7501299822648592,0.2498703875559949
ATTTCTGGTTACGCGCx-1,0.7561590636062521,0.24384134300924484
ATTGGACCATCTGGTAx-1,0.7497639087781182,0.2502364920630622
CAACCAAGTCCTGCTTx-1,0.7554307803219983,0.24456961638224886
CAAGATCGTCGAATCTx-1,0.750341463675295,0.24965892019912223
CAACCTCAGACTAGATx-1,0.6992185875162177,0.3007817803666546
ATTCTACCACGGATAGx-1,0.7500761163459424,0.24992429257496543
CAACCTCGTAATCGTCx-1,0.7515103839292203,0.24848999402248426
CAACCAAAGCTAACAAx-1,0.7603751422816256,0.2396252593026824
ATTTCTGGTAGTACCTx-1,0.753686975927514,0.24631342170230053
CAACCTCCACGGACAAx-1,0.7575861732634326,0.24241424460447714
CAAGATCCATGCAACTx-1,0.7495004619814679,0.25049991516848313
CAAGGCCCAGCCTGTGx-1,0.7580723057621188,0.24192811202111514
CAAGGCCAGTTACGGGx-1,0.7575562567995884,0.24244413534917994
ATTGGTGGTCGCGTGTx-1,0.7461318389839883,0.25386857513723016
CAAGGCCCATGGTCATx-1,0.7569603576831598,0.2430400467592256
CAACCTCAGGAATGGAx-1,0.7501360029288856,0.24986439325964702
CAAGTTGCATACGCTAx-1,0.7496186494041334,0.25038174204806063
CACACCTGTGTCAATCx-1,0.7536926173944967,0.24630777724155678
CACACCTAGTCCATACx-1,0.7506800319497622,0.2493203549776949
CACACAATCATTCACTx-1,0.7514173942171988,0.24858298974573662
CACCACTAGAGTACCGx-1,0.7504481806869776,0.24955219496403613
CACCTTGAGGTGCTAGx-1,0.7530526314235173,0.24694775873222152
CACACTCGTCACTGGCx-1,0.7517529481137792,0.24824742851170872
CAGAATCAGCCCAACCx-1,0.7498816218879591,0.25011876963804053
CACAAACTCGAATGCTx-1,0.7550035211980847,0.2449968752378354
CACAGGCTCGTCACGGx-1,0.753654649938823,0.2463457276244366
CACAGTATCGACAGCCx-1,0.7065425226377509,0.2934578606461893
CACAGGCTCTGACCTCx-1,0.7582621684054082,0.24173823324838217
CACCAGGCAATCGGTTx-1,0.7565935986257598,0.24340678247705325
CACTCCATCTACCAGAx-1,0.750743303082797,0.2492570771552004
CACACAAAGTGAACGCx-1,0.7506007474237202,0.24939963290305572
CACCAGGGTGAGTGACx-1,0.7502869335199344,0.24971337873187557
CACCAGGAGCCAGTAGx-1,0.7502783700647114,0.24972201053079193
CACATAGGTTCAGCGCx-1,0.701821834904244,0.2981785377174148
CACATAGAGTCGTACTx-1,0.7567217619594943,0.2432786505908828
CACCTTGCAACTGGCCx-1,0.7564002081863272,0.24360023906047312
CACCAGGGTTGGGACAx-1,0.7485788591496654,0.2514215295454198
CACACTCTCCGCAAGCx-1,0.7577273373619813,0.2422730633118609
CACCTTGTCCAGTATGx-1,0.7504655808430712,0.24953480802877478
CACCAGGGTAGTAGTAx-1,0.7490316790051217,0.25096871145523514
CACCAGGGTAGCGTAGx-1,0.7499810115613537,0.25001937731384327
CACATAGTCAACCATGx-1,0.7566250242638786,0.24337538487693527
CACCTTGAGGGCTCTCx-1,0.7500242454816061,0.24997612760287757
CACATTTGTATCAGTCx-1,0.7577390756077838,0.24226134000251914
CACCTTGAGGCCCTTGx-1,0.7494290540827607,0.2505713221714929
CACCACTGTTTCGCTCx-1,0.7022549490885912,0.2977454279643115
CACACAACAGATGGGTx-1,0.7482910340501171,0.25170935014118095
CACAGGCGTATGAATGx-1,0.5638526609074803,0.4361476618294077
CACACTCAGGCAGGTTx-1,0.7502327814297836,0.24976760313685747
CACAAACTCCACGACGx-1,0.7563888479717918,0.24361153213387082
CACCAGGAGCGATAGCx-1,0.7496816650495279,0.25031871869123123
CACCTTGTCCGCATCTx-1,0.7517175725732116,0.24828280496081198
CACCTTGTCGGTGTTAx-1,0.7480584581434941,0.2519419284199328
CACACCTCACCCAGTGx-1,0.7051097548985457,0.29489061815150125
CACATTTAGGTTACCTx-1,0.7522352434480898,0.24776514563892107
CACCACTGTCCTGCTTx-1,0.757966992098573,0.2420334162220692
CACACAAGTCATTAGCx-1,0.6509796773927536,0.3490206777525552
CACATTTGTCGAACAGx-1,0.7532637007382854,0.24673667636192873
CACAGGCAGCCCAGCTx-1,0.7481475219734471,0.2518528637996629
CACCTTGAGCTAAGATx-1,0.7515996982091546,0.2484006776426067
CACACCTAGCTAACAAx-1,0.7577308186386914,0.24226961083782364
CACCACTAGGGATACCx-1,0.752780068879072,0.2472203107701344
CACACTCAGCTTTGGTx-1,0.7535351349086554,0.24646524065487443
CACATTTTCTAACCGAx-1,0.7569490397133434,0.24305135859871463
CACACCTTCGTGGACCx-1,0.7495041288934458,0.25049627466042435
CACATAGTCAACACACx-1,0.7482379908383238,0.2517623957576489
CACACAACAATACGCTx-1,0.7501369801645966,0.2498634079758852
CACATAGGTAAAGGAGx-1,0.7549067471150045,0.24509364832257624
CACCACTCAAACTGTCx-1,0.7546282797996513,0.24537211500197845
CACCAGGGTGCCTGGTx-1,0.7578991978145707,0.24210120208957633
CACAAACTCTTGAGGTx-1,0.7514389267502789,0.24856145524315387
CACACCTTCCCTCAGTx-1,0.7044778901604755,0.2955224812674456
CACCTTGGTCTCTCGTx-1,0.7595665508036931,0.2404338644862556
CACACAACAGACGTAGx-1,0.7536187039265558,0.2463816953532226
CACAGGCAGAGTCTGGx-1,0.7581054807433271,0.24189493652822264
CACACTCCATGACATCx-1,0.7544730862992888,0.24552731940699918
CACATTTTCTTCCTTCx-1,0.7039308176374474,0.2960695608353733
CACAGGCAGAGGGCTTx-1,0.7554541862410317,0.2445461937753429
CACCACTGTGTGCCTGx-1,0.7505158724192681,0.2494845036050461
CACTCCACATAGGATAx-1,0.758381704118486,0.24161870236061037
CACACCTTCATTATCCx-1,0.7501193257214874,0.2498810412152095
CACCTTGCAGGAATGCx-1,0.7508704401038324,0.24912990168632193
CACAGTAAGTTATCGCx-1,0.7571103838240775,0.24289002103774235
CACATAGAGACTAGATx-1,0.7573584474562576,0.24264196099625396
CACCACTAGCCATCGCx-1,0.750978983595743,0.24902144455363326
CACACTCAGTTAAGTGx-1,0.7561641029722581,0.24383630034110337
CACTCCAGTCTGCAATx-1,0.7535655695202197,0.24643481310454693
CACATAGAGACAGACCx-1,0.7498388291277918,0.2501615488321974
CACAGTAGTAGCAAATx-1,0.7580819484385364,0.24191845961865563
CACATAGGTCAATGTCx-1,0.7503393970979072,0.24966099498474753
CACAGGCGTCGACTATx-1,0.7515336978755972,0.2484666802174704
CACCAGGTCTAACCGAx-1,0.7512107382602654,0.24878964833077163
CACCACTAGTTTGCGTx-1,0.7031520810400059,0.2968482787519947
CACATTTAGCGATATAx-1,0.7547039783896496,0.24529639218685986
CACATAGGTCCGAAGAx-1,0.4027800455470486,0.5972201470361084
CACATTTCATGTAGTCx-1,0.7548725604862647,0.2451278305971438
CACAGGCAGCTGATAAx-1,0.7033351428710507,0.29666523640775283
CACACAAAGCATGGCAx-1,0.750108283162519,0.24989208390302642
CACCTTGAGCAGGCTAx-1,0.7568838931971913,0.24311651717872734
CACAGTACATGTCGATx-1,0.7576165460132144,0.24238385755737665
CACACCTCATTAACCGx-1,0.7502960936745445,0.24970428470423778
CACACAAGTCTAACGTx-1,0.7570197803404696,0.242980620574738
CACTCCAAGCCGCCTAx-1,0.7504660190738407,0.24953437940140819
CACCACTAGAATCTCCx-1,0.748564012524493,0.25143637199574076
CACAGTATCTACCAGAx-1,0.7538380111571598,0.2461623821870829
CACCAGGTCAGGCCCAx-1,0.7062009026543272,0.29379945547422626
CACATAGGTCATATCGx-1,0.7517494867050335,0.24825089529074285
CACCACTTCTGGTATGx-1,0.7495891286569822,0.25041125423239247
CACCACTAGCCACGTCx-1,0.7585660532209664,0.2414343432142331
CACCACTCAACTGGCCx-1,0.7507680293140275,0.24923234555126206
CACCACTGTAAGTTCCx-1,0.7502227569894961,0.24977762774512116
CACTCCAGTCCGCTGAx-1,0.7495735779467024,0.2504268022796098
CACACTCGTTCATGGTx-1,0.7469016151825395,0.2530988044108007
CATATGGCATCCCATCx-1,0.7561771548863456,0.2438232530146313
CAGAATCGTATGGTTCx-1,0.7574497075434995,0.24255070422458413
CAGCCGACAGTAACGGx-1,0.7536511909124011,0.2463491765984346
CAGCGACCAGCGTAAGx-1,0.7492746138609104,0.25072577537709634
CAGAATCTCTACCAGAx-1,0.7492250877374677,0.2507752923883536
CAGCTAACACTGAAGGx-1,0.7537012921839942,0.24629907884178956
CAGGTGCCACATCTTTx-1,0.7478324304377435,0.25216795458023966
CAGCATAAGCCACCTGx-1,0.7555623883188188,0.24443800217566558
CAGCAGCAGGAGTCTGx-1,0.6916771724373018,0.3083232010319941
CAGTCCTGTAATTGGAx-1,0.758432950321031,0.241567454305226
CAGTCCTCATGGGAACx-1,0.7575451240440444,0.24245527880080198
CAGAGAGGTACTCGCGx-1,0.7529193464269364,0.24708103704220122
CAGAATCGTAGAGTGCx-1,0.7577090035048119,0.24229140960871892
CAGATCACAATCCAACx-1,0.7511660712996205,0.24883431818426252
CAGCTAATCCATGCTCx-1,0.7522481033582141,0.24775227698689578
CAGAATCTCACATAGCx-1,0.689077287273012,0.3109230889357418
CAGCAGCTCTATGTGGx-1,0.6484722754784744,0.35152806993561697
CAGCTGGCATCGGGTCx-1,0.6049282322681104,0.3950720962628058
CATATTCCAGTCCTTCx-1,0.70581258500275,0.29418779151786995
CAGCCGAGTAAGTAGTx-1,0.7490775695535145,0.2509228206321614
CAGCTAATCGTCACGGx-1,0.7509266175034724,0.2490737696139317
CAGCTGGAGACTAGGCx-1,0.7518406364012867,0.24815973798587268
CAGCTAATCAGCCTAAx-1,0.7590921422036515,0.2409082653007082
CAGCATACAATACGCTx-1,0.7495879808949951,0.2504124107801084
CAGCTGGAGTAGATGTx-1,0.7512091274928479,0.24879126103480576
CAGCATATCCTGCAGGx-1,0.7044436970823871,0.2955566800919345
CAGCTGGAGATATGGTx-1,0.6361124067482575,0.363887933778831
CAGCAGCCAGACAAGCx-1,0.706296870382306,0.29370350540744594
CAGCTAATCAATCACGx-1,0.7502147046253856,0.24978568015533717
CAGTCCTTCGAGCCCAx-1,0.6841416889942176,0.3158586843855407
CAGGTGCAGCCAGTTTx-1,0.7306606107214164,0.2693397968275972
CAGCGACCAAGGACTGx-1,0.74864540179859,0.25135484009112596
CAGAGAGCACTTGGATx-1,0.7574959526756025,0.242504467161933
CAGCAGCCACAGACAGx-1,0.7562948705364367,0.24370548634303715
CATATTCAGGGAAACAx-1,0.7517117868678007,0.2482885980507581
CATATTCTCCGCATCTx-1,0.7492123326869452,0.2507880394180901
CAGCTAACAACGATCTx-1,0.7515740899256992,0.24842630727728918
CAGTCCTCATCCTAGAx-1,0.7460735872794115,0.2539267904710991
CAGCATATCTAACCGAx-1,0.7535288087338007,0.2464715903587751
CAGTCCTTCAAACAAGx-1,0.7470144198651422,0.2529860146539508
CAGCGACCAGTTTACGx-1,0.7541032084875853,0.2458971863565782
CAGCTGGCAATGGAATx-1,0.7038873383656551,0.2961130298016497
CAGCATAGTCACTTCCx-1,0.7539900602133834,0.2460103413984496
CAGCGACGTCGCCATGx-1,0.7546648076770569,0.24533557862040334
CAGCCGATCCTGCTTGx-1,0.7497348124451918,0.25026557739534067
CAGCTAAAGTTGAGATx-1,0.7521139440662566,0.24788642438222144
CATATGGAGTTGTAGAx-1,0.7593684494522773,0.24063192074954332
CAGCAGCTCAGCATGTx-1,0.753785514371393,0.2462148885230366
CAGCATATCAACACGTx-1,0.7497508539058457,0.2502495395566642
CAGCCGAGTGTCGCTGx-1,0.7584492149290935,0.24155119872820122
CAGCAGCTCTCTAAGGx-1,0.7560347265624291,0.24396566862545535
CATATGGAGCCGCCTAx-1,0.7531636442326758,0.2468367252264781
CAGCATATCTTGTATCx-1,0.74961967236912,0.2503807244083462
CAGCGACCACCAGGTCx-1,0.7413938485724747,0.25860659030278726
CAGCAGCCAATGAAACx-1,0.7567036098014575,0.24329679787196473
CAGTCCTTCACAAACCx-1,0.7557251419348047,0.2442752604232222
CAGTCCTAGTGCTGCCx-1,0.7484533642617363,0.2515470165144316
CAGCATACAGCTCGCAx-1,0.7544939476434959,0.24550644290861445
CAGCCGACAGCCTATAx-1,0.7497945195833642,0.2502058769620454
CAGGTGCGTAGCGTGAx-1,0.7598227411738453,0.24017765533544763
CAGCTAAGTTCCATGAx-1,0.6496927579150046,0.3503076001428015
CAGAATCAGCTTTGGTx-1,0.7148149109209117,0.28518548282432005
CAGATCAAGCTCTCGGx-1,0.7515994006045302,0.24840098770901736
CAGCGACGTTCTGGTAx-1,0.7478218330932783,0.2521785488155366
CAGTCCTTCACCCGAGx-1,0.753267034017122,0.24673334192301694
CAGCTGGCATCTCCCAx-1,0.7441801890704176,0.2558202011227385
CAGCCGATCTGTTGAGx-1,0.7539577521065035,0.2460426377929614
CAGTCCTAGGCGCTCTx-1,0.7583557321081187,0.24164468219278795
CATATTCCAGGTCCACx-1,0.7554360935967785,0.24456428422162896
CATATGGGTACGCTGCx-1,0.5853100635197398,0.4146902411536059
CAGTCCTAGCGTAATAx-1,0.7227810203822973,0.27721916980773076
CAGAGAGAGACACTAAx-1,0.7582146573925402,0.2417857473808076
CAGATCAGTTCTGGTAx-1,0.7565569139123673,0.243443500526497
CAGTCCTAGCGATATAx-1,0.7517847695951418,0.2482156082379856
CATATTCAGGAGTAGAx-1,0.7564839459251156,0.24351647101907106
CATATTCCATATGCTGx-1,0.7500628138379929,0.24993757184455576
CAGCTAACAGCCTGTGx-1,0.7566482638253361,0.24335214449662032
CAGCATATCAGTCAGTx-1,0.7585178489038144,0.24148254413746403
CATATTCCATTCTTACx-1,0.7497711064705944,0.25022928336866973
CAGCAGCTCTTCATGTx-1,0.7501331276508609,0.24986726685679528
CAGCTAAGTAGCTTGTx-1,0.7580120760104587,0.24198833587756247
CAGCATATCTAACGGTx-1,0.7502589715285658,0.24974141684994353
CAGCCGAAGGGAAACAx-1,0.7508195121258371,0.24918088041433356
CAGCCGAAGCGCCTTGx-1,0.7283424000846155,0.2716579798640933
CAGCCGAAGAGGTTATx-1,0.7583052025517837,0.24169519397120534
CAGAATCTCGGTCCGAx-1,0.701866411729704,0.2981339662085366
CAGATCACAGCATACTx-1,0.755901533879164,0.24409888002831917
CAGCAGCAGAGGACGGx-1,0.7566136160786329,0.24338677110671098
CAGGTGCCAGTTCATGx-1,0.6955796521190151,0.3044207359296803
CATATTCAGGAGTTTAx-1,0.7060266763052937,0.29397367615452996
CAGTCCTAGCAATCTCx-1,0.7541183638052912,0.245882045858424
CAGGTGCCAACGCACCx-1,0.7497761843809777,0.25022419030151527
CAGGTGCGTAAGAGGAx-1,0.7510934787505431,0.24890690398982054
CAGATCAGTCAAGCGAx-1,0.7032092621224839,0.29679110858587915
CAGTCCTGTATAAACGx-1,0.7603710633003105,0.23962931142807314
CAGAGAGGTGAGGCTAx-1,0.7518779759357774,0.24812240753923237
CAGCATAGTGAAGGCTx-1,0.7043093124557215,0.2956910600476539
CATGGCGCATGCAACTx-1,0.7498103179219016,0.2501900785858258
CCAATCCGTCACTGGCx-1,0.7576398852419086,0.24236052891792487
CATTCGCCACCCATGGx-1,0.7572671377448207,0.24273327579325016
CATGACACAAACCCATx-1,0.7561011917206599,0.24389921253021082
CATGGCGTCAGTGTTGx-1,0.7530714149418395,0.24692896697285463
CATCAAGCACGACTCGx-1,0.7498999491562159,0.2501004408510468
CATCAGATCGATAGAAx-1,0.6594786096395163,0.34052173056098295
CCAATCCCAAGTACCTx-1,0.694951370688339,0.30504900485622055
CATCCACAGATCGATAx-1,0.7576813083546815,0.24231909929026682
CATTCGCTCACTATTCx-1,0.6832378729769455,0.31676251234013353
CATCAGAAGACCTAGGx-1,0.7595578594220899,0.2404425390348003
CCAATCCCAGGGAGAGx-1,0.7535911771439522,0.2464091938035194
CATGCCTGTGAACCTTx-1,0.754319856165303,0.24568054343859372
CATCGAAGTGTGCCTGx-1,0.7550936197487514,0.2449067546208151
CATGACACACCTTGTCx-1,0.7520425078292873,0.24795787423676782
CATTATCCAGGTCTCGx-1,0.7501628802620334,0.24983750014426492
CATCGGGTCGGACAAGx-1,0.6329138839135104,0.3670864397268809
CATCAAGGTCAGTGGAx-1,0.7415764875401478,0.25842393323269647
CATGGCGTCCGGGTGTx-1,0.7526306610739817,0.24736971480808642
CATTATCCAAATCCGTx-1,0.75313404108187,0.2468663350257027
CATTCGCGTTAGAACAx-1,0.7576059743850098,0.24239444367047772
CCAATCCCAGTGAGTGx-1,0.7452594074859427,0.25474095048196477
CATGACACAGATGAGCx-1,0.7004093045298962,0.29959106843398897
CATGGCGAGGCAGGTTx-1,0.0,1.0
CATTATCCAGGTCCACx-1,0.7523658643631186,0.24763454321475273
CATCAAGAGGTACTCTx-1,0.7568113055509305,0.24318907580276314
CATCAAGTCTACCAGAx-1,0.7531150543466397,0.24688532996903761
CATGCCTAGTGACATAx-1,0.7499303383426459,0.2500700514735621
CATGACAAGTCCGTATx-1,0.7496823110883725,0.2503180713698731
CATGACACAGCCAGAAx-1,0.7492149135761005,0.2507854593502908
CATCAGACAGTATAAGx-1,0.7580179373948296,0.2419824814496086
CCAATCCCACGAAACGx-1,0.7579564377899447,0.24204395201240958
CATCAAGCAATGGTCTx-1,0.7518043832864151,0.2481960158771579
CATGCCTTCTTCAACTx-1,0.7498325839934686,0.2501678100822257
CATGCCTGTCGCGTGTx-1,0.7498966945443428,0.25010369922554654
CATATTCTCGTTACAGx-1,0.7583924324415257,0.24160798114604654
CCAATCCAGCTGCAAGx-1,0.7548802397292463,0.24512014969786167
CATGCCTCATTAACCGx-1,0.7497622010728582,0.25023819672551345
CATCAAGTCTGTGCAAx-1,0.7520402791392893,0.24796011384212077
CATCGAATCGTGGGAAx-1,0.7584282950659036,0.24157211284755434
CATCGGGAGTCAATAGx-1,0.6963011746308022,0.30369915088967553
CATCAGATCATTATCCx-1,0.7112226335019441,0.28877773692100295
CATGACAAGTGCGATGx-1,0.749702796603555,0.25029758324954093
CCAATCCTCCAAATGCx-1,0.7493008173819877,0.25069957104515284
CATCAAGTCACCCTCAx-1,0.5829225883345194,0.4170777254890075
CCACCTAAGAGCTGGTx-1,0.7495827844674957,0.25041759738588515
CATCAGATCGGCGCTAx-1,0.7575920232976302,0.2424083944904653
CATGCCTAGATCGATAx-1,0.7567531397779738,0.24324727780783278
CATGACAAGATCCGAGx-1,0.7579182369830331,0.24208216453786013
CCAATCCCATCATCCCx-1,0.7496709394108048,0.25032944615526287
CATGCCTGTATCACCAx-1,0.7499417353546792,0.2500586448258624
CATGGCGGTTCCGTCTx-1,0.7573390418633611,0.24266136002202962
CATCAGAGTCCGTGACx-1,0.7491868497351124,0.25081353903193837
CATGCCTAGATGAGAGx-1,0.7585529611193925,0.24144744690242328
CATATTCTCGGCGGTTx-1,0.7003134250329736,0.29968693546263014
CATGGCGCAAACCTACx-1,0.7496033855767519,0.25039697339253864
CATTATCGTGTTGAGGx-1,0.7515783322615921,0.24842205092998002
CATTCGCAGGCTCAGAx-1,0.7584683908300459,0.24153202166315813
CATGGCGGTTTGTGTGx-1,0.7496524975299317,0.25034789152883513
CATGGCGAGTACGCGAx-1,0.7535832208174051,0.24641718506026258
CATCCACCAGTGACAGx-1,0.49596988854886276,0.5040303714712273
CATGACACAGGTCGTCx-1,0.6793188822778295,0.3206814961187055
CATCGAAAGTGTCTCAx-1,0.7493970300973305,0.25060334817101704
CATGACAGTCTTTCATx-1,0.7495793748818355,0.25042100782519705
CATGCCTCATACTCTTx-1,0.7507076229723031,0.24929276271473194
CATGCCTAGTTCGCATx-1,0.0,1.0
CATCGAATCTTCGAGAx-1,0.7504213612641877,0.24957901390348705
CATTCGCTCGCCTGAGx-1,0.7575908112134944,0.2424095804623795
CATTATCTCTCAAACGx-1,0.7514222657142186,0.24857810101213798
CATTATCTCACCAGGCx-1,0.7501387413826421,0.2498616528424932
CCAATCCAGCCGGTAAx-1,0.6868282761642424,0.31317209187265627
CATTATCTCACCGGGTx-1,0.7441630789428378,0.255837312779615
CATGGCGTCACCGTAAx-1,0.7490691170494123,0.2509312588390138
CATGGCGCATCCAACAx-1,0.7493611183755321,0.2506392728573544
CATTATCAGTGGCACAx-1,0.6259834823773837,0.3740168609181239
CATGACACACATGACTx-1,0.6102365856233974,0.3897637387475463
CATCAGAAGGCCATAGx-1,0.7565746201992581,0.24342578462387077
CATCCACCAAGTAATGx-1,0.750224635659299,0.24977573029217606
CATCCACGTAAACGCGx-1,0.7442497375255915,0.25575065402610225
CATGCCTGTAGCTTGTx-1,0.7048258409475148,0.2951745303905278
CATCGAATCGAATGGGx-1,0.6915083752708683,0.3084920138771819
CATGCCTCAGACGCAAx-1,0.7496484308999862,0.2503519586948114
CATGGCGCAGAAGCACx-1,0.7500413754430285,0.24995902462459776
CCAATCCTCAACTCTTx-1,0.752690180462886,0.24731020592424527
CATCAGAAGGTTACCTx-1,0.7505652326247297,0.24943516543518535
CATGGCGAGCACCGCTx-1,0.7560071956230446,0.2439931599690738
CATCGAATCAATCACGx-1,0.7576098677983397,0.24239050717890484
CATGACACAGGGCATAx-1,0.7484577719573448,0.25154260784465265
CATGGCGCAGGAATGCx-1,0.751509819818671,0.24849059711839486
CATCGGGAGATGTCGGx-1,0.7072479296001095,0.29275243365590387
CATCAGATCACCTTATx-1,0.704398710158659,0.29560164207828343
CATCAGAAGACTGTAAx-1,0.7534298670532934,0.24657049330306646
CCACCTAAGACAATACx-1,0.7494564771550275,0.25054390915926783
CATCAAGGTTGGTAAAx-1,0.7497406067564688,0.25025977889547685
CATCGGGAGCTGCCCAx-1,0.7504635005433642,0.2495368994177425
CATCAAGAGCTCAACTx-1,0.7060197103806332,0.2939806555574384
CCGGGATCAGCTGTATx-1,0.7569404780499467,0.24305994883849227
CCACCTACAGCAGTTTx-1,0.7520751168337602,0.2479252711168596
CCGTGGACAAGTCATCx-1,0.7576418799326646,0.24235853139812408
CCACTACAGCGCCTCAx-1,0.7582262410784645,0.24177416731821785
CCACGGATCTTGAGACx-1,0.7575817301089477,0.24241864256261725
CCCTCCTGTAGGGACTx-1,0.7569642648463761,0.24303613686581216
CCACGGAGTTGTTTGGx-1,0.692221824888487,0.3077785281834924
CCCTCCTAGTCACGCCx-1,0.7586432785931837,0.24135713185379715
CCCAATCAGCGTTGCCx-1,0.7575766050616636,0.2424237957459739
CCCATACTCGGTCTAAx-1,0.7467426577262237,0.25325781089420557
CCATTCGTCTCTTGATx-1,0.7580953829384683,0.24190503800529678
CCGGTAGAGGGAAACAx-1,0.7484655155663091,0.25153486147001747
CCCAATCAGTGAAGTTx-1,0.7578130326082949,0.24218738942589485
CCGTACTTCCGTACAAx-1,0.7534032289978881,0.24659714603493943
CCGGTAGGTGACAAATx-1,0.7582303917165087,0.24177000613100963
CCAGCGAAGCACACAGx-1,0.7564343777635663,0.24356602793173598
CCACCTACACAAGCCCx-1,0.75492438714875,0.24507599586586096
CCATTCGAGAAACCGCx-1,0.7556045839797275,0.2443958154363139
CCAGCGATCAACGGGAx-1,0.7517591339708823,0.24824124775471576
CCCAATCAGAAGGACAx-1,0.7586915167784493,0.24130888024559663
CCACTACCATACTACGx-1,0.738817537108552,0.2611828510261306
CCGTACTTCGCCAGCAx-1,0.75060777538029,0.24939259854370366
CCAGCGAAGCCAGGATx-1,0.7010450443447732,0.2989553285217821
CCGTACTCACAGAGGTx-1,0.7496844941976514,0.2503158963635717
CCACTACGTTAAGATGx-1,0.7049255527082725,0.29507478994517977
CCATGTCAGTAGCCGAx-1,0.7510412097895726,0.2489591948795194
CCCAATCAGATATGCAx-1,0.7500535482076152,0.24994675335510022
CCCAATCTCACCGTAAx-1,0.6285223045858086,0.37147801840246303
CCCTCCTGTAGAAAGGx-1,0.7583741047906567,0.24162630867967697
CCATTCGAGTATCGAAx-1,0.6924048922101349,0.3075954894454558
CCCATACGTAAGCACGx-1,0.7558001221408277,0.2442002806007284
CCACTACAGTTACGGGx-1,0.7478988108517426,0.2521015621355585
CCCAGTTTCACGATGTx-1,0.6945631281718314,0.30543724340005685
CCGTGGAAGTGTCCATx-1,0.6712058466764991,0.3287945092941494
CCATGTCGTGCACTTAx-1,0.7578544276786071,0.24214599962812763
CCCATACCATGAGCGAx-1,0.7494245535426763,0.2505758215798107
CCACTACGTGGTACAGx-1,0.6937317621246492,0.3062686138142326
CCGGGATAGAATGTTGx-1,0.7525501041128898,0.2474502678815787
CCAGCGAAGAAAGTGGx-1,0.7475932882019862,0.25240710114551557
CCCAATCTCTTGAGGTx-1,0.749985266588225,0.2500151133015723
CCGGTAGAGACAATACx-1,0.7546178123295428,0.24538258432328566
CCACGGATCTCAAGTGx-1,0.7547706094713245,0.2452297976631982
CCGGGATCATCGGTTAx-1,0.5879516627377002,0.41204864930966745
CCACTACAGCGTAGTGx-1,0.7049069758230166,0.2950933844889087
CCGGGATGTGTTGAGGx-1,0.7501291178936219,0.24987125366072385
CCCAATCTCTTGAGACx-1,0.752960530434187,0.24703985364213993
CCATGTCCATTACCTTx-1,0.712224980765764,0.2877753886589689
CCACCTACAAGTACCTx-1,0.7499079035712776,0.25009247635923026
CCACTACCAGCGTAAGx-1,0.7352669583749654,0.26473339251862843
CCACCTACATCACGTAx-1,0.7513135936156506,0.24868678653108828
CCGTGGAAGGTCATCTx-1,0.7502895220080307,0.24971084315013392
CCCATACTCTCGCTTGx-1,0.7542177627227994,0.24578265217252496
CCAGCGAGTCTCAACAx-1,0.6832107814244645,0.31678957853803136
CCCTCCTCACGGTAAGx-1,0.7502054670465192,0.24979492546375587
CCATGTCGTCAACTGTx-1,0.7486625110763793,0.2513378770023723
CCATGTCTCAACACTGx-1,0.7501153533066194,0.24988490841991537
CCCAGTTTCCGCGTTTx-1,0.0,1.0
CCAGCGAAGGCCCTTGx-1,0.6561720099997398,0.34382834714647786
CCATGTCTCAACTCTTx-1,0.750534153300872,0.24946616152062995
CCCTCCTCACGCCAGTx-1,0.7498753566541583,0.2501250344930219
CCCATACAGCACCGCTx-1,0.7527047988047633,0.24729561153283225
CCCAGTTGTTGGTGGAx-1,0.7495175588252708,0.2504828285374819
CCACTACAGGACCACAx-1,0.7514260526075077,0.2485743284081161
CCGGGATGTGCGATAGx-1,0.7544992694791574,0.2455011290343991
CCCATACTCATCTGTTx-1,0.7569044886505923,0.24309592180595066
CCGGGATCACAGATTCx-1,0.7493638793892806,0.2506365125026563
CCACCTACATACGCCGx-1,0.750604313584606,0.24939608072982936
CCACTACAGTACGCCCx-1,0.7527570785902326,0.2472433014999433
CCACTACTCTAACTTCx-1,0.75307556133943,0.24692481859208584
CCACGGAAGTGTTTGCx-1,0.7496743954854806,0.2503259952814404
CCCATACCACCAACCGx-1,0.7397597831199001,0.26024059999259136
CCGTGGACAGGATTGGx-1,0.7541599262980742,0.2458404812711083
CCCATACAGATCCCATx-1,0.7594669546766405,0.24053344260039197
CCATGTCTCTTGCCGTx-1,0.7560712753950662,0.24392911936478093
CCGGTAGTCTGTTGAGx-1,0.6645051642669867,0.3354952142867435
CCACGGACAGGTGCCTx-1,0.7556544945967067,0.24434586918062415
CCACGGACACAACTGTx-1,0.6658926421325922,0.3341077035716943
CCGGGATGTATGCTTGx-1,0.7522744143691459,0.2477259781118244
CCAGCGATCATAAAGGx-1,0.7503425301375793,0.24965786151895444
CCATTCGAGATCCTGTx-1,0.7516549373569731,0.2483454437705035
CCATTCGGTTTCGCTCx-1,0.757557356199507,0.24244305224708254
CCGGGATCATTCGACAx-1,0.647713216896485,0.352287134626406
CCGGTAGCACCATCCTx-1,0.7551533330502361,0.24484706994544875
CCCAGTTCATCTATGGx-1,0.7501770088186047,0.24982337703232252
CCAGCGACACTGAAGGx-1,0.7022547153038848,0.2977456539395422
CCACGGATCTTCATGTx-1,0.6084965954529776,0.39150373872296856
CCCAGTTAGAGGGATAx-1,0.7488076899949794,0.25119269483158124
CCCAATCAGAACAATCx-1,0.7501212236642925,0.24987913570649048
CCGTACTGTTCCATGAx-1,0.7511183722533357,0.2488820114877678
CCCTCCTCAGATGAGCx-1,0.6993272552539985,0.3006731193268937
CCGGGATGTACAAGTAx-1,0.7495219567741581,0.25047840780545244
CCGGTAGGTAGGAGTCx-1,0.7569338606354236,0.24306655549931283
CCCATACAGCTAGTGGx-1,0.7573511642522369,0.2426491854930879
CCCATACGTCGGCATCx-1,0.7494437093641285,0.2505566770310108
CCACTACTCGTACGGCx-1,0.6994839361506165,0.3005164376959764
CCCATACAGCCACGTCx-1,0.7110902702277516,0.28891010545728546
CCACGGATCAGCTTAGx-1,0.7502703422852918,0.24973004563119014
CCGTACTCATATGCTGx-1,0.7524673854297983,0.247532989237789
CCTACCATCGGAAACGx-1,0.7461147944250965,0.2538855780372423
CCTTTCTTCCGTTGCTx-1,0.7491045391828394,0.250895844911501
CCGTTCAGTCCTCTTGx-1,0.7466813146066732,0.25331907106273793
CCTTCCCTCCGCATCTx-1,0.7501607397649741,0.24983964654466453
CCTAAAGGTTAGGGTGx-1,0.7499665963197005,0.25003379532061654
CCTTCCCCACCGCTAGx-1,0.7538875611924749,0.24611282957551342
CCTTCGATCCTCCTAGx-1,0.7574429701227986,0.24255742551211112
CCTTTCTTCTACGAGTx-1,0.7493466763186857,0.25065370774509965
CCTTTCTAGATCACGGx-1,0.7519913120605122,0.24800908592823107
CCTTTCTCAGACGCCTx-1,0.7065267173261662,0.2934736388341152
CCTAGCTAGGTCGGATx-1,0.671810018013921,0.3281903344171863
CCTAGCTGTCCATCCTx-1,0.7493569252556405,0.25064346554968897
CCTTTCTGTCATCGGCx-1,0.6723092230234863,0.32769112504554293
CCTACACGTCTCCATCx-1,0.7015353794061473,0.2984649936143809
CCGTGGAGTGATGCCCx-1,0.747454675051392,0.252545712872524
CCTTCGATCTCTAAGGx-1,0.7498243449574804,0.2501760489720889
CCTAGCTGTGTTCTTTx-1,0.7497838833104826,0.25021651762812946
CCTACACCAAATACAGx-1,0.7504957635172249,0.24950461049564754
CCTACACAGCACCGCTx-1,0.7484115110566975,0.2515888841023875
CCGTGGATCTGTTGAGx-1,0.7573421155398055,0.24265830360467058
CCGTGGAGTAACGCGAx-1,0.7575214447381151,0.24247897765923898
CCGTTCAGTATATGGAx-1,0.7533731065580223,0.24662727437944942
CCGTTCATCATAGCACx-1,0.7487178980870635,0.2512824827483967
CCTAAAGCATCGATTGx-1,0.7490321949877424,0.2509682229444818
CCTCTGATCATCGGATx-1,0.758676521390585,0.24132387741667755
CCTTCCCGTTAAAGACx-1,0.7493996992865107,0.2506006864450054
CCTATTAGTCCGAACCx-1,0.751124288084144,0.24887609986958648
CCTTCGACATATACGCx-1,0.7492824885339885,0.25071790607155964
CCTACCAAGACACTAAx-1,0.7523481755622696,0.24765224175771455
CCTATTACACGTTGGCx-1,0.7583345624207641,0.24166583149933396
CCTTCCCGTGTCCTCTx-1,0.7536709068850479,0.2463294649202236
CCTCTGACATGCCTTCx-1,0.7143931168873126,0.2856073256148161
CCTTACGCATAGTAAGx-1,0.7223507895543891,0.27764959407178796
CCTCAGTTCTGATACGx-1,0.6982134307696756,0.3017869469996971
CCTAAAGTCTGCGACGx-1,0.7549084546124909,0.24509195242401902
CCTCTGATCGCTAGCGx-1,0.7585576121993964,0.241442790523404
CCTTTCTCATGTCTCCx-1,0.7478197439805576,0.25218065430527026
CCTCAGTTCTACTTACx-1,0.7493310735361612,0.2506693101953129
CCTAGCTAGAAGAAGCx-1,0.758014030805417,0.24198638257294958
CGAACATAGAACTGTAx-1,0.7589447073260275,0.2410557067399722
CCTAGCTTCAGATAAGx-1,0.7563759616117068,0.2436244406623457
CCTAGCTAGTAGCGGTx-1,0.7506104034488513,0.24938997247785694
CCTCTGATCAACGAAAx-1,0.7515852470829073,0.24841515058257777
CCTTACGAGGACATTAx-1,0.7503316567191461,0.24966873299557402
CCTTCGAGTTACGACTx-1,0.7498735244909774,0.25012686536849804
CCTAGCTGTGTGGTTTx-1,0.750215067689779,0.24978531584985036
CCTATTAGTAGCGCAAx-1,0.7504893490463764,0.24951103702470437
CCTACACCATGTAAGAx-1,0.7585475895304068,0.24145282739748547
CCTATTAGTAAGGGCTx-1,0.7546653718712953,0.24533504526866337
CCGTTCATCACAGTACx-1,0.7573514129937309,0.24264898877733368
CCTATTAGTAAATACGx-1,0.7047112500740312,0.29528913330043194
CCGTTCAGTAATCGTCx-1,0.7559187306782905,0.24408164512906266
CCTACCAAGAGGTAGAx-1,0.7494981109288358,0.25050228072127406
CCTTCCCAGCCACCTGx-1,0.7545870043186047,0.24541341118305401
CCTATTACATATGAGAx-1,0.7496610287128058,0.2503393461373228
CCTCTGATCGCATGGCx-1,0.7064815114635259,0.2935187519730281
CCTTACGTCAACACCAx-1,0.755320270445959,0.24468012361461516
CCTACCACAAACGTGGx-1,0.7446223318253966,0.25537805272825376
CCTAGCTCAATCCAACx-1,0.7562768197866477,0.24372358294180982
CCGTTCAGTCCGCTGAx-1,0.7531003241579765,0.2469000748620452
CCTAGCTTCTACTTACx-1,0.7524612678522886,0.24753912347909118
CCTTACGTCTTGCATTx-1,0.7530972368294017,0.24690311295963352
CCTAGCTCACAGGTTTx-1,0.7369631810796872,0.2630372047863019
CGAACATAGCCAGAACx-1,0.7540518718259662,0.24594852603767692
CCTCAGTTCTTGTATCx-1,0.70575876379121,0.2942415883062339
CCTACCATCAGAGCTTx-1,0.7597153600289535,0.24028503437414914
CCTAAAGGTTCAGACTx-1,0.7532680415425203,0.2467323534480774
CCGTTCATCGTTTATCx-1,0.7489397351539953,0.251060657879546
CCTATTAGTCAGAATAx-1,0.7583628667314237,0.24163754668331738
CCTACACAGAAAGTGGx-1,0.755544842521974,0.2444555336652449
CCTTCCCTCCTGTAGAx-1,0.4950894069890853,0.5049108623157407
CCTCTGATCCTAGGGCx-1,0.6991942948501128,0.30080606716020686
CCGTGGAGTTCCTCCAx-1,0.7528719488039225,0.24712843760114828
CCTACACGTTAAGGGCx-1,0.7566958166131439,0.24330459289139758
CCTTCGACACAGAGGTx-1,0.754887726303315,0.24511266218102415
CCGTTCACACGCGAAAx-1,0.750183008047173,0.24981737251109223
CCTTCCCAGAATGTGTx-1,0.7502004661585792,0.2497999243042372
CCTTCCCTCGAGAGCAx-1,0.7610286529407201,0.23897175122508388
CCTTTCTTCTTCGGTCx-1,0.6470679082447834,0.3529324178758165
CCTTCGACAAGGTGTGx-1,0.7502178485969064,0.24978255133624022
CCTACACAGTTAGCGGx-1,0.7586645356008113,0.24133587156398642
CCTAAAGCAATAAGCAx-1,0.749856238708336,0.25014414283303016
CCTCTGACAAATCCGTx-1,0.7494966499801713,0.25050372388367254
CCTCTGAAGCTGCGAAx-1,0.750651261087601,0.2493491308863393
CCTACCAAGGATGGAAx-1,0.7504772644201756,0.24952311249089495
CCTAAAGAGCTGAACGx-1,0.7568947874119993,0.2431056130851263
CCTACACAGAGTGACCx-1,0.7597460065259454,0.2402543849369893
CCTACACCACGGTGTCx-1,0.7489497558833702,0.25105063061182487
CCGTTCATCATATCGGx-1,0.7541434991384551,0.24585688548294196
CCTCAGTAGCTGAAATx-1,0.7495868158194726,0.25041356980298135
CCTTCGAAGGACACCAx-1,0.7490222499813987,0.2509781514348641
CCTTTCTTCCTAGGGCx-1,0.7493650851406305,0.250635302586589
CCTTCCCAGCACCGCTx-1,0.7483474649434911,0.2516529186383333
CGAACATGTCCTCCATx-1,0.7524772547009199,0.24752312782495126
CGCCAAGTCCCTCTTTx-1,0.7486764277687876,0.25132396414305913
CGCGGTAGTGTCGCTGx-1,0.7581292553461509,0.24187113730321735
CGAGCACAGACTGTAAx-1,0.7490573126360989,0.250943062092316
CGAATGTCAGTGGAGTx-1,0.7580635435459065,0.24193687550029339
CGAATGTGTGAGGGTTx-1,0.753889404771566,0.24611098701730535
CGATGGCGTCGTGGCTx-1,0.757504648733613,0.24249576932980527
CGAGCACTCCACTGGGx-1,0.7480995914210601,0.2519007868781586
CGCGTTTCAGCGATCCx-1,0.7578801119220878,0.24212028637179184
CGATCGGTCGTCCAGGx-1,0.7541817782189648,0.24581864009388107
CGATGGCTCATAGCACx-1,0.749324690971606,0.25067569705199705
CGCCAAGCAGGCAGTAx-1,0.7023025067405776,0.29769786834900397
CGATGGCAGAATTCCCx-1,0.7554599744293485,0.24454043378579818
CGAACATAGCTTATCGx-1,0.7066408469295349,0.2933595280179909
CGATGTAAGCTAGTGGx-1,0.617641127026557,0.38235920467298357
CGAGCACGTCCAGTATx-1,0.7052730550389735,0.29472728617446364
CGATCGGTCTGTGCAAx-1,0.6824383663533345,0.31756201202522527
CGAGCACAGAAGGCCTx-1,0.7500551353455792,0.24994525083659017
CGAGCCAAGCTAGGCAx-1,0.7559870489490736,0.2440133569921563
CGAGCACCAGTAAGATx-1,0.7580907724325538,0.2419096503898059
CGACCTTTCACATACGx-1,0.7511685702996156,0.2488317973204473
CGATGTACATTACCTTx-1,0.7570274328475561,0.24297297868346673
CGCGGTAGTCACCTAAx-1,0.7527792260207005,0.24722114372739123
CGCGTTTAGATGTGGCx-1,0.7494221260121193,0.2505782464789225
CGCCAAGAGGAGCGTTx-1,0.7484816241777051,0.251518762261481
CGCGGTAAGCGAGAAAx-1,0.7500839952844952,0.2499163921184938
CGCGTTTGTATTCGTGx-1,0.6128498143318882,0.3871505335720738
CGAACATCAATAAGCAx-1,0.7482716861874606,0.25172871119878537
CGACTTCGTGGCAAACx-1,0.7530202557055686,0.24698013703548485
CGAGCACGTTCCGTCTx-1,0.7575537969467322,0.2424466177878883
CGATGGCGTCAGATAAx-1,0.7011584960918865,0.29884188372805204
CGCGTTTTCCACTGGGx-1,0.7501886530343564,0.2498117291409223
CGCGGTACATCCCATCx-1,0.7497564759472374,0.25024389890504445
CGCGGTAGTTCCTCCAx-1,0.7520001844976997,0.24800019425722153
CGAATGTGTGAAGGCTx-1,0.7005645241519471,0.29943584870177953
CGATGGCCAGTTAACCx-1,0.565389493696454,0.4346108264199502
CGCGTTTAGGGTTTCTx-1,0.7500567100193648,0.24994366446283323
CGAGCCACAATCTACGx-1,0.6778291797990746,0.32217117563570896
CGAGAAGAGGACAGAAx-1,0.751177300730876,0.2488230810790895
CGATTGATCCATGAGTx-1,0.7499531926225993,0.25004717663160647
CGAACATAGCCATCGCx-1,0.7494529663808117,0.2505474103912914
CGCCAAGTCGGCCGATx-1,0.7484742760248208,0.2515261090893764
CGAATGTAGGCTAGGTx-1,0.7500790775900781,0.24992131257185657
CGCCAAGTCAAAGTAGx-1,0.6967662786150756,0.3032340942051584
CGCCAAGGTCCGAACCx-1,0.7582260410297836,0.2417743808694749
CGCGTTTCACGCTTTCx-1,0.6302522208192046,0.3697481191705471
CGAGAAGTCTGCTGTCx-1,0.7567624443727771,0.24323797519183785
CGAACATCATACTACGx-1,0.7587488895736372,0.24125148831958693
CGCCAAGAGAGAGCTCx-1,0.7503654248178424,0.24963497124849546
CGAACATAGGTGCTTTx-1,0.757838121699768,0.24216228835177545
CGAACATGTGACGCCTx-1,0.7033188949458296,0.29668147835799424
CGATGGCTCCTTTCTCx-1,0.7401008925636016,0.25989944269497484
CGATGGCGTCAGAAGCx-1,0.7585938436408288,0.2414065559143767
CGACTTCCAAGCCCACx-1,0.7494840987568631,0.2505162912138299
CGACCTTTCCGCATAAx-1,0.6795796754250188,0.3204206934283086
CGCTATCAGGGTATCGx-1,0.7497405122290384,0.2502598764801078
CGCCAAGTCTTGAGACx-1,0.7505660653587016,0.24943431155599444
CGCTATCAGTAGTGCGx-1,0.7581172338930044,0.2418831868750348
CGAATGTTCTCAACTTx-1,0.7567809188249112,0.24321947315482997
CGAGAAGAGAAACCGCx-1,0.7462476680706788,0.2537527976384191
CGAGAAGTCTGGTATGx-1,0.7578658330700937,0.24213456968099492
CGATTGAGTGACTACTx-1,0.7493903192350552,0.25061004033699846
CGAGCCATCCAATGGTx-1,0.7589379644139816,0.24106244865463206
CGCCAAGCAGCTGGCTx-1,0.7498254369968872,0.2501749403270531
CGAGCCAAGATGGGTCx-1,0.7541158126832157,0.24588458072122163
CGATGGCGTCTAGCCGx-1,0.7547355536649443,0.2452648599861991
CGATGTACATTGAGCTx-1,0.7565283655181558,0.24347205714822534
CGCGGTATCGTGACATx-1,0.7592252777420634,0.24077509244119266
CGACTTCAGGGTTTCTx-1,0.7567125534664156,0.24328785005456466
CGAGCACAGTGAACGCx-1,0.7582291169093254,0.24177130556383583
CGATGGCTCAGTCCCTx-1,0.7580768972860393,0.24192350729495804
CGAGCACGTCCGTGACx-1,0.7497777098503571,0.250222680785224
CGCGTTTAGTCGATAAx-1,0.5986008115678267,0.40139949831285765
CGAATGTGTATTCTCTx-1,0.7492260931275538,0.25077424841630264
CGCTATCAGGAGTCTGx-1,0.7500318545657197,0.24996853787583492
CGATTGACAACTGGCCx-1,0.7492630777567085,0.25073729837204284
CGAACATGTACAGTGGx-1,0.7504996286740706,0.24950076724778922
CGATGTATCATCTGTTx-1,0.70167947211228,0.2983209086997952
CGCCAAGGTCTCCCTAx-1,0.7530897184994245,0.24691068841650377
CGAGCACTCAGGCGAAx-1,0.7506319180356316,0.2493684717033962
CGAGAAGTCGCTTAGAx-1,0.7581222157058435,0.2418781903178307
CGAATGTCATACTACGx-1,0.7569769949574541,0.24302340848087806
CGATCGGCAGCTCGACx-1,0.7486012656218946,0.2513991144720979
CGAACATGTAGGCATGx-1,0.7509147587009716,0.24908563703991482
CGCCAAGTCACCGTAAx-1,0.7132148475957619,0.286785534329332
CGCGGTATCACATGCAx-1,0.7578695745793046,0.24213083695923363
CGACCTTAGACGCTTTx-1,0.7495543901042797,0.25044599853818666
CGAGAAGTCAAAGTAGx-1,0.7579055414937702,0.24209485988030535
CGAGAAGTCACCATAGx-1,0.7489413995529165,0.2510589704178439
CGATGTATCCCTGACTx-1,0.7511065989384956,0.24889378409701043
CGATGTATCTTGTCATx-1,0.7511579814718314,0.2488424087610538
CGAGAAGTCAGTCCCTx-1,0.7530719047792498,0.24692847476886598
CGATGTAGTATTACCGx-1,0.7490788474834583,0.2509215322714214
CGAGAAGCAGTAGAGCx-1,0.6348321901536188,0.36516815417467313
CGATGGCAGTCGTACTx-1,0.6156766930138978,0.3843236372800534
CGACTTCCATCCCATCx-1,0.7504246543844777,0.24957574183305156
CGAACATTCGCATGATx-1,0.749973844990375,0.2500265448904577
CGGCTAGTCCTGTACCx-1,0.5524415881632673,0.44755870333917186
CGGTTAACAGCTGCTGx-1,0.7494348702147133,0.25056551986467207
CGCTGGAAGATCCCGCx-1,0.750974069521734,0.24902633650199846
CGGCTAGGTCTCCCTAx-1,0.7571672062081877,0.24283320054690868
CGGAGCTGTGGTAACGx-1,0.756487994832405,0.24351240683968634
CGCTGGATCAGCTTAGx-1,0.7575330972530442,0.24246729459903185
CGCTTCACATAGAAACx-1,0.7586901628758296,0.24131021955280207
CGGACTGTCGAATCCAx-1,0.7590350252116169,0.24096538020441427
CGTAGCGAGCCCAACCx-1,0.7547686886492837,0.24523170454077656
CGCTTCAGTAGGCATGx-1,0.7557447581719005,0.24425564489137006
CGCTATCTCGGAGCAAx-1,0.7075454189186099,0.29245494517328974
CGGAGCTTCTTAACCTx-1,0.6114798470101148,0.3885204755310311
CGGGTCAGTAGCGTAGx-1,0.7596488057910157,0.240351593145783
CGGACTGTCTCCTATAx-1,0.7505350173134777,0.24946535472118309
CGGACTGCAATAGCAAx-1,0.7580749313331029,0.24192547514655904
CGGCTAGAGCAGATCGx-1,0.7501211320522542,0.24987926040608693
CGGGTCAAGAGGACGGx-1,0.753098322488179,0.24690210074983543
CGGCTAGAGTTGAGATx-1,0.7099376071479859,0.2900627729957582
CGGTTAACATTTCAGGx-1,0.7514035378981133,0.24859685724447783
CGGAGCTAGCGTCAAGx-1,0.708569578319023,0.2914307626131329
CGGACGTAGCGATAGCx-1,0.7586557891527848,0.24134461130156282
CGGACTGTCGCCTGAGx-1,0.7567414491659142,0.24325895868993297
CGGACACGTAGCTGCCx-1,0.7581547645128356,0.2418456533290302
CGGAGTCAGTCGCCGTx-1,0.758504862821793,0.24149555069169334
CGGTTAAGTGTTCGATx-1,0.7496170729876198,0.25038328696401657
CGCTGGACATGGGACAx-1,0.7560383258132006,0.2439620892887814
CGCTTCAGTGGTTTCAx-1,0.759595254663448,0.24040515011155045
CGGGTCAGTGGTCTCGx-1,0.7528670688555471,0.24713333800674436
CGGAGTCCACCAGGTCx-1,0.758183850549831,0.24181654853876025
CGGCTAGGTTGTACACx-1,0.755387306477664,0.24461308636072546
CGGAGTCGTCACTTCCx-1,0.7528069401811501,0.2471934469009493
CGGAGCTGTGATGTCTx-1,0.7564775095663449,0.24352290730161952
CGGACTGTCCGTAGGCx-1,0.7576458975757688,0.24235449829756825
CGTAGCGCATATACGCx-1,0.7494851569709774,0.2505149922724276
CGCTTCACAGTCCTTCx-1,0.7497851901002841,0.2502152036674324
CGGACTGAGTGGGCTAx-1,0.7558569143900602,0.24414349526995444
CGGACGTAGCCAACAGx-1,0.758353376795559,0.24164701949494705
CGCTTCAGTCATGCATx-1,0.757317772212837,0.2426826401395239
CGGAGTCCACGGCCATx-1,0.6865103896358882,0.3134899860269707
CGCTTCAGTGGTCTCGx-1,0.7572382504232197,0.24276216594426123
CGTAGCGCATCCTAGAx-1,0.7582780454327767,0.24172236796297894
CGGACTGTCGCCGTGAx-1,0.7579724729636855,0.2420279398839698
CGCTGGACATTACCTTx-1,0.7498427283495276,0.2501576656701714
CGCTTCATCGTCGTTCx-1,0.7555264118204931,0.24447396059500937
CGGCTAGAGTTACCCAx-1,0.7503751272721145,0.2496252426010725
CGGACACTCGGCGGTTx-1,0.7552261700802892,0.24477420734616992
CGCTATCCATAAGACAx-1,0.755842316969869,0.24415808279200346
CGGAGCTAGCGTTCCGx-1,0.7580794786772411,0.2419209240166169
CGGGTCAGTTTGACTGx-1,0.7543237320845193,0.24567662293724993
CGCTATCTCCACGACGx-1,0.7478167806002518,0.2521836165208633
CGGACGTGTCTCCCTAx-1,0.7020402342866,0.29796009992854744
CGGAGCTGTTGCGTTAx-1,0.7494012355580815,0.25059915127541166
CGGACACTCCAGTATGx-1,0.757432800190787,0.24256761399226243
CGGAGCTTCACTCTTAx-1,0.7525996246990878,0.24740077029769553
CGGCTAGTCCGAGCCAx-1,0.7522868327911466,0.24771355305898257
CGGGTCATCCTAGGGCx-1,0.6990327712685543,0.3009676111906453
CGCTTCAAGGCAATTAx-1,0.750032520810254,0.2499678704082232
CGCTGGACATGCTAGTx-1,0.7551833995818177,0.24481697058025803
CGTAGCGCAGGAATGCx-1,0.7578697053833312,0.24213071412756534
CGGCTAGCAGTCAGCCx-1,0.7571726209391609,0.24282778396685878
CGGTTAAAGGACACCAx-1,0.7500857566501886,0.2499146172225919
CGGCTAGGTCGCGTGTx-1,0.757253600956347,0.2427468004525671
CGGAGCTGTTATCACGx-1,0.7541914816810054,0.2458089119825444
CGGGTCATCCCTTGCAx-1,0.7097365479552296,0.29026384296189756
CGCTGGACACATCCGGx-1,0.7550003787925362,0.24500000228171803
CGGAGCTAGTTCGCATx-1,0.7028731365534773,0.29712725069405177
CGGGTCACAATGGACGx-1,0.751415891873757,0.2485844995861054
CGGAGCTTCTTGTATCx-1,0.7521141681976232,0.24788622910726266
CGGTTAATCGAGCCCAx-1,0.7572218237121601,0.24277859063309862
CGTAGCGCATGCCTAAx-1,0.703672701276451,0.2963276748463709
CGCTGGACACCTGGTGx-1,0.7562711575853008,0.24372927275586462
CGGTTAAGTGTGAAATx-1,0.756935778296531,0.24306462783423438
CGCTTCAAGGCGTACAx-1,0.7492266142368281,0.25077377278414625
CGGGTCAAGAAGGCCTx-1,0.7565945813206122,0.24340583799560647
CGGTTAATCGAGGTAGx-1,0.5029572564624216,0.49704302383754484
CGGAGCTCAGCTGTTAx-1,0.7534199198819723,0.24658047694498852
CGCTATCCACAGCGTCx-1,0.7498789488945787,0.2501213876150906
CGGACACAGGGCTTCCx-1,0.7493840077350002,0.25061638378602946
CGGGTCAGTTATTCTCx-1,0.6131277101511132,0.386872628140093
CGGACTGGTCGAACAGx-1,0.7531114453268951,0.24688894996088867
CGGAGCTAGTGGACGTx-1,0.7495754337205301,0.2504249105095789
CGGCTAGTCACATGCAx-1,0.7593916330843867,0.240608762215457
CGGTTAAGTCTCCACTx-1,0.7552378315451316,0.24476256949220013
CGCTGGATCATTATCCx-1,0.6951740951682344,0.30482627826552006
CGGCTAGCACGCATCGx-1,0.748127283105634,0.2518730919714697
CGCTATCCACTTCGAAx-1,0.7499060148146229,0.2500943881517267
CGGGTCATCAGCTCTCx-1,0.7000724243224852,0.2999279414465657
CGGAGCTGTACCATCAx-1,0.7582992494672431,0.24170118972007162
CGGACTGGTATGAATGx-1,0.752839287735798,0.24716110525473978
CGGGTCATCCTCATTAx-1,0.6884543510325706,0.31154596672792073
CGGTTAAAGATACACAx-1,0.7515923731441283,0.2484080014499078
CGTAGCGGTCACTGGCx-1,0.7579195228518628,0.24208088883872797
CGTTGGGGTACTTAGCx-1,0.7499237107825073,0.25007668980591324
CTACACCTCCCTGACTx-1,0.7507770484932965,0.24922332723984866
CTACACCCACATCCAAx-1,0.7028066841056144,0.29719368547247427
CGTCCATGTGGTCTCGx-1,0.7578412227961119,0.2421592022280431
CTAATGGGTAGCACGAx-1,0.7497573198963999,0.2502430525471742
CTAAGACAGTACGTTCx-1,0.7486314807000213,0.25136889758191544
CGTTCTGCATCAGTACx-1,0.7596775224028459,0.24032285792175886
CGTAGCGTCCCTTGCAx-1,0.7531894534087448,0.24681092419095693
CGTCAGGCATTGTGCAx-1,0.7494758108186211,0.2505245677498029
CGTTCTGCAGCTATTGx-1,0.7502192299973565,0.24978114124056225
CGTGTAATCAAACAAGx-1,0.7496709486286061,0.2503294376709588
CTAATGGTCCTTGACCx-1,0.7566771200691096,0.24332327600041023
CGTCTACAGAGGTAGAx-1,0.7490897442989229,0.2509106489388151
CTACACCGTCACAAGGx-1,0.7575612789560657,0.2424391356493958
CGTTCTGCAAGTTAAGx-1,0.0,1.0
CGTCACTCAGTTAACCx-1,0.750920269355259,0.2490801200510193
CTACACCAGAGTACCGx-1,0.753741569031984,0.24625884606984103
CGTTCTGCACCACGTGx-1,0.7536440078562684,0.24635638167215115
CGTAGGCTCATCACCCx-1,0.7308293936615694,0.269170835730936
CGTCCATTCCGCGGTAx-1,0.7514737901212751,0.24852659333939892
CTAAGACTCTCCTATAx-1,0.6744439190283729,0.32555644540049516
CGTGTCTTCCTGTAGAx-1,0.7509428097106636,0.2490575858535734
CTAAGACAGAAGCCCAx-1,0.7548113625540552,0.2451890339284207
CGTCAGGAGTCGTTTGx-1,0.7513376820142585,0.2486626959276713
CGTCCATCATCGGTTAx-1,0.7573843962712773,0.24261601963963808
CGTCTACAGAAACCGCx-1,0.7526499786737546,0.2473504212506246
CGTTAGAAGTGACTCTx-1,0.7460445845124652,0.2539557913932961
CTAATGGTCAGGCGAAx-1,0.6962157807709353,0.30378459431323884
CTAATGGGTTGGTTTGx-1,0.7493735745221322,0.25062681507921886
CGTCTACGTACTCAACx-1,0.7019452680131929,0.29805511767311016
CGTTGGGAGAGACTTAx-1,0.7486582519427515,0.25134208467651686
CTAACTTCACCGAAAGx-1,0.7513638953869224,0.24863646627375413
CGTCAGGAGTCCGGTCx-1,0.7576589701776131,0.24234143965801055
CGTTGGGCATGCTAGTx-1,0.7496106599014103,0.2503897171811457
CGTCCATGTCTCAACAx-1,0.7568665547549531,0.2431338385900608
CGTCCATAGTTCCACAx-1,0.7498470490325602,0.25015333201781614
CGTTGGGTCCCTCTTTx-1,0.7494174384678891,0.25058294315980884
CTAATGGTCGAATGCTx-1,0.7497723686364633,0.25022801067562417
CGTGTAACACGTAAGGx-1,0.7504073435854969,0.24959305102286095
CGTAGGCGTCACCCAGx-1,0.75604027248037,0.24396009266151772
CGTTGGGAGTAGGTGCx-1,0.7551877760038591,0.2448126247215214
CGTCTACCACATGGGAx-1,0.7569402621291953,0.2430602041089952
CTAACTTAGTTGCAGGx-1,0.7032462203257654,0.29675413796007943
CGTTAGAAGGATGGTCx-1,0.711221715335982,0.2887786598381808
CGTCCATGTTGGACCCx-1,0.7499115589051623,0.2500888211108866
CTAACTTAGAAGGGTAx-1,0.7027992802045466,0.2972011013082368
CGTGTCTGTAGAGGAAx-1,0.7576753239712841,0.2423250925008872
CGTGTCTTCTGCGGCAx-1,0.56572811581705,0.4342722341763918
CGTGAGCTCTTGGGTAx-1,0.7544191141929156,0.24558126346738393
CGTCCATCAGACAAGCx-1,0.7525705210847474,0.24742988790092196
CGTAGGCCATACGCTAx-1,0.754169615546956,0.2458307814461124
CGTGTAAAGGCCGAATx-1,0.7561467412323647,0.2438536584308172
CTAACTTCAGTCGTGCx-1,0.7493174787972798,0.2506829068280124
CTAATGGAGGTGGGTTx-1,0.7420998593669552,0.25790053627865767
CGTTAGAGTGTGAATAx-1,0.7507136874398121,0.24928670200943714
CTACACCTCCGAAGAGx-1,0.7572321543768425,0.2427682528222272
CGTGAGCCAGTACACTx-1,0.7535241567260839,0.24647619748727595
CGTGTAACATGCAATCx-1,0.7539703366211027,0.2460300594685649
CGTTGGGCATGGATGGx-1,0.5633164537993706,0.4366839048693
CGTAGGCAGCGTAGTGx-1,0.6165424434312069,0.3834578626060923
CGTTCTGTCAGCAACTx-1,0.7577446177574764,0.24225575438911215
CGTTGGGCATAGAAACx-1,0.659577058709975,0.3404233015619097
CGTCCATCACCTATCCx-1,0.7500415414551174,0.24995883953507828
CGTCCATAGATGTCGGx-1,0.7493162344864075,0.2506839462058678
CGTTAGACACGGCGTTx-1,0.7482106539221203,0.25178972863543503
CTACACCGTACAGTTCx-1,0.7515212124959408,0.24847916736656228
CGTAGCGGTGTGCGTCx-1,0.7049223012880655,0.29507807043384565
CGTTGGGAGACGCAACx-1,0.7532195196516885,0.24678086682430717
CGTAGGCTCCAGTAGTx-1,0.7550766989710906,0.2449236817866171
CGTCCATTCCAAACACx-1,0.7543137940870598,0.24568659714790433
CGTGTCTCAGAGTGTGx-1,0.7547828601237915,0.2452176024570491
CGTCCATTCAGCATGTx-1,0.754981233254053,0.24501914444756812
CGTTAGAAGTCGATAAx-1,0.7577400052476196,0.24226040213566935
CTAAGACCATGCCTTCx-1,0.7527206937243001,0.2472797124470556
CTAAGACGTTATTCTCx-1,0.7519334639316833,0.2480669146232799
CGTCACTGTCTTGCGGx-1,0.7495832565871544,0.2504171379597575
CGTAGGCAGTCTCAACx-1,0.7579840734987237,0.2420163431224418
CGTGTCTAGATGCGACx-1,0.7515424991663439,0.24845787877724443
CTAATGGCATGATCCAx-1,0.7497037578831763,0.25029663112363515
CGTTCTGCACGGTAGAx-1,0.7509018196057793,0.24909852757071035
CGTGTAAAGGGAGTAAx-1,0.7561545992067434,0.243845783730116
CGTTCTGCATTAGGCTx-1,0.7506772829664146,0.24932310058257223
CTACACCTCAACACTGx-1,0.754080025678725,0.2459203558759535
CGTAGGCCACGTCTCTx-1,0.7079847462614309,0.29201563942261416
CTACACCCAAGTCTGTx-1,0.7497786180199891,0.2502217625715071
CTAACTTTCCCGACTTx-1,0.7538548873072936,0.24614552420613295
CTAATGGCACGCTTTCx-1,0.7462358486731357,0.2537645182317274
CGTTAGATCCCAACGGx-1,0.74123567232369,0.2587647273107733
CGTTCTGGTGGAAAGAx-1,0.7581831113536369,0.24181732804974293
CGTAGGCTCTTCGAGAx-1,0.7529132668105497,0.2470871137413154
CTAATGGGTCCGAGTCx-1,0.7546353566313375,0.24536502192098042
CGTCCATTCAGCGACCx-1,0.7555726218515088,0.24442777665496157
CGTAGCGTCTGGTGTAx-1,0.7537113128434563,0.24628907329190983
CTAACTTGTATGAAACx-1,0.7490884625191527,0.25091192271713597
CTAACTTCATTGGCGCx-1,0.7114859019632833,0.28851446974704237
CGTGTAATCATTTGGGx-1,0.6890000097052434,0.3110003617419642
CGTCACTAGCAGACTGx-1,0.7600665246518166,0.23993389216928432
CGTAGGCTCCCAAGTAx-1,0.749333897132404,0.2506664968966013
CGTGTAATCTCGTTTAx-1,0.6043528401744579,0.39564748883131856
CTACGTCAGCCAGGATx-1,0.7496722090541905,0.25032817871941065
CTCACACGTCTAAACCx-1,0.7553212599875367,0.2446791224472229
CTCATTAAGTCTTGCAx-1,0.6509045406419567,0.3490958288935276
CTACCCAGTTAAGGGCx-1,0.749317816917702,0.2506825793753219
CTAGAGTCATTAGCCAx-1,0.7546018173087778,0.245398581472262
CTCACACCAGCGTCCAx-1,0.7499251540105228,0.2500752122293808
CTCGGAGCAATGGTCTx-1,0.750704677632771,0.24929570453960337
CTCACACCATAACCTGx-1,0.7032778464031617,0.296722524946102
CTCGAAATCAGCGACCx-1,0.7580369990972543,0.24196342219544859
CTCGAAAAGAAGATTCx-1,0.7486242941232382,0.251376076381063
CTCGAAAGTGGTAACGx-1,0.7574985326612975,0.242501881612301
CTAGCCTAGCGATATAx-1,0.7586809347961595,0.2413194693363925
CTCAGAAGTTAGAACAx-1,0.7555502175325876,0.24445017887043838
CTCAGAAGTTCAGTACx-1,0.7098168055138726,0.29018348761788354
CTACCCAGTAAGAGAGx-1,0.7573304600266766,0.24266996979479907
CTACCCATCGAATGGGx-1,0.7572052723751839,0.24279513779670664
CTCGAGGCAGGGATTGx-1,0.7499218437793816,0.250078531954399
CTCATTACAGCAGTTTx-1,0.7495856690764883,0.2504146961433741
CTCCTAGCAGTTCCCTx-1,0.7480217853607417,0.2519786054865447
CTAGTGACATCAGTACx-1,0.750138110597669,0.24986227190781543
CTCGAAAGTTTACTCTx-1,0.7493560142797041,0.2506443747768433
CTAGTGAGTTGCCTCTx-1,0.7468360912983666,0.2531642837302331
CTAGCCTAGGCGTACAx-1,0.696393412320729,0.3036069645337167
CTCAGAAAGAGGGCTTx-1,0.7571733913989226,0.24282700986557842
CTAGTGAGTCACTTCCx-1,0.7564111180818315,0.24358929121249237
CTCACACTCGAGGTAGx-1,0.7577864725762492,0.24221393418623008
CTCATTACACAACTGTx-1,0.7347729899768863,0.2652275431112898
CTCGAAAGTCTAAAGAx-1,0.7509457620972578,0.24905462896465114
CTAGTGAAGCTAGTTCx-1,0.7567671275033173,0.2432332824275067
CTCGAAACAGTTTACGx-1,0.7445603592863316,0.2554400308187363
CTCACACGTCACCTAAx-1,0.7582740668042531,0.2417263456840189
CTCGAGGCATGGTCATx-1,0.7380468591436871,0.26195352292444435
CTCGAGGGTATGAATGx-1,0.749124773071719,0.2508756091632397
CTAGCCTGTATCTGCAx-1,0.7498482719828888,0.25015211168185725
CTCCTAGTCATCTGTTx-1,0.7507171478704131,0.24928324764010304
CTACCCATCGAATGCTx-1,0.7582548828456255,0.24174551971614774
CTCCTAGGTGTGTGCCx-1,0.7517534544752928,0.24824692469791745
CTCGAAAGTTTGGGCCx-1,0.7498194499877257,0.25018094223214066
CTACCCACAGCGTTCGx-1,0.6673559334405331,0.3326444398546669
CTCAGAAAGTACGTTCx-1,0.7558522810939019,0.24414816551868707
CTCGAAACAAGCGATGx-1,0.7514192416853394,0.24858115874065004
CTAGTGAGTCTAACGTx-1,0.7100830818022831,0.28991730334883303
CTCAGAAGTATGAAACx-1,0.7498629527845833,0.2501374369111127
CTAGAGTCAAGTTGTCx-1,0.749525826414907,0.2504745571986102
CTACGTCAGATCACGGx-1,0.7500715650593991,0.24992880788119207
CTCGAGGGTAGATTAGx-1,0.7511650135760644,0.2488353729079102
CTAGAGTTCGCTAGCGx-1,0.7039710179568114,0.29602935468887215
CTAGAGTGTATCACCAx-1,0.7480278728485759,0.2519725126124525
CTAGTGAAGATCCCGCx-1,0.6984052633869667,0.3015951080959974
CTCGAGGCACCTCGTTx-1,0.6730741698101652,0.32692618899287673
CTCACACGTTAAAGACx-1,0.7144276694147462,0.2855726382146213
CTCGAAAAGTCCTCCTx-1,0.7508682687971302,0.2491321150245192
CTAGAGTGTACATCCAx-1,0.7505031418708651,0.2494972463197952
CTCACACAGTATGACAx-1,0.7467875792858104,0.2532127998045759
CTCACACCACAGTCGCx-1,0.7437584914549961,0.25624188940578285
CTAGTGAAGACCTAGGx-1,0.7497643714704911,0.2502360198245867
CTCAGAAGTGTAACGGx-1,0.7542392888905354,0.2457610959234365
CTAGAGTCACCAACCGx-1,0.7529151436864341,0.2470852405915582
CTACGTCTCTGGAGCCx-1,0.7486833401207679,0.25131695383239455
CTACATTGTGACGCCTx-1,0.71503022442999,0.28497015077806104
CTAGCCTGTTCTGGTAx-1,0.6787763790723027,0.32122403762690066
CTCATTACATCCTTGCx-1,0.7503280015844966,0.24967239418314305
CTACATTAGGTGCACAx-1,0.7502860475433069,0.2497143363667624
CTAGCCTGTTCGTTGAx-1,0.7492295304012394,0.25077084984962417
CTAGAGTGTCATATCGx-1,0.7494775335716063,0.2505228436488359
CTAGTGATCGAGCCCAx-1,0.7012947741056541,0.2987056134349208
CTAGTGAGTCGGCACTx-1,0.7490836691997039,0.2509167197140394
CTCGAAATCCAGGGCTx-1,0.7496188168061002,0.250381579111191
CTAGAGTCACGAAACGx-1,0.7499039538788902,0.2500964167568884
CTACGTCAGCGACGTAx-1,0.7217863222200175,0.2782140532013884
CTCATTATCTAGCACAx-1,0.7544793695238907,0.24552100710863406
CTCGGAGAGACAAAGGx-1,0.7495752571156784,0.25042512790908034
CTCAGAATCACCTTATx-1,0.7492467504133269,0.2507536306607783
CTACGTCTCATGGTCAx-1,0.75214055861407,0.24785985493175763
CTCGAGGGTCTCTCTGx-1,0.6943132673092957,0.3056869892660871
CTACATTCACGTTGGCx-1,0.7581152389595182,0.2418851383188493
CTCCTAGCATACAGCTx-1,0.7500353335480416,0.24996505951062928
CTACATTAGGAACTGCx-1,0.7585481680171678,0.24145222339194575
CTACCCAAGATGTCGGx-1,0.6931627886277849,0.3068375881141988
CTCCTAGCACACCGCAx-1,0.7505433296594198,0.24945695978195803
CTACGTCCACACCGCAx-1,0.7513255494558964,0.248674840848259
CTCAGAAAGTACTTGCx-1,0.7532615909143698,0.24673876773802936
CTCCTAGGTTCTCATTx-1,0.40575352162798284,0.5942466929388849
CTACCCAGTTGTCTTTx-1,0.6205200100891215,0.37948029810912576
CTACCCATCGACAGCCx-1,0.750541554948737,0.24945882960965116
CTCACACGTTGATTCGx-1,0.7064068595689071,0.29359352219389556
CTCAGAAAGAGTACCGx-1,0.7576174956554698,0.24238292366171257
CTACATTGTCGGCTCAx-1,0.7552518960280215,0.244748496057445
CTACGTCTCTATCCCGx-1,0.7386905467037391,0.2613098430238731
CTCCTAGGTAGCGATGx-1,0.6391252733712991,0.3608750263699223
CTCACACCAATAGAGTx-1,0.7023928954624646,0.29760748224846506
CTCACACTCTACTTACx-1,0.7567411169474987,0.24325936399133272
CTCGGAGCAGGAACGTx-1,0.7508895462568648,0.24911083706753662
CTAGAGTAGTTAAGTGx-1,0.7541377896664277,0.24586260189428735
CTGAAACCAAAGCGGTx-1,0.7575087348131112,0.2424916887839388
CTGAAACCAGATCGGAx-1,0.7563089034995533,0.24369149761032655
CTCGGGACACCAACCGx-1,0.7494152649626268,0.2505851251925957
CTCTGGTGTCATGCATx-1,0.7498604139667432,0.25013997596491266
CTGATCCTCTCTAAGGx-1,0.7549839406981675,0.24501644359933084
CTCGGGAAGCTCCTTCx-1,0.7536288215635785,0.24637154897612712
CTCTGGTGTTAAAGTGx-1,0.7541650711136764,0.2458353069820644
CTCTGGTCACGGTGTCx-1,0.7588181916873299,0.2411822247620773
CTGAAGTGTATATCCGx-1,0.7559399603826509,0.24406042931786262
CTCTGGTAGCTGGAACx-1,0.7462877636033134,0.2537126225928386
CTGAAACGTAAGGGCTx-1,0.7519429860626337,0.24805740515170532
CTGATCCAGGCGTACAx-1,0.7549633977219511,0.24503697816721784
CTCGTACGTAGAGCTGx-1,0.747408973816817,0.252591239899759
CTGATCCGTCTTTCATx-1,0.7496059542872303,0.25039442574912585
CTCGGAGGTCAATGTCx-1,0.7506213450418514,0.24937904009455422
CTGATCCGTACCTACAx-1,0.7502118060860604,0.24978859275236703
CTCTACGAGACAGAGAx-1,0.757716022832156,0.24228439282019476
CTGAAACCACATGTGTx-1,0.7498796334426123,0.25012075411719054
CTGATAGAGCGTGAACx-1,0.7516933398287251,0.24830703415033384
CTGATCCGTAAGTAGTx-1,0.4958686250242836,0.5041316155579608
CTCGTACTCAAGAAGTx-1,0.7489168383011318,0.2510835211634078
CTCGTACCACAAGACGx-1,0.6590639192238793,0.3409364164221156
CTCTAATCATGTCCTCx-1,0.7580026922477527,0.24199772491886237
CTCTAATGTGCAACGAx-1,0.7191677487916915,0.2808324447987356
CTGATCCAGAGACTATx-1,0.7506513066044984,0.24934907351577795
CTGAAACTCTGCGACGx-1,0.7495621236419895,0.2504382632839058
CTCGTACAGTGAAGTTx-1,0.7570132778641009,0.24298714105908267
CTGATAGCATCCTAGAx-1,0.6235565678792305,0.3764437822305064
CTCGTCACAAAGTGCGx-1,0.7542272263921098,0.24577319177528534
CTCTGGTCAAACAACAx-1,0.7522587900082778,0.247741591891825
CTCTACGCAGAGTGTGx-1,0.7572692501588005,0.24273112187240453
CTCTACGCAGCTATTGx-1,0.7037996587348166,0.29620071060946807
CTCGTCAAGTTAACGAx-1,0.7538361993136927,0.24616419089791752
CTCGTCACAACGATGGx-1,0.7493497540096792,0.25065063494651324
CTGATCCTCGTGGGAAx-1,0.7063395957239058,0.293660777266609
CTCTACGGTCATTAGCx-1,0.7500395818927601,0.24996081408538734
CTGAAACCAAGGTGTGx-1,0.7585887058291042,0.24141169570432616
CTGATCCTCTTATCTGx-1,0.758125877940624,0.24187454503402778
CTCTGGTTCTTCAACTx-1,0.7526673536111048,0.24733302436902108
CTGAAACAGTAATCCCx-1,0.7581720153927876,0.24182839532974307
CTCGTCAAGCGTGAGTx-1,0.7464300322612274,0.25357029303858586
CTCGGGAGTGTTGAGGx-1,0.7026598871955411,0.2973404843903128
CTGAAACGTCAACATCx-1,0.7506254729146398,0.24937489843272972
CTCGTCAGTCAAAGCGx-1,0.7051750612440837,0.29482531326628053
CTCTAATGTATAAACGx-1,0.7535077479687611,0.24649260945199492
CTCTACGTCGGCTTGGx-1,0.7493817815116243,0.25061860564245686
CTCTGGTGTGACGCCTx-1,0.7498922341441819,0.25010815093461913
CTCGTCACAAATTGCCx-1,0.7490785309012936,0.25092186303895303
CTCTACGAGCTACCTAx-1,0.7505780963638996,0.24942227202133993
CTCGGAGGTCCTGCTTx-1,0.7048423915422812,0.295157975494183
CTCGTCATCCATGAACx-1,0.7584964243824825,0.24150399281445117
CTCTGGTGTTCCACAAx-1,0.749771420548456,0.25022896619690654
CTGATCCTCTACCAGAx-1,0.7550414342401629,0.2449589720411551
CTGATCCTCTGGCGACx-1,0.757131723769229,0.242868681597225
CTGATAGTCTGCTGCTx-1,0.7587677137542372,0.2412326921979114
CTCTACGAGTGCGTGAx-1,0.7493819754673414,0.25061840648280337
CTGATAGGTGTGGTTTx-1,0.7578376099078745,0.24216280730814752
CTCTGGTAGGGCTTGAx-1,0.7576741609909196,0.24232623099157
CTGATCCGTGAGGGTTx-1,0.748886279840573,0.2511141168842587
CTGATAGCAAGCTGTTx-1,0.6657771252642891,0.3342232409950296
CTCGTCAAGGCTCAGAx-1,0.0,1.0
CTCTACGGTAAATGACx-1,0.7399432487330362,0.260056964013547
CTGATAGTCTTCGGTCx-1,0.7496050407385865,0.2503953403057921
CTCGGGAAGACCCACCx-1,0.7502475572418779,0.24975282462435508
CTCGTACCATTACCTTx-1,0.7505079440231087,0.2494924590233122
CTCGTCAAGAGCTGGTx-1,0.7559473879936551,0.24405300976848066
CTCGGGAGTCGCCATGx-1,0.752576621654594,0.24742375493326338
CTCTAATAGTTCGCATx-1,0.7574203285024779,0.24258007899856207
CTGAAGTGTATAAACGx-1,0.7507213683523148,0.24927900337968115
CTCTACGGTCTAGCGCx-1,0.7500633439975938,0.24993704586219867
CTGAAACCACAACTGTx-1,0.7564734314234761,0.24352697467712053
CTGATCCGTCCGTGACx-1,0.7508653997340144,0.24913499038494166
CTCGTCAGTCTAGTGTx-1,0.7542532611362572,0.24574709262770542
CTGATCCGTTCGAATCx-1,0.7493293331958271,0.25067104305685506
CTCGTACGTTAAGATGx-1,0.7504052865292469,0.24959508982513381
CTCTAATTCTTCTGGCx-1,0.7510975317391791,0.24890282884503273
CTGATAGCATGCCACGx-1,0.7525207999216904,0.24747940859696763
CTCGGGACAATGAATGx-1,0.7497189604323706,0.2502814267286926
CTCGGAGGTCACCTAAx-1,0.7516704194064759,0.2483299575425861
CTCTAATTCTGTACGAx-1,0.7583244193396314,0.24167599075144705
CTCGTCACATCACGATx-1,0.749509692102745,0.2504907024398039
CTCGTACGTGACCAAGx-1,0.6414647208449007,0.35853562142302625
CTCGGAGGTCTCTTTAx-1,0.7536814747886097,0.24631892779186554
CTCGTCAGTCGCGTGTx-1,0.7580823282696626,0.24191807251983025
CTGATCCTCATCGATGx-1,0.7410848161498278,0.2589155746264037
CTCGGAGGTCGCTTCTx-1,0.756036670359345,0.24396374817140357
CTGATCCGTTCCGGCAx-1,0.7502122865665947,0.2497881042375341
CTCGGGAGTCTAGAGGx-1,0.6961195708968139,0.30388080918332394
CTCTGGTTCGCCGTGAx-1,0.7601484041073457,0.2398519651824484
CTCTGGTTCGGTTCGGx-1,0.7578728190436544,0.24212758887244476
CTCGTACTCGGCATCGx-1,0.7506537745568175,0.24934662501772914
CTCGTCAAGATCCGAGx-1,0.7543827274114359,0.24561764591902982
CTGATCCAGGCAGTCAx-1,0.7535101723161313,0.24649023118014873
CTCGGGATCTGCGTAAx-1,0.7573244256664299,0.24267599590175423
CTTAACTAGTCGTTTGx-1,0.7499229216538057,0.2500774707884495
CTGGTCTAGGTGATATx-1,0.6975653057039937,0.3024350657819865
CTTCTCTTCAAACCACx-1,0.7522529706316005,0.24774742319625112
CTGCTGTCAGTGGAGTx-1,0.7496462316793763,0.2503541598298412
CTGCGGAGTCCAGTGCx-1,0.7597999341577732,0.2402004709044133
CTGTGCTCATGCAACTx-1,0.7500965406473228,0.24990384239382607
CTTAGGAGTCCAGTTAx-1,0.7049806170475552,0.2950197584549796
CTGTGCTAGTGCGTGAx-1,0.6994255443416195,0.3005748294306001
CTTAGGAGTCACCCAGx-1,0.755809986838885,0.24419039951825622
CTGCGGAAGCTGAACGx-1,0.6295830252376944,0.37041730246195076
CTGCTGTAGGATATACx-1,0.7509551654676253,0.24904523632721637
CTTAACTTCCCTTGCAx-1,0.7513362427009197,0.248664155843683
GAAACTCGTGTGAATAx-1,0.6388894957264042,0.3611108777977788
CTGTGCTGTAGCGCTCx-1,0.682336159399153,0.3176642189861016
CTGCGGAAGAATTCCCx-1,0.749201103203181,0.2507992854172197
GAAATGAAGCAGGTCAx-1,0.7526723956802077,0.2473279765154656
CTGTTTAAGCTAAACAx-1,0.743900886497536,0.2560994963899412
CTGGTCTTCCGCTGTTx-1,0.7572135840057876,0.2427868189935724
CTTACCGTCATCACCCx-1,0.6216100312075045,0.37839030535475804
GAAACTCTCGCATGGCx-1,0.756514218065368,0.2434862026168055
CTGCGGAAGGCGATACx-1,0.7515490423057043,0.24845129403504884
CTTCTCTAGTCTTGCAx-1,0.6987923528889334,0.3012080307805296
CTTTGCGAGTTAGCGGx-1,0.7505147648143309,0.24948548021728656
CTTACCGGTCTCTTTAx-1,0.7499052310593456,0.25009515463070287
CTGCGGATCTCCAACCx-1,0.7527426844509544,0.24725770870500807
CTTAACTGTCTAGCGCx-1,0.7498400961687425,0.2501602963797545
CTTGGCTAGGCTACGAx-1,0.7565187241808018,0.24348169420544746
CTGCGGAAGACTGTAAx-1,0.7495489717034823,0.25045139585106696
CTGTGCTCAGAGCCAAx-1,0.7496327218037327,0.250367673661907
CTGTTTAGTGTGCCTGx-1,0.7523822054394489,0.2476181920800835
CTGTTTAGTCCTGCTTx-1,0.7573137021908821,0.2426867152757584
CTGTGCTTCGTCGTTCx-1,0.7527201104593026,0.24728029519775888
GAAACTCAGGTGCAACx-1,0.7494275792339504,0.2505728126302557
CTGCCTAGTTTCGCTCx-1,0.7581231701708654,0.24187724188608928
CTGGTCTAGTCATCCAx-1,0.7579454192418302,0.242054997551874
CTGGTCTGTCTCTCTGx-1,0.7493363311864185,0.2506640388555095
CTGGTCTCAGGACGTAx-1,0.750085835027377,0.24991453807383207
CTGCTGTAGCTAGTTCx-1,0.6980830189815741,0.3019173560662952
CTTTGCGAGACTCGGAx-1,0.750290872649408,0.24970949942835496
CTGTGCTCAATGTTGCx-1,0.7502143563512997,0.24978602642500292
CTTAGGATCATGTAGCx-1,0.6980857279494833,0.30191465306744397
CTTTGCGGTTCAGTACx-1,0.7585684099287651,0.2414319945716442
CTTAACTGTCTGCGGTx-1,0.7458746676844377,0.25412570327084105
CTTAGGATCGTAGGTTx-1,0.752650814592461,0.24734956077760797
CTTAGGAAGTAAGTACx-1,0.7388561184793436,0.2611442526645734
CTTGGCTCATCTATGGx-1,0.7503122761150377,0.24968811436899965
CTGGTCTCAAATACAGx-1,0.7522058395760338,0.2477945429678726
CTGTGCTAGAATCTCCx-1,0.7321890062851028,0.26781138371455
CTGTTTAGTCTAAAGAx-1,0.7583038865392766,0.2416965358705592
CTTTGCGTCAGTCAGTx-1,0.7575139522005412,0.24248644495677626
CTGCGGATCCAGATCAx-1,0.7461374408962013,0.25386294780963986
CTTACCGCAAGTCTGTx-1,0.7071912312157007,0.2928091168761708
CTGTTTAAGCAATCTCx-1,0.7072504123624812,0.2927499674399883
CTGCCTACATTATCTCx-1,0.701102770899708,0.2988976000267741
CTTGGCTCACATCTTTx-1,0.7505489942018067,0.24945139395025973
CTTTGCGAGCCAGGATx-1,0.7494594386150248,0.25054094700952717
CTGTTTAAGGCCCGTTx-1,0.7545886818407407,0.24541170557354522
CTTGGCTGTTCCTCCAx-1,0.7578263692960001,0.24217402348421066
CTTAACTTCTTAGCCCx-1,0.7580489582680502,0.24195146117935895
CTTTGCGCATATACCGx-1,0.7496596886637141,0.2503407000545128
CTTTGCGTCGTAGGAGx-1,0.7544633121980732,0.24553707499118438
CTGCGGAAGTCGTTTGx-1,0.7563613441851929,0.24363909215610446
CTGCCTATCTTGTATCx-1,0.7498814883916286,0.25011890161205325
CTGTGCTGTGCAGGTAx-1,0.7488307861449186,0.2511695998078481
CTTACCGTCAACGAAAx-1,0.7511482707589346,0.248852113784343
CTGTGCTTCATAACCGx-1,0.7501712291764422,0.24982915105304912
CTTACCGGTACGCACCx-1,0.7573728283518836,0.24262758283223784
GAAATGAAGTTGTCGTx-1,0.7552043137258085,0.24479612582532542
CTGTGCTCAAATCCGTx-1,0.7501109414563109,0.24988946195920608
CTGTTTAGTTTACTCTx-1,0.74988402450467,0.2501163563386095
CTTAACTTCAACGAAAx-1,0.7036257849554497,0.29637459394595644
CTGCCTAAGCCAACAGx-1,0.7502742881167501,0.2497260957525996
CTGGTCTAGCGCCTTGx-1,0.7582450688118648,0.2417553138495813
CTGTGCTGTAGATTAGx-1,0.7551373647034394,0.2448630001926313
CTGGTCTAGTTACCCAx-1,0.756572866479653,0.24342753848215537
CTGTTTAAGAAACCGCx-1,0.7508499291603387,0.2491502392089578
CTTTGCGTCAAAGTAGx-1,0.7571937140304585,0.24280670334990875
CTGTGCTCAGCTGCACx-1,0.7049314623888457,0.2950688954036407
CTGGTCTTCTGCCAGGx-1,0.623850008307022,0.37615032732506043
GAAATGAAGCTGCCCAx-1,0.755730332746765,0.24427011525782866
CTGTTTAAGGGCTCTCx-1,0.7413456725326376,0.2586547195489367
CTTGGCTCATTGCGGCx-1,0.7560927737333507,0.24390763130739038
CTTAACTGTCTGCAATx-1,0.7496561570666335,0.2503442351508723
CTGGTCTCAATCACACx-1,0.753487254964462,0.2465131392323122
CTTAGGACAGTACACTx-1,0.749661922583886,0.2503384661114904
CTTTGCGTCACAACGTx-1,0.7504310723901852,0.2495693230215806
CTTCTCTTCGCGTAGCx-1,0.7556088947023712,0.2443915083470151
GAAACTCCATTCCTCGx-1,0.7479758978836726,0.25202448894540525
CTGTTTAGTGCCTGCAx-1,0.7552472264164884,0.24475319851845806
CTGCGGATCTGTCAAGx-1,0.7497289750661075,0.25027141327735153
CTTTGCGGTTCGCGACx-1,0.7495244464231455,0.25047591542405834
CTGCCTAGTTGTCGCGx-1,0.7255108656549667,0.2744895149663703
CTTTGCGCAGTAAGCGx-1,0.7562108932036862,0.24378950804625374
CTTGGCTGTAGCGCTCx-1,0.7434865044350585,0.2565138898390534
CTGCGGATCTCTGCTGx-1,0.7508460213238175,0.2491543675428543
CTTACCGTCTTCTGGCx-1,0.7564379144422877,0.2435625417426388
GAACATCCACAGGAGTx-1,0.6689310661110871,0.33106932311427867
GACAGAGTCTTACCGCx-1,0.7590227342482129,0.24097766761407713
GAAATGACAATGAATGx-1,0.7498976533973228,0.2501027099467698
GACGGCTGTTGCGTTAx-1,0.7502237659381251,0.24977661642839116
GAACGGAGTATGGTTCx-1,0.7580051884704812,0.24199523215759378
GACAGAGCATCACAACx-1,0.7470564672209199,0.2529438795443641
GAATGAAAGTGGAGAAx-1,0.755698287801458,0.2443021189546285
GACGCGTGTCGCATCGx-1,0.7497042825723033,0.25029608408555437
GACAGAGTCCCACTTGx-1,0.7595017809576075,0.24049861100596948
GAACCTAAGTAAGTACx-1,0.7504187359721561,0.24958167141685647
GAATAAGGTTCAGCGCx-1,0.7549195335032995,0.245080851720122
GACGGCTCAGGAACGTx-1,0.7551054669093297,0.24489494494126576
GAACGGATCTTGAGGTx-1,0.7529143525197514,0.24708604185621158
GAAATGAGTTAAGGGCx-1,0.7494984093244909,0.2505019588434976
GAATGAACAGCCAGAAx-1,0.7523888945598965,0.24761149499004384
GAACCTACACACTGCGx-1,0.7500562123317503,0.24994415307604004
GAACCTATCACAGGCCx-1,0.7538414103509825,0.24615897114379887
GAACCTAGTGTGGCTCx-1,0.7492474666367096,0.2507529078378358
GAACATCGTATGAAACx-1,0.7528101417229205,0.24719023730065098
GAAGCAGGTGCCTTGGx-1,0.7499028798689191,0.25009750679369447
GAAGCAGTCCAGTATGx-1,0.7567860404279372,0.24321436626622248
GAACCTAAGGGAAACAx-1,0.749170465908827,0.25082990483808054
GACCAATTCCTTAATCx-1,0.7434815637060762,0.2565188319878842
GACACGCTCTTACCTAx-1,0.7567543101304719,0.24324609205606748
GACGCGTTCTGGGCCAx-1,0.757782177264037,0.2422182125162854
GACGGCTTCGCCGTGAx-1,0.7484765210590723,0.25152387332825027
GAAGCAGTCTCCAACCx-1,0.758088406853055,0.24191199080861678
GAATGAAGTCGCTTTCx-1,0.5828479176085751,0.41715240252646607
GAATGAATCCCTTGTGx-1,0.742644487513584,0.25735598622644135
GAACCTAAGGGAGTAAx-1,0.7523606220254389,0.2476398012728646
GAATGAAGTGAAGGCTx-1,0.7494164152675781,0.25058396114493175
GAACATCAGACCGGATx-1,0.7430278051181046,0.2569726084147474
GACGGCTTCTTTACGTx-1,0.6019897350207996,0.39801060492190243
GACGCGTTCCAGGGCTx-1,0.7508874540788866,0.24911292176021269
GAATAAGCAAACGTGGx-1,0.7495896602998237,0.2504107044085789
GACGGCTCACTATCTTx-1,0.7500462416942346,0.24995413615942907
GACCAATTCGCAGGCTx-1,0.7575193728551938,0.2424810287240979
GAATGAATCTGCAGTAx-1,0.748015437908029,0.25198494462482335
GACGGCTAGCCGGTAAx-1,0.7039260337923354,0.29607433833278246
GACCTGGTCTTCATGTx-1,0.7505280990762525,0.2494722837796614
GAATAAGAGTGATCGGx-1,0.7473037820489319,0.252696604296434
GACGTTAAGAGCTGCAx-1,0.7491496590521229,0.2508507105008996
GACGCGTGTCTCTCGTx-1,0.7525297720243407,0.24747065795429113
GAACATCAGCCACTATx-1,0.7484373979192298,0.2515629776462542
GAACATCTCATGCAACx-1,0.7499008930192002,0.2500995064937757
GAACATCTCTCTTATGx-1,0.7573404490964907,0.24265997547412238
GAATAAGTCTGCTGCTx-1,0.7491908340488828,0.25080955285448175
GAATAAGAGCGTCAAGx-1,0.6902590646905197,0.3097413144189156
GAACATCGTCTTCTCGx-1,0.631338939197292,0.3686614102224361
GACCTGGGTACAGTGGx-1,0.7496669469528323,0.250333348059934
GAACGGATCGTTGCCTx-1,0.7493480519187906,0.2506523311885008
GAACGGAGTAGCCTATx-1,0.758370217499108,0.24163018294876118
GACGGCTTCTCACATTx-1,0.5845267533976943,0.41547357458050654
GAACCTACACAGGAGTx-1,0.7575095989291332,0.2424908138807095
GAACATCCATGAGCGAx-1,0.75785302644694,0.24214738548535922
GAACATCTCTTAGCCCx-1,0.7508618911771451,0.24913848032762267
GAACCTATCAAGGCTTx-1,0.7583538060429882,0.24164659901219823
GACGGCTTCTACTTACx-1,0.7570233177537679,0.2429770817762761
GACCTGGCAGGGAGAGx-1,0.75036582139519,0.2496345643666388
GAATGAATCAGGTTCAx-1,0.7034569338085528,0.2965434357607945
GAATGAATCAGGCAAGx-1,0.7503951957986942,0.24960515725191867
GAACGGAAGTGACTCTx-1,0.7497368776035807,0.25026350149345794
GAACCTAGTACCGTATx-1,0.7504924112890589,0.2495079683822337
GACCAATCAGTGACAGx-1,0.7504471766842092,0.24955323015658978
GAACATCAGCAGGCTAx-1,0.41644578884986755,0.5835544236243558
GAACGGAGTTGCGCACx-1,0.749750467619445,0.2502499306175237
GAACCTAAGACTACAAx-1,0.7503178245721291,0.2496825756953136
GACGTGCCACCTATCCx-1,0.7528047996162528,0.24719566133053444
GAATGAACAGGATTGGx-1,0.7496772753680001,0.25032311106555655
GACAGAGGTGCTCTTCx-1,0.7573800057495764,0.24262038073696357
GACAGAGTCTACTTACx-1,0.7569248022030013,0.24307556090108873
GACCTGGAGGTTACCTx-1,0.7559316868272667,0.24406869373044637
GACGCGTAGACAAGCCx-1,0.7553344275207768,0.2446659909222924
GAATGAATCTCGTTTAx-1,0.7493297351021296,0.25067063869954204
GACGGCTGTGTAATGAx-1,0.7494981827078547,0.250502206588358
GACGCGTGTTTAGCTGx-1,0.7498777666283171,0.25012262295493665
GAAATGACATTTGCTTx-1,0.7537078368421214,0.24629255855377463
GAACCTAAGGCATTGGx-1,0.7473144252456762,0.25268596551843236
GACGCGTAGGTGATATx-1,0.7067103325327299,0.293290018160043
GAAGCAGTCGTGACATx-1,0.5888509847396165,0.41114932729685694
GAACGGATCCACGTTCx-1,0.750304420394658,0.2496959571525806
GACCTGGGTGTGGCTCx-1,0.7504120430467149,0.24958834673279548
GAACATCCAAGCCATTx-1,0.6499810601544528,0.35001926286683216
GAATGAAAGATCCGAGx-1,0.7578194484548333,0.24218097033164795
GACCAATAGTCTTGCAx-1,0.7577682991092713,0.24223211685836699
GACGCGTCAGCGTCCAx-1,0.749713536622027,0.25028685189740973
GACGGCTTCAAGGTAAx-1,0.7042381226022113,0.29576225603231066
GACCAATTCAACGCTAx-1,0.7535592830765491,0.24644112132300552
GAACATCCACAACGCCx-1,0.7497965030036214,0.2502038661080391
GACCTGGAGGAACTGCx-1,0.7522872883324929,0.247713095837532
GACGGCTGTCGGCACTx-1,0.7044379224661198,0.29556244342997046
GAACCTACATGTAAGAx-1,0.7558346656295349,0.24416575570698745
GAACGGAAGGGTCTCCx-1,0.7544754430624555,0.24552494805424238
GACGGCTTCTTGGGTAx-1,0.6664929941581013,0.3335073602041405
GACGTTATCCAGATCAx-1,0.7483533642511682,0.25164701916907206
GATCGTAGTGACTCATx-1,0.7511410660125092,0.248859293314957
GAGTCCGTCCAGAGGAx-1,0.7574877841075272,0.2425126211870922
GATCAGTCACGTTGGCx-1,0.7506493955167659,0.24935098390090488
GAGTCCGCACTTCTGCx-1,0.7562393805031944,0.24376105019079677
GAGGTGATCGTCACGGx-1,0.7519185068508262,0.24808188656870048
GAGGTGACAAGCCCACx-1,0.7379696889108244,0.26203070537065365
GACTACATCAACACTGx-1,0.7537418845809724,0.2462584839735609
GACTACATCCACGCAGx-1,0.7502451221255815,0.24975526364722772
GATCAGTAGCGCCTTGx-1,0.7508381686527588,0.24916221333358707
GACTAACGTGATAAACx-1,0.7509452138850149,0.249055166208293
GACTAACTCTTGAGGTx-1,0.7576415989677157,0.24235880970192572
GAGTCCGCACCCATTCx-1,0.5698570306522414,0.4301432808895116
GAGGTGAGTACTTCTTx-1,0.7563173452321645,0.2436830653882965
GAGCAGACAAAGAATCx-1,0.7568924774100985,0.24310793187444443
GATCGTATCGGAGGTAx-1,0.7568746063601463,0.24312579051546834
GACTGCGAGGTAAACTx-1,0.7512549115311313,0.24874548313202421
GAGGTGATCGAGAGCAx-1,0.7495263818606608,0.25047401099077765
GATCGTACACGTCTCTx-1,0.7552721513840106,0.24472821851011597
GACTGCGAGACGACGTx-1,0.7497888719986946,0.25021151456913127
GAGCAGAAGTAGCCGAx-1,0.7500899031740642,0.24991048689141387
GAGGTGACACGTAAGGx-1,0.7494793775425445,0.2505210035357329
GAGGTGATCATATCGGx-1,0.7501312101111349,0.24986918373792902
GACTAACCACTTAACGx-1,0.5763673755848367,0.42363294820645314
GACTACAAGGGTGTTGx-1,0.7515775159000387,0.24842286596586624
GATCGATGTAGCCTATx-1,0.7493098851522145,0.25069049652917746
GATCTAGAGCTAGGCAx-1,0.7528199545694851,0.24718040680936887
GACGTTACAGCATACTx-1,0.7600128568762238,0.23998753681808024
GAGGTGATCATGTCCCx-1,0.7487376317873886,0.2512627488368948
GAGGTGAGTAGCAAATx-1,0.7569243610778241,0.24307604108589168
GACTACATCTAACTCTx-1,0.7592127741322222,0.24078762804977805
GATCAGTAGTCAATAGx-1,0.7503968509494516,0.24960355934084458
GAGTCCGCAATAGCGGx-1,0.7568208317311989,0.24317957605611296
GATCGTACATAACCTGx-1,0.7505337687870871,0.24946661401454173
GAGGTGAGTGCAGTAGx-1,0.7581912665126542,0.24180914655367378
GATCTAGCACCTATCCx-1,0.7499786806100469,0.25002169705850574
GACTAACCACATTCGAx-1,0.7538537191472526,0.24614667721935604
GAGGTGAAGAAACCGCx-1,0.7524646971732338,0.247535685423645
GATCGATTCCTATGTTx-1,0.7575007324244303,0.24249968014152642
GACGTTAAGCTAGTTCx-1,0.7516392658633304,0.24836112818107606
GACTGCGGTTAAGGGCx-1,0.7515384034079851,0.24846190979546037
GACGTTACACTCAGGCx-1,0.7501224900154005,0.2498778959362153
GAGCAGATCGGAATCTx-1,0.75030354781024,0.24969683853182748
GATCGATCAGTAAGCGx-1,0.7485892501517959,0.2514111491764039
GACGTTACATATGGTCx-1,0.7486175383212303,0.25138282623341174
GATCGATCAAAGCGGTx-1,0.7502416657528672,0.24975869913776774
GAGCAGACATAAAGGTx-1,0.7525865102800801,0.2474138808942944
GAGTCCGCAGGATCGAx-1,0.5598347153956835,0.44016554247553485
GATCTAGAGGGCATGTx-1,0.7453525345350916,0.254647909888875
GATCAGTCAAGTCTGTx-1,0.6787205442550399,0.3212798337273566
GACTGCGTCTACGAGTx-1,0.7501356443691535,0.24986474295234626
GACTAACTCCCTCAGTx-1,0.7492577668833533,0.2507426303326024
GAGTCCGAGCGCTCCAx-1,0.6917496187029811,0.3082507479078246
GACTAACGTATTCTCTx-1,0.7508123940373859,0.24918798323801397
GATCAGTAGCGGCTTCx-1,0.7120300340355449,0.2879703326115176
GACGTTATCTTCGGTCx-1,0.7588427604824328,0.24115765427395958
GAGCAGACACCGAATTx-1,0.7520947952135983,0.24790553060154197
GACGTTATCTTACCGCx-1,0.7182651095938862,0.28173526619626066
GAGCAGACAAAGTGCGx-1,0.7498981043016515,0.2501022938111277
GATCGATTCTCTGCTGx-1,0.6340883756152836,0.3659119778889611
GAGCAGAGTTATCCGAx-1,0.7488819312798637,0.25111845709143565
GATCGCGCAATGGAATx-1,0.7528754746506098,0.2471249143661418
GAGCAGACAGTTCCCTx-1,0.7496351149546645,0.2503652713182776
GATCGTACATTCTTACx-1,0.7509321335869231,0.24906824763912802
GACTGCGCAGCCAGAAx-1,0.7491232992995175,0.25087706664530685
GATCGCGCATGTCGATx-1,0.7560653867610744,0.24393503186502374
GACTAACGTTAAGATGx-1,0.7384100788368002,0.26159030200043526
GATCGCGGTGAGGCTAx-1,0.7554060690235956,0.24459433611233264
GAGTCCGAGGGTCGATx-1,0.748558329811035,0.25144205510670514
GAGCAGAGTGAAGGCTx-1,0.7507009729987162,0.2492994190291677
GAGGTGACAGCCAATTx-1,0.7508738329580315,0.24912654475390877
GATCGTAAGTCTCAACx-1,0.7579457524869554,0.2420546606628808
GATCGATGTGCTGTATx-1,0.747832925768517,0.25216746645041793
GATCGTATCTACGAGTx-1,0.7512889748417445,0.24871140415283366
GACTGCGGTCACAAGGx-1,0.7126031196417183,0.28739725177002096
GATCGCGCAGCTGCTGx-1,0.7499018314412348,0.2500985500409694
GATCTAGAGTATCGAAx-1,0.7510679456383286,0.24893243013925326
GATCGCGCAGTAGAGCx-1,0.7579726613836182,0.2420277505777205
GAGTCCGGTTCGAATCx-1,0.7590756964606216,0.24092470581523168
GATCGATCACAGTCGCx-1,0.7498037013521799,0.2501966832317894
GATCGTAGTTAAGAACx-1,0.6847339845155301,0.3152663896551368
GACTAACAGTGATCGGx-1,0.7578256091172636,0.24217480024484941
GACTACAAGACCTTTGx-1,0.7569115097467806,0.2430888992432851
GATCAGTAGTACATGAx-1,0.754567167157511,0.2454332048984348
GATCTAGAGTAGATGTx-1,0.75949348024592,0.2405069208384779
GACTGCGAGTGTACCTx-1,0.7501210697224368,0.24987932246618752
GACTGCGTCCTAGTGAx-1,0.7492344981346537,0.25076589693637097
GACTAACTCTCGCTTGx-1,0.7580846599185815,0.2419157612724615
GACTACAAGCTGATAAx-1,0.702560944082751,0.2974394303097249
GATCGATAGGATGGAAx-1,0.7579045203618868,0.2420958834956159
GATCGCGCAATCAGAAx-1,0.7510262864224759,0.24897408651916758
GACGTTATCACCCGAGx-1,0.7497894514950958,0.2502109459846865
GACTAACGTAGGAGTCx-1,0.7579332753077329,0.24206714072239716
GAGGTGACACGCATCGx-1,0.7526807230047736,0.24731967659968634
GATCGCGAGGGAAACAx-1,0.747375740272488,0.25262465718064897
GAGCAGATCGAACGGAx-1,0.7519821413347028,0.24801823760363778
GAGCAGAGTCGGCTCAx-1,0.7504659259676512,0.24953446038634963
GACTAACCACACCGACx-1,0.7584455255140179,0.24155489025691246
GAGCAGATCGGATGTTx-1,0.7534821221822766,0.2465182662462609
GAGTCCGAGCTTTGGTx-1,0.7555970080081775,0.24440326961327302
GCAGTTACATTCTTACx-1,0.749991342588731,0.2500090234275384
GCACTCTTCGTGGGAAx-1,0.7510682736605927,0.24893209851540746
GCAGCCAAGAGTGACCx-1,0.7567482664976606,0.24325221080224177
GCACATAGTTAAAGTGx-1,0.7467317646223294,0.25326863314400544
GCAATCAGTGTATGGGx-1,0.7506247724338321,0.24937561677941456
GCACTCTCAACGATCTx-1,0.7463793243770238,0.2536210422080655
GATTCAGTCACTTACTx-1,0.749209277947597,0.2507911096673882
GATGAGGCACAGGAGTx-1,0.7594889936929645,0.24051141261944373
GATGAAACATGTTCCCx-1,0.7574049451552052,0.24259545950710068
GCACATATCGGTTCGGx-1,0.7498283710541874,0.2501720011408797
GATCTAGTCTAACTCTx-1,0.7056173997790173,0.29438295527214625
GATCTAGCAGGGTACAx-1,0.7570739820804645,0.2429264008352061
GCATACACAACACCTAx-1,0.7497949911047761,0.2502053964204351
GCATACATCGAACTGTx-1,0.6082790190303883,0.39172130461541904
GCATACATCCCATTTAx-1,0.7498003038155608,0.25020008263115245
GATTCAGGTATATGAGx-1,0.7578332446666721,0.2421671734009434
GATTCAGCAAGGACACx-1,0.7496991083878889,0.25030128740707785
GCATGATAGGACAGCTx-1,0.7489165723757862,0.2510838080826551
GCACTCTAGAAGGACAx-1,0.755573599170189,0.24442676711667435
GATGAGGGTTAAGACAx-1,0.750140275621691,0.24986011685035217
GATGCTACATTACCTTx-1,0.7495015814909115,0.25049880799344415
GCATACACACGTGAGAx-1,0.7165231428412234,0.2834771433387992
GATTCAGCAGTTCATGx-1,0.7495473924183805,0.2504529817974815
GATGCTACAACACCCGx-1,0.756482959824443,0.24351744715448218
GCACATAAGACTGGGTx-1,0.7541606095316125,0.24583978996651704
GCACTCTGTAAACACAx-1,0.7208186765773817,0.2791815068430085
GCAAACTGTTCCCTTGx-1,0.7569172843766936,0.24308312055764958
GATTCAGAGCGATGACx-1,0.7512373146329132,0.24876308667840827
GCAGTTATCACCTCGTx-1,0.7495276871960255,0.2504726871585568
GCACTCTCACATGGGAx-1,0.7579391387344148,0.24206127210365277
GATGAGGGTCATGCATx-1,0.7052023865274626,0.29479796502994654
GATGAAACACGGCTACx-1,0.702268401617794,0.2977319706910692
GATGCTACATCGGGTCx-1,0.7561366861905903,0.24386371086449
GCAGTTACAAGTTAAGx-1,0.7498098200701451,0.2501905725643745
GATGCTACAACAACCTx-1,0.7584358850411899,0.24156455184939332
GCAGCCACAGGTTTCAx-1,0.7581530576422326,0.2418473444319257
GCAAACTAGTTGTCGTx-1,0.7501477738049811,0.249852611617916
GATGAGGGTGGCTCCAx-1,0.749954618824868,0.2500457576900794
GATTCAGCAATGGTCTx-1,0.749571988151055,0.25042839844188786
GCACTCTGTTAGGGTGx-1,0.7490818641677527,0.2509185083478422
GATGCTATCCGGGTGTx-1,0.7524695471315145,0.24753085228200897
GCAGCCACAAGACACGx-1,0.7529135040671632,0.24708687871522597
GCACATACAGCGATCCx-1,0.7580567245324494,0.2419436871393972
GCAGTTATCCGTTGCTx-1,0.7496713081335099,0.2503290714580416
GATTCAGGTGACTACTx-1,0.7566341739844356,0.24336622456961404
GATGCTAGTAAGTGTAx-1,0.6988427398161637,0.3011576321371497
GCACTCTAGCGTAATAx-1,0.6925465388869112,0.30745383681249966
GCACATAGTACCATCAx-1,0.7454537562784213,0.254546628678687
GATTCAGGTTGATTGCx-1,0.7551360787259753,0.2448643174800636
GCACTCTTCTTAGCCCx-1,0.7496702124897001,0.2503301713626073
GCAGTTAGTCGCCATGx-1,0.7573329733724625,0.2426674131752278
GCAATCATCCCTAACCx-1,0.7525510061426146,0.24744936191585126
GCATGATCAAGGACTGx-1,0.7574538495992574,0.24254651798801338
GCAGCCAGTGGTGTAGx-1,0.7435457108351915,0.25645467316150744
GCAGTTATCCCATTATx-1,0.7472929054528659,0.25270746869941235
GCAGTTATCAAGCCTAx-1,0.7566088540150983,0.24339155055503037
GATGAAAAGGTCGGATx-1,0.7499551810093082,0.25004521372038885
GATGAGGCACGGCGTTx-1,0.7500833929431938,0.24991698388901396
GCATACAAGGCATTGGx-1,0.758435986404807,0.24156440305486518
GATTCAGAGCACAGGTx-1,0.7553109327764675,0.24468947069825467
GATGAGGAGGTAAACTx-1,0.7520177499017552,0.24798263946209648
GCACATAGTGATGATAx-1,0.7499150941960198,0.2500852994833885
GCACTCTTCACAGGCCx-1,0.7493503247059449,0.25065006716054145
GATGAGGGTCTCAACAx-1,0.7496256624881603,0.25037471619245105
GATGAGGAGTGCCAGAx-1,0.7524325669502641,0.24756783059469673
GATCTAGCAGCTGCACx-1,0.6801959880103442,0.31980437633928654
GATTCAGTCGGTGTTAx-1,0.7517203174662951,0.2482800794097985
GCAATCAGTTCGTTGAx-1,0.757443295362193,0.24255712257002626
GATGCTAGTCATTAGCx-1,0.7554816993097719,0.24451870299465642
GCAGTTATCAAGAAGTx-1,0.758127360421962,0.24187304872061963
GATGAGGAGGCATGGTx-1,0.7510436810998836,0.24895649344433438
GCACATATCAGGCCCAx-1,0.7539699742002781,0.2460304283945377
GATGAAATCAGGCCCAx-1,0.7567339385631691,0.2432664891020204
GATGAAATCCCTCAGTx-1,0.754129224397293,0.24587116158603495
GATGAGGTCGTTACAGx-1,0.7513199228932579,0.24868044955192134
GATGCTAAGCGCCTTGx-1,0.7582104447887865,0.2417899238251794
GCATACACATCCTAGAx-1,0.6381061059120898,0.3618942159889229
GCAGTTACAGTCGATTx-1,0.753041752593288,0.24695862507668367
GCACTCTCACAAGCCCx-1,0.7570032278677022,0.24299719109365836
GCAAACTCAAGTTAAGx-1,0.7067888909798815,0.2932114554221536
GCAATCATCTTACCTAx-1,0.7571702799512153,0.2428301261268211
GATGAAAAGGCAGTCAx-1,0.749846104441772,0.25015427224438874
GATGAGGTCCGTTGCTx-1,0.7577937555432409,0.24220667393230244
GATGAGGTCTACTATCx-1,0.7588367050017427,0.24116370388003208
GCAGTTAAGACAGAGAx-1,0.7051723687152559,0.2948280154822693
GCAGTTACACAGCCCAx-1,0.6989859476151397,0.3010144275974824
GATGCTACATCCGGGTx-1,0.7449775916917765,0.2550227855696696
GCAAACTGTCAGTGGAx-1,0.7549477029873257,0.24505271502148887
GCAAACTGTTATCACGx-1,0.7553805269038194,0.24461985153319862
GATCTAGCACGGTTTAx-1,0.7509829581244823,0.24901742168118787
GATGAAAGTTCAGACTx-1,0.7577687936890809,0.2422316158491996
GATCTAGCAGCCAGAAx-1,0.7552459743666561,0.24475435898354125
GCATGATCACCAACCGx-1,0.7476622106301343,0.2523381791347862
GATGAGGCAGTAGAGCx-1,0.7520502436223706,0.24795014516748218
GCGACCACAAAGGTGCx-1,0.752396055094863,0.24760434263229295
GCGCGATTCGTTGACAx-1,0.6312527972181377,0.3687475189254157
GCGCGATAGGCCCGTTx-1,0.7510331547094827,0.2489672112278394
GCGCCAAAGGGAACGGx-1,0.7547110915852292,0.24528928960266824
GCGGGTTGTACAGACGx-1,0.7541188032535223,0.24588157283230808
GCGCGATCAGGTTTCAx-1,0.7497767775203851,0.250223587559208
GCGCGATGTCTCTTATx-1,0.7497735761310775,0.25022679355816524
GCCAAATGTTACAGAAx-1,0.7549265605797562,0.24507380048391555
GCGAGAAGTAGCGTCCx-1,0.7507403859095574,0.24925999696342357
GCGGGTTCACATCCAAx-1,0.7499301901445847,0.25007018872100145
GCGGGTTAGCTGATAAx-1,0.68178877442375,0.31821159629487594
GCGCGATTCGGCGCTAx-1,0.7075421832367528,0.2924581853354732
GCCTCTAGTGATAAGTx-1,0.7026184856740233,0.29738189640147306
GCATGTAAGCTCCTTCx-1,0.7511745275016246,0.24882586112434987
GCGAGAATCAACACTGx-1,0.758033816713226,0.2419665801278179
GCGAGAACATGTCTCCx-1,0.7495376158341237,0.2504627779239034
GCGGGTTTCGTCGTTCx-1,0.7555823101725826,0.24441807249209813
GCGCAACAGGCTCTTAx-1,0.7469274033569077,0.2530729687347691
GCATGTATCGTTACAGx-1,0.699687667777939,0.3003127006521009
GCGCAGTCAATCAGAAx-1,0.7515873660042679,0.2484130248266035
GCATGCGAGTGTCTCAx-1,0.751029277718008,0.2489711076778912
GCCAAATCATATGGTCx-1,0.7482577001976176,0.2517426929406211
GCGCGATGTCGGATCCx-1,0.7499361482755362,0.2500642381049635
GCCTCTAGTTCCACAAx-1,0.7530482930296024,0.24695192006301755
GCGCAACGTGTTCTTTx-1,0.7587444190499617,0.24125597230907925
GCGGGTTCACCAGGTCx-1,0.7495657857206862,0.250434606183868
GCGGGTTCACTCTGTCx-1,0.7461218435192323,0.2538785382584549
GCCTCTACAGGTGGATx-1,0.7598874362023909,0.24011296974726964
GCGCGATGTAAATGTGx-1,0.7577528093900591,0.24224761236827638
GCGCGATGTGCACCACx-1,0.7044505439066575,0.29554981604490443
GCGGGTTCAGACAAGCx-1,0.7525574711313482,0.24744290363799107
GCATGCGGTCTTGCGGx-1,0.7555897973399549,0.24441061279884363
GCGACCAAGACTGGGTx-1,0.756090573906302,0.24390985155103914
GCGCCAACAACACCCGx-1,0.6780496149325801,0.3219507341433795
GCGCAGTGTTGTCGCGx-1,0.749419751598847,0.25058064663485174
GCCAAATAGTCAAGCGx-1,0.7583361902273621,0.24166420992777995
GCGCGATTCGAACTGTx-1,0.7513691376271429,0.2486312448635674
GCCAAATAGCGTAGTGx-1,0.7506947415822388,0.24930564235766767
GCGCAACCAGAGCCAAx-1,0.7543717245948383,0.24562868362443013
GCGCGATAGTCGTACTx-1,0.6736101403661252,0.32639023422446906
GCATGTAGTGCACTTAx-1,0.7530653812878406,0.24693487498681968
GCGCAGTAGATGTCGGx-1,0.6942664731845428,0.30573390020567515
GCCTCTAAGTGAACGCx-1,0.7510567357823477,0.2489436569775513
GCGCCAAGTTCAGTACx-1,0.7574920365740397,0.24250838352489532
GCCAAATCATAACCTGx-1,0.6572481160447089,0.3427522379869584
GCGCAACTCGTACGGCx-1,0.7568978787674214,0.24310252845723698
GCGCCAAGTACATCCAx-1,0.758128493588434,0.24187191852638218
GCGCGATTCCAGAGGAx-1,0.7562694289043115,0.2437309747161975
GCATGCGTCACAATGCx-1,0.7496228507541502,0.25037753793942324
GCGCCAAGTTGACGTTx-1,0.7579955092502231,0.24200489847054224
GCATGTAGTTATCCGAx-1,0.7086428624165989,0.29135749359852336
GCGCAACCAATAGCGGx-1,0.7503277300721848,0.2496726484003846
GCCAAATAGTTGCAGGx-1,0.7514296142505157,0.24857077332994187
GCGCCAAGTCTCATCCx-1,0.7581038215649492,0.24189658790012186
GCGCAACAGCGTGTCCx-1,0.7497458430799514,0.25025452140384385
GCGCAGTCAAACCCATx-1,0.7403472224336055,0.25965317889308814
GCGCCAATCTGACCTCx-1,0.7449693184097907,0.2550310582276913
GCATGTATCCATGAGTx-1,0.7563159934635899,0.24368438476993612
GCATGTATCTTTACGTx-1,0.7501109821241366,0.24988942607337508
GCGACCACACGAAGCAx-1,0.7544277854263296,0.24557262492908247
GCGAGAACACGGCCATx-1,0.7496457728330885,0.25035460505139207
GCATGCGTCAATAAGGx-1,0.7505729313637106,0.24942746715982198
GCATGTACATGGTCTAx-1,0.6939158199751417,0.3060845744869687
GCGACCATCTTAACCTx-1,0.7514849484746727,0.2485154331362166
GCGCAGTTCTTGTTTGx-1,0.7191931807948398,0.28080720514759505
GCGAGAACACCCAGTGx-1,0.7494829263289358,0.2505174654609158
GCGCAGTCACGAAGCAx-1,0.6999336091074229,0.300066756635656
GCCTCTACAGAAGCACx-1,0.7523505770015093,0.24764980662349306
GCATGCGGTACTCTCCx-1,0.75708531828626,0.2429150972789969
GCCAAATCACCAGCACx-1,0.7561883848955193,0.2438119922614068
GCGCAGTAGACAGAGAx-1,0.7497493895770779,0.25025100555319163
GCATGCGGTGGTGTAGx-1,0.7519620684281677,0.24803809037709612
GCGCCAACAAAGTGCGx-1,0.747261358819019,0.25273901113191233
GCGGGTTTCTCGAGTAx-1,0.7504767884846971,0.24952359526312146
GCGGGTTTCGTTGCCTx-1,0.7034788796043494,0.2965214977183846
GCGCAGTTCGTAGATCx-1,0.7491461884897415,0.2508541052844811
GCGCCAATCGTGGGAAx-1,0.731016222096027,0.26898395413264736
GCATGTACACCACCAGx-1,0.6993606441630861,0.3006397350925081
GCGAGAAAGTAGCCGAx-1,0.7038325907037736,0.2961677488129405
GCATGCGAGTGTGAATx-1,0.7504984373610036,0.24950194550794744
GCATGTAGTTCCATGAx-1,0.7561716589866981,0.24382890708479998
GCGAGAAGTAAACGCGx-1,0.7007931784544356,0.29920720232351367
GCGCGATTCTCCAACCx-1,0.6915292100463213,0.3084711518315001
GCATGATCAGCGATCCx-1,0.7493847272127221,0.25061566379775535
GCGAGAACACTTAAGCx-1,0.7577902275567305,0.24221020515941283
GCGCAACGTACTCTCCx-1,0.7036108470137752,0.29638952292320797
GCGCAGTAGGTCATCTx-1,0.7558524271085083,0.24414795451825125
GCATGCGGTGGTACAGx-1,0.7497428301393166,0.2502575611440254
GCGCCAACAAACTGCTx-1,0.7561856675872872,0.2438146757425274
GCGAGAAAGCTAACTCx-1,0.7088786607572967,0.291121665737885
GCTCCTAGTATAGGGCx-1,0.7510366742204327,0.24896371727908942
GCGCCAATCAATCACGx-1,0.7503213902079362,0.24967898377085027
GCGCCAAAGGGAGTAAx-1,0.6688405470539293,0.3311598105428098
GCATGTAAGGCTATCTx-1,0.7544117879166695,0.24558856799798723
GCATGTAGTCCGAATTx-1,0.7575746673496276,0.24242576280936365
GCCAAATCAGTCGATTx-1,0.4750780412968309,0.5249222115272422
GCTCCTACAAGCCATTx-1,0.7120414833805867,0.2879588979361876
GCGACCACAAAGCGGTx-1,0.7576525391564081,0.2423478762185488
GCTCCTAGTTCAGTACx-1,0.7485092421811823,0.2514911419641453
GCTGCAGCAACGATGGx-1,0.7495337912963952,0.2504665686442647
GGAAAGCAGATGTAACx-1,0.755988177014776,0.24401224284205394
GCTGCGATCAACGGGAx-1,0.7560717905122263,0.24392860176518572
GGACGTCGTACCGAGAx-1,0.750680729961228,0.24931966638590897
GCTGGGTAGCACGCCTx-1,0.7581581942899589,0.241842208258638
GGACGTCCACATCTTTx-1,0.7512130904586819,0.24878726845199828
GGACAAGTCAACGGGAx-1,0.7495932938977666,0.2504070990909789
GGACAAGTCATGCTCCx-1,0.7532715488344981,0.24672883987416336
GGAACTTGTCACAAGGx-1,0.7504091616116368,0.2495912243229738
GCTTGAAAGGGAGTAAx-1,0.7500321776962466,0.2499682104954979
GGAACTTTCTTGTCATx-1,0.7535233390876082,0.24647705058318525
GCTGCGACAGTCAGCCx-1,0.7566849748307294,0.24331543121353916
GCTGCGAAGTACGCCCx-1,0.7500137467636905,0.2499866515910272
GGAACTTAGGGAGTAAx-1,0.7582025096584665,0.24179789928392895
GGACAGACAACTTGACx-1,0.7591325406273302,0.24086785140830203
GGAAAGCTCCGCGTTTx-1,0.7520254577566112,0.2479749295479357
GCTTGAAGTACTTAGCx-1,0.7495211164947001,0.25047927756376814
GGAAAGCAGCAGCGTAx-1,0.7004359103101021,0.2995644733493827
GGAATAATCGTCCAGGx-1,0.7247118958047208,0.27528850588906073
GGACATTTCTTCCTTCx-1,0.6591688190811434,0.3408315002676764
GGAAAGCAGTCATGCTx-1,0.7081717848640712,0.29182868619865127
GGAATAACACAGCCCAx-1,0.7099396653715749,0.2900607137172357
GGACATTGTGTGTGCCx-1,0.7518452847878021,0.2481551196909721
GGAATAAGTCGCTTTCx-1,0.7520671325781997,0.24793326148772776
GCTGCAGCATGAAGTAx-1,0.7496087010318585,0.25039166426586945
GCTGCTTTCTTAGCCCx-1,0.7583556999863179,0.24164469364046018
GGACAGACAATGCCATx-1,0.6965177502206988,0.3034826284622156
GCTGCGATCCGTTGCTx-1,0.7492701252206516,0.2507302640778169
GCTGCGAAGGAATCGCx-1,0.7503935274583106,0.24960685474325736
GCTTGAATCCGCATAAx-1,0.7485007786098073,0.25149960215737577
GGACAAGGTCTGCCAGx-1,0.7507574175902804,0.24924296406997248
GGAATAATCTCAAGTGx-1,0.7563206057443286,0.2436799427282112
GGACATTCATACTACGx-1,0.7559743380913954,0.24402608948493923
GCTGCTTAGTAGCCGAx-1,0.7561762299455547,0.24382415057803591
GGACATTTCTTGAGACx-1,0.7518343864836692,0.24816602404292162
GCTGGGTTCGTTACAGx-1,0.7566620965604282,0.24333831757016394
GCTGGGTGTAGCGTGAx-1,0.7499636270529587,0.250036763648895
GCTTCCAAGATATGGTx-1,0.7569193877616832,0.2430810332174261
GGACAGAGTTCTCATTx-1,0.7522428560805252,0.2477575248520574
GCTGCTTGTCCATCCTx-1,0.7537616620671507,0.24623871700056182
GGAACTTGTGTGCCTGx-1,0.7505776925843527,0.24942268359863662
GCTGGGTCAGCCAATTx-1,0.753217567620352,0.2467828255488384
GCTTCCAGTTACCAGTx-1,0.7538989946588174,0.24610137851583594
GGAATAAGTATCAGTCx-1,0.7519906554128899,0.24800971227608842
GCTGCTTCAGGATTGGx-1,0.7580023072887797,0.24199808864784939
GCTTCCAGTGACTACTx-1,0.7569471274818094,0.2430532597870162
GGACATTGTCACCCAGx-1,0.6644784072119252,0.3355219345341631
GGAATAAAGCTGCGAAx-1,0.0,1.0
GCTCTGTTCACCACCTx-1,0.7580473743165093,0.2419530369446204
GCTGGGTTCAACACGTx-1,0.7494124456066518,0.25058793451273975
GGAACTTAGGGCTCTCx-1,0.5066358005768181,0.4933644288900377
GCTTGAATCGTTGCCTx-1,0.7583201717977768,0.2416802627683938
GGACGTCAGAGGTTATx-1,0.7519930752704482,0.24800728414947865
GCTTCCATCGCGATCGx-1,0.7563922196045082,0.24360818352571834
GGACAGAAGATGTCGGx-1,0.7497762679267594,0.2502241133095882
GGACATTCATCGGAAGx-1,0.6961325302860846,0.30386783905506765
GGACATTCAGTCACTAx-1,0.0,1.0
GGACAGAGTCCATGATx-1,0.7533260632543376,0.24667422688741245
GCTTGAACAGGGTACAx-1,0.7545976164579805,0.2454027819113438
GGAAAGCTCAGCTTAGx-1,0.7528027841391912,0.2471976106294584
GCTCTGTTCAATCTCTx-1,0.7536371851490289,0.24636320911079262
GCTGCGAAGGCTACGAx-1,0.7016578806501523,0.29834248017417025
GGACGTCAGTATGACAx-1,0.6863903601531681,0.3136100081316002
GCTGCTTGTAGGGTACx-1,0.7559219389811649,0.24407847173105893
GCTTCCAAGCAGATCGx-1,0.7579585651952976,0.24204184581236632
GGAATAAAGCGATCCCx-1,0.4607760726948882,0.5392241749874017
GGACAAGAGTTATCGCx-1,0.7547555670640926,0.245244832600516
GGACATTAGCTAACTCx-1,0.7498796730251459,0.25012070841116013
GCTCCTAGTTGCCTCTx-1,0.7560135781454377,0.24398680941920448
GGACATTAGACACGACx-1,0.7502054951221726,0.24979489194761656
GCTTGAACATCGGTTAx-1,0.7011275349261985,0.2988728477960995
GCTGCTTTCGACCAGCx-1,0.7521188167677301,0.24788156305216738
GGAAAGCGTCCGTTAAx-1,0.7073441658527059,0.29265622112151246
GCTGGGTCATTGAGCTx-1,0.7020562859139632,0.2979439377591479
GCTGCAGAGTCTCAACx-1,0.7030251978946699,0.29697516508079846
GCTTGAATCTAACGGTx-1,0.7519560696864365,0.24804430499754054
GCTTGAATCCAAACACx-1,0.7502166472594478,0.249783727802821
GGAAAGCAGCTGCCCAx-1,0.7499884733528277,0.2500119260711792
GGACAAGAGCTAGGCAx-1,0.7490197652563899,0.250980616862931
GGACATTGTTATCGGTx-1,0.7564336631694504,0.24356670352564003
GCTTCCACACTTCTGCx-1,0.7497741436904524,0.25022623385226256
GCTTCCAAGGATCGCAx-1,0.7010486102329616,0.2989517421640822
GCTGCGATCATGCATGx-1,0.749465760349423,0.2505346394313874
GCTGCGATCGTTACAGx-1,0.7490565064358602,0.2509438777080787
GGACAAGTCCTTTCGGx-1,0.6923190200028023,0.30768135840990557
GCTTCCAAGCTAACTCx-1,0.7509910095278225,0.2490093788755712
GGAATAAAGGTGTTAAx-1,0.7047213717445957,0.2952790059433475
GGACAAGCAGGAACGTx-1,0.7496932509674927,0.25030713748097877
GCTGCTTCATGGAATAx-1,0.754011871514211,0.24598852713703562
GGACAGAGTGAGGGAGx-1,0.7563735613767832,0.24362680030289796
GGAACTTGTTCCCTTGx-1,0.7553599340798651,0.24464047116471904
GGACATTCAAGCTGAGx-1,0.7554469179368186,0.24455349932661183
GCTGCAGGTCAAAGATx-1,0.7577834197346931,0.24221699895930424
GGACGTCGTCCGTTAAx-1,0.6488277660147963,0.3511725739873971
GGACAAGAGGAGTTTAx-1,0.7223225044202257,0.2776778755338133
GGATTACCAAGAAGAGx-1,0.7492503576625574,0.2507500135215389
GGCCGATCATTCCTCGx-1,0.6988909157035329,0.30110945673155337
GGACGTCTCAACTCTTx-1,0.6712092026835061,0.32879101832206725
GGCCGATTCGTCGTTCx-1,0.6423394311390966,0.3576609598794202
GGGAGATTCTGGCGACx-1,0.7496790038923994,0.25032136336408617
GGCAATTGTAGGGTACx-1,0.7485341105975047,0.25146628232754126
GGCGTGTTCCCTAACCx-1,0.6615548117280838,0.33844551501585146
GGAGCAAGTATAAACGx-1,0.7573895445835834,0.2426108562148495
GGGAATGCAAACGTGGx-1,0.7495802957984493,0.25042009386507774
GGATGTTGTTCCCGAGx-1,0.6976913195940881,0.30230904014202764
GGATTACAGTAGGTGCx-1,0.7508367988881917,0.24916357874822828
GGATTACTCTGAGTGTx-1,0.758661519327126,0.2413388921863194
GGCTGGTTCAACACGTx-1,0.7493100788694192,0.25069030275019033
GGCTGGTCATATGGTCx-1,0.7505779689310537,0.2494223977406181
GGAGCAACACAGGAGTx-1,0.7526802997272023,0.24732014870882912
GGGAATGAGGGAACGGx-1,0.7504077540073343,0.24959264098215644
GGCGTGTGTAGAAGGAx-1,0.7518755953901908,0.2481247806949706
GGGAGATCATTACGACx-1,0.7495692240761541,0.2504311478656379
GGGAATGCAATCCAACx-1,0.7504809652987764,0.2495194254953536
GGATTACGTGGCCCTAx-1,0.7080762471959782,0.29192413373517034
GGATGTTGTGTTCGATx-1,0.7528816645983754,0.24711870142722062
GGCTGGTAGCTAGGCAx-1,0.7501634612200069,0.24983693345580746
GGCCGATGTGCCTGCAx-1,0.7490820903781729,0.2509183093926335
GGAGCAACACCTCGGAx-1,0.7276089360116068,0.27239148835574234
GGCTCGACATTCTTACx-1,0.7560133350885065,0.24398705861838527
GGGATGACAATACGCTx-1,0.6207264929763916,0.37927390188807597
GGATGTTAGGGTGTTGx-1,0.753510869807952,0.24648950845925402
GGATGTTGTTATCCGAx-1,0.7501399111023156,0.24986046957306912
GGCGACTTCTCGAGTAx-1,0.7563585758044646,0.2436417987708363
GGCGTGTCATCATCCCx-1,0.7548585963509125,0.2451418041400199
GGCGACTTCGTCACGGx-1,0.7503691378071004,0.2496312453084701
GGCTCGACAAGCGAGTx-1,0.7581161910916958,0.24188420361512766
GGATTACTCACTTCATx-1,0.750542267623443,0.2494580798724409
GGCGACTTCTGTTTGTx-1,0.7490463044678686,0.25095407910542444
GGATTACAGCTGTTCAx-1,0.7566969454492515,0.24330348979757901
GGCTGGTAGATATGGTx-1,0.7578446782469395,0.24215573874790744
GGATTACCATCCCATCx-1,0.7579212238045704,0.2420791905986776
GGATGTTCAGACGCTCx-1,0.7485471185583784,0.2514532679220123
GGCCGATAGGCGACATx-1,0.5977121723981175,0.40228817708845416
GGCAATTGTCGAATCTx-1,0.7582008800012833,0.24179955168949405
GGCGACTAGAGGGATAx-1,0.7530886007819851,0.24691176044398483
GGCCGATGTGAGTGACx-1,0.7500293960762422,0.24997098860850436
GGACGTCGTTCCCGAGx-1,0.755943360760351,0.24405705307893735
GGATTACCAGTTTACGx-1,0.7510968289084466,0.24890355111676069
GGAGCAATCCGAGCCAx-1,0.7463886632884097,0.25361170496435653
GGCAATTTCCGGCACAx-1,0.7576854505458204,0.24231494182895444
GGACGTCTCCGTAGTAx-1,0.7498199185996808,0.25018046577805464
GGATTACGTGATGCCCx-1,0.6981198061099875,0.3018805735715988
GGCTCGACAGCCAATTx-1,0.7538036122713754,0.2461967220160097
GGATTACTCAGTTGACx-1,0.7497423270694223,0.2502580545216398
GGCGTGTTCTGTGCAAx-1,0.7346094438485331,0.2653907053932551
GGCCGATTCTTCGGTCx-1,0.7490394777009023,0.2509609042314141
GGCTCGACAGTACACTx-1,0.7498103970043721,0.25018997956321676
GGATTACTCATTGCCCx-1,0.703544180453143,0.2964561944781186
GGCGACTTCAATCACGx-1,0.7497695094747839,0.2502308721584545
GGCCGATAGGTGCACAx-1,0.7558263555052468,0.24417406559962812
GGCGACTGTGGTGTAGx-1,0.7579442191163266,0.24205619222137098
GGCGTGTGTCGGATCCx-1,0.7499815209014972,0.2500188735906386
GGCTCGAGTCGTGGCTx-1,0.7469257215469193,0.2530746585265377
GGCGTGTGTACCGCTGx-1,0.7099063283287727,0.2900938829993599
GGCTGGTTCTCGAGTAx-1,0.7487497525205135,0.2512506135448914
GGCCGATAGACTCGGAx-1,0.7016524013081564,0.29834795643205203
GGGAATGGTCGACTGCx-1,0.7560363833831141,0.24396399304728492
GGCGACTGTCTTCGTCx-1,0.7525201140253748,0.24748027723296512
GGGAATGCACATTTCTx-1,0.748365305268198,0.25163507992587664
GGGAGATAGTCTCCTCx-1,0.749420044595089,0.250580341260018
GGAGCAACATGACATCx-1,0.750877852930762,0.24912252742772983
GGGAATGGTGACTCATx-1,0.7521314034971687,0.24786898395577261
GGGACCTCATGTCGATx-1,0.7544420108611635,0.24555837490658028
GGCTCGATCAGTTCGAx-1,0.7483695832768675,0.2516308009597031
GGCTCGAGTTCGTCTCx-1,0.7585383415923039,0.24146206298614836
GGGAATGCAAGTCTGTx-1,0.7564573364401898,0.2435430250112686
GGGAGATAGTTGTCGTx-1,0.7511777425902744,0.2488226402914722
GGGAGATCAAGTAGTAx-1,0.7579297652206207,0.24207063293219946
GGATTACGTTAAGGGCx-1,0.7520858161007674,0.24791456828705077
GGGAGATTCAAAGTAGx-1,0.7566603492352609,0.24334006028657637
GGCGACTGTGATAAACx-1,0.7588425236792321,0.24115788237232844
GGAGCAACAATCCGATx-1,0.7039606452478618,0.29603967084802457
GGCGTGTGTATGCTTGx-1,0.7511086548897179,0.24889173015148575
GGCGTGTGTACATCCAx-1,0.7554044248969988,0.24459592086859186
GGATTACAGGCCCTTGx-1,0.7511246057457821,0.24887580508113918
GGCTCGAGTTCCACGGx-1,0.6852428778933513,0.3147574968111167
GGGAATGCAAACCTACx-1,0.7529148795706023,0.2470854797714564
GGGAGATCAGCTGTGCx-1,0.7583712720588552,0.2416291464675325
GGCAATTTCGCCAGCAx-1,0.7519243687599836,0.24807600991898876
GGCGTGTTCATGCATGx-1,0.7488604864922368,0.25113990463324826
GGGAATGCACCACCAGx-1,0.7540158332188521,0.2459845626416347
GGATTACTCCGGGTGTx-1,0.7515185769161168,0.24848178473734728
GGATTACTCTGCGGCAx-1,0.7497515516101385,0.2502488338855317
GGCAATTTCGGAGGTAx-1,0.7485827724668704,0.2514175860247025
GGAGCAAAGTACACCTx-1,0.7536577831993382,0.2463426128667522
GGCGTGTCAATCTACGx-1,0.7041191172836939,0.2958812557435173
GGGAGATTCAACGGGAx-1,0.7495634923036197,0.25043690972658605
GGCAATTCACCACCAGx-1,0.7505925141851351,0.24940786040544427
GGCTCGATCTGGTGTAx-1,0.7567650157347443,0.243235402278618
GGGAGATTCTGGTGTAx-1,0.7551865938662908,0.2448137889184077
GGAGCAACACCACCAGx-1,0.7473323872258879,0.25266801484574736
GGGACCTAGTGCGATGx-1,0.750928492472446,0.24907187723540783
GGGATGACAGATAATGx-1,0.6997332674571668,0.30026710365741155
GGCAATTGTTCGTCTCx-1,0.7596358157842281,0.2403645689783582
GGTATTGCATAAGACAx-1,0.7500779044180615,0.24992247811607515
GTAGGCCAGCGGATCAx-1,0.7560368031998853,0.24396358198197335
GGGATGAGTCCGAGTCx-1,0.7543044642893061,0.24569593978182824
GGTGAAGCATACTACGx-1,0.7529383506576731,0.24706206033526698
GTACGTAGTATATGAGx-1,0.7521674488419651,0.24783293290818395
GTACTTTCACGGTGTCx-1,0.7580640113811691,0.24193641380100353
GGTGCGTGTATATGAGx-1,0.7579741736445603,0.2420262478211242
GGTGTTAGTACCGGCTx-1,0.7565113409733578,0.24348904119024647
GTACTTTTCTAACCGAx-1,0.7546400651389585,0.24536031078962717
GTACTCCGTGTCAATCx-1,0.7506993266672539,0.24930105862601049
GGGTCTGCATGTAAGAx-1,0.7076822885281866,0.29231808470186543
GTACTTTCAAGGCTCCx-1,0.754673028522104,0.24532736340052988
GTACTCCTCTGACCTCx-1,0.7507809537398982,0.2492194260765642
GTACTCCGTTGGGACAx-1,0.7604014102817226,0.23959899456008163
GTAACGTTCTAAGCCAx-1,0.710721866802142,0.28927845796658147
GGGCATCGTACAGCAGx-1,0.748969522910666,0.2510307969123394
GGTGTTAAGTGGTAATx-1,0.7580699427416834,0.24193049637067374
GTAACTGTCTCGGACGx-1,0.7495535801798753,0.2504467854585801
GGGTCTGCATGAACCTx-1,0.6946837834303519,0.3053165996003473
GGGTCTGCACTCAGGCx-1,0.7503335487795998,0.2496668487604616
GGTGTTAGTCTTGCGGx-1,0.7576911284079554,0.2423092750458581
GTACGTAAGTGACTCTx-1,0.7575355912476845,0.24246482719201212
GTAACGTCACGCATCGx-1,0.7587717395630119,0.24122865973519098
GGTGTTAGTGATAAACx-1,0.7498257138117845,0.25017465517298426
GGGCACTAGGCAATTAx-1,0.7494444676262881,0.25055590633588315
GGTGTTAGTAAAGTCAx-1,0.7502938235915352,0.24970656670661753
GGTATTGTCCAAAGTCx-1,0.7475935994779159,0.25240678447373016
GGGTCTGCAAGCTGAGx-1,0.7495795986053355,0.2504207971574947
GTACTTTAGCACACAGx-1,0.7501037799635962,0.24989635830278883
GGTGTTAGTGGCCCTAx-1,0.7495806477150537,0.25041974081995627
GGGCACTCATCCAACAx-1,0.6939624932170009,0.30603789113975594
GTAACGTGTTCACCTCx-1,0.7012267887091006,0.29877358356813083
GTAACGTGTTAGTGGGx-1,0.7499107323794975,0.2500896511658566
GGTATTGGTAGCGCAAx-1,0.7536240440257668,0.24637633918782928
GTACGTATCGGTGTTAx-1,0.7511392849928699,0.24886108081343677
GGTGTTATCTACCAGAx-1,0.7310742007289165,0.26892617930194557
GGTGAAGAGGGATGGGx-1,0.5899760221486211,0.41002431791742633
GGGATGAGTCCTCCATx-1,0.7595682832276939,0.24043210573628393
GTACTCCTCTGGTGTAx-1,0.7489180678976427,0.25108232611969444
GGTATTGAGAAGAAGCx-1,0.7502487678969275,0.24975164503587693
GGGCATCTCGGAGCAAx-1,0.7490004208285861,0.25099994996845215
GTACTTTGTAATCGTCx-1,0.7501199486242315,0.2498804249185312
GGGTTGCAGGACCACAx-1,0.7496198875745421,0.2503804876340979
GTAGGCCCATACGCCGx-1,0.7534935225197523,0.24650687407800417
GGTATTGTCCACGACGx-1,0.7001925488725508,0.2998078257718691
GGTGCGTCACACGCTGx-1,0.7505100139632456,0.24949035638494663
GTACTTTGTCGCCATGx-1,0.7599776591941133,0.24002272937899147
GGTGAAGGTCGGCATCx-1,0.5721561461375735,0.42784414782042285
GTAACTGCACACATGTx-1,0.7501096292917299,0.24989075492974247
GGGCATCGTCGCCATGx-1,0.7052808065937494,0.29471957243105434
GGTATTGTCAGTGCATx-1,0.6261524944101514,0.37384786109067686
GTACTCCGTATGGTTCx-1,0.6232755385788169,0.3767248335578446
GTACTCCTCTACTCATx-1,0.7034055103329995,0.29659485638629085
GGTGAAGTCAAGATCCx-1,0.6692764951379157,0.3307239050027426
GGTATTGAGAAGGCCTx-1,0.7510565502454982,0.24894383546357726
GTAACGTAGTTAAGTGx-1,0.6962035211608568,0.30379685194052214
GGTGCGTCAGCTCGCAx-1,0.758192180844407,0.2418082108007853
GGGTCTGCAACGATGGx-1,0.7528979751396796,0.24710240998624422
GGGCACTAGGTGCACAx-1,0.7582937298417233,0.24170669423322255
GTAACTGGTTCGTGATx-1,0.7152859942108523,0.2847142110282334
GGGTCTGCATTACGACx-1,0.7504935626162873,0.24950682674304359
GTACTTTTCCACGACGx-1,0.756731453265403,0.24326894174773023
GGTGCGTCAGCTTAACx-1,0.7496536628552981,0.25034672815530723
GTACTCCAGGGAAACAx-1,0.750097417568908,0.2499029623498595
GGTATTGGTGCAACTTx-1,0.67576842654531,0.3242319548649309
GGGATGACATTTCAGGx-1,0.7564697121455931,0.24353069964245289
GGTATTGAGGATGGTCx-1,0.7501537026983708,0.2498466889386391
GGTGCGTCAGGTCGTCx-1,0.7478141139839626,0.25218627075558664
GTACGTAGTACAGTGGx-1,0.7498007565237653,0.25019963385785726
GGTGTTATCTAACTCTx-1,0.700104061084645,0.2998963147567345
GGTGAAGAGAATAGGGx-1,0.7496110268356283,0.2503893736252949
GTACGTACACATGTGTx-1,0.7495780598101973,0.25042232799630326
GTACGTAAGGCCCTTGx-1,0.751431910589938,0.24856846053284168
GGGATGAGTAAGTGGCx-1,0.7494181873410289,0.2505822058326923
GGGCACTAGTGGAGTCx-1,0.750106320692487,0.24989407455079826
GGGCATCCACAGGTTTx-1,0.7550481710828071,0.24495220553687339
GTACTCCAGTAAGTACx-1,0.7498415731733511,0.2501588107270968
GTAACGTCAAGGTTCTx-1,0.6990271855297366,0.30097316890556386
GGGTCTGAGTAAGTACx-1,0.7514489315080118,0.24855146195082573
GGTGAAGCATGGGAACx-1,0.7529518191422002,0.2470485596590507
GGTGTTAGTTCGGGCTx-1,0.7538634709440722,0.24613690712656447
GTACTTTGTGAGGCTAx-1,0.7494099872726047,0.25059038104123466
GTAACTGCAGATCTGTx-1,0.7576097796879951,0.2423906282485961
GGTGAAGTCGAATGGGx-1,0.7581869471324478,0.2418134567441647
GGGTCTGAGGTGATTAx-1,0.7575269712835985,0.24247343044867772
GGTATTGTCACGATGTx-1,0.7499416831300711,0.25005870849793216
GGTGTTACAGGATTGGx-1,0.755133399522814,0.24486700227091887
GTAACTGCAAGGGTCAx-1,0.7500339222439164,0.24996644254231382
GTAACTGGTGACGGTAx-1,0.7549796684037446,0.24502071949919663
GGGTTGCTCATTTGGGx-1,0.7047249931780982,0.29527537897553857
GGTGTTAGTATTCTCTx-1,0.7564958244443208,0.2435045511856431
GTCGGGTAGACACGACx-1,0.7526919733662282,0.2473084174055669
GTCACAAGTAAACCTCx-1,0.7495896709912152,0.2504107123032571
GTCACGGTCCTAGGGCx-1,0.7584164116369394,0.24158399579142026
GTCACAAAGGGCACTAx-1,0.750114540254938,0.24988584066497174
GTGAAGGGTCCGTTAAx-1,0.7504588392506585,0.24954155866909924
GTATCTTCATAGAAACx-1,0.7544276612343573,0.24557270483774055
GTCATTTTCGCATGGCx-1,0.7484144884900242,0.25158588186021075
GTCGTAAAGCTCAACTx-1,0.6535422160803372,0.34645814936350755
GTCGGGTGTCCGCTGAx-1,0.7496465971548899,0.2503537825865067
GTATCTTGTTTGGCGCx-1,0.7566667654839891,0.2433336491290033
GTCGTAATCGATGAGGx-1,0.7498658642347147,0.25013451962809174
GTCACAAGTCCCTTGTx-1,0.7401120051154311,0.2598883902261764
GTATTCTTCTTAACCTx-1,0.46071528659018984,0.5392849296959217
GTATCTTGTTTGTTTCx-1,0.7534871224467977,0.24651324941000152
GTCAAGTAGCTGCCCAx-1,0.7041939510569941,0.2958064346765227
GTCGTAAAGATAGCATx-1,0.6966859518977241,0.30331442756462756
GTATTCTTCCGTACAAx-1,0.750293283467653,0.24970709904304816
GTGAAGGGTCAGAAGCx-1,0.6989035697008895,0.3010968034731911
GTATCTTCACGGATAGx-1,0.7492286580485575,0.2507717145092263
GTAGTCAAGTACGTAAx-1,0.7545706782307803,0.2454297072473246
GTCACGGTCAATCTCTx-1,0.7581472019260778,0.24185318406651735
GTCTCGTGTCCGAACCx-1,0.7560496277343474,0.24395077124030698
GTCGGGTCAATGGAGCx-1,0.754384563667664,0.2456158275899643
GTCAAGTTCTTGAGGTx-1,0.7503212366876162,0.24967915605714744
GTCTTCGTCGTACGGCx-1,0.750393274172026,0.24960711407472527
GTATCTTCACATCCGGx-1,0.7281610464793579,0.27183934265419313
GTCGTAAAGGGAAACAx-1,0.7525727366133842,0.24742765240074258
GTCATTTAGGCTAGACx-1,0.7576450670641794,0.24235535111340703
GTCATTTAGCACCGCTx-1,0.7493604502359505,0.25063993196254664
GTCCTCAGTCATATGCx-1,0.7517337663836241,0.24826662126691795
GTATCTTGTTTCGCTCx-1,0.7484094835746545,0.25159089403817797
GTCGGGTAGATGCGACx-1,0.6940816571339227,0.305918734461103
GTAGTCATCTGGTGTAx-1,0.7565328435778768,0.2434675581945768
GTAGTCACATGCTGGCx-1,0.7496882266848641,0.25031214630033766
GTCGGGTAGGTGTTAAx-1,0.7506933343426996,0.2493070484392797
GTCGGGTCATCCCACTx-1,0.7568327432251707,0.24316767230149547
GTAGTCATCCTAGAACx-1,0.7509720850807344,0.24902829558677692
GTCTCGTCATATGGTCx-1,0.7571941798888897,0.24280621484185036
GTCTCGTAGCTCCTTCx-1,0.7591588611228979,0.24084152493277658
GTCAAGTGTTTGTGTGx-1,0.682222991117206,0.31777737688787333
GTCTCGTGTTCCAACAx-1,0.7559461881780773,0.2440541806766501
GTCTTCGGTTGTGGCCx-1,0.747637118470103,0.25236326457401426
GTCCTCACAAGGACTGx-1,0.7597075148573412,0.2402928749426146
GTAGGCCGTCATTAGCx-1,0.7590952402443225,0.24090516399782988
GTCACAAAGGTGATTAx-1,0.7468968546896784,0.2531033743986935
GTCGTAATCGTTACAGx-1,0.7573436043612455,0.24265680805527493
GTCGGGTCATCGGACCx-1,0.7456649723836768,0.254335421110773
GTAGTCACATGCGCACx-1,0.7500500956593144,0.2499503163190244
GTCATTTAGCTAGGCAx-1,0.7544749632532108,0.24552543856131806
GTCACAACATGCGCACx-1,0.7495481932057055,0.25045219973380434
GTATTCTGTCCGAAGAx-1,0.7521428086873488,0.24785757767832325
GTCTTCGCATATGAGAx-1,0.7496607325136531,0.2503396294242764
GTAGTCAAGTCTCAACx-1,0.7488471181587044,0.25115324739936645
GTATCTTTCTGCGACGx-1,0.7499466616720605,0.2500537048914644
GTCTCGTTCTTTAGGGx-1,0.7489095316460296,0.2510908272399795
GTCATTTAGTCCGGTCx-1,0.7494853596807344,0.25051501552907013
GTCACAAAGCCTCGTGx-1,0.7497788380176473,0.25022155245280975
GTCGGGTTCGCCCTTAx-1,0.7502935216585821,0.2497068708029249
GTCATTTGTCGCGTGTx-1,0.7501185745487141,0.24988180125455947
GTAGTCAGTTATGCGTx-1,0.7072613120930796,0.29273904743422274
GTCACAATCCTTGACCx-1,0.7484343039057463,0.25156606689362854
GTAGGCCGTGGTTTCAx-1,0.749636251068031,0.2503641408859479
GTATTCTAGCTCAACTx-1,0.7501518140703786,0.2498485685142874
GTATTCTGTCTAGCCGx-1,0.756700482240732,0.2432998683817626
GTCCTCAGTAGGCATGx-1,0.7541569471413958,0.2458434449055519
GTAGTCACACTGTCGGx-1,0.749215458658104,0.2507849258407898
GTCAAGTAGATGCGACx-1,0.7486593716426567,0.2513410144213192
GTCGTAAGTCCTCTTGx-1,0.7515403534531566,0.24846001503025728
GTCCTCATCACCAGGCx-1,0.7415058417149328,0.25849453472522715
GTAGGCCTCGTCACGGx-1,0.7595468557380931,0.2404535389340416
GTCACAAGTACAGACGx-1,0.7499026967637149,0.25009770197989595
GTCAAGTCATTAGCCAx-1,0.7580665798316221,0.24193385175815765
GTATCTTGTATATGAGx-1,0.7577224546866151,0.2422779556281042
GTCTCGTTCTCACATTx-1,0.7499842121267106,0.25001617906437035
GTCGTAAAGCCTTGATx-1,0.7096310402349806,0.2903693602857706
GTGAAGGCAGGTCTCGx-1,0.7500070394563697,0.24999334186855593
GTATCTTCACCGAATTx-1,0.6809902472211273,0.31901013143798185
GTCTTCGGTTACGTCAx-1,0.7512367079225775,0.24876366490544521
GTATCTTCAGCCAGAAx-1,0.7497866755660808,0.2502137165068485
GTCACGGCAGCTGCTGx-1,0.7501370864540144,0.24986339055997883
GTATTCTCAGATGAGCx-1,0.754248891788387,0.2457514977640941
GTGAAGGCATAAGACAx-1,0.6763859650230308,0.32361434447866166
GTCACAAAGGCCCGTTx-1,0.758547467151924,0.24145295131530986
GTCATTTCAGATCCATx-1,0.7557751301162703,0.24422524441211396
GTCATTTAGACAAGCCx-1,0.7510818598849324,0.24891852535980105
GTCGTAATCGGTCCGAx-1,0.7491056486555926,0.2508947437494126
GTCACGGAGTCCTCCTx-1,0.7580180913668979,0.24198233385905193
GTCACAATCTAGAGTCx-1,0.7551385898670385,0.24486179508944403
GTCTCGTCACCTGGTGx-1,0.7581291885183501,0.24187122408098435
GTCCTCACAATCCAACx-1,0.7586009148962005,0.24139950342357097
GTCACGGAGCTACCGCx-1,0.7581904546249285,0.24180997662512874
GTCACAACAGACAAATx-1,0.7502628601377063,0.2497375229061769
GTAGGCCTCTCCAGGGx-1,0.7565407166027939,0.2434596872005898
GTCACGGAGGTCGGATx-1,0.6902483897043974,0.30975199567541734
GTCAAGTAGCTAACAAx-1,0.733318511579182,0.2666818747875512
GTAGGCCGTCAGGACAx-1,0.7503725772948903,0.24962783047556267
GTTCTCGTCACCACCTx-1,0.7594109304197059,0.2405894752320374
GTTTCTACATTTGCCCx-1,0.7589009508405848,0.24109942554227204
GTTCATTGTTCGAATCx-1,0.7490413032153963,0.25095908165415354
GTGGGTCGTGATGATAx-1,0.7500135042624994,0.24998685090045403
GTTCTCGAGGGTTCCCx-1,0.5979930602072051,0.4020072462146326
GTTCGGGAGGTTCCTAx-1,0.7475102766389115,0.2524901210649958
GTTCATTTCAGTTAGCx-1,0.7512333073476931,0.24876708666951086
GTTCTCGTCCTATGTTx-1,0.7496033663391866,0.25039702227340793
GTGCTTCCACACTGCGx-1,0.6750103500226418,0.32499002326373627
GTTCATTGTATCGCATx-1,0.7505059487782112,0.2494944265835274
GTTTCTAGTCCTAGCGx-1,0.6996157878649977,0.3003845944382307
GTTCGGGAGGGCTTGAx-1,0.7544456925666074,0.24555470164458146
GTGCGGTTCGTTACGAx-1,0.7554191584754647,0.24458119366611594
GTGCGGTTCGCATGGCx-1,0.0,1.0
GTGCTTCCATTATCTCx-1,0.7470416057673062,0.2529587783106774
GTTCGGGGTCTTGCGGx-1,0.0,1.0
GTTCATTAGTGTGAATx-1,0.7514476928439019,0.24855267912032758
GTTACAGGTAGCGCAAx-1,0.6990940672971242,0.3009063006945471
GTTACAGCATTGGCGCx-1,0.7537191578802913,0.2462811990948247
GTGGGTCGTCCTCTTGx-1,0.7492776939712475,0.25072265877845845
GTGTTAGTCTTCATGTx-1,0.7529258627002465,0.24707451323247015
GTGCATATCTTTAGTCx-1,0.757865070617835,0.24213535718988483
GTGGGTCGTATAGTAGx-1,0.7502590877441488,0.24974129857521574
GTTTCTAAGGAACTGCx-1,0.7537703106107908,0.24623007731171234
GTTTCTAGTGCCTTGGx-1,0.7509044218851871,0.249095731045733
GTTAAGCCAGTTCATGx-1,0.7565398453823882,0.24346055885938223
GTTCGGGGTTGGTGGAx-1,0.7497375467014884,0.2502628326796108
GTGTTAGGTCATCGGCx-1,0.7569234406390467,0.24307697027767228
GTGTGCGAGCTATGCTx-1,0.7501778013182507,0.24982259115428115
GTGGGTCCACCCATTCx-1,0.757699452021248,0.24230097069294415
GTTTCTACAGATAATGx-1,0.7068061612239618,0.2931942270336323
GTGTGCGAGACTAAGTx-1,0.7012897447199392,0.29871062831157924
GTTCGGGGTAGCGATGx-1,0.6306579558086215,0.3693423873100211
GTTCTCGTCGCAAGCCx-1,0.7578122707029632,0.24218811616951322
GTTTCTATCCACGTTCx-1,0.7521508627023963,0.24784951142154432
GTGCGGTCAGGGTATGx-1,0.756088596316249,0.24391181357781516
GTGCATACAATGACCTx-1,0.65723710397277,0.3427632610994964
GTGTTAGTCTCCGGTTx-1,0.6841279771258609,0.3158724010506788
GTGTTAGTCCGCATAAx-1,0.7568410902751744,0.24315932666280837
GTGTGCGAGATATGCAx-1,0.7522355763614065,0.24776479800427634
GTTAAGCAGTGACATAx-1,0.7497010899478057,0.2502992999833832
GTGCGGTAGCCGTCGTx-1,0.7499452554436907,0.2500551144903305
GTGCATACACGGCGTTx-1,0.758545492222038,0.24145492630966944
GTTCATTCAGACACTTx-1,0.7351088608626795,0.26489151727472426
GTGCGGTAGCCCGAAAx-1,0.7504523050408464,0.24954810988372003
GTTACAGAGCTGCAAGx-1,0.7499960316031647,0.25000435425895345
GTGTGCGCAGTATCTGx-1,0.7496518031231167,0.25034856950884343
GTGCGGTAGACTACAAx-1,0.6764340958161065,0.3235662661310705
GTGCATAGTCTTCGTCx-1,0.749627242629112,0.2503731527910912
GTTCTCGTCTGTACGAx-1,0.7370822210916472,0.26291816643341953
GTGCGGTCATACGCTAx-1,0.7488384225244368,0.2511619612558701
GTGCAGCGTGTTGGGAx-1,0.6929936839635985,0.3070066920902208
GTTTCTACACACCGACx-1,0.7561857743943441,0.2438146845453006
GTGTTAGGTTGCCTCTx-1,0.7607201513750028,0.23928025042762707
GTGCTTCGTAAGTGTAx-1,0.7497619998924747,0.2502383897269354
GTTCTCGTCTGGGCCAx-1,0.7577928410894803,0.24220757174610338
GTGCAGCCATTTCACTx-1,0.7570847673635492,0.24291563572219885
GTTCATTCACCGGAAAx-1,0.7582890188315405,0.2417113867340592
GTTAAGCCACGAAAGCx-1,0.7577325955215628,0.24226781704524047
GTTCGGGCACCAGGCTx-1,0.7459699232037318,0.25403044816117876
GTTCATTGTAAGGGCTx-1,0.7022908923024818,0.2977094850230905
GTTCGGGGTTTAGCTGx-1,0.7502727888368044,0.2497275088438691
TAAACCGAGCGTTTACx-1,0.7503708272840816,0.2496295557458506
GTGCAGCAGGACCACAx-1,0.0,1.0
GTTACAGGTTATGCGTx-1,0.7091299051578177,0.29087045561037017
GTTTCTACACCTGGTGx-1,0.7494707612894296,0.25052961446710525
GTGCAGCAGCAATCTCx-1,0.7479449725521745,0.25205542278376813
GTGGGTCGTCAAGCGAx-1,0.7572438307065463,0.2427565966052809
GTGCGGTGTTGTCGCGx-1,0.7540289236408116,0.24597147312940107
GTGTTAGTCGTGGACCx-1,0.6913855547291675,0.308614825666502
GTGCTTCTCTTGGGTAx-1,0.7594947905522659,0.24050559510609532
GTTCGGGCAATCTACGx-1,0.7478009685683669,0.25219942171465076
GTGTGCGAGACTAGATx-1,0.7504381461796957,0.24956224060456292
GTTCATTGTCGAATCTx-1,0.7487517622263246,0.25124861368815
GTGTGCGTCCAATGGTx-1,0.6524072449115973,0.34759310269190113
GTGCATAGTAAACCTCx-1,0.758096874763526,0.24190352061304782
GTGCATAAGGTGACCAx-1,0.7577470279139829,0.24225339637025742
GTTCGGGTCGAGCCCAx-1,0.7589785288002796,0.2410218795508024
GTTCATTCACCAGGCTx-1,0.7547997246357991,0.24520069945735634
GTGCATACAGTAAGCGx-1,0.6063038055475449,0.393696538092373
GTTACAGCACATGGGAx-1,0.7501905849399251,0.24980980133777134
GTGGGTCTCTCCCTGAx-1,0.7517099249844733,0.24829045892297974
GTTCATTGTGCACCACx-1,0.7240988267571136,0.2759015157976599
GTTAAGCTCCACGAATx-1,0.7469952746864928,0.25300511951945137
GTGCGGTTCACAACGTx-1,0.7014724172984512,0.2985279507920656
GTGCTTCGTTCCGTCTx-1,0.7474786132907998,0.2525217647493257
GTTACAGGTCTTTCATx-1,0.7586924182015989,0.24130798734895914
GTTCTCGAGTTGCAGGx-1,0.7590999862931797,0.24090041884821084
GTGCGGTAGACACTAAx-1,0.7574803583827144,0.2425200637193838
GTGGGTCGTACACCGCx-1,0.7500323631147944,0.24996802242394195
GTGTTAGCATCAGTCAx-1,0.7538567385763396,0.24614365684935102
GTGTTAGCAGGGCATAx-1,0.7496178140876243,0.25038258031777894
GTGCATAAGGAGTAGAx-1,0.6808942182929704,0.3191061302256405
GTTTCTATCCGCGGTAx-1,0.704734683201071,0.29526567998387465
GTTCTCGAGCAGCCTCx-1,0.7578537083268256,0.24214670306712377
GTGCATAAGGAGTACCx-1,0.749956565921653,0.25004383046775835
GTTACAGTCCCGGATGx-1,0.7547931299155151,0.24520727781402274
TACAGTGAGAGTACCGx-1,0.5857398540408767,0.4142604532925314
TACGGGCGTCCAGTATx-1,0.7496696579638593,0.25033072863453043
TACCTTAAGGAACTGCx-1,0.6214512257729796,0.37854911363145505
TAAGAGAGTAGCGTGAx-1,0.7494142739689257,0.25058610451214547
TACTCATGTTGCGTTAx-1,0.7226822793620785,0.27731810712727123
TACGGGCGTCTACCTCx-1,0.7482271342253624,0.2517732444825134
TACCTATTCCCTAATTx-1,0.748838761200597,0.25116161933700626
TACTTACGTAAAGTCAx-1,0.7542718570107193,0.24572852831834896
TACAGTGTCGGTTCGGx-1,0.7579337438181799,0.242066654113916
TAAACCGTCGAACTGTx-1,0.7499076183831719,0.25009277828243265
TACTCGCCATGCCACGx-1,0.7511020281855504,0.24889836142756527
TACGGATCAGCTGCACx-1,0.7581655938457632,0.24183480572585433
TACGGTACACCAACCGx-1,0.7583029731420157,0.24169741918159182
TACTCATGTCTAGGTTx-1,0.7491192142595668,0.25088116781600134
TAAGTGCCATGAAGTAx-1,0.7496280954928252,0.25037227999366096
TACGGGCTCCTCAACCx-1,0.7488426910786495,0.2511577029930475
TAAGCGTTCAGTTGACx-1,0.7585668250971622,0.24143355302834138
TACTCATAGCTACCGCx-1,0.7495695743939697,0.2504306131731374
TACTCGCCAAGACACGx-1,0.7502134925507703,0.2497868933777199
TACGGGCGTCCAGTGCx-1,0.7494320794792344,0.250568289980912
TACAGTGCAGCGTTCGx-1,0.7498493355159992,0.25015104910349834
TACTTACCAGACGCAAx-1,0.7553351946321791,0.2446652140547725
TACTCGCAGGCGATACx-1,0.7568430595908895,0.2431573517314957
TACTTACAGAAGATTCx-1,0.0,1.0
TACGGTAGTACTCGCGx-1,0.7494887228508543,0.2505116544709038
TACTTACGTTGTGGAGx-1,0.7551369775620811,0.2448633924718662
TACTCATGTCATCCCTx-1,0.7544276452948225,0.2455727121706919
TAAACCGGTATAAACGx-1,0.5585632098920084,0.44143709467753856
TACTTACGTCAACATCx-1,0.7515024515275047,0.24849793980689155
TAAGCGTAGAGCTTCTx-1,0.7516148083392795,0.24838556538455395
TACGGGCAGATAGGAGx-1,0.7499403544125697,0.2500600274547294
TACGGGCTCGCATGATx-1,0.703897088253513,0.29610328584208895
TACCTTACATGTCGATx-1,0.7502178636163968,0.24978252744826193
TAAGTGCTCACGGTTAx-1,0.7553260144817028,0.24467436506841805
TACAGTGAGGACAGAAx-1,0.750198693163756,0.24980167597681308
TACCTATGTCATGCATx-1,0.7510807710168073,0.24891959947894887
TACTTACAGATGGCGTx-1,0.7497578117356213,0.25024257960907575
TAAGCGTCAGGCGATAx-1,0.7497870916616995,0.25021329439285406
TACGGTATCGCAGGCTx-1,0.7041424320797253,0.29585794841380086
TACGGGCCACAAGTAAx-1,0.7500008356171379,0.24999956206032586
TAAGTGCGTTCAGGCCx-1,0.758232164596855,0.24176826366158402
TACGGATTCTGCGGCAx-1,0.7190856916823006,0.28091468452003515
TACAGTGAGTACGATAx-1,0.0,1.0
TAAACCGCAGATGGCAx-1,0.7586866368592172,0.24131377618792157
TACCTATTCTTCAACTx-1,0.7011669809669228,0.29883340026294886
TACTCATTCGTTACAGx-1,0.759614494861876,0.2403859127094035
TAAGTGCTCTTGCAAGx-1,0.7639666258794726,0.23603375077700733
TACTCATAGACCACGAx-1,0.7594851002876973,0.240515295507699
TAAGTGCGTTACGTCAx-1,0.7555001722766165,0.24450021907846553
TAAACCGGTTAAGAACx-1,0.5279735398192394,0.47202672762224684
TACTCATGTCCAGTTAx-1,0.7531342842757067,0.24686610890324331
TACCTATCAAGGTTCTx-1,0.7511830415134085,0.24881734251203466
TACACGACAAGCCATTx-1,0.7541784311033349,0.24582196837841244
TACGGATGTTCCATGAx-1,0.7492172257527676,0.2507831616857908
TACGGTATCCAAACACx-1,0.7520716432384646,0.24792874942489934
TAAGCGTAGGAGTACCx-1,0.753838551590338,0.24616183536996558
TACAGTGAGGCGTACAx-1,0.6912247683688096,0.3087756033967582
TACAGTGCATGAACCTx-1,0.755112497869078,0.24488788612573964
TAAGTGCTCATGCTCCx-1,0.7492293321462187,0.2507710404515451
TACGGTATCTGCTGCTx-1,0.7574465677858215,0.242553844065392
TAAACCGTCGCCTGTTx-1,0.7586749141335369,0.24132549952053314
TACACGAAGAATTCCCx-1,0.7504353824298529,0.24956502125169763
TACGGGCTCCTTGCCAx-1,0.7499582895429748,0.2500421040292561
TACCTATGTCTCAACAx-1,0.7557094728573411,0.2442909471146228
TACTCGCCAGGTCGTCx-1,0.7558247158619558,0.2441756944724459
TAAGCGTAGGCAGGTTx-1,0.6920723947106455,0.30792797989543386
TACTCGCGTGGTTTCAx-1,0.757238540606892,0.24276185108588202
TAAGCGTGTTATCGGTx-1,0.7204047823292631,0.27959550412518525
TACTCATTCTAACTCTx-1,0.7563797691648423,0.24362063906324916
TAAGAGATCCAGTATGx-1,0.7494849091334107,0.2505154812786557
TACGGATAGTACGCGAx-1,0.6990585223807081,0.3009418523363132
TAAGAGATCAACGAAAx-1,0.7495678502960047,0.2504325449846068
TACGGATCACCATCCTx-1,0.7577008576783367,0.2422995549587037
TAAGTGCCATCGGTTAx-1,0.7497565802512364,0.2502438110395067
TACGGATCAAACTGTCx-1,0.7497690645320065,0.2502313400521126
TACACGATCAGCAACTx-1,0.7266132124733047,0.27338712299551726
TACGGTAGTCGCATCGx-1,0.7551028477992096,0.2448975272551868
TACTCGCAGCAAATCAx-1,0.7576793717822857,0.24232103816820685
TACGGTACATGAAGTAx-1,0.7500343879492098,0.2499659997872231
TACTTACCAGTCAGAGx-1,0.7555357852195106,0.24446459524856162
TACGGGCCATAGTAAGx-1,0.7493374388023609,0.2506629428897132
TACAGTGCATGTCGATx-1,0.7513591272285183,0.2486412430625675
TACCTATCATGCCCGAx-1,0.6859114974270937,0.3140888831995903
TACTTACCATCGACGCx-1,0.7499647832625842,0.25003559294757044
TACGGGCGTGTCCTCTx-1,0.7501926307771125,0.24980773124950614
TACCTATTCATGCTCCx-1,0.7595466929458939,0.2404537071669777
TACACGACAAGTTAAGx-1,0.7495606473837817,0.25043973486568905
TACGGATGTCTCTTTAx-1,0.749343259266845,0.2506571246165028
TAAGCGTAGAGTGAGAx-1,0.752084111555315,0.24791626832474192
TACTTACAGGTGATATx-1,0.7584390568396233,0.2415613522090428
TACGGATTCTTGAGACx-1,0.7551554441399541,0.24484487451601983
TACGGATGTAGCTAAAx-1,0.7534027679040155,0.24659760396312488
TACTCGCCAGTAAGCGx-1,0.7495583541408375,0.2504420172351155
TACCTTATCGCCAAATx-1,0.7493434509841926,0.25065692795485045
TACAGTGCAACTGCGCx-1,0.6923638888877875,0.3076364946699294
TACGGTATCCGCATAAx-1,0.7498518077261173,0.25014857973444327
TACCTTAAGAACAATCx-1,0.6963209267461564,0.3036794481489378
TCACAAGAGAATAGGGx-1,0.7505112020723405,0.2494890897755773
TATCTCAGTCAAAGCGx-1,0.7578683405070218,0.24213208417902635
TAGTTGGCAGCTTCGGx-1,0.7507252327432691,0.24927514550921176
TCACAAGAGACAATACx-1,0.7516439543055445,0.24835642148094791
TATGCCCTCACGACTAx-1,0.7495333210542089,0.25046706345601194
TAGTTGGTCACGAAGGx-1,0.7496581203461353,0.2503422398120022
TCACAAGAGTACGACGx-1,0.7582717646292071,0.24172864224327745
TCAACGACAAGAGTCGx-1,0.7499203649787427,0.2500800248408003
TAGCCGGTCTGCTGTCx-1,0.7503737114640949,0.24962665586363494
TAGTTGGTCCGGGTGTx-1,0.7574986627422056,0.24250175265893384
TAGACCAAGATCGGGTx-1,0.7560943489653312,0.2439059936789482
TAGAGCTCAGTCAGCCx-1,0.7499855312358444,0.2500148469318512
TACTTACTCGTGTAGTx-1,0.7505678842572152,0.24943252009272845
TCAATCTCATTTGCTTx-1,0.7565031412466863,0.24349726869213226
TACTTGTCACACAGAGx-1,0.7556166477783016,0.24438376104067608
TATTACCTCCTATTCAx-1,0.7519470600007931,0.2480533333883568
TCAATCTCATGCAACTx-1,0.7525221013697706,0.24747827812866666
TAGTGGTAGGTCGGATx-1,0.7578593408723653,0.242141094934604
TATGCCCCAACACGCCx-1,0.7517108539120949,0.24828953614090085
TATCTCATCTAACGGTx-1,0.7496524841721839,0.25034788400222807
TATGCCCAGTCTCGGCx-1,0.7493919681581808,0.25060840960020175
TACTTGTTCACGACTAx-1,0.7554724438268156,0.24452790110422215
TAGAGCTAGCCAGAACx-1,0.742968613972384,0.2570318748545228
TATCAGGTCTCAACTTx-1,0.7045973773616027,0.2954030046913356
TAGAGCTTCTAACCGAx-1,0.7565015642966335,0.24349884790818785
TCAACGAAGTACATGAx-1,0.7491558107952582,0.2508445843007868
TAGACCATCCTTTACAx-1,0.7510587472207241,0.24894165078377606
TAGTTGGCAGATGAGCx-1,0.7509744585249174,0.24902593391175756
TACTTACTCTCAAACGx-1,0.7580945402534559,0.24190587177526282
TCAATCTCACCGGAAAx-1,0.7518854024884389,0.24811498356292838
TCAACGAGTGCTAGCCx-1,0.7497706525634272,0.2502297133680521
TAGTGGTGTAAATGTGx-1,0.7495444664642776,0.2504558923220017
TAGTGGTCAAGAAGAGx-1,0.7590673001578427,0.24093309322227857
TAGCCGGCAAGAAAGGx-1,0.6247249243427472,0.37527534274221297
TCAACGATCAGCATGTx-1,0.7498807987077023,0.2501196000689755
TAGACCAAGCTAAGATx-1,0.7581354831064153,0.24186493492365901
TATTACCAGGAGTCTGx-1,0.7549997344932726,0.24500062311758847
TAGACCACATGTCTCCx-1,0.7515322378197058,0.24846815786750795
TATTACCGTAGCGCAAx-1,0.7502685029333409,0.2497319676614761
TAGCCGGCAGACGCAAx-1,0.7491888182457452,0.2508115648217422
TAGTTGGCACTCAGGCx-1,0.7301343092233835,0.2698658344324825
TCAATCTCATGAAGTAx-1,0.7505525911784073,0.2494478156650393
TAGGCATTCTCATTCAx-1,0.7487696466339527,0.25123058897691564
TCAACGACATCTCCCAx-1,0.7590877004151902,0.24091271285679827
TATTACCCATCGTCGGx-1,0.7561256522117535,0.24387471428278126
TAGTTGGTCAGCACATx-1,0.6765516619981677,0.32344868225355655
TATTACCTCGCTTGTCx-1,0.7495474194312132,0.25045297640859066
TATCAGGGTGGTCCGTx-1,0.757093589892435,0.2429068351129169
TATTACCCACCACGTGx-1,0.7052402436142,0.29476013550190155
TCAATCTTCAGGCCCAx-1,0.7495844092045408,0.2504159857200014
TCACAAGCAGATGGCAx-1,0.7495693362589894,0.2504310523957253
TACTTGTAGTGCGATGx-1,0.7573409187450721,0.2426595031916864
TCACAAGAGATGTGTAx-1,0.7493802928439461,0.2506200820164812
TAGCCGGAGCTTATCGx-1,0.7540781746989123,0.2459222160231112
TATGCCCCAAACGCGAx-1,0.7582065548888763,0.24179384379682167
TCAATCTTCTAGAGTCx-1,0.757940782672134,0.2420596440071384
TCAATCTCAGTCGTGCx-1,0.6607090074055386,0.3392913527444856
TATGCCCGTAGCGTAGx-1,0.7585588360631011,0.24144155795795352
TACTTGTAGTGGAGTCx-1,0.6952266008906558,0.30477377730352584
TAGTGGTAGTCCGTATx-1,0.7561760065421287,0.24382439037790507
TAGTTGGCAAACTGCTx-1,0.7037094987125784,0.2962908783730456
TATTACCGTGCAACTTx-1,0.750728664807052,0.24927174742209418
TAGACCAAGTGTCCATx-1,0.7499229843636338,0.2500773885907907
TAGTTGGAGCGTCAAGx-1,0.751470437706019,0.24852993242100124
TATTACCCACGAAAGCx-1,0.7517961012248245,0.2482042920601344
TCAACGACAATACGCTx-1,0.7499235366198639,0.2500768491911719
TAGTGGTAGAATAGGGx-1,0.7551055595808152,0.24489483149237337
TATCTCAGTCAGAATAx-1,0.7500630856671663,0.24993728592804323
TAGTGGTAGTCATCCAx-1,0.7081244413965974,0.2918759457455303
TAGTTGGTCAGAGCTTx-1,0.7507767159935514,0.24922367306803794
TACTTGTCAGATAATGx-1,0.6951673357997699,0.3048330466058955
TAGTTGGGTGCTCTTCx-1,0.7481271166040545,0.2518732715289719
TAGCCGGCACCCTATCx-1,0.7578519705596789,0.2421483895492521
TAGCCGGTCAACGGCCx-1,0.7531106385965816,0.24688975479527148
TATCTCAAGTGTACCTx-1,0.6379191572819799,0.3620811872041195
TATGCCCAGATAGCATx-1,0.7502469241206183,0.24975346764584871
TAGCCGGAGGCCCGTTx-1,0.7529809534164341,0.24701944068796863
TCAACGAAGCGTAGTGx-1,0.7501667302797069,0.2498336402223008
TAGGCATGTGCGATAGx-1,0.7584397303726518,0.2415606811837187
TATTACCCAGGACGTAx-1,0.7574501604850788,0.2425502584562066
TCAACGAGTTTGACACx-1,0.7535948429798965,0.24640554244707905
TACTTGTAGTGCGTGAx-1,0.7498794487207948,0.250120938989192
TCAATCTCATGAGCGAx-1,0.7497060736543273,0.2502943160914325
TCAATCTGTGAGGGAGx-1,0.7493368120981236,0.25066357449768595
TACTTGTGTACCGCTGx-1,0.7502739455576827,0.24972641779383092
TAGCCGGCAGATTGCTx-1,0.7516489783537894,0.24835141159775573
TATTACCAGCTTATCGx-1,0.7587940664687456,0.24120634712661385
TACTTGTTCTTGTTTGx-1,0.7573052657684651,0.24269515741921735
TACTTGTCAGTGAGTGx-1,0.7568711198276855,0.24312929840055744
TAGTGGTGTCAGAAGCx-1,0.7573803127243738,0.24262007640433755
TCAACGAGTTACCAGTx-1,0.7504111052002951,0.24958920133574625
TATCAGGAGTAATCCCx-1,0.7543154531619354,0.24568495464562298
TAGCCGGGTACCATCAx-1,0.7496309000019724,0.2503694858647548
TAGACCATCAAACCACx-1,0.7532228738404894,0.24677752098343966
TAGACCAGTTACCAGTx-1,0.6293420216227569,0.3706583371872773
TCAATCTAGCGACGTAx-1,0.7494502745088483,0.2505501203203621
TAGACCAGTAGGACACx-1,0.7494075098267624,0.2505928619933967
TCAGGATAGTGTACCTx-1,0.7561235567578143,0.2438768547693975
TCCCGATGTCCCTACTx-1,0.7544171269174156,0.2455832418321274
TCCACACGTAAAGTCAx-1,0.7526497968706355,0.24735058347566027
TCACGAATCCTGTAGAx-1,0.686128601360695,0.31387168761629736
TCAGCAAAGCCATCGCx-1,0.7584601942814642,0.24154023393734475
TCCCGATAGTGTCTCAx-1,0.7557773510222066,0.2442230518019242
TCATTACTCCGCGTTTx-1,0.7507904533826946,0.2492099227491366
TCAGCTCTCATGTAGCx-1,0.753258279611213,0.2467421225887561
TCAGCTCGTCGAAAGCx-1,0.7003348083338744,0.2996655668840443
TCACAAGTCATTCACTx-1,0.7505119102912072,0.2494884801678034
TCAGGATAGAGCCCAAx-1,0.7545602466408765,0.24544014818872065
TCATTTGGTTTGTTGGx-1,0.7597450671436411,0.2402553411713749
TCCCGATCAAGCTGTTx-1,0.7530841212672096,0.24691627161094593
TCAGCAAGTAGAGCTGx-1,0.6929012704611557,0.3070991070323837
TCAGGTACAAGCCTATx-1,0.7549216889787413,0.2450786797024625
TCCACACGTCATGCCGx-1,0.7485598946503105,0.251440475598618
TCCACACCATTACGACx-1,0.7496256123708447,0.2503747738037238
TCAGGTACACGGTAGAx-1,0.7501067142337648,0.2498936478241095
TCAGCTCGTAAGTGTAx-1,0.7580608242292416,0.24193957685212544
TCATTTGAGAGTAATCx-1,0.7546432276070111,0.2453571579536399
TCACGAACAAACCTACx-1,0.7564469474227609,0.24355342758063914
TCACAAGTCAAGGTAAx-1,0.7502334612701984,0.24976691461637313
TCAGGATAGTTAACGAx-1,0.758462578093923,0.2415378437135297
TCACGAAAGCGATATAx-1,0.7557948377952678,0.24420563622236605
TCAGCTCCAGGGTATGx-1,0.7490658461679851,0.2509345296638594
TCAGCAATCGGAAATAx-1,0.7574584652294681,0.2425419502023327
TCAGCTCGTTTAAGCCx-1,0.496431627458439,0.5035686619830613
TCAGCAATCTCATTCAx-1,0.0,1.0
TCACAAGCATTGCGGCx-1,0.7492645576048312,0.2507358158600045
TCCACACAGGACAGCTx-1,0.7488627658160815,0.2511376177814183
TCAGGATTCGACGGAAx-1,0.7598728217912257,0.24012759207908782
TCACGAAAGAGCAATTx-1,0.7494393411670887,0.2505610339849188
TCCCGATAGCTAGTTCx-1,0.7518682070984958,0.2481321784142038
TCATTTGAGACTAAGTx-1,0.7581126282672377,0.24188778494698418
TCCCGATGTTGTCGCGx-1,0.7064475505276409,0.2935528314117089
TCAGATGAGGCTATCTx-1,0.753450538123997,0.2465498451828018
TCAGGTAAGATGTTAGx-1,0.7554942887471257,0.2445061110292178
TCGAGGCGTCATACTGx-1,0.7537831400571443,0.24621725487061966
TCACGAATCTTTAGTCx-1,0.7592989628240927,0.2407014349058988
TCACGAACACGGTAAGx-1,0.6909579887142832,0.3090423747034648
TCGAGGCCATGGTAGGx-1,0.7573684881802983,0.24263190881335422
TCATTTGGTCCTCCATx-1,0.748818729414768,0.25118166685897136
TCAGGTAGTCCTCCATx-1,0.7455395825907124,0.2544607955604981
TCCACACAGTGGCACAx-1,0.7491870461236944,0.2508133371908941
TCCACACGTGATGTGGx-1,0.7404709404133047,0.2595294414382513
TCAGGTATCTGATACGx-1,0.7574848257086013,0.2425155587370396
TCGAGGCAGTGGTCCCx-1,0.7495271685903259,0.25047321863900246
TCACAAGCAGCATGAGx-1,0.6246717925342996,0.37532853286139534
TCACGAATCGATAGAAx-1,0.7494954924632575,0.2505049001526235
TCAGGTACAAGCTGGAx-1,0.7501681495455322,0.24983222401932834
TCCCGATGTCTACCTCx-1,0.7498414278717452,0.25015895556619444
TCACGAAAGGAGTTTAx-1,0.7600606379955986,0.23993976559950414
TCCCGATCAAACTGCTx-1,0.7503833123044015,0.24961706719237894
TCAGGTATCTCAACTTx-1,0.7494804978411879,0.25051989514299405
TCCCGATCAGCGTTCGx-1,0.7502246169252733,0.2497757676220287
TCACGAAGTATAGGTAx-1,0.7125121933433333,0.28748809493716526
TCCACACGTACCGTATx-1,0.7507167004802949,0.24928368473532764
TCATTTGAGACTAGATx-1,0.749949526625732,0.25005085350535694
TCCCGATCAATAGAGTx-1,0.7574824348366488,0.24251794868612428
TCCACACGTCAAAGCGx-1,0.7519056273053136,0.2480947388984017
TCACGAACAGGAATCGx-1,0.7572718790452131,0.2427285015901941
TCAGCTCGTGCGAAACx-1,0.7498997276300744,0.2501006649527441
TCATTTGTCGGCTACGx-1,0.7506577166943919,0.2493426545985057
TCAGCAACAGAAGCACx-1,0.7505378005717641,0.2494625885768053
TCACGAACACGCCAGTx-1,0.6262455113220979,0.3737548177020192
TCACGAAAGTACGATAx-1,0.7571942286734255,0.24280615365267344
TCACAAGGTGGACGATx-1,0.7555961736953972,0.24440423484164597
TCACAAGTCTGAGGGAx-1,0.7382040999615302,0.2617962846685164
TCAGCTCCACATTTCTx-1,0.749146979596365,0.2508534062313577
TCAGGTAGTGCGATAGx-1,0.7576187861967866,0.2423816025893532
TCCACACCAGGCTCACx-1,0.7597694613678085,0.24023093253605313
TCACGAACACAACGCCx-1,0.7585798187127526,0.24142059934895008
TCACAAGGTTCACGGCx-1,0.7151326482985046,0.284867592912975
TCCCGATAGATCACGGx-1,0.7517497454508345,0.24825067340023688
TCAGGATCATGTAGTCx-1,0.758146059417267,0.24185434507596956
TCAGCAACACGTAAGGx-1,0.6766409583584492,0.3233593280022567
TCACAAGGTCCATGATx-1,0.7581238661117817,0.241876535452099
TCAGATGAGTGAACATx-1,0.651020630782278,0.34897971755873286
TCCACACCACCAGCACx-1,0.7498742224750256,0.25012615051492243
TCAGCTCCACCATGTAx-1,0.7583007013900483,0.2416997025670677
TCAGCTCGTAGAAAGGx-1,0.7542120707093846,0.24578831382664318
TCAGCTCAGCGTTGCCx-1,0.7541174880377264,0.24588288508596354
TCCCGATAGCGCCTTGx-1,0.7600467348701935,0.23995367156984482
TCAGATGCACCGAAAGx-1,0.7495155546545228,0.2504848091527932
TCACAAGTCGATCCCTx-1,0.678828250201428,0.3211721282074015
TCACGAATCTACCTGCx-1,0.7049233035754567,0.29507706190216737
TCCACACGTGTGGTTTx-1,0.7503106522211789,0.2496896593786675
TCACAAGTCTCGATGAx-1,0.7565231629113027,0.24347726006544892
TCAGCTCCAATAAGCAx-1,0.7492141930597537,0.2507861930500767
TCAGGATCACCAGATTx-1,0.7600803921006645,0.23992001474012167
TCGAGGCAGGAGTCTGx-1,0.754348791394068,0.24565161230893798
TCAGCTCGTTCGCGACx-1,0.7592137783032489,0.24078661518481143
TCACGAATCAGGCGAAx-1,0.7492123051302303,0.2507880864188303
TCATTACCACGACTCGx-1,0.7576723215460516,0.24232809987101894
TCAGGATCAGGCGATAx-1,0.7368437161580944,0.26315664965221136
TCGAGGCCAAAGCAATx-1,0.7570591931693192,0.24294122523236406
TCACGAAGTGATGCCCx-1,0.7510266251225659,0.24897375905586527
TCAGCTCAGCTGCCCAx-1,0.7494109153908994,0.25058946399724696
TCGGTAACAACTGCGCx-1,0.0,1.0
TCGGTAATCGTGGTCGx-1,0.7575092137187751,0.2424911957911086
TCTCTAATCCATGCTCx-1,0.7537276018546507,0.24627279941707322
TCGTACCAGATGTCGGx-1,0.7588023522453836,0.24119804771000988
TCGTACCAGAAGATTCx-1,0.7539759844690278,0.24602440816487092
TCTGGAAGTGTTCGATx-1,0.7581338611157947,0.24186656121575742
TCGTACCGTAAGTGTAx-1,0.7528890994572512,0.24711128594882042
TCGGTAAAGTGGACGTx-1,0.749594191374526,0.2504061915950988
TGAAAGAAGCGATATAx-1,0.7517848805646398,0.24821549294939937
TCGGGACTCAGTCCCTx-1,0.7581362631379606,0.24186415204979037
TCGGGACTCCTAGGGCx-1,0.7505528936384387,0.24944750488974862
TCGGTAATCATTATCCx-1,0.7510656518817759,0.2489347175036544
TCGAGGCGTCGGCACTx-1,0.6981199170995104,0.3018804681738454
TCTGGAAAGACTAAGTx-1,0.7497992375014423,0.2502011494377041
TCGGTAATCCCTTGTGx-1,0.6256888944704351,0.3743114524898433
TCTATTGTCCGCAGTGx-1,0.7110048460482249,0.2889955289078038
TCTTTCCAGTCTCAACx-1,0.7053898761615722,0.29461050367481123
TCGTACCTCATAACCGx-1,0.6873983905563986,0.31260198538166795
TCTATTGAGATGGGTCx-1,0.7580220691143028,0.24197831939813566
TCTCTAACACCAGTTAx-1,0.7509291927189291,0.2490711838843114
TCGGTAAAGCGTGTCCx-1,0.751880941053056,0.2481194528957444
TCTTTCCGTTCCCTTGx-1,0.7493545696411955,0.25064581296346516
TCTGGAATCTGCTGCTx-1,0.7576341802975124,0.24236619469788098
TCGAGGCTCCGTACAAx-1,0.7542431067660025,0.24575729213863556
TCGTACCAGATCTGCTx-1,0.7498172895309471,0.25018310794684534
TCTATTGAGTTGTCGTx-1,0.7493904892142846,0.2506099092219893
TCGTACCCACCTATCCx-1,0.7574036015830706,0.24259680496645303
TCGGGACTCCATGAGTx-1,0.7501538369288766,0.24984652830388665
TGAAAGAAGGACAGCTx-1,0.7547473402702249,0.24525302903929283
TCGGGACGTGCGCTTGx-1,0.7488318325700656,0.25116854413986434
TCTCTAAGTCGTCTTCx-1,0.7513197222735192,0.2486806093584084
TCTGGAATCGCAGGCTx-1,0.7577474467575573,0.2422529860364642
TGAAAGAAGACACGACx-1,0.7509721661956915,0.24902819713843694
TCGGGACTCAGGTAAAx-1,0.7496363479652153,0.25036404951097685
TCTCTAAAGTTCGCATx-1,0.7507790520015055,0.24922132245922865
TCGCGTTCAATGGACGx-1,0.7552053017657324,0.24479511577119792
TCTCATATCTCTTGATx-1,0.7556299921070778,0.24437041482825214
TCTTTCCAGTAGCCGAx-1,0.7559233191219917,0.24407706490267878
TCTCATACAGTGGAGTx-1,0.7571358451146488,0.242864619240937
TCGCGTTTCTGCCCTAx-1,0.7567082499903721,0.24329215874223345
TCGTAGATCCTCAACCx-1,0.6706551918006657,0.32934517163722293
TCGCGTTAGGAGTTTAx-1,0.7526514098747815,0.2473489669178139
TCGTAGAGTCTAGCGCx-1,0.7012532172078625,0.29874701993382763
TCTTCGGTCGTTTATCx-1,0.7493983562911866,0.250602020904304
TCTTTCCTCTCTGCTGx-1,0.7498186480341722,0.25018172728415194
TCTCATATCTTTACACx-1,0.7502064327625402,0.24979394714474262
TCTGAGAGTTCAGTACx-1,0.5814225619627631,0.41857776411056463
TCTCTAACAAGAAGAGx-1,0.7496891902294518,0.2503111924834616
TCGGGACAGAAACGCCx-1,0.5612052153808113,0.4387950477730977
TCTCATATCATACGGTx-1,0.7577205545913636,0.24227986724105957
TCTTTCCGTCTCCACTx-1,0.7012231961555216,0.2987771878230099
TGAAAGAAGCGTCAAGx-1,0.6898630880855066,0.31013729583597927
TCGCGAGAGAGGTAGAx-1,0.7563094718959255,0.24369089330432106
TCTGGAAGTCTGATCAx-1,0.7501552141622111,0.24984516876258403
TCGTAGAAGGATGTATx-1,0.74996082970414,0.2500395724288997
TCGCGAGAGATGCCTTx-1,0.7500489257347261,0.2499514549260179
TCGCGAGGTAGTACCTx-1,0.7506146328169522,0.24938576010121438
TCTGGAATCCATGCTCx-1,0.7496429630744886,0.25035743218180767
TCGCGTTTCTGCAAGTx-1,0.7488880555837514,0.25111232534855776
TCGGTAACAGTCCTTCx-1,0.7516805743444764,0.24831976637037406
TCGCGAGGTCTGCGGTx-1,0.7505141677485302,0.24948623983123067
TCGGGACGTAGGAGTCx-1,0.7570285943280057,0.2429718270970236
TCTGAGAAGATGTCGGx-1,0.754468522431185,0.24553185727992302
TCTGGAAGTCAAACTCx-1,0.705911098924796,0.29408927756190706
TCGAGGCTCAGTTTGGx-1,0.7430515286640984,0.25694884240082544
TCGTAGAAGATGGGTCx-1,0.7513317517956629,0.2486686347807235
TCGAGGCGTGTGCCTGx-1,0.7542338417820584,0.24576656027525656
TCGCGAGTCCCTGACTx-1,0.7506218611189586,0.24937853661508633
TCGTACCGTTAGAACAx-1,0.7496556470068317,0.25034474318907457
TCGGGACGTCACTGGCx-1,0.6949634163341578,0.30503694978267715
TCGTAGAAGTTAACGAx-1,0.7575117770279808,0.24248864440507245
TGAAAGAAGGCGTACAx-1,0.7563152036818458,0.24368511188198663
TCGCGAGCACATCTTTx-1,0.7502982990621069,0.24970209063693163
TCTATTGAGTGTTTGCx-1,0.750528420212957,0.24947197814379365
TCTGGAATCTCGCTTGx-1,0.7496210146144117,0.2503793607117521
TCGGGACCAGTAAGCGx-1,0.754463779683647,0.2455365963454846
TCTCATATCACGAAGGx-1,0.7585574475059554,0.24144295063954488
TCGGGACAGGATGGTCx-1,0.5417838863819217,0.4582163875978293
TCGGTAATCATGGTCAx-1,0.7498734290803644,0.2501269693512513
TCTATTGAGGGATACCx-1,0.7487884839842924,0.25121190756030853
TCGTAGATCAGCGACCx-1,0.7556422219522699,0.24435819072188394
TCGGTAAGTTCGGCACx-1,0.7571480813820007,0.24285232767856604
TCGTACCAGACAAAGGx-1,0.7494611442415313,0.2505392186108552
TCGAGGCTCGTTGACAx-1,0.6863994958527225,0.3136008819628006
TCTGAGAAGTCGTTTGx-1,0.7566979651743284,0.2433024356085778
TCGAGGCTCATTATCCx-1,0.7496795483742311,0.25032081693235764
TCGCGTTGTGATGTGGx-1,0.7577297588358721,0.24227066042994885
TCTATTGGTAAGAGGAx-1,0.7495792270996309,0.2504211606853488
TCTCATAGTAAGGATTx-1,0.7008121283941954,0.299188246233589
TCGCGTTGTGGTTTCAx-1,0.7497915851124084,0.2502088049657636
TCTTCGGTCGTTGCCTx-1,0.6413525954976184,0.3586477676559656
TCGCGTTAGCGGATCAx-1,0.7501970903418071,0.24980331960013374
TCGTAGAAGGCGACATx-1,0.7574074270544819,0.2425930012120557
TCTCATATCAACGGGAx-1,0.7511932638722398,0.24880712758517645
TCGGTAAGTCTTGCGGx-1,0.749400909754844,0.2505994682225693
TCTATTGCAGCCTTGGx-1,0.7512951813873118,0.24870518156512264
TGAGCCGTCTAAGCCAx-1,0.7523108674336955,0.2476894905462365
TGATTTCGTGACGCCTx-1,0.7495746915384234,0.2504256969423896
TGACTAGAGTAGGCCAx-1,0.7576574251776558,0.2423429922452331
TGAAAGAGTGACAAATx-1,0.7505301852553908,0.24947021318042528
TGATTTCCAATGAAACx-1,0.7496160803368779,0.2503843088641214
TGAGCATAGTGGGCTAx-1,0.7580281841139695,0.2419722357740779
TGATTTCAGCAGCGTAx-1,0.757171141199219,0.24282926631024732
TGACTTTAGGCTCTTAx-1,0.6946417728224322,0.30535859339946836
TGAGCATTCTCTGTCGx-1,0.7569427347753667,0.24305762222004287
TGACTTTGTCTTGATGx-1,0.7479621007451902,0.2520382881750494
TGAGCCGAGGACAGAAx-1,0.6987364699932294,0.3012639131923787
TGATTTCGTCTCACCTx-1,0.7500306022375804,0.249969768779031
TGACTTTTCGCAAACTx-1,0.646672937641008,0.3533274199408664
TGACAACGTGGGTATGx-1,0.7439633123846332,0.2560370781544783
TGACTAGCATGATCCAx-1,0.750496594595295,0.24950378273074084
TGAGGGATCCATGAGTx-1,0.7534110705464544,0.24658931505786202
TGAAAGAAGTGTTTGCx-1,0.7544164015919185,0.24558401623628714
TGAGAGGGTCTTTCATx-1,0.756072720282373,0.24392767419829622
TGAGCATGTAGGGTACx-1,0.7556669069990096,0.24433341040851494
TGAGGGAAGTGCTGCCx-1,0.7526960461111301,0.24730433174658903
TGACTTTTCGGCATCGx-1,0.6881122838532607,0.3118880777725908
TGACTTTCAATCTGCAx-1,0.7492363941921152,0.2507639616189123
TGACAACGTCACACGCx-1,0.75434509786693,0.24565528579737403
TGAGCATCATGTTCCCx-1,0.754526620102028,0.24547372688359984
TGACTAGAGGCATGTGx-1,0.7569633850615751,0.2430370302978823
TGAGCATGTTCCACAAx-1,0.755347174006325,0.24465318033006767
TGAGAGGAGCTCTCGGx-1,0.6936613422282031,0.30633903366555204
TGCCAAAAGCATCATCx-1,0.6931340635308676,0.30686630916220436
TGATTTCCAATTCCTTx-1,0.7514988276795111,0.24850154997878454
TGAGGGATCTTGAGGTx-1,0.7505144341501921,0.24948595302375157
TGAGCCGAGAGACTTAx-1,0.7442013554462711,0.2557990314176812
TGACTTTCATCCAACAx-1,0.7521906413392464,0.24780975205737657
TGAGCATGTTACGACTx-1,0.7483130573675189,0.251687327971291
TGAGCATTCATGTCTTx-1,0.7595381057334538,0.24046230175884079
TGAAAGAAGTGATCGGx-1,0.594303369729426,0.4056969430247701
TGACTTTGTCGCCATGx-1,0.7504547096877501,0.2495456665579187
TGAGAGGTCGTCCGTTx-1,0.7582501887127308,0.24175023301305945
TGACGGCTCATTGCGAx-1,0.7578342675826482,0.24216616912032252
TGAGGGATCCTGCAGGx-1,0.7576445796353818,0.24235584246098404
TGACTAGAGTAACCCTx-1,0.7523375872380155,0.24766281340334545
TGATTTCAGAAACCATx-1,0.7501799582275265,0.24982042290866777
TGACAACAGTGTACTCx-1,0.7077355340957938,0.292264794172031
TGACGGCAGTGTTTGCx-1,0.7561736905672901,0.24382672945023903
TGAAAGAGTCGAACAGx-1,0.7492179779476357,0.25078240546919184
TGATTTCGTGGGTCAAx-1,0.7573905762456082,0.24260982527282612
TGACGGCTCAGAGCTTx-1,0.7505917446363932,0.24940864164265197
TGAGAGGGTTAAGAACx-1,0.7504530622164793,0.2495473237960233
TGAGGGACAGCCTATAx-1,0.7502916042777639,0.24970877575699496
TGAAAGATCCTATGTTx-1,0.7560227692066498,0.24397766552221106
TGACTAGAGTGAATTGx-1,0.7577031690623128,0.24229722970670833
TGACAACAGAGGTTGCx-1,0.7482126151618662,0.25178779115373007
TGATTTCGTCAGTGGAx-1,0.7487792511021178,0.2512211337342104
TGACTTTCATACCATGx-1,0.7488019629918344,0.2511984255116092
TGAGCATAGACAAAGGx-1,0.7555612204639434,0.24443918960639763
TGAGCCGAGATCTGAAx-1,0.7561304017217962,0.24386999782902583
TGACAACTCTCTGAGAx-1,0.7515596577564567,0.24844072944931067
TGACTTTAGCCACCTGx-1,0.6966288518988588,0.3033715231866313
TGCACCTTCACTTACTx-1,0.7004883718555772,0.29951200564274455
TGAGAGGGTTTGACACx-1,0.7134318953546662,0.28656848215981473
TGAGAGGTCCTAGGGCx-1,0.7495034143269652,0.2504969495598412
TGACTAGTCAATCTCTx-1,0.7501683381867773,0.2498320375520826
TGACTAGGTCTCTCTGx-1,0.7503843733144206,0.24961599746167246
TGCACCTTCCGGGTGTx-1,0.7500467308064872,0.24995366534048316
TGACTAGCACCCTATCx-1,0.7501464539654601,0.24985391111151622
TGCACCTAGGCTCATTx-1,0.6836081549258508,0.3163921742386215
TGACGGCGTCCAGTTAx-1,0.7505411460280118,0.24945924768387556
TGAGCCGAGAGCTTCTx-1,0.7037374568804781,0.29626292632740214
TGAGAGGAGGCAATTAx-1,0.7499010777011471,0.25009930328936386
TGATTTCGTCCATGATx-1,0.7534734759123354,0.24652691266698695
TGAAAGACAGATTGCTx-1,0.7505539300703828,0.24944646155046848
TGATTTCAGGAGTAGAx-1,0.7552771754333654,0.24472319759852015
TGAGGGAAGCACCGCTx-1,0.7557654708666768,0.24423493711817693
TGAGCCGTCCTGCCATx-1,0.7510968470766844,0.2489035409782889
TGAGAGGGTTCACCTCx-1,0.7599074133689833,0.24009299277929005
TGAGCCGTCCCACTTGx-1,0.7499472128545851,0.25005316752150264
TGAGGGAGTACTTGACx-1,0.7250888586258321,0.2749115784972244
TGACTTTTCAAACGGGx-1,0.7550463709253983,0.24495404034329424
TGACTAGCATGGTCTAx-1,0.7502467194277459,0.249753660875849
TGCACCTGTGATGCCCx-1,0.7514812011761804,0.2485191826282224
TGACTTTAGTCTCAACx-1,0.7502063635842858,0.24979402501104658
TGCCAAAAGTGTACGGx-1,0.7500515974259829,0.2499487766044438
TGAGCATGTATTCTCTx-1,0.7581438065960797,0.2418566252164856
TGACTTTGTTCTCATTx-1,0.4364475060778405,0.5635527001233015
TGAGCATAGACCTTTGx-1,0.7499335611951735,0.25006684352005
TGATTTCCAATGGAGCx-1,0.7573436841806505,0.24265674518851768
TGACGGCAGACACGACx-1,0.7497880945521779,0.2502122897776135
TGAGCCGGTGATAAACx-1,0.7496264420224944,0.2503739472082079
TGACTTTAGAAGATTCx-1,0.749879172470783,0.2501212180041775
TGAGCCGGTGGTCCGTx-1,0.7499020769554215,0.2500982780945298
TGCACCTGTGAAGGCTx-1,0.7532556991036464,0.24674472659638055
TGAGGGAAGCGTCTATx-1,0.750036956427413,0.24996338806787313
TGACTTTTCAGTCCCTx-1,0.7583329879670189,0.24166744341340018
TGAGCATGTTGGTTTGx-1,0.7495511158359274,0.2504492766110427
TGATTTCGTGGTCTCGx-1,0.6665515021041879,0.3334488546240663
TGATTTCGTCTTCAAGx-1,0.7563952329954918,0.2436051697013158
TGGGCGTCAACGATGGx-1,0.7499341050627969,0.25006628671167325
TGCGCAGAGGCCCTTGx-1,0.751289761468239,0.2487106106143796
TGGGAAGAGTGTTTGCx-1,0.7513841334288665,0.2486162616490989
TGCGGGTTCACTATTCx-1,0.7519088260747083,0.2480915623400923
TGCGTGGGTGGTACAGx-1,0.7496113138349074,0.25038907011248124
TGGGCGTAGCGATTCTx-1,0.7576169677583414,0.24238345650436502
TGCGTGGTCGAATGCTx-1,0.7503137184773608,0.24968665861649883
TGCCCTATCGAACTGTx-1,0.7551026875623852,0.24489773894137157
TGGCGCAAGTATCTCGx-1,0.7496521834073762,0.2503481802288858
TGCCCTAGTCCCTTGTx-1,0.7489582201472392,0.2510421645472261
TGCTGCTAGCTACCTAx-1,0.7491537601115266,0.2508466190141851
TGGCGCACATTATCTCx-1,0.7507673652458817,0.24923301561610042
TGGCTGGAGGGATACCx-1,0.6606048145560318,0.33939555314301273
TGGCTGGTCCTTGCCAx-1,0.7565856281425184,0.24341478205155628
TGCGTGGGTCGCATCGx-1,0.7493001449694138,0.2507002390001451
TGGGCGTAGATATACGx-1,0.7506374177734527,0.24936295802156588
TGGCCAGTCACGATGTx-1,0.7495204325947552,0.25047995041868976
TGGCTGGTCAAACGGGx-1,0.7510005349945118,0.24899984281566623
TGGCTGGCAGTTCATGx-1,0.7574463511502914,0.24255406187157924
TGGGAAGAGTACTTGCx-1,0.7515085482665688,0.2484918272549874
TGCCCTACACTAGTACx-1,0.7561120712370525,0.24388829674177107
TGGCGCATCCGAACGCx-1,0.6792171603999012,0.32078322554108984
TGCGCAGTCGGTTAACx-1,0.7504039060756831,0.24959648698347933
TGGACGCGTTCGTTGAx-1,0.7571123477024982,0.2428880640725662
TGCTGCTCAATAAGCAx-1,0.7014901095884148,0.29851023383637926
TGGGAAGAGCTGAACGx-1,0.750069721434538,0.24993068189729267
TGCCCATAGGTGCTAGx-1,0.7564553582395867,0.24354507552624902
TGCGGGTTCTCTGAGAx-1,0.7464803362231808,0.25352005032568736
TGCTACCCATGAACCTx-1,0.7032379915089235,0.29676238624266266
TGGACGCGTCTTGATGx-1,0.7563378364499858,0.2436625726034934
TGCTGCTTCAGCCTAAx-1,0.7499398031284948,0.2500605964355831
TGCTACCTCCCAGGTGx-1,0.7097058884569055,0.29029438705794575
TGGCTGGCAAGCCTATx-1,0.7537317700588342,0.2462686564461386
TGCTACCGTCTCCCTAx-1,0.7531115808449929,0.24688881786838507
TGGACGCCACGACTCGx-1,0.7516398869561813,0.24836049183218067
TGGACGCGTGACGCCTx-1,0.7512491398297095,0.2487512583300183
TGCGTGGTCAACACGTx-1,0.7534644371009924,0.24653595141480128
TGCGGGTCATACGCTAx-1,0.7577709004011103,0.2422295183054104
TGGGAAGAGGTCGGATx-1,0.7516081206257779,0.24839225116337016
TGCCAAACAGGTTTCAx-1,0.5722403523628822,0.4277599594946587
TGCGGGTGTATTACCGx-1,0.7489181629372118,0.251082223329758
TGCTACCGTTCAACCAx-1,0.7566881457335699,0.2433122265670682
TGCGGGTAGATCGGGTx-1,0.7474362305900736,0.25256414941299393
TGGCTGGCACAAGCCCx-1,0.6824633756021368,0.31753700417399167
TGGCCAGCATCGTCGGx-1,0.7524919328142073,0.24750846089189013
TGCTGCTCACATCCAAx-1,0.7574061773780084,0.24259423488357149
TGCGGGTGTAAGAGAGx-1,0.7528923878745644,0.24710799850725004
TGGCTGGAGATCGGGTx-1,0.7511013105797956,0.24889907013352489
TGCGGGTTCCAACCAAx-1,0.6650933140350369,0.3349069269273117
TGCCCTAGTTAAGATGx-1,0.6252575307683198,0.374742823384265
TGCCCATAGTGCGTGAx-1,0.752562605614182,0.24743777089988403
TGGACGCCAGTAAGCGx-1,0.6848382826974004,0.31516198682764357
TGCTACCTCCAAGCCGx-1,0.7571851218229276,0.24281529309331176
TGCCAAAGTTCACGGCx-1,0.7491676704583333,0.25083271207701646
TGCCCATAGATCTGAAx-1,0.753234611275794,0.24676579637058765
TGCGTGGTCCGCGCAAx-1,0.7502274201534589,0.2497729549035777
TGGCTGGAGAGGTAGAx-1,0.7541608413292334,0.24583954771327304
TGCGCAGAGCGTTTACx-1,0.7501636637331666,0.249836719129786
TGCTGCTAGACACTAAx-1,0.6930811653587262,0.30691920747421225
TGCGGGTGTAATAGCAx-1,0.7519465790315514,0.24805379210616188
TGGCTGGTCTATGTGGx-1,0.7509488089877434,0.24905155813272142
TGCTGCTTCCCATTATx-1,0.7508540902760866,0.2491462870884403
TGCTGCTCATAGTAAGx-1,0.6579918887453734,0.3420084690505737
TGCGGGTCATCCCATCx-1,0.7493809285441533,0.25061945543734754
TGGGCGTCAGCTGCACx-1,0.7020143262570326,0.2979860576145071
TGCTACCAGCAAATCAx-1,0.7584228616052205,0.24157753169072924
TGCGCAGCACCAGATTx-1,0.7536322904003876,0.24636809812042032
TGCCCATGTACCGGCTx-1,0.7532149863523091,0.2467853987050889
TGCGCAGCAGTGAGTGx-1,0.7008663071343793,0.2991340759157258
TGGACGCTCGCGATCGx-1,0.7553626373343557,0.2446377372710268
TGCCCATCATTGCGGCx-1,0.7060194626415079,0.29398091160195755
TGCGGGTTCGCAAACTx-1,0.7551897266577821,0.2448106694852677
TGCTACCCATAGTAAGx-1,0.7559204089576119,0.24408001421210518
TGGCCAGTCCCGGATGx-1,0.6479968126343402,0.3520035478125595
TGCGGGTCATGTAGTCx-1,0.7534508272805143,0.246549535185296
TGCGCAGCATCCCATCx-1,0.7495546930091711,0.2504456970456674
TGCTGCTAGTGAACGCx-1,0.7494700710548596,0.25053031571671824
TGCCCTACATTGGGCCx-1,0.7562248554005049,0.2437755410244752
TGGACGCAGCTGGAACx-1,0.7571907736477822,0.24280966622422948
TGCCCTATCTATCGCCx-1,0.7519095948832176,0.2480907845190038
TGCCCTAAGAGGGATAx-1,0.7497217814995719,0.2502786000753573
TGGCGCAAGGCCATAGx-1,0.7499170366992279,0.25008335682181376
TGCCCTATCACGGTTAx-1,0.7497130863059468,0.2502872516164532
TGCCCATTCGACGGAAx-1,0.7575726026429062,0.24242778930832493
TGGGAAGTCAAACGGGx-1,0.7503633374034115,0.24963703270482152
TGCCAAAGTAGCGCAAx-1,0.7505405649282896,0.24945980385208474
TGCGTGGTCATGTAGCx-1,0.7531588481632034,0.24684154451644466
TGCTACCTCGCATGATx-1,0.6383515342864754,0.36164880289765783
TGCGTGGGTCTCATCCx-1,0.7561081164422107,0.24389226309126463
TGCGTGGGTACCGAGAx-1,0.7500870584990805,0.24991332451039208
TGCCCATAGGTGGGTTx-1,0.7504315026923623,0.24956887814987014
TGGCGCACACCAGATTx-1,0.7509942702633954,0.24900614154319745
TGGACGCAGCAGATCGx-1,0.7072124639211996,0.29278785823807896
TTATGCTAGACGCTTTx-1,0.7595575786941644,0.2404428039873957
TGTATTCGTCTAGCGCx-1,0.7541745758300287,0.2458257631989776
TGTCCCAGTTCCTCCAx-1,0.7495639451967502,0.25043644864578557
TGGGCGTCAGGGTATGx-1,0.75759502203326,0.2424053639580493
TTATGCTCACCAGATTx-1,0.7582001268896973,0.2418002920755176
TGGTTAGTCCAGATCAx-1,0.7531904979219375,0.24680989437749112
TGTCCCAGTTAGTGGGx-1,0.7576912968013247,0.24230910767520972
TGGTTAGGTGGTACAGx-1,0.7499041035708246,0.25009628897111175
TGTGGTATCATGCATGx-1,0.7503864028845185,0.24961399331948378
TTAGTTCTCTAACTTCx-1,0.748115921938271,0.25188447193327784
TGTATTCTCGAACTGTx-1,0.7498520885926068,0.250148297217641
TTATGCTTCTTGACGAx-1,0.7510150597446746,0.2489853113528786
TTATGCTAGGCCCTCAx-1,0.6305054168207911,0.3694949079338584
TTAGTTCAGATCTGAAx-1,0.749641338420466,0.2503590455394781
TGTATTCTCATAAAGGx-1,0.7499354920830714,0.2500648792723152
TGTTCCGTCACTTACTx-1,0.7577190807295057,0.24228131687032356
TTAGTTCGTCGCATATx-1,0.7534571231671511,0.246543265349244
TTAACTCCACATGGGAx-1,0.7523594763311606,0.24764090376265585
TGTGTTTGTATTCGTGx-1,0.7429386230318792,0.25706174344146715
TGTTCCGTCACTCTTAx-1,0.7500445843733995,0.2499557982031187
TGTATTCTCTTGACGAx-1,0.7501686814125637,0.24983173987805418
TGGTTCCAGATCTGAAx-1,0.7572637384614211,0.24273667461141146
TTAGTTCGTTGCCTCTx-1,0.7509277801635356,0.2490726005716116
TGGTTCCTCGCAGGCTx-1,0.6514070689244207,0.34859324375651485
TTATGCTCATCACAACx-1,0.7571722317986082,0.2428281469378288
TGGGCGTGTAGAAGGAx-1,0.7533586825198042,0.246641695791431
TTAACTCAGTTATCGCx-1,0.75014681279962,0.24985354678973326
TGTCCCACACATCTTTx-1,0.7558563183947762,0.2441441069164013
TGTATTCGTCTCTTTAx-1,0.7602572791879263,0.23974313137304257
TGGTTAGCAAAGCGGTx-1,0.7501334486419342,0.24986694078970295
TTAGTTCTCACTATTCx-1,0.7484078591910213,0.2515925408714034
TTAACTCCAGGGATTGx-1,0.754141706996524,0.24585868507685438
TGTATTCTCCCTTGCAx-1,0.5490170318837647,0.45098327401842975
TGTGGTATCCTCATTAx-1,0.7294390564500794,0.2705613280554338
TTAACTCCATCACCCTx-1,0.7395576899171242,0.26044270502055666
TGTATTCGTATCACCAx-1,0.7493463276935441,0.2506540536175375
TTAACTCGTTTGGGCCx-1,0.7582377628486194,0.24176264264626093
TTCCCAGAGTTCCACAx-1,0.749287977339585,0.2507124087789152
TGTATTCTCCGCATCTx-1,0.7057640960192034,0.2942362636915295
TGGTTCCAGCCCAACCx-1,0.7572731540598099,0.24272722779164355
TTATGCTGTACAGCAGx-1,0.7490928707823346,0.25090752841384356
TTAGGACAGAGGTTGCx-1,0.75819571981459,0.24180467600963376
TGGTTAGGTCCGTGACx-1,0.7019670771782358,0.2980333033255754
TGTCCCAGTTGACGTTx-1,0.7104524319184465,0.28954796457534693
TTAACTCAGCTAAGATx-1,0.6920768902641448,0.30792348976799777
TGTCCCATCAGTGCATx-1,0.7565448645800741,0.2434555525864527
TGTTCCGTCCGAATGTx-1,0.7581972511265574,0.2418031565506007
TTAACTCCATCTCCCAx-1,0.7503753189709941,0.24962508123304547
TGTGTTTAGCACGCCTx-1,0.7494402103479585,0.25056018174995454
TTAGTTCCATATGAGAx-1,0.7506510011479672,0.24934937109360858
TGTGTTTAGCGCCTTGx-1,0.7528574974779267,0.24714287369819954
TTATGCTCAGTATCTGx-1,0.6944169466601756,0.30558341836363345
TTATGCTCATCTACGAx-1,0.7509603120085245,0.24904006420308247
TTAACTCTCAACACTGx-1,0.7516007787052352,0.24839955673864006
TTAGGACCACAGACAGx-1,0.6914473878777435,0.30855298677998716
TTAACTCTCTAACCGAx-1,0.7547545877470437,0.24524583567776406
TGTGGTAAGTGGTAGCx-1,0.7550296286609139,0.24497075919222375
TTAGGCAAGGTAGCCAx-1,0.7580476995364853,0.2419527487037508
TTAGGCAAGGATATACx-1,0.7581600732364615,0.24184034078011565
TTAACTCCACTACAGTx-1,0.7497368050899798,0.25026359145127164
TTAGGCAAGAGCTTCTx-1,0.7503396877259338,0.24966069923095952
TGTCCCAAGTTTAGGAx-1,0.7540629650540647,0.24593743299118279
TGTGGTAAGGGCTTCCx-1,0.7542564784422295,0.2457439267236937
TGTGGTAAGTCTCAACx-1,0.7508610396126454,0.24913933327928234
TGTGTTTCACGCTTTCx-1,0.7538033678175882,0.2461970217367606
TGGTTCCGTGATAAGTx-1,0.7468688326012995,0.2531315365192809
TGTCCCAGTTCCCGAGx-1,0.7503902649390388,0.24961011325168053
TGTCCCACACGGTGTCx-1,0.750697665285502,0.24930271144182145
TTAACTCGTAGTACCTx-1,0.749801665926953,0.25019869397713057
TGGTTCCAGGGATGGGx-1,0.7569171532372158,0.24308326864911303
TGTATTCGTATATGAGx-1,0.704471005514294,0.2955293785360394
TGTCCCAGTTTAGCTGx-1,0.756319840771167,0.2436805577358334
TGTTCCGGTGTGGCTCx-1,0.7490893364787256,0.2509110605907864
TTAGGACAGCCAGAACx-1,0.7506880355196682,0.2493123563614876
TTAGGCAAGTGTACCTx-1,0.7522246405017361,0.24777574202608052
TGTCCCAAGAGACTATx-1,0.750345561890857,0.2496548222347562
TGTGTTTCATTCTCATx-1,0.7482998418050227,0.2517005519846713
TGGTTAGCACAGGAGTx-1,0.703503818171123,0.2964965322480655
TGTATTCAGGCAAAGAx-1,0.7024645692407625,0.2975358036468199
TTAGGCATCAGCTTAGx-1,0.7053557548944256,0.29464461631969896
TTATGCTTCTTGAGGTx-1,0.6861390327263095,0.3138613519961858
TGGTTAGGTGTGAAATx-1,0.7507235163464485,0.2492768706971108
TGTCCCATCTGTACGAx-1,0.7565383671311806,0.24346204734052837
TTAGGACGTACTTGACx-1,0.7514118249720115,0.2485885580836057
TGTTCCGTCCATGAGTx-1,0.7585488145558406,0.24145158532639746
TGTGGTAAGTGCTGCCx-1,0.701656338225895,0.2983440285370805
TGGGCGTTCACCATAGx-1,0.7492416880671723,0.25075869230298786
TTAGGACGTATTAGCCx-1,0.7548269656190474,0.24517343360962926
TTCCCAGCACACCGACx-1,0.7566848395242222,0.2433155596714999
TGTCCCATCAGCTCTCx-1,0.750109890310067,0.24989049821473264
TGTTCCGCACATCCAAx-1,0.7583894910717637,0.2416109165920415
TGGTTCCAGAAACGCCx-1,0.7546479624982912,0.24535234927601035
TTAGTTCAGCCCGAAAx-1,0.7382228028703656,0.261777557637475
TTCCCAGCAAGCTGTTx-1,0.7573981112621023,0.24260232247121352
TTCCCAGAGCTGAAATx-1,0.751595216484452,0.2484051448656672
TTGAACGGTAATTGGAx-1,0.7566252055851842,0.24337521780638022
TTCTTAGTCAACACGTx-1,0.7537666517673514,0.24623372816350178
TTGGCAAGTCGTTGTAx-1,0.7492166119184998,0.25078376948841513
TTGTAGGAGATGGGTCx-1,0.7495583768005151,0.2504420142397417
TTGACTTTCAAACCGTx-1,0.7064154795231581,0.2935849034692585
TTGTAGGGTCGCATCGx-1,0.6640343140288131,0.33596600096288753
TTCGGTCGTCATATCGx-1,0.7550745070217467,0.2449259649036308
TTGACTTAGTGAATTGx-1,0.7540266794520393,0.2459736928730141
TTCTACAGTTCCACAAx-1,0.678524113673284,0.3214762028568726
TTGCGTCAGTACGTTCx-1,0.6890228587839613,0.31097751631823606
TTCGGTCCAGTCGTGCx-1,0.755245203092936,0.24475519673917437
TTCGAAGGTCTTTCATx-1,0.5754868632526848,0.4245134361318836
TTGTAGGCATGGGAACx-1,0.755516793795157,0.24448357035353477
TTGACTTGTATCAGTCx-1,0.74967539666319,0.2503249943125902
TTCTCCTAGGAGTACCx-1,0.7539027446343063,0.24609762476918873
TTCTCCTTCATGTCCCx-1,0.7502504677239313,0.2497499145261975
TTGTAGGGTTTGTTTCx-1,0.752280244860391,0.2477201363281342
TTGACTTGTCTCTTTAx-1,0.7500976525468022,0.24990272622793339
TTGACTTAGACTTGAAx-1,0.7208567000172408,0.2791437436205513
TTCGGTCGTGCGGTAAx-1,0.6444869811182931,0.3555133837729652
TTGCCGTCAATCCAACx-1,0.7321385253231394,0.2678619129617473
TTGACTTAGTGACATAx-1,0.75370023435452,0.24630020020193336
TTCTCAAGTCTGCGGTx-1,0.7544013423786591,0.24559907867257644
TTCGAAGTCTAACTCTx-1,0.6960792723425401,0.3039211066267237
TTGGCAAAGTCCTCCTx-1,0.755467606521754,0.24453277456306147
TTTACTGCAAGCCTATx-1,0.6624197104675925,0.3375806201035229
TTCTCCTCATGCGCACx-1,0.7530575557717442,0.2469428053490513
TTCTACATCCTCGCATx-1,0.7580397804220242,0.24196063113311678
TTGGAACAGGACACCAx-1,0.7554787360315491,0.24452167566945948
TTGGAACCACACCGACx-1,0.7506484268554035,0.24935196837589865
TTGGCAAGTACTTAGCx-1,0.6984462069173138,0.30155418069756074
TTCGAAGGTAAATGTGx-1,0.7500089225184529,0.2499914598531771
TTGACTTTCGGGAGTAx-1,0.6863348351625898,0.3136655321148628
TTGACTTCAGGATCGAx-1,0.7494920472357363,0.2505083235448554
TTCTTAGGTGAGCGATx-1,0.7314399883116883,0.26856036886619106
TTCCCAGGTGCGAAACx-1,0.7536191339769315,0.24638120911998487
TTGTAGGGTTACGTCAx-1,0.7522164188247575,0.2477840082711258
TTGGCAACAAAGGTGCx-1,0.7128305911555055,0.28716980433450356
TTGGCAACATACGCTAx-1,0.7129940422850112,0.28700620426961576
TTGACTTCACAAGTAAx-1,0.7579200591153338,0.24208035300208536
TTGGAACCACTGCCAGx-1,0.7203872710469902,0.27961310069946815
TTCCCAGGTGTAATGAx-1,0.7496472434805839,0.2503531276915532
TTGTAGGCAAACTGTCx-1,0.7504827648578224,0.24951762685149126
TTGTAGGTCTTGCATTx-1,0.668995413404578,0.3310049614915925
TTCTCAACACCTATCCx-1,0.758282451933916,0.24171795794431442
TTCGAAGCATGGTTGTx-1,0.7497627895180059,0.2502375893215307
TTGTAGGGTCATTAGCx-1,0.7508172911656457,0.2491830980017495
TTGTAGGGTAGAAAGGx-1,0.7579684059684038,0.2420319995670863
TTCTCCTCAAGTAGTAx-1,0.7554028934992092,0.24459747983486443
TTGACTTTCTTGTATCx-1,0.748923645957909,0.2510767248565909
TTCCCAGGTACAGCAGx-1,0.6186802722141751,0.38132007985494837
TTCTACAAGTGAAGTTx-1,0.7544033162526858,0.24559707228491673
TTCTACAGTGACTACTx-1,0.7040097754748534,0.29599057941001244
TTGAACGGTCAGAGGTx-1,0.7570736131857089,0.24292680083651289
TTCTTAGCAGCCTTGGx-1,0.7079051255473701,0.29209525196561814
TTGAACGGTTTCCACCx-1,0.7586100957672631,0.24139029549856136
TTCTTAGCAGGCTCACx-1,0.750298348996423,0.249702037816189
TTGCGTCTCTGTCTCGx-1,0.7577558996315447,0.24224452194872176
TTGCGTCCACATGACTx-1,0.7504324772077741,0.24956789034140078
TTCTTAGCATCCTAGAx-1,0.7527973220824009,0.24720303142190658
TTGACTTCAGCCACCAx-1,0.7554065639300604,0.24459385309482162
TTGAACGAGGACAGAAx-1,0.7508655772927324,0.24913478304406148
TTGAACGTCTGCCCTAx-1,0.7589183478159964,0.24108204999965632
TTGAACGGTTACCGATx-1,0.7489574382104974,0.2510429229425484
TTGCCGTAGCGCCTTGx-1,0.7521180812771325,0.24788230180841397
TTCTCCTAGTACATGAx-1,0.7533650326764268,0.24663534729672895
TTGCCGTCATACGCTAx-1,0.7576380505026645,0.24236235961810565
TTGTAGGCATTGCGGCx-1,0.7556245342650175,0.2443758880600487
TTGAACGCAGCCTTTCx-1,0.7545542901498047,0.24544609803049505
TTGACTTCATTGAGCTx-1,0.7424675395173235,0.25753285135414394
TTCGAAGAGCATGGCAx-1,0.7498762154690113,0.25012415211345207
TTCGGTCTCGGAATCTx-1,0.74952978458967,0.25047060114734593
TTGCCGTGTGCCTGCAx-1,0.756329997398138,0.2436704202085886
TTCGAAGGTGAGGGTTx-1,0.7575748838988222,0.24242554306672162
TTGGAACAGGAGTCTGx-1,0.5983082408211245,0.4016920420260638
TTGACTTAGCGGATCAx-1,0.7512270915252733,0.24877333141976
TTGGCAATCCAAACTGx-1,0.7546610517508283,0.24533936240645032
TTCTTAGTCTAGAGTCx-1,0.7049830397983577,0.29501734132026575
TTCTCCTAGCTACCGCx-1,0.7590772003075268,0.24092320051583582
TTGCCGTTCCTGCCATx-1,0.7535409971803753,0.2464594142059497
TTGTAGGAGTCAATAGx-1,0.7499761742643859,0.25002419106990437
TTGACTTGTGTGACGAx-1,0.0,1.0
TTCCCAGCAGATCCATx-1,0.7501593539034778,0.24984102357898727
TTGGCAAGTTGTCGCGx-1,0.7506466950044423,0.24935366808647375
TTGTAGGTCCAAGCCGx-1,0.7496117759472556,0.25038861950374125
TTGTAGGTCTGCGTAAx-1,0.7505972823483242,0.24940309377477743
TTGCCGTTCAGAGCTTx-1,0.6983447147391626,0.3016556368083466
TTCTCAACAGACAGGTx-1,0.6925228221843515,0.3074775492593412
TTGCGTCCATGGTAGGx-1,0.7574883428281567,0.2425120677335377
TTGGAACGTAGCGTAGx-1,0.705575610028021,0.29442476893906977
TTGGCAAGTCCGTCAGx-1,0.5922095544968605,0.4077907868944485
TTGGAACGTTGCGCACx-1,0.6967483649035238,0.3032520386068509
TTGGAACCATAGGATAx-1,0.7536551505031226,0.2463452428756906
TTCTTAGTCGGCCGATx-1,0.6942475757725347,0.3057528139370703
TTGGCAATCTGAAAGAx-1,0.7491329474056139,0.2508674412539648
TTTCCTCTCTTAACCTx-1,0.7533647577172726,0.2466356444892404
TTTGGTTTCGTCTGAAx-1,0.7501033748960934,0.24989701945033146
TTTGGTTGTGCGCTTGx-1,0.4195696405449468,0.5804305567515922
TTTCCTCTCTTGCAAGx-1,0.5943213563121593,0.4056789560584632
TTTGCGCTCAACTCTTx-1,0.7495520720016771,0.2504482942447457
TTTGCGCTCCAAACACx-1,0.750365965910795,0.24963442326721538
TTTGTCAGTTCCACAAx-1,0.7580067482387548,0.2419936443864232
TTTATGCTCACCGGGTx-1,0.7540152239524592,0.2459851685568916
TTTCCTCGTAAGTAGTx-1,0.7570312473706506,0.24296916781955158
TTTGCGCAGTCCCACGx-1,0.6891965298754748,0.3108038482184828
TTTGCGCGTGTGCCTGx-1,0.7583429710695214,0.24165742766081888
TTTGGTTAGAGAGCTCx-1,0.699972576218051,0.3000277921078519
TTTGTCATCTAACGGTx-1,0.7497400661768837,0.25026032562892025
TTTGTCAAGCTGTCTAx-1,0.7501529856787298,0.24984739418317312
TTTATGCTCGGCGCATx-1,0.7514470349415027,0.2485533580376071
TTTGCGCTCCGAACGCx-1,0.7577320045165205,0.24226836545148028
TTTACTGTCTCCAGGGx-1,0.7582543752301324,0.24174601167463816
TTTATGCGTGCAACGAx-1,0.753893656180803,0.24610672935967723
TTTATGCGTTTGTTTCx-1,0.7563887071273176,0.24361170804395382
TTTATGCGTAGAGCTGx-1,0.6413054792933673,0.358694882553589
TTTGCGCTCCCAACGGx-1,0.7479471853249774,0.2520530502081057
TTTGGTTGTCTACCTCx-1,0.7515606993217442,0.24843967711941484
TTTGCGCCACGACTCGx-1,0.7574291310196289,0.24257129094545674
TTTGGTTGTGAACCTTx-1,0.758085469486974,0.24191493373844397
TTTGGTTAGCCGCCTAx-1,0.7573897990544346,0.24261061136513323
TTTCCTCCAAGTAATGx-1,0.7482759714272036,0.25172443937784283
TTTATGCGTGCCTGGTx-1,0.7493968767398074,0.2506035000160985
TTTGGTTAGTGGTCCCx-1,0.7470443164530434,0.2529560631604713
TTTATGCTCCCAAGATx-1,0.7489460337426826,0.2510543396501143
TTTGTCAAGAACAATCx-1,0.7497281304018434,0.25027226859726015
TTTGCGCCAGTTCATGx-1,0.6940170832912586,0.305983300666355
TTTATGCAGGACTGGTx-1,0.7495999628322986,0.25040039886662874
TTTCCTCAGAGTGAGAx-1,0.7527043915578122,0.24729602308534165
TTTACTGTCCACTCCAx-1,0.7537511467675394,0.24624926262782673
TTTGTCAAGACGCACAx-1,0.7502032319008057,0.24979714439726172
TTTGTCAAGCAGCGTAx-1,0.7517551462294435,0.24824525629501493
TTTGTCAGTGAACCTTx-1,0.7516301941042299,0.24837020015582031
TTTGCGCCACCTATCCx-1,0.7477248015301671,0.25227559320621895
TTTGTCAAGGCCCTCAx-1,0.0,1.0
TTTACTGGTCTCCACTx-1,0.7301210152627696,0.26987936499208826
TTTATGCTCCGTAGTAx-1,0.7486412676056703,0.2513591264576024
TTTATGCAGATAGCATx-1,0.7518282100918808,0.24817221194869463
TTTGTCATCACCTCGTx-1,0.7518794725569997,0.24812091154456398
TTTGTCACATCCCATCx-1,0.7495937142052037,0.25040668502196656
TTTGTCAAGGATGGTCx-1,0.7457528927270305,0.25424749818171616
TTTGTCAAGCATCATCx-1,0.7479693690114817,0.25203101803912054
TTTACTGTCCAGGGCTx-1,0.6998636424136242,0.30013673157428117
TTTGTCATCTTCGGTCx-1,0.7513501244842896,0.248650269208846
TTTGTCACACGACTCGx-1,0.7506689040293112,0.24933146820675342
TTTACTGTCTATCCCGx-1,0.751201592000702,0.24879880375940855
TTTCCTCGTGTGAAATx-1,0.7556746262970427,0.24432576552271174
TTTATGCCAGGCTCACx-1,0.7499663319435688,0.2500340595734444
TTTCCTCAGTGAAGAGx-1,0.7499545441356545,0.2500458519134861
AAAGTAGAGGCCCTCAx-2,0.7603133480177462,0.23968702588404595
AAAGTAGCATGGGACAx-2,0.7506808986418003,0.24931949400737702
AACCATGAGACAAAGGx-2,0.7586127558054009,0.24138761078564103
AAAGATGTCAGTTTGGx-2,0.7502036505414044,0.24979675228627982
AACCGCGCACGGTAAGx-2,0.7503571747233143,0.24964322098894748
AAAGTAGTCACCCGAGx-2,0.7517829712855104,0.24821742534875513
AACACGTCAATCGGTTx-2,0.7593331428843358,0.24066721677712505
AAAGTAGAGCGTAATAx-2,0.7618540799789286,0.23814629209638427
AAACCTGTCCTAAGTGx-2,0.7579733888515106,0.24202698074695606
AAAGATGGTTGGAGGTx-2,0.7041312233273671,0.2958691470966454
AAAGCAAGTGGCAAACx-2,0.7545744479275169,0.24542593876791596
AAAGTAGAGTGAAGAGx-2,0.7515209249428775,0.2484794678117379
AAACCTGAGATCCCATx-2,0.749366613574185,0.25063378309698625
AACACGTGTCATGCCGx-2,0.7584131793302367,0.24158718925869171
AACCATGCACATCCGGx-2,0.7628403104193087,0.23716006056610678
AAAGATGCACCAACCGx-2,0.760780810593238,0.2392195902261936
AAAGATGCAGTACACTx-2,0.7537561037962592,0.24624427853612116
AAACGGGTCCTCAACCx-2,0.7601551332954292,0.23984524627443024
AAACCTGCAGATAATGx-2,0.7337756807563027,0.2662247042734105
AAACGGGGTGCACGAAx-2,0.7483851783393862,0.25161522442522105
AACCGCGGTTCACGGCx-2,0.7593962591543832,0.24060412558795813
AAAGATGAGCAGACTGx-2,0.7605525367231246,0.2394478719150405
AAATGCCGTAGCGATGx-2,0.7604363357200681,0.23956404124913702
AACGTTGTCACCCTCAx-2,0.7527398945059033,0.24726048279334545
AAATGCCCAACGATCTx-2,0.7604634026097017,0.23953698838018742
AACTCAGAGATGTGTAx-2,0.7449683622894409,0.2550320296060759
AAAGATGAGAAGGGTAx-2,0.7487561027303967,0.2512442982526455
AACCGCGTCAGTTGACx-2,0.6422694012522817,0.35773096043048747
AAAGCAAAGAGTTGGCx-2,0.7588180818945159,0.2411822896812373
AACACGTAGACTTGAAx-2,0.7618672204984988,0.23813315577885297
AACCGCGCACGCCAGTx-2,0.6513614644440612,0.3486388807849967
AAAGCAAGTGATGTGGx-2,0.7493076046698552,0.2506927874170903
AACGTTGTCATGTAGCx-2,0.7667892324719311,0.23321113555228087
AACGTTGAGTGTGAATx-2,0.7591552253949725,0.24084518468898583
AACACGTGTATCGCATx-2,0.7628976416860342,0.23710273510585775
AAATGCCGTCGCTTTCx-2,0.7558592194083947,0.24414117120780995
AACACGTGTCACACGCx-2,0.7604470452017809,0.23955336111967937
AAAGATGGTGTTTGGTx-2,0.7582625593543174,0.24173781808640646
AACACGTAGAAACGCCx-2,0.7612405191652144,0.23875987601561638
AACGTTGCAGGTTTCAx-2,0.7599956722846782,0.24000472687215355
AACACGTAGGTGCTAGx-2,0.7584380602065323,0.24156233863219534
AACCATGGTACCGCTGx-2,0.7032719802927916,0.29672840037778603
AAAGATGTCTGGGCCAx-2,0.7509152570187,0.2490851382602366
AACCGCGTCACTTACTx-2,0.7141578486184162,0.2858424219920067
AACCATGGTCTGCAATx-2,0.74954807907768,0.2504523263516665
AAACGGGGTGAAAGAGx-2,0.7574559739586865,0.2425444059468946
AAAGCAAGTCTAAAGAx-2,0.7614624541677626,0.23853793104076534
AACACGTAGTTCGCATx-2,0.7603549692604066,0.23964541153957397
AACACGTTCTCGCATCx-2,0.7518492768837287,0.24815111104106044
AACACGTGTCGAGTTTx-2,0.7610502118205126,0.2389501640346002
AACACGTCAGCATGAGx-2,0.7631940853531451,0.23680629257145322
AACGTTGTCTTTCCTCx-2,0.7508902074280511,0.2491101874935993
AAATGCCTCTCTAGGAx-2,0.7491173225826128,0.2508830745002116
AAAGATGTCTGGTGTAx-2,0.0,1.0
AACCATGAGGTAGCCAx-2,0.7578519877065827,0.24214834948266606
AACCATGTCATCGCTCx-2,0.761371062157363,0.23862933457427374
AACGTTGCAGGGTATGx-2,0.7602869363877879,0.23971344426752944
AAAGCAAGTTACGTCAx-2,0.7321864719238571,0.2678136975158864
AACGTTGGTTGACGTTx-2,0.7606747832601984,0.23932563881548521
AACCATGTCGGCTTGGx-2,0.7540731654789063,0.24592721362194941
AAACGGGCAGTTTACGx-2,0.7591488791581102,0.24085147825269043
AACGTTGGTCTAGCCGx-2,0.7612408566888785,0.2387595487506806
AACCATGGTTACCAGTx-2,0.7061891371154964,0.29381124364107464
AAAGTAGGTGCGAAACx-2,0.6984326913444243,0.3015676861532935
AACCGCGTCACAACGTx-2,0.6663935528406929,0.3336068081591278
AACACGTTCCATGCTCx-2,0.7583478382637834,0.2416525710882497
AACGTTGGTTGAGTTCx-2,0.761360778066824,0.23863960476632992
AAAGTAGCAGATCGGAx-2,0.7608675183635526,0.23913287395489805
AAATGCCCACGGTTTAx-2,0.6225544335217118,0.37744590949968665
AAACCTGTCCAGATCAx-2,0.7492898790929073,0.2507105145241954
AAACCTGGTAGAAGGAx-2,0.7607101615237074,0.23929022604012187
AAAGTAGAGACACGACx-2,0.7054048390147345,0.29459553965412494
AAAGTAGGTGCGCTTGx-2,0.7412332412999225,0.2587671420103595
AACGTTGGTCCGAGTCx-2,0.7051634267050487,0.29483695070473614
AAAGATGAGATGGCGTx-2,0.7741649163533556,0.22583544045715176
AAAGTAGCATGACGGAx-2,0.7491362311479763,0.25086416438518394
AAAGCAATCTTTCCTCx-2,0.7518300016400559,0.24817039312643763
AACACGTCAAATCCGTx-2,0.7503087010866616,0.24969170333856783
AACCATGAGAGGTTGCx-2,0.7844134833187033,0.21558685803290575
AACCGCGTCATTATCCx-2,0.7510443251104059,0.2489560636148784
AACACGTGTACATCCAx-2,0.7090302307118306,0.2909701491487957
AACTCAGAGCCCAGCTx-2,0.7520033840691558,0.2479968239480041
AACGTTGTCTCGATGAx-2,0.7625437957275765,0.23745657718233829
AAACGGGTCATCTGCCx-2,0.7649721825205208,0.23502820438212219
AACGTTGTCGTACGGCx-2,0.6967159893644592,0.3032843861177646
AAACGGGGTTTGACTGx-2,0.753458573338291,0.2465418255173528
AACACGTGTGTGTGCCx-2,0.7598545140337457,0.24014588302232434
AAAGTAGTCCTCTAGCx-2,0.7506390573755043,0.24936133252051843
AAAGCAATCGAATGGGx-2,0.7514087282879013,0.24859162129906284
AAACGGGAGCTAGGCAx-2,0.7504024139489062,0.24959798358974472
AACCATGAGATGCCTTx-2,0.7549583886921106,0.24504194987729694
AAAGATGCAGCTCGCAx-2,0.7512896215363973,0.24871076860122077
AAACCTGAGCGTAGTGx-2,0.7592466673540403,0.24075375461218287
AACTCTTAGGAATGGAx-2,0.7598001453182319,0.24020023434966686
AACTTTCAGCCTTGATx-2,0.7603403166930719,0.23966009519897824
AACTCAGCACTTAAGCx-2,0.7513419876334999,0.24865840513085855
AAGGTTCAGCCTCGTGx-2,0.7502973325691152,0.2497030725029219
AACTCTTCAAGGCTCCx-2,0.7494232227586923,0.25057717377291006
AACTCAGGTCTAGAGGx-2,0.701395504299521,0.2986048701684147
AAGGCAGAGCTAAACAx-2,0.7575379098539371,0.24246248361040715
AACTTTCAGACTGTAAx-2,0.7593323511330181,0.24066803339988108
AAGGTTCGTATGCTTGx-2,0.7613567979492321,0.2386435795029234
AAGGAGCTCGCACTCTx-2,0.7614117339854681,0.238588693201536
AACTTTCGTGCCTGGTx-2,0.7080849479174594,0.29191542406497967
AACTCCCCATATACCGx-2,0.7517713015727946,0.24822909448676067
AACTGGTGTGTCCTCTx-2,0.7841574388641959,0.2158429111037736
AACTTTCAGGATGGAAx-2,0.7500252611435316,0.24997513833260118
AACTCTTCACCGGAAAx-2,0.7525064589858255,0.2474939260950275
AACTGGTTCCGCATCTx-2,0.7573136978218499,0.2426866857787809
AACTTTCAGCGCCTTGx-2,0.7626545786568406,0.237345802595725
AAGGAGCAGAAGAAGCx-2,0.7505989405663589,0.2494014587698944
AACTCAGGTCGCGAAAx-2,0.7598093678143268,0.24019102879028129
AACTTTCAGAAACCGCx-2,0.7533753288407742,0.24662506084969693
AACTCTTAGTGTACGGx-2,0.7606520442783203,0.23934833484925805
AAGCCGCCACTAAGTCx-2,0.6759400187596697,0.3240603424459174
AACTCAGCACGAGGTAx-2,0.7612711871842961,0.23872921588337231
AAGGAGCGTGGTACAGx-2,0.7527070112062018,0.2472933681468262
AACTCTTAGGGCTTCCx-2,0.7569976962098098,0.24300266985227859
AACTCAGGTAGGGACTx-2,0.6283833047325279,0.3716170428007538
AAGACCTTCAACGGCCx-2,0.7626227254052871,0.23737764983741225
AAGGCAGTCATAGCACx-2,0.7579462147501302,0.24205416256619308
AACTCTTAGTACGACGx-2,0.7627470977795554,0.2372532784895145
AAGACCTTCATCTGCCx-2,0.7637463905371664,0.23625399840833378
AACTCAGAGGATTCGGx-2,0.7550839725637634,0.24491623962229844
AACTTTCTCTTGCATTx-2,0.7501387985596684,0.24986159913086617
AACTTTCGTCGAATCTx-2,0.7500939855310732,0.24990641037479394
AACTCAGCAATCGAAAx-2,0.7061863353717814,0.29381404507445796
AAGACCTAGTCAAGCGx-2,0.7610190502948412,0.23898136847642287
AACTCCCCATAGACTCx-2,0.7545358493437835,0.2454644675992159
AAGGAGCCACGACTCGx-2,0.7623582309083444,0.2376421420541188
AACTCCCTCGCCGTGAx-2,0.7498736749543594,0.25012672540315717
AACTGGTCACGAAATAx-2,0.760390402915597,0.23960996628812425
AACTCTTAGCCACGCTx-2,0.7041456105908543,0.29585476570350056
AACTCTTTCTTTACACx-2,0.7681792891299307,0.2318210765153711
AACTCTTAGAATGTGTx-2,0.7754432805258694,0.22455707559276458
AACTCTTGTTTGGGCCx-2,0.7614849821419158,0.23851539555319504
AAGGCAGAGTCAATAGx-2,0.750284545549321,0.24971585163436616
AACTCCCTCGTTACAGx-2,0.751098543457443,0.24890184126785117
AAGACCTCATCATCCCx-2,0.7583223385147666,0.24167804603958823
AACTGGTCACGGTTTAx-2,0.7011439246419884,0.2988564555780647
AAGGTTCGTAGCTTGTx-2,0.7605211133501263,0.23947925631062686
AAGACCTAGTGTGAATx-2,0.7614996797789835,0.238500732967183
AACTCCCCATGCATGTx-2,0.7503857005789966,0.24961469504883252
AACTGGTCAACCGCCAx-2,0.6517093300606344,0.3482910282074754
AACTTTCGTGAGGGAGx-2,0.704521263056715,0.29547911336397537
AAGACCTTCCGCATAAx-2,0.7497175769627854,0.25028281652619155
AAGGCAGAGAAAGTGGx-2,0.7585586444611163,0.24144175212679758
AAGGCAGCACCAGCACx-2,0.7588568815870946,0.24114348865844143
AACTCTTTCAGAGGTGx-2,0.5955840422942356,0.40441629957956293
AACTCAGGTAGAGCTGx-2,0.7601529992530007,0.23984740852980038
AAGGTTCCATTACCTTx-2,0.7616649390971196,0.23833543594708692
AAGCCGCGTTGGTAAAx-2,0.750501999409063,0.249498387217506
AAGGCAGGTGGGTATGx-2,0.7046229094073843,0.29537746887936966
AAGGAGCTCACAATGCx-2,0.7056561303855061,0.29434424580829366
AACTGGTTCTGGAGCCx-2,0.7541939309519049,0.24580646703329861
AACTCTTAGCTAACAAx-2,0.7666507294556546,0.2333496383461128
AACTGGTAGACTAGGCx-2,0.7510831094329882,0.2489172792509949
AAGGTTCCAGGCAGTAx-2,0.7526202757664646,0.2473801081826169
AACTGGTTCCGCTGTTx-2,0.6813982052512924,0.3186021554513415
AACTTTCCACCTATCCx-2,0.7054578703197963,0.29454251084498795
AAGCCGCTCTCAACTTx-2,0.7492819065622643,0.2507184983759569
AACTCCCTCTCTTGATx-2,0.7612373318850456,0.23876307642558361
AACTCTTGTGAACCTTx-2,0.7587763296578007,0.24122403622021893
AACTCAGTCCTTTCTCx-2,0.7040226593097345,0.29597772244034126
AACTCTTCACCACGTGx-2,0.7591540121171706,0.24084636389133804
AACTCTTGTTTGTTTCx-2,0.7499821118206886,0.25001828136906323
AACTGGTTCGGCTACGx-2,0.7621392721829156,0.23786110195661014
AAGCCGCGTCTAAAGAx-2,0.7610393475952464,0.23896103350863215
AAGCCGCAGGGATCTGx-2,0.7599849752476722,0.24001539187213144
AAGACCTAGTTACCCAx-2,0.7653532957504858,0.23464707311013866
AACTCAGTCCTGTAGAx-2,0.6976632796260044,0.30233709717168084
AAGGAGCTCGCTAGCGx-2,0.7759086464330512,0.2240917024531436
AACTCTTTCCGAAGAGx-2,0.7507693591889388,0.24923104621105563
AACTGGTTCAAGGCTTx-2,0.7595698374708372,0.24043053875904644
AAGGAGCGTGGTCCGTx-2,0.7618948021302379,0.23810557349444111
AACTCCCAGAAGAAGCx-2,0.7597916628814502,0.24020870579753645
AAGGAGCCACTGTCGGx-2,0.7614243965094902,0.23857602493578264
AAGGTTCCATCGACGCx-2,0.7541352033188342,0.24586515626679456
AACTCCCTCCGCGTTTx-2,0.700177085153568,0.2998232912481711
AACTCTTGTCTGCGGTx-2,0.7502204754329533,0.24977992850404906
AACTTTCTCGCGATCGx-2,0.7594909997831149,0.240509376561742
AACTGGTAGTGCAAGCx-2,0.751352366654605,0.2486480292331634
AACTCAGAGGTGACCAx-2,0.7606506628038028,0.2393497247023396
AACTCTTTCGGTTCGGx-2,0.7632264790318712,0.23677390785450048
AAGGTTCCATGGATGGx-2,0.7515077949162566,0.2484926062073314
AAGGCAGCATTGGGCCx-2,0.7610467766902271,0.2389536144346689
AAGACCTGTCACACGCx-2,0.751712300214345,0.24828810589079972
AAGGCAGCACCGCTAGx-2,0.7610272740866959,0.23897310043429362
ACACTGAGTGGTCCGTx-2,0.757124278349248,0.2428760607216567
AATCCAGGTTCAGACTx-2,0.7568495472976419,0.2431508535719954
ACACCAAAGCTACCTAx-2,0.7613361071622656,0.2386642675990516
AAGTCTGCACCGTTGGx-2,0.761965782514142,0.23803459428871945
AATCGGTAGAGTGAGAx-2,0.7648757245840067,0.2351246498488705
ACATACGAGCGCTTATx-2,0.7503375670097256,0.24966283638159328
AAGTCTGTCGTTACAGx-2,0.7571990645201995,0.24280131194904472
ACACCGGTCTCTGAGAx-2,0.7509668553106302,0.249033540176329
ACAGCCGAGTGTCCATx-2,0.7607224862555668,0.23927790203764154
AAGTCTGGTATAAACGx-2,0.764847045003779,0.2351533298318994
ACACTGAAGGATGCGTx-2,0.7589671850608584,0.24103322235417451
AAGGTTCTCCCGGATGx-2,0.7495173802611012,0.25048301549281504
AAGTCTGCACCTATCCx-2,0.7629063531583679,0.23709401505067504
ACACTGATCTGCCAGGx-2,0.7484850124793042,0.2515153822863796
AAGTCTGGTCTAGAGGx-2,0.7486790144151921,0.25132138359911066
AATCCAGCACAGCCCAx-2,0.751264184220456,0.248736208142822
ACAGCCGGTCATGCATx-2,0.7649778623273371,0.23502250176855366
ACACCCTTCGTAGGAGx-2,0.7624675564708633,0.23753282383582922
AATCCAGAGGACAGCTx-2,0.7499734355096377,0.2500269689833685
ACACTGAGTACCCAATx-2,0.7628472402395403,0.2371531468291933
AATCCAGAGCTCCCAGx-2,0.7501227774314098,0.2498776281652293
ACACCAAAGTGTACCTx-2,0.7585782337567578,0.24142216966472346
AAGGTTCTCGTAGGAGx-2,0.7580507679465338,0.2419496113472172
AAGGTTCGTCAGATAAx-2,0.7557695904456876,0.24423079858362087
ACACCGGAGGCTAGACx-2,0.7620763796832434,0.23792398848169327
ACACTGATCAAACCACx-2,0.7610590064747036,0.23894140622533144
ACACTGATCGAGAGCAx-2,0.7085068045361915,0.29149357648997815
ACAGCTACAGATGAGCx-2,0.7495792771961108,0.250421119699415
ACACCGGTCCGTTGCTx-2,0.7604336534448952,0.2395667272127678
ACACTGAAGCCAGGATx-2,0.7501704034798401,0.24982998687888447
ACATACGCAATGCCATx-2,0.6614654093367985,0.33853494471008544
AATCCAGCACCAGGTCx-2,0.7578068222254914,0.24219357921939755
ACAGCTACAGGAACGTx-2,0.7623784415513738,0.23762194045576204
ACACTGAGTTCCACAAx-2,0.759346985955235,0.2406534231626858
ACATCAGCACAGCCCAx-2,0.7625446342755868,0.23745574764099672
AATCGGTCAAGTAATGx-2,0.7506698363333564,0.2493305682895601
AATCGGTGTTAGAACAx-2,0.7608336156456955,0.23916677639322667
AATCGGTCAGTAAGCGx-2,0.7504410720469735,0.24955933233170102
ACACCGGTCAAACGGGx-2,0.7587165917501496,0.24128381270389185
ACACTGACAGGTGCCTx-2,0.7610277372290883,0.23897264819756775
ACACCCTAGTGTTTGCx-2,0.7502796649845019,0.24972073397575853
ACATACGTCATCACCCx-2,0.7573747937295989,0.24262558912882384
ACATACGCAGTGGGATx-2,0.7611209615256982,0.23887942514635363
AATCCAGGTCGCATATx-2,0.6144581429094137,0.385542190928027
ACATCAGAGTGGAGAAx-2,0.7648620122969232,0.23513836122549595
AAGTCTGTCAGTACGTx-2,0.7134367458756103,0.28656360394759406
AATCCAGGTCTAAACCx-2,0.7589383384143428,0.24106206647656275
AAGTCTGTCCCATTATx-2,0.7604897024314761,0.23951069167087
AATCGGTCAGCTCGACx-2,0.7619898641028275,0.23801051164279868
ACAGCTATCGCAAACTx-2,0.7517022894566195,0.24829787337964992
ACACTGAGTCGAAAGCx-2,0.7518362895290115,0.24816409589587138
ACACCAATCACAGGCCx-2,0.7051754976199441,0.294824879943334
ACACCAATCTTCGGTCx-2,0.7036857238019931,0.29631465203752194
ACAGCCGAGGGATACCx-2,0.7048198308761129,0.2951805497963008
ACATCAGCAAAGCAATx-2,0.7638179641554678,0.2361824077844226
AATCGGTCATACGCCGx-2,0.759829162323857,0.24017121654443765
ACAGCCGCAGGACGTAx-2,0.7511040184825428,0.24889637178061358
ACACCGGAGACTGGGTx-2,0.7496482925987074,0.25035210180357925
ACACTGATCTGAAAGAx-2,0.7643321978811652,0.2356682057068048
ACACCGGGTCTTCGTCx-2,0.7519136677742774,0.24808673015596572
ACACCGGCACAGACTTx-2,0.68870625618604,0.31129412119872113
ACAGCTAGTACTTGACx-2,0.765383397687731,0.23461697028983336
AATCGGTCATTTGCTTx-2,0.7762653520037877,0.2237350019461832
ACACCGGAGCTCCTCTx-2,0.7532525884125179,0.2467478131605852
AATCCAGTCGGAAATAx-2,0.7594197908701961,0.24058058041170421
ACATACGCAACTTGACx-2,0.7461349815062699,0.2538654051352324
ACACCGGCACGAAGCAx-2,0.7032909676388857,0.29670941054881783
ACACTGAGTTCCACTCx-2,0.7518418521703171,0.24815855697007475
ACACCCTTCTATCGCCx-2,0.7602781499518697,0.23972223511300803
ACACCCTAGTCCATACx-2,0.7499475402715061,0.25005285839707253
ACAGCCGAGCGATAGCx-2,0.7055376766205476,0.29446270406799974
AATCCAGCACGGTGTCx-2,0.7615098045232297,0.23849057014143313
ACACCCTAGTGTCCATx-2,0.759704738352917,0.24029560153175883
AATCGGTAGGCCATAGx-2,0.7584252432566303,0.24157513100624148
ACACCGGAGCAGACTGx-2,0.7055872266331066,0.2944131544358583
ACACCGGCACCTATCCx-2,0.7571790893791003,0.24282128647265847
AATCGGTAGTGAACATx-2,0.7511943971104789,0.24880599684748353
ACAGCCGTCCCTAACCx-2,0.7605981090481441,0.23940226550863405
AATCCAGTCTGTCTATx-2,0.7608932350333052,0.23910716529161735
AATCGGTCAAGGCTCCx-2,0.7468402510359501,0.25316014587242175
AAGTCTGGTGTGACCCx-2,0.7651781357101959,0.23482223470554237
ACATACGGTATTCGTGx-2,0.7602011828726613,0.23979920876770497
AATCCAGGTTGACGTTx-2,0.7610512317390894,0.23894914281046806
ACATACGCATGAGCGAx-2,0.7613303831804142,0.23866999892047014
ACATACGTCGCCCTTAx-2,0.7499222801403225,0.25007811546938646
ACACCCTGTCGCATCGx-2,0.7608066021340214,0.23919379135071245
ACACCGGTCAACACGTx-2,0.7625246891841797,0.23747569736701513
AATCGGTGTACGCACCx-2,0.6913499331525721,0.3086504422685748
ACACCGGTCAATCTCTx-2,0.7510506212975259,0.24894978155096223
ACAGCCGCACCGATATx-2,0.7544757931132385,0.2455246151440294
AATCCAGTCATAGCACx-2,0.7559109696504949,0.24408929643174385
ACACTGAGTGTCCTCTx-2,0.749164122974446,0.25083627417544124
ACACCGGCAATCACACx-2,0.7042054445557717,0.2957949295305834
ACATACGAGGAATGGAx-2,0.7619777920783991,0.2380225841885122
ACGATACGTATGAATGx-2,0.7029158409444038,0.2970845404390624
ACATGGTTCCTGCTTGx-2,0.6995886945923216,0.30041168308701144
ACATGGTTCTTACCGCx-2,0.7623697800221519,0.23763062863508969
ACGCAGCAGGCTCAGAx-2,0.7578735677645541,0.24212679795834913
ACCTTTAAGGTGCTTTx-2,0.759654634871189,0.2403457353340152
ACGAGCCTCTGCTTGCx-2,0.7577579625095254,0.2422424477880986
ACGCAGCCAGCTTCGGx-2,0.7548550609976316,0.24514532575271789
ACATGGTGTAGCCTATx-2,0.750216318508133,0.24978408728906457
ACGAGCCGTGCAACTTx-2,0.757624661351407,0.2423757055341172
ACCGTAAGTCCAAGTTx-2,0.7271839544842448,0.27281621614494783
ACCGTAACACCAGGCTx-2,0.7531817768505483,0.24681861800073943
ACGAGCCGTTCCGGCAx-2,0.7600871829430421,0.23991319820988882
ACGATGTCACAACGTTx-2,0.7493031584761884,0.25069723791733306
ACATCAGGTCTCTTATx-2,0.757634612576694,0.24236578494536906
ACGATACGTACCGTTAx-2,0.7530368069350593,0.24696344143949775
ACGCCGAAGTGACTCTx-2,0.760591651031911,0.2394087190974213
ACGCAGCCAGCCTGTGx-2,0.7566236090074259,0.24337677548788209
ACATGGTAGCCGTCGTx-2,0.7051477469339711,0.294852635611739
ACGATGTTCTCGCTTGx-2,0.7500692372050549,0.24993115594411006
ACGCCAGCAGGACGTAx-2,0.751311894085217,0.24868850217644967
ACGATGTAGATGTCGGx-2,0.7624312505954829,0.2375691335223988
ACGATGTAGTTAAGTGx-2,0.7613624848593932,0.23863792608014345
ACCGTAACAATGAATGx-2,0.7606200424753452,0.23938037875723298
ACATCAGGTCATGCCGx-2,0.7502532269642912,0.2497471628557932
ACGAGCCAGCAGGTCAx-2,0.7618263855377346,0.23817399181758586
ACGATGTAGGTGCAACx-2,0.7627598207209582,0.2372405414829439
ACGCCAGAGACAGACCx-2,0.7606517604283175,0.23934862855360386
ACCTTTAGTGAGGGTTx-2,0.758377106234974,0.24162327179967588
ACGAGCCGTCTCAACAx-2,0.7546357879307386,0.2453646053541155
ACATGGTGTTATCACGx-2,0.7609990030975577,0.23900137338964453
ACCGTAACAGCCAATTx-2,0.7607648218362216,0.2392355530788957
ACGCCAGCATACGCTAx-2,0.7607507583693812,0.2392496324001034
ACGCAGCCAATGGATAx-2,0.7630480698039438,0.23695230700334047
ACGATGTCACTTAACGx-2,0.7509588379185111,0.2490415489107243
ACGCCAGCATGGTCTAx-2,0.0,1.0
ACCCACTAGAAGGTGAx-2,0.7496049053822911,0.25039549371145964
ACGAGCCGTTATCCGAx-2,0.7508232502014882,0.24917714723885118
ACATGGTAGTAGTGCGx-2,0.761365855500422,0.23863450708623166
ACGCCAGGTATGAAACx-2,0.7612837877015544,0.23871662485215986
ACATGGTCATCTCCCAx-2,0.7632744950976287,0.23672588393729613
ACCTTTACAGATCGGAx-2,0.760667135847085,0.23933328139507068
ACGCAGCCAAGTCTGTx-2,0.762907420430416,0.23709295761945426
ACATGGTCATACGCTAx-2,0.758834244664206,0.2411661553544792
ACGAGGACATCTATGGx-2,0.7541916282496998,0.24580861309517202
ACGATACAGTAAGTACx-2,0.7533078828719805,0.2466923877258363
ACGATACTCAACCAACx-2,0.7563618616187651,0.24363852169753025
ACGAGGAGTGCCTGGTx-2,0.7503860936790152,0.24961430510723362
ACCAGTACAGGCTGAAx-2,0.7601934475007937,0.23980695906112207
ACGCCAGCAATGTAAGx-2,0.7523233656807815,0.24767702520667684
ACCCACTAGCACACAGx-2,0.7447445135944052,0.25525588157836804
ACGAGGACATGTCGATx-2,0.7023310697719474,0.29766930325148055
ACCAGTATCTCAAACGx-2,0.7612930611259592,0.2387073086535172
ACCAGTACACGACTCGx-2,0.75064033209421,0.24936007586954356
ACCAGTATCTTAGAGCx-2,0.7595975535803651,0.2404028311609813
ACGATGTCAGACAAATx-2,0.7046673350077363,0.2953330424701103
ACGCCAGGTTACGACTx-2,0.7606580558446487,0.23934230772828016
ACGAGGAGTTAAGTAGx-2,0.7623670264978852,0.23763334814535902
ACCCACTTCGCGCCAAx-2,0.7651813988632615,0.2348189733438276
ACGCAGCGTACCATCAx-2,0.7500922389556831,0.24990816978983568
ACGAGCCCACTGCCAGx-2,0.6690304820022595,0.3309698846633497
ACGAGGAAGGCCATAGx-2,0.7596810490502718,0.24031933175478723
ACCTTTACACCATCCTx-2,0.7623530701654782,0.23764730486415475
ACCTTTAGTCCGACGTx-2,0.7601831963815433,0.23981721237575118
ACGCCAGTCGCGATCGx-2,0.7609872064232894,0.23901321283985422
ACGATGTGTAGTGAATx-2,0.7616052746063813,0.23839510173094014
ACCTTTACAGCCACCAx-2,0.761897429887644,0.2381029687580989
ACCCACTTCAGGATCTx-2,0.758081915009026,0.2419184673770731
ACCGTAACAGCTCGCAx-2,0.7512464158772055,0.24875397785592898
ACCGTAACAAATCCGTx-2,0.7598079741635445,0.2401924047919559
ACGAGGACAACAACCTx-2,0.7516761571271378,0.24832423682058377
ACCTTTATCTTCGAGAx-2,0.7499030592916297,0.25009734010368556
ACGATGTGTGACTCATx-2,0.7619453278408418,0.2380550512620664
ACGATACTCTATCCTAx-2,0.7500686001349004,0.249931802550987
ACATGGTCAAAGCAATx-2,0.7532778744621954,0.2467225246822621
ACCTTTATCAACGGCCx-2,0.7593512330018672,0.24064914265776988
ACCCACTTCAGGCAAGx-2,0.7587870398980946,0.24121332868469153
ACATCAGTCTATGTGGx-2,0.7623477320167655,0.23765265638279814
ACCTTTAAGATACACAx-2,0.7584969080869932,0.2415034583815774
ACGATACCATACGCCGx-2,0.7512601452079123,0.2487402493524556
ACGATACAGGCAAAGAx-2,0.75926203807172,0.24073832633593267
ACGAGCCGTATTCGTGx-2,0.763802507040557,0.23619788154151825
ACGATACCAACTGGCCx-2,0.7581247292781181,0.2418756404250561
ACGCAGCTCAGCGATTx-2,0.7630929413490483,0.23690742923969935
ACGATGTGTGACGGTAx-2,0.7510476376165964,0.24895275607397355
ACGATACTCCGCAAGCx-2,0.7505349621254356,0.24946543109360328
ACGCCAGCACGGTAGAx-2,0.7525543783497711,0.24744600790823337
ACCAGTAAGGCACATGx-2,0.7577332598658909,0.24226711540843215
ACGAGGATCCTAGTGAx-2,0.7599675581740999,0.2400328159984194
ACCTTTAAGCAGACTGx-2,0.7639974990893625,0.23600286500188036
ACATGGTTCTCAAGTGx-2,0.7047027926244084,0.29529758345518853
ACCCACTCAGTATCTGx-2,0.7605297943212941,0.23947058410989416
ACCCACTGTCAAAGCGx-2,0.7573863316313295,0.24261402014825081
ACGATACAGGCATGTGx-2,0.7500332891468425,0.24996711742105146
ACGTCAAAGCTCAACTx-2,0.7596561210870939,0.24034423843612884
ACGTCAAAGTGTTTGCx-2,0.7562251858583247,0.2437751990396784
ACGGCCAAGGTTCCTAx-2,0.7520490779453085,0.24795132604311051
ACGGGCTAGTGTACCTx-2,0.7045215393364144,0.2954788423167336
ACGGGCTCACCTGGTGx-2,0.760093476299654,0.23990688909256985
ACGGGCTCAGCGTAAGx-2,0.7493894408569837,0.25061095677411527
ACTATCTTCCGCAAGCx-2,0.7561928967698074,0.24380748512354494
ACTGAGTCAGATGGCAx-2,0.7505198970064406,0.24948049548425713
ACGGAGAAGTCATCCAx-2,0.7614648362502683,0.2385355652455378
ACGGGTCAGCCCAGCTx-2,0.7606535394632424,0.23934683405819135
ACTATCTAGTGACTCTx-2,0.7630169968345343,0.23698337651165047
ACTGAGTAGAAGGTTTx-2,0.7504809563350263,0.2495194487953256
ACTGAGTGTGTCAATCx-2,0.7609454956385892,0.2390549169568124
ACTGAACAGACTAAGTx-2,0.7031764273777275,0.2968239534675588
ACGGCCAGTCACCCAGx-2,0.7538518737246929,0.2461485106443761
ACTGCTCAGATGGCGTx-2,0.7055433962073077,0.2944569750738021
ACTGATGGTTCTCATTx-2,0.7619169635035568,0.23808342656860149
ACTGAGTAGGGCATGTx-2,0.7502017196335965,0.24979868084736373
ACGCCGACAATGGACGx-2,0.7346602859561309,0.2653400894926867
ACTGAACGTGCATCTAx-2,0.7609171043687342,0.23908329827748645
ACTGATGCAAGGTTTCx-2,0.7631570596000401,0.23684331929694583
ACTGATGTCGTCGTTCx-2,0.7501170704114819,0.24988332880149036
ACGCCGATCGCTAGCGx-2,0.7620269554129556,0.23797342053999798
ACGGGCTTCTGCCAGGx-2,0.7630402748864711,0.23696009579543273
ACGGGTCAGCCAGTAGx-2,0.7524622262158739,0.24753817714730883
ACTGCTCTCACAAACCx-2,0.7607796857356283,0.2392206896785073
ACGGGCTCAGTAAGATx-2,0.7504432206783942,0.24955716548526144
ACTGAGTAGATCACGGx-2,0.7068268535767948,0.29317352654164863
ACGTCAATCGGCATCGx-2,0.7612177586097265,0.23878261719707372
ACTGAACAGCGGCTTCx-2,0.7500629563537416,0.2499374435749691
ACTGATGTCTTGCAAGx-2,0.7603492040610148,0.23965117340848846
ACGGCCAAGATCCTGTx-2,0.75123831792103,0.24876207911887732
ACGGCCAAGTGTTAGAx-2,0.7512115316752367,0.24878887294880092
ACGTCAAAGACTAAGTx-2,0.7598988595456236,0.24010151345757888
ACGGGCTGTACAAGTAx-2,0.7603597682983033,0.23964060931688344
ACTGAGTAGCAGCGTAx-2,0.7593354558649299,0.24066495405562305
ACTGCTCTCTGTCTCGx-2,0.7035688420467716,0.2964314969545628
ACGGAGATCTTGGGTAx-2,0.6322406166643291,0.3677597301538114
ACGGGTCGTGATAAACx-2,0.7616086092571652,0.23839176364972423
ACGTCAACAGGTCTCGx-2,0.7620345742813311,0.23796581162335392
ACTATCTGTCACAAGGx-2,0.7041002181959165,0.2959001601401745
ACTGTCCCATCACAACx-2,0.7583603020473988,0.24164005711534797
ACTGATGCATGGTTGTx-2,0.756496346506587,0.24350403612193322
ACGGCCAAGCAGCCTCx-2,0.7632160475496891,0.23678432619331435
ACGGAGATCTGGTATGx-2,0.7496332631200788,0.25036713504383445
ACTGAGTTCTAACCGAx-2,0.753074638311024,0.24692575310961637
ACTGAGTAGACACTAAx-2,0.7507192420474558,0.24928116493831115
ACGTCAATCGGCTACGx-2,0.7622021423858548,0.23779822808627266
ACGGAGATCCTGTACCx-2,0.7503609505911321,0.2496394598223268
ACGGAGAAGGCGATACx-2,0.6846813506984587,0.31531902249487304
ACTGTCCCACAGCGTCx-2,0.7529103940743131,0.24708999914234428
ACTGAACCATCTGGTAx-2,0.7608286938322938,0.23917168184236814
ACGGAGAAGGGAACGGx-2,0.7553571732290931,0.24464322995502547
ACTGCTCAGTAATCCCx-2,0.7610372966468343,0.23896308630558408
ACTGCTCCACGAAGCAx-2,0.7025397457627804,0.29746063582229404
ACGGCCAGTAGCGTAGx-2,0.7057405810097971,0.2942598005632095
ACGGGCTAGTTCGATCx-2,0.7601289709096946,0.2398714105041858
ACGTCAAAGCATCATCx-2,0.7499390005062385,0.25006140113699094
ACGGCCAAGGGTGTGTx-2,0.7500512883882172,0.2499491027361546
ACGGGCTAGAGACGAAx-2,0.7612348011297356,0.23876556801682255
ACTGCTCAGTGGTAATx-2,0.7491903470917542,0.25081005181062804
ACGGCCACATCGGGTCx-2,0.7636837337162271,0.23631663249876703
ACGGAGATCCTGCAGGx-2,0.7051112436149335,0.2948891388639995
ACTGAACCAGGACCCTx-2,0.7606676842263789,0.23933271813792528
ACGGCCATCTGCAGTAx-2,0.7608998029108622,0.23910057285866257
ACGGCCAAGACTGGGTx-2,0.7581512879451388,0.24184908140768788
ACTATCTCAGGACGTAx-2,0.7570460373077587,0.24295430397318687
ACTGAGTGTCTTCAAGx-2,0.7503749591616306,0.2496254372834693
ACGGCCAGTAATCACCx-2,0.7606195257747599,0.23938087747425396
ACTGAGTTCAACCAACx-2,0.7609975721955607,0.23900283696712893
ACGGAGAGTGTTCTTTx-2,0.7580577666074719,0.2419426045570931
ACGCCGATCCTGCAGGx-2,0.7553257698789221,0.24467459486856324
ACTGAACCAGGCTCACx-2,0.7591929539875673,0.24080742119564102
ACTGAGTCATGATCCAx-2,0.7590788924770263,0.24092147947729162
ACTGAACTCCTAAGTGx-2,0.7507914566230417,0.24920894859706957
ACTATCTGTAAAGTCAx-2,0.764259083731218,0.23574130654139336
ACGGCCAAGTCCAGGAx-2,0.7449377239240995,0.25506267047135484
ACGGGCTCAAGGTTCTx-2,0.7501676873189344,0.2498327086751418
ACTGATGTCACAGTACx-2,0.7600379449769231,0.2399624237873443
ACGTCAACATCCCATCx-2,0.7600330875421862,0.23996728933546652
ACGGCCATCATGTGGTx-2,0.7598122255970776,0.24018815019047715
ACTATCTTCTTCGGTCx-2,0.7618212276938888,0.23817916791838492
ACGTCAAAGTCAAGGCx-2,0.7569986626619184,0.24300169224435486
ACGGCCAGTGGGTCAAx-2,0.7556615496214563,0.2443388197585359
ACTGAGTCAAGTAATGx-2,0.7506852743057396,0.2493148833473591
ACGGAGAGTTCCACTCx-2,0.7633105452366048,0.2366898246151475
ACTGTCCCAGCTGGCTx-2,0.7760365722359251,0.2239637727227255
ACGGGCTGTGGTGTAGx-2,0.7603096629349502,0.23969072418513182
ACGGCCACAGGCGATAx-2,0.7539258134043089,0.2460745620103482
ACTGATGAGTCAAGCGx-2,0.6935326593672642,0.3064677210983055
ACTGAGTTCACGATGTx-2,0.7030197221826208,0.2969806481904224
ACTGATGGTGACTACTx-2,0.7420051771268248,0.2579952041911766
ACTGAGTGTTCAGACTx-2,0.7787950819034438,0.22120526976249766
ACGGGTCTCGCTTGTCx-2,0.7582664226014645,0.2417339562554975
ACGCCGATCCTGCCATx-2,0.7611898048923017,0.23881061195043815
ACTATCTAGGCCATAGx-2,0.7581779355602248,0.24182244234900535
ACGCCGACAGTTAACCx-2,0.7526732114059347,0.24732700110770472
ACTGAGTAGGCAATTAx-2,0.7762666097322047,0.22373374005939017
ACTTTCATCTGCGGCAx-2,0.7508431365560269,0.2491572577111931
AGAGTGGGTCTAGAGGx-2,0.7032264222888025,0.2967738712981269
ACTGTCCTCCTCAACCx-2,0.7510946212428521,0.24890577628781663
AGAATAGGTTGGTGGAx-2,0.7557786441866341,0.24422174898261265
AGAGCGAGTGAACCTTx-2,0.7564569038658305,0.24354348078887422
ACTTTCACAGGGTACAx-2,0.758807374216037,0.24119304358116406
AGACGTTGTGTGACCCx-2,0.749415790095437,0.25058457087156377
AGCAGCCAGCGAGAAAx-2,0.7624005627102107,0.23759981183223258
AGAATAGAGTGGAGAAx-2,0.729725166252434,0.27027520058877624
AGAGCGACAAAGGAAGx-2,0.7671341043565331,0.2328662674219123
ACTTTCAGTCAAACTCx-2,0.7505640145815993,0.24943639101713433
ACTTACTTCTGTTTGTx-2,0.6936500919891363,0.30635028397557673
AGACGTTAGCAGACTGx-2,0.757980326944048,0.24202009046055828
AGAGTGGGTATGAATGx-2,0.7287821814815879,0.27121820157241494
AGAATAGGTCCGAAGAx-2,0.7612032558536099,0.23879712047706883
AGACGTTAGAATTGTGx-2,0.7595180998856969,0.2404822725361781
AGAGTGGTCATCTGTTx-2,0.7609608377742288,0.2390395781602798
AGAGCGAAGGTGATTAx-2,0.7575557468002904,0.24244462832578192
AGAGCGAAGGGCTTGAx-2,0.7505271570782518,0.24947323185541717
AGAGTGGGTTGTCGCGx-2,0.7613993538273536,0.23860102362948934
AGAGTGGCACACATGTx-2,0.7040732876677557,0.2959270914574002
AGAGTGGAGCGTAGTGx-2,0.750544955472194,0.24945544956008964
AGATCTGGTTAAGACAx-2,0.7500257647170433,0.2499746436900098
ACTGTCCCATCTCGCTx-2,0.7523266686340889,0.24767372119397957
AGAGTGGAGGTGCACAx-2,0.7491818188584954,0.2508185775248031
AGATCTGAGCTACCGCx-2,0.7510589471720027,0.24894144127228426
ACTTACTAGAATCTCCx-2,0.7613263184637464,0.23867405628758334
AGATCTGTCGTACGGCx-2,0.7630161620462451,0.23698420993369895
AGAGCGAGTCGCCATGx-2,0.7565310026818904,0.24346938066905077
AGAGCGAAGGGCATGTx-2,0.7610522812412803,0.23894813107004306
AGATCTGCAATCTGCAx-2,0.7555430672956462,0.24445730845914587
AGACGTTCATGGTAGGx-2,0.7518716577695486,0.24812874286955494
AGAGCTTTCAGTCAGTx-2,0.7017698269711555,0.29823055041041796
AGATTGCCATAGACTCx-2,0.7577534770309299,0.24224688835088676
AGAATAGAGGGCACTAx-2,0.7501966084916566,0.24980378040682621
AGATCTGCAGCCAGAAx-2,0.7499189303470969,0.2500814683479849
AGATTGCGTCGCCATGx-2,0.7500374774593986,0.24996291560252454
AGATTGCTCTGTCTATx-2,0.7502559728375872,0.24974440758074784
AGAGCTTAGATCACGGx-2,0.7603917275243725,0.23960863152652637
AGAGCTTTCTTCAACTx-2,0.7580755430545224,0.24192486068881022
ACTTGTTTCGTTGACAx-2,0.7578556362052121,0.24214473486301194
AGACGTTCATTACGACx-2,0.7569677720197966,0.24303260689310138
AGCATACCAAACCCATx-2,0.7571978688274416,0.24280245966895223
AGCAGCCTCACGATGTx-2,0.7595929247700282,0.2404074490716615
ACTTACTCAACGATGGx-2,0.7506655075039611,0.2493348863834969
AGCAGCCGTCAGAGGTx-2,0.7049123080590927,0.2950880704254108
ACTTGTTCACGTTGGCx-2,0.7057018560982588,0.29429852300508474
AGATTGCCATTATCTCx-2,0.7614516520979188,0.23854882724764895
ACTGTCCTCATTTGGGx-2,0.7604087284769075,0.2395916468859072
ACTTACTGTGCGAAACx-2,0.7058600159941268,0.2941403594312896
ACTTGTTTCAAAGACAx-2,0.7583075011402499,0.2416928851124935
AGCAGCCAGTATCTCGx-2,0.7040996531007294,0.2959007275498857
AGAGCTTAGAGTACATx-2,0.6998284190101324,0.30017196537998053
AGAGTGGAGGGAGTAAx-2,0.7530101310391111,0.24699026728833434
AGAGCTTGTCTACCTCx-2,0.7497194989654163,0.2502809024226046
AGATTGCGTCTCTTTAx-2,0.6988518933510458,0.3011484757081077
AGCATACAGTATTGGAx-2,0.7607472276771231,0.23925320090201868
AGATTGCGTACCAGTTx-2,0.7614339002678525,0.23856646850879754
AGAGCGATCAGGCCCAx-2,0.755856113516857,0.24414425439482695
ACTTACTTCGGTGTTAx-2,0.761165791357033,0.23883460877028265
AGACGTTTCAGCTTAGx-2,0.7574892929734274,0.24251108955809988
ACTGTCCTCGAGCCCAx-2,0.7585389943024682,0.2414613826277765
ACTTACTCACGCCAGTx-2,0.7574695647379601,0.24253081926731412
ACTTGTTGTCGCGGTTx-2,0.7611868288082813,0.23881357446004195
AGAGTGGCAGCTGCTGx-2,0.7610090871032406,0.23899130981583233
AGCATACCACACAGAGx-2,0.7639259592070158,0.23607441955040986
AGCAGCCAGTCAAGGCx-2,0.751113231708476,0.24888716883059886
AGCATACAGCGTAGTGx-2,0.7555244926591875,0.24447590159415997
ACTTGTTAGGATCGCAx-2,0.75167532790753,0.24832506926922063
AGATTGCTCCGTAGTAx-2,0.7637528994146658,0.23624747517464278
ACTTGTTTCCTTGACCx-2,0.761448211027258,0.2385522191101574
ACTGTCCTCCGAAGAGx-2,0.7569074999385067,0.24309287996293033
AGACGTTCAAGCTGGAx-2,0.7548267439275057,0.24517365764584267
AGAGTGGAGACCTAGGx-2,0.7536197827508445,0.2463805927238539
AGCATACAGACCTAGGx-2,0.7613168136406493,0.23868360583098883
ACTGTCCGTAGAGCTGx-2,0.6717604810815857,0.3282398872502459
AGATCTGCAGGAACGTx-2,0.764556400755769,0.23544397053314006
AGCAGCCCATGTTCCCx-2,0.7288221937531203,0.27117818758951645
ACTTACTTCCAGAGGAx-2,0.7601835969465874,0.23981678301394097
AGAGCTTTCATGTCCCx-2,0.7504789385828075,0.24952146453010296
AGAGCGACACACAGAGx-2,0.7583913734055561,0.24160897572080844
ACTTACTGTTTGACTGx-2,0.7041512242887472,0.29584915586907756
AGCAGCCCATGGTTGTx-2,0.70069244101456,0.29930793761131413
AGATCTGAGATATACGx-2,0.7603394180199283,0.23966095600652612
AGAGCTTCACAACGCCx-2,0.7601262721046101,0.2398740995767637
AGCATACAGTAGCGGTx-2,0.7048818276683225,0.29511855316573227
AGAGCTTAGGCGACATx-2,0.751899451816786,0.24810094257773593
AGAGCTTGTACCGCTGx-2,0.7540157012636095,0.24598468958382302
ACTTTCAAGTGGTAATx-2,0.7493275220750428,0.2506728862831398
ACTTACTGTACATCCAx-2,0.7547775794785982,0.2452226651685195
AGATCTGCACAGACTTx-2,0.7579488166777775,0.24205156248280082
ACTTGTTCATCTATGGx-2,0.7609055299304098,0.23909484870169387
ACTTACTCAACTGCTAx-2,0.7502970583679729,0.24970335528774876
ACTGTCCCATCGGAAGx-2,0.7008375617512543,0.299162813096371
AGATTGCGTGCGAAACx-2,0.7635061398203935,0.23649423861670846
AGCGTCGAGGATGTATx-2,0.760646673040921,0.23935370232198402
AGCTCCTCATAAGACAx-2,0.7628079123794389,0.23719246097765492
AGCATACCAGGATCGAx-2,0.7618602399765461,0.23814021402984434
AGGCCACGTTCAACCAx-2,0.760841973691635,0.2391584325885934
AGCTCCTGTCACTGGCx-2,0.7493610337645128,0.2506393630406482
AGGCCGTTCTGAGTGTx-2,0.6935369598197741,0.3064634119893189
AGGCCGTGTTCGTGATx-2,0.7607352358272225,0.23926514691701978
AGCGTCGTCTGAAAGAx-2,0.7606977084206846,0.23930267399116292
AGCTCTCAGTGACATAx-2,0.7626446035802977,0.23735578195051374
AGGGATGGTCACAAGGx-2,0.7599441112693215,0.24005626372042724
AGCGTATAGCACAGGTx-2,0.7624046842319145,0.23759572269148538
AGCTCTCCATGGTAGGx-2,0.7952461260484763,0.20475420187991358
AGGCCACGTTCGAATCx-2,0.7488321005627779,0.2511682951845421
AGCGGTCTCCCAGGTGx-2,0.7597436136189963,0.24025677012775448
AGGCCGTGTTCAGGCCx-2,0.7668835737967669,0.23311678734950236
AGGGAGTAGGAATTACx-2,0.7578971238032681,0.24210324771510283
AGCGTCGCAGCTTCGGx-2,0.7591545761841972,0.24084582138190985
AGCTCCTCACATCTTTx-2,0.7604304621828432,0.23956991512726264
AGCTCTCCACTCTGTCx-2,0.7614659691805121,0.23853441684252527
AGCTTGAGTAAACCTCx-2,0.7510305601305387,0.24896983500210534
AGGGATGTCACTGGGCx-2,0.7598439001739339,0.24015647696920442
AGCTCCTAGTGCTGCCx-2,0.7409298201295992,0.25907057588020804
AGGGAGTGTTTGGCGCx-2,0.7510521454225321,0.24894825657669212
AGGCCGTCAGTTTACGx-2,0.7570485503002901,0.24295184370565817
AGCGTCGGTTCTCATTx-2,0.7534478224546983,0.24655257769568167
AGGCCGTGTCCTCCATx-2,0.7610914186438468,0.23890896698989642
AGCTCCTCATCCGGGTx-2,0.7515539853515198,0.24844641473455928
AGGCCACAGTTGTCGTx-2,0.7502568299486656,0.24974357387667756
AGCGTCGTCACTCTTAx-2,0.7100876399621665,0.289912742016825
AGGGAGTCACTAGTACx-2,0.7516638719782192,0.24833652306912601
AGGGATGCAGGGTACAx-2,0.7559856979284585,0.24401467941827987
AGCGGTCAGAATGTTGx-2,0.7504988887957382,0.2495015097037339
AGGCCACAGTGGTCCCx-2,0.7564008915941799,0.24359949286184923
AGGGATGGTTCAGACTx-2,0.7015876412612653,0.2984127393143933
AGCTCCTCACGGATAGx-2,0.7008440399480185,0.29915634030803456
AGCGTATAGGCCGAATx-2,0.7579012265167442,0.2420991477518766
AGCTCCTCAAGGACACx-2,0.6888989300288583,0.3111014394425718
AGCGTATTCGCGGATCx-2,0.7602154272428772,0.2397849513720767
AGCGGTCAGCTACCGCx-2,0.7861532556962453,0.21384708251298618
AGCTTGAAGGATATACx-2,0.7656484577540992,0.23435190747514467
AGGCCGTCATCTATGGx-2,0.7504462977059553,0.24955409084719618
AGGGATGCATGATCCAx-2,0.7514866106401429,0.24851379139718002
AGCATACGTCAGCTATx-2,0.7623730404600482,0.2376273339190444
AGGGAGTTCTTCTGGCx-2,0.758725131140628,0.24127525110010117
AGCATACGTTGACGTTx-2,0.7587105463979052,0.2412898284331614
AGCTCCTCATCGATTGx-2,0.7066255909762719,0.2933747887990655
AGGGAGTAGACAGGCTx-2,0.7619189860405933,0.2380813886633041
AGGGATGTCCTTTCTCx-2,0.7610445631603,0.23895585052730747
AGCTCTCAGCCCGAAAx-2,0.7470248425039185,0.25297555140399236
AGCGTATAGGTTCCTAx-2,0.701739875433921,0.2982604967363545
AGCGTATGTCTCCATCx-2,0.760835397358441,0.2391649744280136
AGCTCCTAGAGCTGGTx-2,0.7500976721553486,0.24990272218058657
AGCTTGATCGTAGGTTx-2,0.6986067946080141,0.3013935869447457
AGGGATGAGATGTCGGx-2,0.751402992677348,0.24859740443480915
AGGCCGTAGACATAACx-2,0.703300174723409,0.296700207065397
AGCTCTCTCACGCATAx-2,0.7636205696936773,0.23637981366161437
AGCTTGACACCTCGTTx-2,0.759056613562484,0.24094376469870352
AGCTTGATCCTACAGAx-2,0.7588416585886756,0.24115873187374928
AGGGAGTCAGTCGTGCx-2,0.7619087380688231,0.23809165565734947
AGGGAGTGTTGAGTTCx-2,0.7609708828514308,0.2390294900817555
AGGCCGTTCTTCTGGCx-2,0.6918274416956539,0.3081729394461644
AGGGATGTCATAAAGGx-2,0.7024972628492315,0.29750312382198
AGGGATGGTCGTCTTCx-2,0.7384045266017558,0.26159560929553644
AGGGATGTCCTTAATCx-2,0.7605764455730254,0.23942395084928206
AGCGTCGAGAAGGCCTx-2,0.7610147388211561,0.238985661704675
AGCTTGAGTCGCGGTTx-2,0.7537862491136903,0.24621414227223037
AGCTTGATCATCGGATx-2,0.7588488714088749,0.24115150518474984
AGCGTATCATCTACGAx-2,0.7608327191362746,0.23916765593062778
AGCCTAAGTATGCTTGx-2,0.7591108626061289,0.24088954468188334
AGGGAGTGTGTGAAATx-2,0.7502382264685553,0.24976217717483112
AGGGATGGTCCCTTGTx-2,0.7585076162935779,0.2414927897026459
AGGCCACCAAAGGTGCx-2,0.7629513165666572,0.23704905761595768
AGCTTGACAGGATTGGx-2,0.7504387319441083,0.2495616719779593
AGCTTGACATTATCTCx-2,0.7541277490678681,0.24587264034978948
AGGGTGAAGCCATCGCx-2,0.7505307446825202,0.2494696503790713
AGGGAGTGTCTCTCGTx-2,0.7599192813929367,0.2400811004105139
AGCCTAATCGGCGGTTx-2,0.7530312749501925,0.24696911679712832
AGCTCTCAGGTAGCTGx-2,0.7533285361359436,0.24667184829651548
AGCTCTCTCTTTCCTCx-2,0.7614375461589789,0.23856290807261052
AGCTCTCCAGTAACGGx-2,0.7406904415347069,0.2593099414968837
AGCTCTCGTCGCGAAAx-2,0.7514441664573689,0.24855623920483033
AGCTTGACAGTCTTCCx-2,0.7590484110302613,0.2409519887087062
AGGCCACAGTTTGCGTx-2,0.7646307987613419,0.23536956791298816
AGCGGTCAGCGTCAAGx-2,0.7505901751205547,0.24941021555108547
AGCCTAAAGCGGATCAx-2,0.7551177230407827,0.24488260140891288
AGCGTATCAACGATCTx-2,0.7600517111906072,0.23994865872093235
AGGGAGTCAATGACCTx-2,0.760897148948167,0.23910322750487775
AGCGTCGCATACGCTAx-2,0.705517297819062,0.2944830801917506
AGCGTCGCAGGACCCTx-2,0.7615730649649751,0.23842731707405093
AGCTCCTGTCCCTACTx-2,0.761766534595293,0.23823383632555048
AGGGAGTCAATCAGAAx-2,0.7518687491825817,0.24813164942199034
AGCTCCTGTGAAAGAGx-2,0.7501110568902672,0.24988934461470483
AGCTCCTTCGGTTAACx-2,0.7592477809076779,0.24075258809639213
AGCGTATAGCAACGGTx-2,0.7601941263035915,0.23980625149692816
AGCATACTCGCTGATAx-2,0.7595054004430799,0.24049497343691356
AGGCCACTCTGGTGTAx-2,0.761774798120528,0.238225571048457
AGCCTAAGTCTTCAAGx-2,0.754436771112983,0.2455636321729044
AGCGTATGTTACAGAAx-2,0.7510661447770104,0.24893424801799
AGTGGGAAGCAATCTCx-2,0.7505428176305863,0.2494575792926203
AGTCTTTTCGCGTAGCx-2,0.7587872031528102,0.24121316065099652
AGGTCCGAGCCACCTGx-2,0.7520297301991606,0.2479706670452408
AGGTCCGCAAGCCATTx-2,0.7504923122560629,0.24950808095423496
ATAAGAGGTCAATACCx-2,0.7615505493742473,0.23844983403119804
AGTAGTCCAATGACCTx-2,0.7504078671084584,0.2495925090690404
ATAACGCTCACCTTATx-2,0.7614006852058617,0.2385997533726489
AGTGAGGAGGGCACTAx-2,0.7507412374453376,0.24925917038717774
AGTCTTTGTAGCGCTCx-2,0.7533156623337531,0.24668472446084388
AGTGTCAGTACCGTATx-2,0.7513165416521643,0.24868364838172932
AGGGTGATCCGTCAAAx-2,0.754449108335016,0.2455512838558391
AGTTGGTTCGTGGGAAx-2,0.7493156038739655,0.25068480034022356
AGTAGTCGTGTAAGTAx-2,0.7609848303841904,0.23901556803918503
AGGGTGACATGTTGACx-2,0.7609080383609237,0.2390923449636883
AGTGAGGGTAGAAGGAx-2,0.7052553575376661,0.29474501065363706
AGGGTGAGTTTCGCTCx-2,0.7591845687324336,0.24081583282214025
AGTGTCATCTCGTTTAx-2,0.7074947449903968,0.29250563592614204
AGTCTTTGTACATCCAx-2,0.76098802230413,0.2390123665021678
AGTGGGAGTGGTACAGx-2,0.7546306515422119,0.24536974069779063
AGTGAGGAGGTGATTAx-2,0.7137456693145859,0.28625470648817436
ATAGACCGTCTTCGTCx-2,0.7050967950448419,0.2949035812540785
AGTTGGTGTCCGCTGAx-2,0.7650716351367615,0.23492873486953794
AGGGTGACATACTCTTx-2,0.7041095287126954,0.2958908473196901
AGTGAGGCACGGTGTCx-2,0.7497474196158612,0.25025297174598127
AGTGTCACACGTGAGAx-2,0.7495455768391723,0.25045481197716074
AGGTCCGCATTGCGGCx-2,0.7506040509487234,0.24939623666278005
AGGTCCGGTATGAAACx-2,0.7500464968651932,0.2499538893376427
ATAACGCCATACTCTTx-2,0.7579554381470108,0.2420449326272232
ATAAGAGGTCTCTTTAx-2,0.7506085722383601,0.24939182799694343
AGTCTTTTCCTGCTTGx-2,0.7614598071540604,0.2385405876418091
AGGGTGACAGCTGGCTx-2,0.75813367286789,0.2418667353350799
ATAGACCCAAGAAAGGx-2,0.7036847323502152,0.2963156493518188
AGTGTCAAGTATGACAx-2,0.7617095833956803,0.23829083068362067
AGTTGGTGTCAAGCGAx-2,0.7564061009224838,0.24359418107777966
AGTTGGTTCGGCGGTTx-2,0.750213454943484,0.2497869381414074
AGGTCCGAGGTAGCTGx-2,0.7598601408434591,0.24014023205566593
AGTGAGGTCACATAGCx-2,0.7642711048695667,0.23572927031159618
AGGGTGATCCAAACACx-2,0.7113599671188646,0.28864040415810055
ATAACGCTCGGTTAACx-2,0.7589387005031948,0.24106169854770398
AGTGAGGAGCTAGTGGx-2,0.7526420889863993,0.24735830949190088
AGGTCCGCATTAACCGx-2,0.7513079462118345,0.24869245227618775
AGTTGGTTCAGCTTAGx-2,0.7478188716803523,0.25218152174747394
ATAGACCAGCTGTCTAx-2,0.7539788819185871,0.24602150776419515
AGTAGTCAGTGGAGAAx-2,0.7025927751043535,0.29740760245953324
AGGGTGATCCTGCAGGx-2,0.7604129604059572,0.2395874143950113
AGTTGGTAGGGCATGTx-2,0.7522626924214703,0.2477376988044779
AGGTCCGAGGACACCAx-2,0.7517968315778686,0.24820356841493346
AGTGTCATCTTGAGACx-2,0.7610093570478018,0.23899104041445604
AGTCTTTTCTACTTACx-2,0.762551663985745,0.23744871104056553
AGTGGGATCGTAGGAGx-2,0.7498893729678785,0.25011102030204846
AGTGTCACACGGATAGx-2,0.7498919642951895,0.25010842976469894
ATAGACCCAGACAAATx-2,0.7127765011601969,0.28722387612228706
AGTGAGGCATGTCGATx-2,0.7506771044805628,0.24932328838247997
AGTCTTTGTCGAGATGx-2,0.759429953824786,0.24057043757596014
AGTAGTCAGCCAACAGx-2,0.7606610061799504,0.23933936432276737
AGTGAGGTCCTAGTGAx-2,0.7611589330512083,0.2388414742339855
AGGTCATTCTACGAGTx-2,0.7049609172487868,0.2950394700789059
ATAGACCGTGTAAGTAx-2,0.761544932136263,0.23845544388586706
AGGTCCGTCAAGGTAAx-2,0.7607108595558049,0.23928950239064176
ATAGACCCAGGTCGTCx-2,0.7524619493688897,0.24753843170447903
AGTGAGGGTACTTCTTx-2,0.7512866986731176,0.24871370098024206
ATAACGCAGTCATCCAx-2,0.7506288313408866,0.24937157032018753
ATAACGCGTGCTTCTCx-2,0.749725415007097,0.25027499385883434
AGGTCATCACACTGCGx-2,0.7519219293077873,0.24807846266186254
AGGTCATTCCGAATGTx-2,0.758448124590204,0.24155225775183914
AGGTCATTCCGCGGTAx-2,0.757805271959374,0.24219510498286637
AGGTCCGTCGAATGGGx-2,0.761244237051055,0.23875615881661724
AGTGGGATCTGAAAGAx-2,0.754869472518248,0.2451309251157709
AGTGTCACACCAGCACx-2,0.7597764112556766,0.2402239654542492
AGGGTGAAGTAGGTGCx-2,0.7628492341018243,0.23715114097879184
AGGTCATCAAACTGCTx-2,0.7489908572536099,0.25100953718599284
ATAGACCGTGACAAATx-2,0.7506304986352067,0.24936989213184502
ATAAGAGGTACAGACGx-2,0.7577356200980931,0.24226475357035465
AGGTCCGGTCTGATCAx-2,0.705561185868638,0.2944391940686564
AGTGAGGCATGCAATCx-2,0.7608686105451834,0.23913179481686125
AGTTGGTAGTCACGCCx-2,0.752090220215273,0.24791016440894278
AGTCTTTGTTTAAGCCx-2,0.7495699796348719,0.25043042004391197
AGTAGTCTCACGGTTAx-2,0.7492940175307633,0.25070638633942377
ATAGACCGTGAGTGACx-2,0.7611620358082256,0.2388383766427991
AGGGTGATCATCTGCCx-2,0.7050188255776594,0.2949815532375765
AGTGAGGGTACCGTATx-2,0.7641725349534864,0.23582785233458464
AGTGTCACAAAGAATCx-2,0.7537712999366513,0.24622908880008562
AGTCTTTGTGAAGGCTx-2,0.7493123986271061,0.25068800435611
AGTTGGTCAATCGGTTx-2,0.7609382557952397,0.23906211839488567
AGTGGGAAGACCTAGGx-2,0.6904585974118482,0.3095417764835205
ATAACGCCACAGATTCx-2,0.7041530791687057,0.2958473031162812
AGGTCCGTCAACCAACx-2,0.7600871359280832,0.23991323128518557
AGGGTGAAGTGTCTCAx-2,0.7598612399034387,0.2401391962448953
AGTGAGGCAATGTAAGx-2,0.7594593200509762,0.24054106039863415
AGTGAGGGTAGGGACTx-2,0.7512834406572683,0.2487169520011281
AGTGTCAGTTGATTCGx-2,0.7773293081179619,0.2226710386985074
AGGTCCGGTGGGTCAAx-2,0.6646606531576128,0.3353396998335026
AGTTGGTAGCATCATCx-2,0.7611861942106245,0.23881418114341024
AGGTCATCAGTAGAGCx-2,0.7615502599105282,0.2384501086798859
AGTGTCACACCTCGTTx-2,0.7575784187746849,0.24242197384225095
ATGAGGGTCATCACCCx-2,0.7604454930406164,0.2395548828633491
ATCACGAGTGCACCACx-2,0.7610534009208829,0.23894699500824443
ATCGAGTCAATCACACx-2,0.7556393913307062,0.24436095041995542
ATGAGGGCATCCAACAx-2,0.7429741019064664,0.257026045301061
ATCCACCAGAATGTTGx-2,0.7484761905822088,0.25152419977171264
ATAGACCTCTGAGTGTx-2,0.756166181176262,0.24383408427995243
ATGCGATAGGATTCGGx-2,0.7630876328457695,0.23691273990971753
ATCATGGGTGTGAATAx-2,0.7650760997317092,0.234924282004398
ATCACGATCAACGCTAx-2,0.76117621723397,0.23882415593983064
ATCATCTCACTCAGGCx-2,0.746107982890881,0.2538924121016179
ATCACGATCGTCTGCTx-2,0.7629377555220213,0.23706262040025786
ATCATGGCAGCTCGACx-2,0.7064446073107602,0.2935557702502663
ATCGAGTCAAGTCATCx-2,0.7578290581496754,0.24217134422390862
ATGAGGGTCAGTGTTGx-2,0.7055175815669814,0.29448280693089623
ATCTACTCATATACCGx-2,0.7599295234340795,0.24007087230586868
ATCCACCCAAACTGCTx-2,0.631801396767838,0.368198976633665
ATCCGAACAAGCTGGAx-2,0.7594147983344713,0.24058558306676192
ATCGAGTAGCGTGAACx-2,0.7501226377362399,0.24987775808761975
ATCATCTAGACAAGCCx-2,0.704899448650705,0.29510092975185287
ATCATCTAGACAATACx-2,0.7606773061405916,0.2393231047214358
ATCCACCGTCAGTGGAx-2,0.7623519444193375,0.2376484361552702
ATCCGAAGTAAGGGCTx-2,0.7499453670345889,0.2500550329028577
ATCCACCTCGGCCGATx-2,0.7608787012488712,0.23912169719729412
ATGAGGGGTGCAGACAx-2,0.7591176766335853,0.24088270186055397
ATCACGAAGTACGTAAx-2,0.7594218467420604,0.2405785212150865
ATCTGCCTCACGCATAx-2,1.0,0.0
ATCCGAAAGATCACGGx-2,0.7633529021029908,0.23664747817427675
ATCTACTTCTTATCTGx-2,0.7523363955851017,0.24766400537239638
ATCACGAAGGGTGTGTx-2,0.7066220130418831,0.2933783660603566
ATCTACTCATCGACGCx-2,0.7603002507912079,0.23970014671057538
ATCACGAAGCACCGTCx-2,0.7043238356866369,0.2956765425988737
ATCCGAAGTCGGCACTx-2,0.761025707448436,0.23897471496742545
ATCGAGTGTTTGTGTGx-2,0.7045085952328133,0.2954917821632835
ATCACGAGTACGACCCx-2,0.7605396170339062,0.23946079856226116
ATCATGGCAGAGCCAAx-2,0.7516359335436089,0.24836445930107437
ATCGAGTGTACAAGTAx-2,0.7645095854618815,0.23549078679298424
ATCGAGTTCTCGAGTAx-2,0.7528626028582113,0.24713779580363449
ATCCACCCATCACCCTx-2,0.7028719855698383,0.29712840264023155
ATGAGGGCATCCGCGAx-2,0.7500321813311026,0.24996821187601487
ATGAGGGGTTAAGAACx-2,0.7498075674431278,0.250192821750592
ATCATCTCATAAGACAx-2,0.7552514310563851,0.24474894979334721
ATCACGAAGCTGAAATx-2,0.7509361832848002,0.24906419771947566
ATCACGATCTCATTCAx-2,0.7630218001655367,0.23697857578793896
ATCCGAATCGAATGCTx-2,0.7504267846801377,0.2495736251650887
ATGAGGGAGCCTATGTx-2,0.7582477755553422,0.24175260812416172
ATCACGACATGCCCGAx-2,0.7583137809260966,0.24168659335228915
ATCGAGTAGGGTCGATx-2,0.7503251222208305,0.2496752765355353
ATGAGGGGTTGTGGAGx-2,0.759761199357406,0.24023920878933466
ATCACGAGTAGCCTATx-2,0.7606291306076173,0.23937124499255302
ATCGAGTTCGTCTGAAx-2,0.7609672085841026,0.23903320521282231
ATCACGATCCGTAGGCx-2,0.7607437384083668,0.23925663551846899
ATCTGCCTCTGTCCGTx-2,0.7574525326347117,0.242547842789603
ATCATCTAGGGCTTCCx-2,0.7550217673776001,0.2449786228955705
ATCACGAAGGTTCCTAx-2,0.6888434684861542,0.31115691063661827
ATCCGAATCTTGTCATx-2,0.7504068427639432,0.24959354822648883
ATCTACTCACATCCGGx-2,0.7523413231736487,0.24765906569769483
ATCTGCCGTGGGTCAAx-2,0.7042791481628629,0.295721220007604
ATCATGGTCTACTTACx-2,0.7504938241552385,0.2495065760473605
ATGAGGGGTATCACCAx-2,0.7695506883726595,0.23044967897085417
ATCATCTCACAGTCGCx-2,0.7543789280729157,0.24562146730626971
ATCCGAACAGTATGCTx-2,0.761590259573917,0.23841012908516065
ATCGAGTGTGTCAATCx-2,0.7607086600676074,0.23929173190823944
ATGAGGGAGTATCGAAx-2,0.7601844089110312,0.23981594277067464
ATGAGGGGTTCCATGAx-2,0.7539593406902652,0.2460410577794748
ATCTACTAGGGTTTCTx-2,0.7581155351394316,0.2418848364609512
ATCATCTCATGCGCACx-2,0.7611457670552741,0.23885460082380722
ATCATCTTCACAATGCx-2,0.7642382544484773,0.2357621205468112
ATCTACTGTCCCTTGTx-2,0.7636330024893149,0.23636737026873111
ATCCACCCATCTCCCAx-2,0.7527781282521291,0.24722226060853827
ATCATCTTCACTTCATx-2,0.7467945793246232,0.25320582512980383
ATCGAGTGTACATCCAx-2,0.750569499357988,0.24943088793442167
ATCATGGTCCATTCTAx-2,0.7062368106683011,0.2937635737821017
ATCCGAAAGTGGCACAx-2,0.7595375041489909,0.2404629016848334
ATCACGAAGAGGTTGCx-2,0.7504520336274025,0.24954836645869805
ATGAGGGGTCAAGCGAx-2,0.785822589517866,0.21417775113760565
ATCATCTCAGGATCGAx-2,0.7609507627718767,0.2390496104592197
ATCTGCCAGTGTCTCAx-2,0.7612337808177838,0.23876661661382917
ATCATCTGTCGAACAGx-2,0.7496460358908912,0.25035436261747757
ATCCACCGTAGAGGAAx-2,0.7214334950429518,0.27856689111343735
ATCCGAAAGATGTGTAx-2,0.7495875108048616,0.25041289055936344
ATCATGGCATCGGAAGx-2,0.7532201959120092,0.2467801973636926
ATCATGGCACAGACAGx-2,0.7610742278132104,0.23892614385703087
ATCATCTGTCTAGCCGx-2,0.7609927415576001,0.23900763323393873
ATCTGCCTCGGTTAACx-2,0.7645460316399407,0.23545434145119234
ATCATGGCAGCGTTCGx-2,0.7493614297294907,0.25063896939584007
ATCATCTAGATGCCTTx-2,0.7604197290911716,0.2395806581134143
ATCATGGCATCTCCCAx-2,0.7607502901388619,0.23925009305887796
ATCACGATCCTGTACCx-2,0.7510140499766238,0.2489863455719372
ATCATCTAGAGACGAAx-2,0.7099929590272411,0.2900074220719804
ATCGAGTTCATTGCCCx-2,0.7511449640171495,0.24885542663734528
ATCTACTGTTACCGATx-2,0.7610277542654954,0.23897265146628616
ATCACGATCCTGTAGAx-2,0.7521542505105194,0.247846146191211
ATCCGAACACCATCCTx-2,0.7610354287574485,0.23896494643408428
ATCGAGTCAGTAACGGx-2,0.7494674509535453,0.25053295608533066
ATCTGCCGTAGAGGAAx-2,0.7527229472851055,0.24727742945408077
ATCGAGTAGGCCGAATx-2,0.7596090352874247,0.24039131327141366
ATCCGAACAGTAAGATx-2,0.7529854896912801,0.2470146882339203
CAACCTCGTCTCAACAx-2,0.7045874345539951,0.2954129467854217
ATGGGAGGTTGCTCCTx-2,0.7504992303613356,0.24950116996252425
ATTATCCAGAGTCGGTx-2,0.7183708463805335,0.28162953376357125
ATGCGATGTCTCCACTx-2,0.7516171036191823,0.2483832915222576
ATTGGTGTCAACACTGx-2,0.7582675479787684,0.24173282992759657
ATTATCCCACCATCCTx-2,0.7606882083290425,0.23931217101298463
ATTATCCTCACATACGx-2,0.7595505783456816,0.24044978553212243
ATGCGATGTTCCACTCx-2,0.7507737725958769,0.249226619844866
ATGTGTGCACATGACTx-2,0.6964145347177076,0.3035858394461085
CAACCAAAGGAGCGAGx-2,0.7631059098624519,0.23689446051038357
ATTGGACGTACTTCTTx-2,0.7513031130033141,0.24869729127991844
ATTTCTGGTACCAGTTx-2,0.7506327452487032,0.24936764475997483
ATTGGTGCATTGGGCCx-2,0.6873799000670117,0.3126204596125548
ATTTCTGCACATTTCTx-2,0.7511638685081065,0.2488365297590861
ATTTCTGCATAGACTCx-2,0.7028650806999962,0.2971353055310411
ATTCTACGTTCGCGACx-2,0.7559042030835823,0.24409607251889598
ATTGGTGAGTGTCTCAx-2,0.7511048287873001,0.24889558183796312
ATTACTCAGGAACTGCx-2,0.5962815604694243,0.4037187687445282
CAACCAAGTCCCTACTx-2,0.7513700935310667,0.24863028224071684
ATTGGTGTCAAGCCTAx-2,0.7587269037310904,0.24127347540932415
ATTACTCAGCTCAACTx-2,0.7500646494652984,0.24993575066418938
ATTTCTGTCTAGCACAx-2,0.7560120417519626,0.2439883424283966
ATTGGACAGGTAGCCAx-2,0.7628345631433834,0.23716581910479806
ATGTGTGGTACCTACAx-2,0.7607617637433582,0.23923860917152898
ATGGGAGAGTCCGGTCx-2,0.762633479691565,0.23736689744960582
ATGTGTGGTCGGGTCTx-2,0.7612582832808048,0.23874209499833537
ATTATCCGTATCAGTCx-2,0.7501558176647345,0.24984458168989448
ATTTCTGAGCCATCGCx-2,0.7507587086019198,0.24924168641786737
ATGCGATAGGTCGGATx-2,0.7578952690297409,0.24210510838310248
ATGGGAGAGATCCCATx-2,0.7617686599222397,0.2382317229553587
ATTGGACTCCACGTGGx-2,0.7524123345952706,0.2475880638639417
ATGCGATTCGGGAGTAx-2,0.7042672021653728,0.2957331797563022
ATGGGAGAGAAACGAGx-2,0.7490189488790902,0.25098145770762037
ATTACTCGTTGCTCCTx-2,0.759800637615302,0.24019973828799482
ATTACTCCACGCTTTCx-2,0.7009054025892074,0.29909497775005206
ATTGGACCACCTATCCx-2,0.7050647090309023,0.29493565871755717
ATTGGTGTCACCATAGx-2,0.758577944567741,0.2414224314073736
ATTGGTGCATCCGCGAx-2,0.7614454347842687,0.23855494029996174
ATTTCTGTCCCTTGTGx-2,0.0,1.0
ATTATCCTCCACGTGGx-2,0.7591119970679385,0.24088843387672548
ATTATCCGTCACTGGCx-2,0.7618900242720764,0.23811035040859105
ATGGGAGCAAGGTTTCx-2,0.705090846288564,0.29490953316345714
ATGGGAGCAATAACGAx-2,0.7609755625334599,0.23902481782891818
ATTATCCCATCCAACAx-2,0.7535202754800029,0.24648012383645748
ATGGGAGTCTGCTGCTx-2,0.7499489524196326,0.2500514510776581
ATTTCTGTCTGTGCAAx-2,0.7498182213102902,0.2501821757089257
ATGCGATCATTCTTACx-2,0.7607891135297293,0.23921128782119355
ATTATCCTCTTGAGGTx-2,0.7662074914341523,0.23379288930089787
ATGGGAGGTGACTCATx-2,0.6704364700973816,0.32956386824521244
ATTGGTGCATCGATTGx-2,0.7590421759739675,0.24095824186193407
ATGGGAGGTCTCTCGTx-2,0.7608928070891123,0.23910761820205462
ATGGGAGCAAGAAAGGx-2,0.7681879351306186,0.23181242424317938
ATGCGATTCATGTCCCx-2,0.7570926301294624,0.24290774624303652
ATGTGTGCAACGATGGx-2,0.7557889882241001,0.24421139097932285
ATTCTACTCCACTCCAx-2,0.749057654999766,0.25094272115915406
ATTTCTGGTCAGCTATx-2,0.7504998614288388,0.24950054961788826
ATTCTACGTCCCTACTx-2,0.7601174779196882,0.23988292489393268
ATTGGACAGGCATGGTx-2,0.7586570802364591,0.24134326891606864
ATTACTCGTCGCGAAAx-2,0.7529228740602419,0.24707751135430264
ATTGGTGCACGGCTACx-2,0.7581532348325097,0.24184716620650865
ATTCTACCACGGTAAGx-2,0.7614013938222247,0.2385989943035029
ATTCTACAGGTGCACAx-2,0.7608378025881061,0.2391626152177026
ATTATCCTCGCGTAGCx-2,0.7572052897867318,0.24279508666130858
ATTCTACTCCAAACACx-2,0.7605212423430965,0.23947912913378633
ATGGGAGCACATCTTTx-2,0.7599389855275908,0.24006138916180247
CAACCAACATACAGCTx-2,0.7658634833213627,0.23413688610051803
ATTATCCCAAGGACTGx-2,0.7510222508699407,0.24897814178325228
ATGTGTGAGACACTAAx-2,0.7630015549486723,0.23699882310595485
ATTGGACTCAACGAAAx-2,0.7502921267914513,0.24970827345715205
ATTCTACCACATGACTx-2,0.6995820693003599,0.30041830893938126
ATGCGATTCACGATGTx-2,0.7526151323596189,0.24738511469983432
ATTATCCTCCATGAGTx-2,0.761402278846781,0.23859813027731708
ATGGGAGTCGTAGGAGx-2,0.7501991568185251,0.24980125632144518
ATGGGAGGTTCCCGAGx-2,0.7609430175913545,0.23905735675685846
ATTCTACAGGATATACx-2,0.763101300491172,0.2368990713521793
ATTGGACCAACACCTAx-2,0.7541844653002071,0.2458159359634734
ATGCGATAGTTCGCATx-2,0.7646530899620597,0.23534728128961618
ATTATCCTCCTGTACCx-2,0.7622285942692297,0.2377717753940413
CAACCTCAGTAGGTGCx-2,0.7504165215281637,0.24958388972289083
ATGTGTGGTGGCAAACx-2,0.7495478286430922,0.2504525738900207
ATTTCTGGTATGAATGx-2,0.7623942626515972,0.23760610223423123
CAACCAAAGCCACTATx-2,0.7597875068118994,0.2402128950963403
ATTGGACTCTGCCAGGx-2,0.7637540793390676,0.23624629769507538
ATTGGACCAGGGCATAx-2,0.7562698253549831,0.24373055526210202
ATTGGACTCCCTAATTx-2,0.7526915213280305,0.24730875096223207
ATGTGTGAGTGTACTCx-2,0.763906622355919,0.23609376988502548
ATGGGAGAGTGTTTGCx-2,0.6039919212665461,0.3960084415119904
CAACCAAGTCATGCCGx-2,0.7497693924342679,0.25023100975383733
ATTGGACAGAGCTGGTx-2,0.7605626411961954,0.23943773908850996
ATTGGACTCGGCGCATx-2,0.6751656858064429,0.32483468328256815
ATTTCTGTCAGCTCGGx-2,0.754247802734372,0.24575257904684095
ATTGGTGAGCGCTTATx-2,0.7567585605227136,0.24324178174478106
ATGCGATGTTGTGGCCx-2,0.7603815449562648,0.2396188762750726
ATTACTCGTAAGTGGCx-2,0.7600980264561468,0.23990234972017427
ATTGGACGTCGCTTTCx-2,0.7611019294902712,0.23889846998772812
CACAGTAAGAGTACATx-2,0.7531113516263145,0.24688904892982624
CAAGATCGTAGAGCTGx-2,0.761343227898326,0.23865715426088163
CACAAACGTGACTACTx-2,0.759719639200693,0.24028075943713229
CAAGTTGAGATAGGAGx-2,0.7612364657160605,0.23876393614022068
CACACTCTCTCGAGTAx-2,0.7573570769765843,0.242643290206295
CAAGATCCACGAAACGx-2,0.7591802492892242,0.2408201522896273
CAAGATCAGGTGGGTTx-2,0.7499400224228245,0.25006038037369865
CACACAAGTCTGCGGTx-2,0.7504607636132318,0.24953963083212835
CACAGGCGTCTAGAGGx-2,0.758383500647479,0.24161687815732166
CAAGAAATCACAGTACx-2,0.7616053974477247,0.2383949757323419
CACAAACGTTACGCGCx-2,0.7593406724532893,0.24065970632588954
CAAGAAAGTCTGATTGx-2,0.7533846591283863,0.24661568698145309
CACACTCGTAAATGTGx-2,0.7612623397129593,0.2387380602369008
CAAGATCAGGACAGAAx-2,0.7503182272756795,0.24968216684012046
CAACTAGGTTTGCATGx-2,0.7783837133652037,0.22161665005512543
CACAGTAGTACGAAATx-2,0.7608467163929897,0.23915368310175578
CAAGTTGGTTCACGGCx-2,0.7114948200815132,0.2885055467362226
CACACTCAGAGCTGGTx-2,0.78579850712964,0.214201830375606
CAAGTTGGTATAGGTAx-2,0.7537827755266258,0.2462176252386136
CAACTAGGTGTGCGTCx-2,0.7455303985282238,0.254469995499402
CAAGAAAGTCACCTAAx-2,0.7083980778005063,0.29160230299763557
CACACTCTCTATCCTAx-2,0.7502757751369702,0.24972462235160095
CACAGGCTCTCGAGTAx-2,0.760578371676501,0.2394220225562811
CAAGTTGGTGCAACGAx-2,0.7564450576911971,0.24355531006358203
CAAGTTGTCGTATCAGx-2,0.7480495661213356,0.25195056234256225
CACATAGTCTGCAAGTx-2,0.6816717622565184,0.31832860246734407
CACACTCGTGTGTGCCx-2,0.749634292844971,0.25036610533586173
CACATAGTCGAACGGAx-2,0.7544029234723518,0.2455974784692007
CACACAACAAGGTTCTx-2,0.769033985276586,0.2309663784668317
CAAGTTGAGGGTATCGx-2,0.6858111953853606,0.31418917425524123
CACAGTACAATCAGAAx-2,0.7485315255808154,0.25146886930688556
CAAGAAACACTCAGGCx-2,0.7609062528661289,0.23909412413191503
CACACCTGTTGAGTTCx-2,0.759638410900557,0.24036191445198787
CAACTAGTCTGCTGTCx-2,0.76222480997674,0.2377755569866417
CACAGTATCCATTCTAx-2,0.760609806676036,0.2393905847834934
CACACCTGTACTTCTTx-2,0.7560204393740682,0.24397995682117024
CAAGTTGAGCCCGAAAx-2,0.7519249409635277,0.24807544808989382
CACACCTGTGTATGGGx-2,0.7571350513106011,0.24286532527645227
CAACTAGAGAAAGTGGx-2,0.7504904078886138,0.24950998913727168
CACAGGCCATTGGCGCx-2,0.705523302181121,0.2944769629657001
CACAAACTCTCTGTCGx-2,0.6997898548503455,0.30021052497582323
CACAGGCGTCTAGTCAx-2,0.7586873417225868,0.2413130273181154
CACACCTAGAAGGACAx-2,0.7541554449579173,0.2458449373971015
CACAGGCAGCAAATCAx-2,0.6852745618927749,0.31472578421463154
CAAGATCAGAGACTATx-2,0.7597336446561266,0.24026672190886306
CACAGGCTCCTTTCGGx-2,0.7613598744724102,0.23864054988787003
CACATAGGTCTCATCCx-2,0.7055828628685187,0.29441751151240964
CACAGTACACCTCGTTx-2,0.7047983008326197,0.2952020768650148
CAAGAAAAGATCCGAGx-2,0.7584457048777475,0.24155470343239663
CAAGAAATCCCGACTTx-2,0.7605588537934529,0.23944151666917027
CAAGGCCCAGGGTTAGx-2,0.7667721081400086,0.23322826107478356
CAAGAAAAGATCCTGTx-2,0.7609545139719998,0.23904586166745856
CAAGATCGTGCAGACAx-2,0.7611368597666515,0.23886355421529729
CAACTAGAGCCAGGATx-2,0.7513405257431159,0.24865987545433352
CACAAACGTGGGTATGx-2,0.7595816992803777,0.24041869238902477
CAAGTTGGTTGATTCGx-2,0.7615329496084046,0.23846746979470143
CAACCTCTCGCACTCTx-2,0.7525159991967885,0.24748437566854253
CACACAATCGTCTGAAx-2,0.7663747304048604,0.23362563782170612
CACACTCTCCAAACACx-2,0.7507347111905126,0.24926568496493054
CACATTTAGTGTGAATx-2,0.7616277168518271,0.23837265660404014
CACACTCAGGTTACCTx-2,0.7614755647605232,0.2385248145904359
CACAAACGTGCGATAGx-2,0.5616128106849322,0.43838750240458296
CAAGAAAGTAATCACCx-2,0.7603372094440385,0.239663172697974
CACACAAGTAACGCGAx-2,0.7542337491023938,0.24576665143297438
CAAGTTGGTCCAGTTAx-2,0.7531262688692881,0.24687389855306724
CAACCTCGTGCGGTAAx-2,0.7634555681779062,0.236544810910878
CAACTAGTCGTCCGTTx-2,0.7053709539931426,0.29462942731985414
CAAGATCAGAGGTAGAx-2,0.7621840155088913,0.237816376940952
CAAGATCAGCTATGCTx-2,0.7514836568190744,0.24851672169329136
CACAGGCTCGCGGATCx-2,0.7052993269580298,0.29470104823702126
CACAAACTCCGTAGGCx-2,0.6909930746151901,0.30900729880109606
CACACCTGTTAAGATGx-2,0.7505822317828704,0.24941816325819868
CAAGAAATCCCTAACCx-2,0.7142785663071892,0.285721814891747
CAACTAGTCACCGTAAx-2,0.7603233585998002,0.23967705742588102
CAACTAGCATCACAACx-2,0.7582310829652679,0.2417692913799736
CAAGAAACACAACGCCx-2,0.7506306270641069,0.24936977326369625
CAAGGCCTCTGGAGCCx-2,0.7589294996500644,0.24107087449087247
CACATAGGTCTGCAATx-2,0.7535991037389744,0.24640127132868736
CAAGTTGAGAACTGTAx-2,0.7596054430587021,0.24039495937118185
CACACCTGTCGCTTTCx-2,0.7501828425516571,0.24981756235120658
CACAAACGTCTAACGTx-2,0.7470600183443626,0.2529403724367705
CACAGTAAGTTAGGTAx-2,0.7619280461929487,0.23807232024513283
CACACAAGTTACAGAAx-2,0.7588903752122055,0.2411100187622576
CACACAACACCTCGTTx-2,0.7619520270811081,0.2380483478368925
CACACAAAGTCACGCCx-2,0.7034554737828574,0.29654490312193926
CAACTAGAGCGATTCTx-2,0.7636194058171283,0.23638096446877818
CACAGGCCAAGAAGAGx-2,0.7595903836226237,0.24040999814275726
CACAAACGTACCAGTTx-2,0.7489989613158491,0.25100142720822827
CAAGTTGAGTGCGTGAx-2,0.7049170342995498,0.2950833446112409
CACAAACAGTGTACGGx-2,0.7499555954973626,0.25004480937261436
CACAGGCGTTACGTCAx-2,0.7634616367212474,0.23653873377011195
CAAGATCAGTTCGATCx-2,0.7571732963708198,0.242827084295058
CACATAGTCGCAAACTx-2,0.7491173959543429,0.2508829992227132
CACACAAAGTCTTGCAx-2,0.7660978084730061,0.2339025607104106
CAGCAGCAGTGACATAx-2,0.7632050611225397,0.23679533286745677
CAGCAGCAGGATCGCAx-2,0.7550781408158725,0.2449222559860219
CAGAATCGTTTGGGCCx-2,0.7667944505899903,0.2332059092601815
CAGATCAAGTAATCCCx-2,0.7023734336189075,0.29762694630779696
CAGATCAGTTCCGGCAx-2,0.7612851129466027,0.23871526263930556
CACATTTTCATCTGTTx-2,0.7605367008750165,0.23946370639291903
CAGCATAAGTCATCCAx-2,0.760410808564113,0.23958956444084187
CACTCCACAATCGGTTx-2,0.7491239325479403,0.25087646520277657
CACCTTGCACAGCGTCx-2,0.7654679583994815,0.23453241150446866
CAGAGAGGTGTCCTCTx-2,0.7611285987776985,0.2388718134084203
CAGATCAGTGAGTATAx-2,0.751304876509936,0.24869551950868954
CAGCATAGTCTAGTGTx-2,0.75492682580798,0.24507356039573286
CACCAGGCAAACCTACx-2,0.7624110510587611,0.2375893394186205
CACCTTGGTGCCTGGTx-2,0.7538108285350159,0.2461895577141724
CACCTTGTCAGGCCCAx-2,0.7596879754298318,0.2403123991223615
CAGATCAAGCCACGTCx-2,0.7499492559696621,0.2500511406619259
CAGAATCCATGGTAGGx-2,0.6971842432026429,0.30281613862565976
CAGCATATCGGCGGTTx-2,0.7609366200500679,0.23906378731464178
CAGATCATCACAATGCx-2,0.7528193972141757,0.2471809868264831
CAGAATCCAACTGCGCx-2,0.7587103561459594,0.2412900504645899
CACCTTGTCCTGTAGAx-2,0.7609968910674444,0.23900355051494185
CACTCCATCCGTTGCTx-2,0.7046826655067937,0.2953177128192618
CAGCATACATCATCCCx-2,0.7626348082130394,0.23736557412136525
CAGAATCTCCTTTCGGx-2,0.6957711135288474,0.30422926948487383
CACCTTGGTGAGCGATx-2,0.7498002560728803,0.2502001463112843
CAGATCATCCGAAGAGx-2,0.7497670518872653,0.250233341926622
CAGCAGCGTTCCGGCAx-2,0.6304532628850958,0.3695470813654533
CAGAGAGCACTGTCGGx-2,0.7630705464996396,0.23692982648165006
CACATTTTCCGTTGCTx-2,0.7609016391843394,0.23909876291361598
CACCAGGTCCTTGCCAx-2,0.6330511777880652,0.36694916822956136
CACCTTGAGTGGACGTx-2,0.7620719726375783,0.237928401726876
CAGCAGCTCCAGGGCTx-2,0.7086912358814448,0.29130914484255166
CAGCAGCAGGGTATCGx-2,0.7507514652037538,0.24924893702700152
CACTCCAGTGCACTTAx-2,0.7029355886152546,0.2970647886437238
CACCACTGTGAGGCTAx-2,0.7586890720833958,0.24131129969924783
CACCAGGCAGCCAATTx-2,0.7611665024987451,0.23883387128667782
CAGAGAGAGCACCGTCx-2,0.7032864061049042,0.29671396923365423
CACCAGGCAGCGTTCGx-2,0.7621795854329164,0.23782078919388405
CACATTTTCGTGGACCx-2,0.7023140553298167,0.2976863188402175
CAGAATCTCAGCTCGGx-2,0.7605531032464056,0.23944727814972844
CAGCCGAAGAGCAATTx-2,0.7615370143821844,0.23846339778204054
CAGATCATCTGATACGx-2,0.7625371948357594,0.23746320905263144
CACCAGGCAGTATGCTx-2,0.7597900760680631,0.24021030407232585
CAGAGAGAGTGTACCTx-2,0.762264810158415,0.23773556211382046
CAGCATACAATGGACGx-2,0.7608448404721381,0.2391556033384797
CAGATCAGTAACGTTCx-2,0.6432325861720396,0.3567677654539169
CACCACTTCAAGATCCx-2,0.7627833180449709,0.23721706060963227
CACTCCAAGGATGTATx-2,0.7595911911859613,0.24040918960491534
CACCAGGCAGACGCAAx-2,0.7054251179849891,0.2945752617892325
CAGAATCGTTCTGGTAx-2,0.7466721267149327,0.253328272322235
CAGATCACAGTCCTTCx-2,0.7606699274259001,0.23933047408885888
CACCAGGCACAGAGGTx-2,0.7601736657115968,0.23982671088219876
CACCAGGCAGTAAGCGx-2,0.7023880323805534,0.2976123402125768
CAGATCAGTAGAGCTGx-2,0.7065839919988293,0.2934163794822411
CAGAATCGTGTTGAGGx-2,0.7031170830730488,0.2968832937447556
CAGCAGCTCCAAAGTCx-2,0.7556053792549896,0.24439499875051607
CACATTTCAGAAGCACx-2,0.7513662026565566,0.2486341969043865
CAGCATATCGTAGGAGx-2,0.7555318312219914,0.24446856115163348
CACATTTCACGTAAGGx-2,0.7585434785679935,0.2414568967850424
CACATTTCAGTGACAGx-2,0.7497264902195745,0.2502739050820843
CACCACTAGATACACAx-2,0.7489911455090215,0.25100923990459395
CAGATCAAGGCGTACAx-2,0.7607115275459349,0.2392888408939852
CAGCATAAGTCTCAACx-2,0.7504902929718029,0.24951010506951513
CACCTTGAGTTAGCGGx-2,0.6762830461398984,0.3237173182215484
CACATTTTCAACACGTx-2,0.7598676470860061,0.24013276398416408
CACTCCAGTTCCATGAx-2,0.755173027316592,0.2448273659324409
CAGAATCAGAACAACTx-2,0.7612990695616378,0.23870130297903822
CACCACTGTTTGTTGGx-2,0.7604554295294588,0.23954495007177384
CAGCCGAAGCTGAACGx-2,0.7012626657600171,0.29873771048907455
CAGATCAGTGACGCCTx-2,0.7132420440578731,0.28675834137174006
CACATTTTCCAGTAGTx-2,0.6990162442037058,0.300984117898723
CACCTTGCAATACGCTx-2,0.7712756239439724,0.228724742737221
CACCAGGCATTACCTTx-2,0.7599709237257328,0.24002945081002375
CAGAGAGGTTTCCACCx-2,0.7628745890224764,0.2371257893573128
CAGAGAGTCAGGCAAGx-2,0.7591715203193228,0.24082889314705633
CAGATCAGTTATCGGTx-2,0.7606053563287859,0.23939501962422713
CAGAATCGTGTCCTCTx-2,0.7606192220185032,0.23938115719865538
CAGAATCGTCTAGAGGx-2,0.7591344363147036,0.2408659364854344
CACCAGGGTAAGTAGTx-2,0.7627485877617407,0.23725179365195803
CACCAGGCACGGACAAx-2,0.7607275777635512,0.2392728424681903
CAGCAGCAGTCAATAGx-2,0.7604760189480307,0.23952436611081013
CAGCAGCTCTTCGAGAx-2,0.7503875387829908,0.2496128586553555
CACCAGGAGTCCAGGAx-2,0.7628790926326543,0.23712127754714882
CAGCCGAAGCAGCCTCx-2,0.7502038768858281,0.24979652080238526
CAGCATACAGGGCATAx-2,0.7589192977097035,0.24108109740820974
CACCAGGAGGTAGCCAx-2,0.7622563995721107,0.2377439778498456
CACATTTTCTTCAACTx-2,0.7576401901590204,0.24236019159653582
CAGAATCAGTCCAGGAx-2,0.7055195982910064,0.29448077959563923
CACCACTGTTAGAACAx-2,0.7295374983381024,0.27046263329493436
CAGCATAGTCTAGTCAx-2,0.7586543307333531,0.24134606037545422
CACATTTGTTTGGCGCx-2,0.7058343020918277,0.29416607879774936
CACCAGGCAGCTGTATx-2,0.7504349031354541,0.24956549493382504
CACCTTGGTGTGACGAx-2,0.7641507410825613,0.23584963818341143
CACTCCACAAGGTTCTx-2,0.7054842214325855,0.29451615238859785
CAGAATCAGAGGTTGCx-2,0.746139823120683,0.253860572863177
CACTCCAGTTGATTCGx-2,0.7115602027239288,0.2884400877683224
CAGCATATCGCGGATCx-2,0.7567658735761399,0.24323451272542732
CACCAGGTCGCTTGTCx-2,0.7665606888332602,0.23343967667267637
CACCAGGGTATAGGGCx-2,0.7605969527950217,0.23940345514870373
CAGCCGAAGTCTCGGCx-2,0.7569767598719291,0.24302362563850485
CAGCTGGTCTCAAACGx-2,0.7576656584561589,0.24233473620509258
CAGCGACGTAAATGTGx-2,0.7612094985696326,0.23879085922728285
CAGTAACTCTCCAACCx-2,0.761477761835872,0.23852262338240143
CATATGGTCCAATGGTx-2,0.7500613111919568,0.24993908790953615
CAGGTGCGTTAAGGGCx-2,0.7051451979157263,0.2948551849850767
CAGCCGACACTTACGAx-2,0.761361784357485,0.23863858638495172
CAGGTGCTCGGAGGTAx-2,0.7554890038911667,0.24451140081198744
CATCAGATCTTGTATCx-2,0.7509650824360146,0.24903531472173984
CAGCGACTCTTGTATCx-2,0.7638243603954501,0.23617601379942452
CATATGGAGTACGTTCx-2,0.7643316634664615,0.2356687002529534
CAGCTAAGTAAGGGAAx-2,0.7496927700882434,0.2503076298518221
CAGCCGAGTTAAGAACx-2,0.7509794294108338,0.2490209659147997
CAGCTAATCATCACCCx-2,0.7619026036965845,0.23809776489741302
CAGCTGGTCAGTGTTGx-2,0.7502731984565206,0.2497271893181634
CAGGTGCCAGTATAAGx-2,0.7545174675655173,0.24548293115484707
CATATGGCATGCCCGAx-2,0.7505604517658263,0.24943994503438957
CAGCGACCAGACGCAAx-2,0.7685524453157855,0.23144792562004296
CAGCTGGGTATGGTTCx-2,0.7605420094426898,0.23945836299280437
CAGGTGCCAGCTCCGAx-2,0.7475860164215755,0.25241437934571465
CAGTCCTAGTCCTCCTx-2,0.7578309452682233,0.24216944882584193
CAGGTGCGTCCATCCTx-2,0.7507012538719181,0.24929915116316484
CATATTCAGACGCTTTx-2,0.7594036308111525,0.24059673988547878
CAGCTGGTCAATAAGGx-2,0.7606005639102105,0.23939984315577945
CAGGTGCGTAAGGATTx-2,0.7508634970313699,0.24913689994910745
CAGCTAACATTGGGCCx-2,0.7616766070739402,0.2383237690592945
CAGCGACGTGTTGGGAx-2,0.7515243093661162,0.2484760853688485
CATCAGAGTTTGTTGGx-2,0.751605017714306,0.24839539321549736
CAGCGACTCCTTGGTCx-2,0.7613819127755367,0.2386184644574829
CAGCTGGTCTTTACGTx-2,0.7494983169522527,0.25050207232118143
CAGGTGCGTGACGGTAx-2,0.7042438573004952,0.29575651767596933
CAGCTAACAGTCCTTCx-2,0.7621571760034147,0.23784319405261023
CATATGGCATGGGAACx-2,0.7613393697474359,0.23866101815554286
CAGCTGGCAACACGCCx-2,0.7577014788642524,0.2422989006497488
CAGCTGGTCAGGTTCAx-2,0.7491124446336422,0.25088794233638234
CAGGTGCAGGTAGCTGx-2,0.7497718370016857,0.2502285657193963
CAGCTGGTCATTGCGAx-2,0.7580940883039721,0.24190629065007946
CAGGTGCGTAGCCTATx-2,0.7597222117572523,0.24027816109058664
CAGTCCTAGTACATGAx-2,0.7580692508132942,0.24193115684765495
CAGCTGGCACCGGAAAx-2,0.7617339492103773,0.23826642579939958
CAGCCGAGTCTCTTTAx-2,0.7514427680928409,0.24855761142690944
CAGCTAACATGCTGGCx-2,0.7604268216817289,0.23957354944839465
CATATTCGTACAGTTCx-2,0.7037694989995912,0.296230881001416
CAGTCCTCATGTCGATx-2,0.7504213716594444,0.24957902094837156
CATATGGAGCGTTTACx-2,0.7621114812264658,0.2378888994532567
CATCAGATCTCCAACCx-2,0.7120609657480488,0.28793941570855897
CATATGGGTATAGGGCx-2,0.760536814913629,0.2394635604407888
CATATTCGTGGTTTCAx-2,0.7499441818302387,0.25005621382553345
CATATTCTCCATGAACx-2,0.762081882815228,0.23791848838693302
CAGTAACGTATTCGTGx-2,0.7503387091386351,0.24966169040110664
CAGCTAAGTAAGTGTAx-2,0.7588414455885539,0.2411589554488161
CAGTAACCAACTGCTAx-2,0.7596108223653378,0.2403895782326789
CAGGTGCGTGAGTATAx-2,0.7600821137961539,0.23991826532029364
CATCAAGAGACTACAAx-2,0.7543355747392191,0.2456648068450737
CAGGTGCAGACTACAAx-2,0.7498004154362952,0.25019998985956315
CATCAGACATCGATTGx-2,0.7054054113359867,0.2945949685190845
CATATGGTCGGAATCTx-2,0.7500590728260005,0.24994132331977578
CAGTAACGTGCCTGTGx-2,0.703419066796848,0.2965813148435913
CAGTCCTCAGACGTAGx-2,0.701370536051858,0.2986298404816751
CATATGGAGGCTCATTx-2,0.7603183658619314,0.23968204184285674
CATATGGTCGTTGCCTx-2,0.7514963152808417,0.2485040807243794
CAGGTGCGTATTAGCCx-2,0.7590614084762334,0.2409390024745834
CAGGTGCGTGTAAGTAx-2,0.750367351511959,0.24963304462793307
CAGGTGCCATCGTCGGx-2,0.7605894731599335,0.23941089585272077
CATATTCGTTGCGCACx-2,0.7560804474853605,0.24391994431995737
CATCAGACAAGTCATCx-2,0.750557163288592,0.24944322870542265
CAGGTGCGTGGGTCAAx-2,0.7517798505138621,0.24822028368537555
CATATTCCAGGGCATAx-2,0.750989317219685,0.2490110847989262
CAGTAACTCATTTGGGx-2,0.7571036144620211,0.24289677885744537
CAGTAACTCGTAGGAGx-2,0.7027789563927527,0.29722142321848016
CATCAAGGTTCATGGTx-2,0.7512089203651986,0.24879146491849027
CAGCCGACAGATAATGx-2,0.7626033978301432,0.23739697423127384
CATATTCGTCGAACAGx-2,0.7500822011652486,0.24991819714535676
CAGTCCTCATGCATGTx-2,0.7662658712526548,0.23373450302625917
CAGGTGCGTATGAATGx-2,0.7602562654947725,0.2397441023624298
CAGCGACTCGGACAAGx-2,0.7505236599144326,0.24947673348467475
CAGCTGGTCTGCGGCAx-2,0.762104751544771,0.23789562887511762
CAGTCCTAGCAGGTCAx-2,0.7605137480018512,0.23948666138836594
CAGTAACTCTGGTGTAx-2,0.7049658216979359,0.2950345562964397
CAGCCGAGTCTAGTCAx-2,0.7610784865865257,0.2389219024562191
CATATTCGTATGCTTGx-2,0.7535071575908427,0.24649323261411177
CAGCTGGTCCGTAGTAx-2,0.7500755623402269,0.2499248293174374
CATATTCTCTTCGGTCx-2,0.7623027295218455,0.23769765609867685
CAGGTGCGTGTTGAGGx-2,0.7495245392638326,0.2504758746811797
CAGGTGCAGCGCTTATx-2,0.7516151919195048,0.24838517205229552
CAGCGACCATCTCCCAx-2,0.7039954328852457,0.29600495023120044
CAGTAACCATCGTCGGx-2,0.7501304422109402,0.24986994647385138
CAGTCCTAGCGTCTATx-2,0.7040082736015226,0.2959921082512121
CAGCGACAGTAGCCGAx-2,0.7635372678913385,0.2364630980035325
CATCAAGTCCTGCCATx-2,0.7060674891784896,0.2939328920690405
CATCGAATCCTGTACCx-2,0.7393542942103555,0.260646079390541
CCACCTAGTATAGGGCx-2,0.7509091428510778,0.249091254873794
CATTATCTCCCTGACTx-2,0.754423683848944,0.24557669556273043
CATCGGGGTCCATCCTx-2,0.7600585425624039,0.23994184044421443
CCACCTAAGGTGTTAAx-2,0.6797533696481135,0.3202470000767137
CATCCACAGTGGGATCx-2,0.7569590048965977,0.24304138877069636
CATGGCGAGGCATTGGx-2,0.7601512748882688,0.23984910964358364
CATGGCGGTTTGACACx-2,0.7038144354149626,0.2961859404627308
CATGACACATCACAACx-2,0.7588577793077109,0.241142616136148
CATCCACTCATGTCTTx-2,0.7543579857691595,0.24564239040769328
CATTATCAGGATGGTCx-2,0.7501739308207197,0.24982646475096149
CATGGCGCAAGGACTGx-2,0.7627546518718724,0.23724572133647873
CATGCCTTCTCTAGGAx-2,0.7606899472020022,0.23931042100717573
CCACCTACAGACGCCTx-2,0.7509667933535213,0.24903360618102863
CATCCACCAAGGACTGx-2,0.7493180916542207,0.2506823028124593
CATCGGGCATAAAGGTx-2,0.7624133668644373,0.2375870133637959
CATTCGCCACAGATTCx-2,0.7508134033626152,0.2491869943584964
CATCGAATCAAGGCTTx-2,0.7556826617205791,0.244317714938306
CATCCACCAGCTGTTAx-2,0.7504497585067964,0.2495506441959292
CATGACAAGATGGGTCx-2,0.7602027611361558,0.23979760429175748
CATCGAAAGACAAAGGx-2,0.752367278691886,0.2476331356257589
CATTCGCGTCGCTTTCx-2,0.7605534512739401,0.23944692539360632
CATGCCTGTCCGAACCx-2,0.7112395696662354,0.28876072319354573
CCAATCCTCGCATGGCx-2,0.7388438297616235,0.2611565647964956
CATTATCCATACGCTAx-2,0.7600353108358207,0.23996510162161627
CCACCTAGTTCGAATCx-2,0.7559267713525786,0.24407362132679872
CATCGGGGTCTTGCGGx-2,0.6732355983004248,0.3267647596223419
CATCGAATCGGCTTGGx-2,0.7213412181966387,0.27865916446747635
CATTCGCCAGACTCGCx-2,0.7079996195628195,0.29200076100505007
CCAATCCCACATCCGGx-2,0.7614385182110737,0.23856189729088767
CATGGCGAGTTAAGTGx-2,0.7048738412455982,0.2951265348216982
CCACCTAGTGCGATAGx-2,0.7614433051935954,0.23855707275427723
CATCCACTCTGACCTCx-2,0.750436224878549,0.2495641651874131
CATCGAACATTAGCCAx-2,0.7616126929522443,0.23838773470932345
CATCGGGTCGTACGGCx-2,0.7558812434307087,0.24411913508661257
CATGGCGGTCAAAGATx-2,0.7608397769152754,0.23916060406989526
CATTCGCAGTCGTTTGx-2,0.7624529849808049,0.2375473847285812
CATGACATCCTACAGAx-2,0.7604339937463626,0.2395664077088633
CATGGCGGTGTTCTTTx-2,0.7508961963529263,0.24910420620309845
CATCGAAAGAGAGCTCx-2,0.7610638649809721,0.23893650941219186
CATGCCTGTCGAATCTx-2,0.7589615562206226,0.24103882263517515
CATTATCCACACCGACx-2,0.7491145685076294,0.25088583378322343
CATCCACCACTTGGATx-2,0.7064432850691731,0.2935570951319043
CATGACACAGGAATCGx-2,0.7582321698881036,0.24176820493513015
CATGGCGAGCTCCCAGx-2,0.7611550459577356,0.23884540609869656
CATGCCTTCGCCTGAGx-2,0.7497521646512992,0.25024823098722715
CATGCCTAGCTAGGCAx-2,0.6848085682052465,0.3151918045949781
CATCCACTCCGTTGTCx-2,0.7167535911136607,0.28324673426036096
CATTATCCACAGGCCTx-2,0.7457233728289385,0.2542770154999246
CCAATCCCAGACGTAGx-2,0.7611517986326602,0.2388485905791121
CATGGCGCAATGGTCTx-2,0.5915129847726206,0.40848734036725576
CATCGGGCAAGGTGTGx-2,0.762778867062337,0.23722150755897567
CCAATCCGTGCGGTAAx-2,0.7623902205657902,0.23761015781900116
CCAATCCTCAAGATCCx-2,0.6835554287242174,0.31644493797644957
CATCGGGAGAAGCCCAx-2,0.7504270602811094,0.24957334395313044
CATCGGGTCGTCTGAAx-2,0.7063216696671198,0.29367871030510107
CATTCGCTCTGGGCCAx-2,0.7593852177893955,0.24061516676552325
CATTATCGTTGCGCACx-2,0.7054827103915372,0.29451766244492816
CATTCGCAGTGGAGAAx-2,0.761368043052343,0.23863236321649184
CATGGCGTCGATCCCTx-2,0.7648228989081398,0.23517747223569757
CATGGCGTCCCGGATGx-2,0.752648295144422,0.24735209051794824
CATGCCTAGTCGAGTGx-2,0.7614838735564616,0.23851649635441427
CATCGGGTCGCTTAGAx-2,0.7514408647065607,0.24855954206233452
CATGGCGGTTCATGGTx-2,0.7608807798889398,0.23911964896217452
CATGGCGTCATAAAGGx-2,0.7500545594570341,0.24994583929482864
CATTCGCTCGGAGCAAx-2,0.7615709325430811,0.23842943952052062
CATCAGATCTTGTCATx-2,0.7508441194470786,0.24915627827384929
CATCGGGCACTGTTAGx-2,0.7564726513704785,0.2435277480440554
CATCGAATCTTGAGGTx-2,0.7585913298371253,0.24140904294027282
CATCCACAGGGTGTGTx-2,0.7555811696135114,0.24441922017933526
CATTATCCAGCATACTx-2,0.7611706251354893,0.23882971943760983
CATGGCGAGGGCACTAx-2,0.7630107380081081,0.23698963360731154
CATCGGGAGCTGCCCAx-2,0.7570159946619182,0.24298438107193976
CATCCACCAGGCGATAx-2,0.750840802473626,0.249159602294879
CATCCACCAGGGTATGx-2,0.758802640201975,0.24119773588875854
CATCGAAGTTGTCTTTx-2,0.7616560218778947,0.23834435319855465
CATCGGGGTGTGAATAx-2,0.7604154097012719,0.23958500546540062
CATCGAATCGTAGGTTx-2,0.7583329883368126,0.2416673938852334
CATCGAAGTGTTGAGGx-2,0.7619374593412472,0.23806291255833745
CATGACAGTAGAGCTGx-2,0.7502259460543467,0.2497744543370907
CATGACAAGGGTTCCCx-2,0.7599942709745083,0.2400061011470809
CATGGCGAGGTCGGATx-2,0.7582778839231052,0.24172247293635946
CATCGAATCTAACTCTx-2,0.7604970636201035,0.23950330894462946
CATTCGCCAGCCACCAx-2,0.6532353474311974,0.34676500998253273
CATCCACAGCGATTCTx-2,0.7059653937092984,0.29403498793384336
CCAATCCTCTATGTGGx-2,0.7623351133740515,0.23766525031109523
CATGCCTGTTACGCGCx-2,0.7028237902406202,0.29717658555098875
CATCGGGTCAGAGGTGx-2,0.7500729293906414,0.24992746087631215
CATTATCCACTGTCGGx-2,0.7578735633099106,0.24212681206680312
CATTCGCGTACCTACAx-2,0.7630951709541292,0.2369052204313029
CCAATCCGTGCAACTTx-2,0.7590693087541267,0.24093107152468327
CATTATCGTAGTAGTAx-2,0.758394868717622,0.24160548904478849
CATCCACTCCACGACGx-2,0.7503355608226331,0.2496648387957997
CATGGCGCACAGTCGCx-2,0.7608133652444511,0.23918707406742354
CATGGCGGTGAAAGAGx-2,0.7507830678613482,0.24921733573223878
CATGCCTAGAGATGAGx-2,0.7597349247421736,0.24026545148595305
CCCTCCTAGACTAGATx-2,0.7584459823065574,0.24155446844480527
CCCAGTTGTACATGTCx-2,0.7648790851392641,0.23512130446586024
CCACGGAAGAAGGACAx-2,0.7613610546636057,0.23863932082974665
CCCATACGTCTAGAGGx-2,0.7547879986231912,0.24521221818653138
CCACTACAGTACGTAAx-2,0.7223883959525164,0.2776119915639051
CCATGTCGTGCACTTAx-2,0.692320710867201,0.30767966483388126
CCACCTATCGAGCCCAx-2,0.7620265180981594,0.2379738955952045
CCGGGATTCATCATTCx-2,0.7045776231564824,0.2954227513139886
CCCAATCAGTATCTCGx-2,0.764909888417808,0.2350904881620045
CCCAATCGTCAAGCGAx-2,0.7601338900272319,0.23986648539089214
CCACTACTCACGACTAx-2,0.7574499612413262,0.24255043105641952
CCACTACAGCAAATCAx-2,0.7589642986761137,0.24103609769514936
CCCTCCTGTCGGCACTx-2,0.7501907036132148,0.2498093992429678
CCAGCGATCACAGTACx-2,0.7602353127773187,0.23976506473965867
CCGGTAGAGAATGTTGx-2,0.7503349206918801,0.24966548618208873
CCGGGATGTAGCGTCCx-2,0.6762137528563504,0.3237865561641541
CCAGCGATCCGAACGCx-2,0.7563129211303451,0.24368742149533212
CCGGGATTCCTTCAATx-2,0.7596833179181564,0.24031709138642107
CCACTACAGCACACAGx-2,0.7520121092790383,0.2479882934212485
CCGGGATTCGCCAGCAx-2,0.7575355431194064,0.24246485080181013
CCCTCCTCATGCCACGx-2,0.7529398562991166,0.24706053183256257
CCACGGATCCTCGCATx-2,0.7116568349333219,0.2883435428663861
CCCAATCGTCTGCAATx-2,0.7477071230014136,0.2522932710229952
CCCATACGTGCCTTGGx-2,0.7503438147238392,0.24965658484041842
CCACTACGTCTTCAAGx-2,0.6899051516901492,0.3100952185736767
CCACTACTCACCGTAAx-2,0.7504064189085733,0.24959397007893908
CCCAATCGTACGACCCx-2,0.7615702923662135,0.23843007871095875
CCACTACAGGCCCGTTx-2,0.7621158959746567,0.23788447888173586
CCATTCGGTTTACTCTx-2,0.756629741342094,0.24337063710511841
CCCATACAGACAAGCCx-2,0.7152667673424224,0.2847334777027291
CCACGGAAGAATTGTGx-2,0.750307794072837,0.24969260143600744
CCACTACAGGAGCGAGx-2,0.7605560615912403,0.23944431334726837
CCGGGATGTGGGTCAAx-2,0.759417823460585,0.2405825513999581
CCACGGACAGATCCATx-2,0.7614018516473574,0.2385986162123542
CCCAATCTCACGCGGTx-2,0.7627001036742084,0.23730027248474234
CCCTCCTAGAGTACCGx-2,0.7502406689969118,0.24975946612973451
CCATGTCTCTCGCTTGx-2,0.7091424200570106,0.29085795437644335
CCAGCGATCTTGTACTx-2,0.7061881995336926,0.29381218241771306
CCCTCCTGTACTTAGCx-2,0.7100039247043015,0.28999643552125526
CCATGTCAGCTAGTGGx-2,0.7046032569909428,0.2953971249507681
CCCTCCTGTTATGCGTx-2,0.7586283632398265,0.24137200963899688
CCCAATCTCCCTCAGTx-2,0.7556642678003893,0.24433607926852144
CCATTCGCACTATCTTx-2,0.749788949534971,0.25021144980471033
CCCAATCAGATCTGCTx-2,0.7545509031993255,0.24544949509088998
CCATGTCGTGTGACGAx-2,0.7501188671924993,0.24988153354719236
CCATGTCCAATGACCTx-2,0.7635923594774261,0.23640799893429884
CCATTCGAGATAGGAGx-2,0.7615448791845267,0.23845552641014767
CCACGGATCGCATGGCx-2,0.7657311602088774,0.23426921270989642
CCACTACTCTTCGGTCx-2,0.7505418756301642,0.24945851366703542
CCACTACAGTTAAGTGx-2,0.751790427185891,0.24820978637282037
CCCAATCGTGTTTGTGx-2,0.7561041944583622,0.24389617994742996
CCCAGTTCAGGGCATAx-2,0.7505129650444696,0.2494874292302231
CCAGCGATCCAGTATGx-2,0.7604618141129071,0.23953856232356235
CCATTCGGTCGGCTCAx-2,0.7576726267121063,0.24232775676450327
CCCAGTTTCAATAAGGx-2,0.7604021195468845,0.23959825888888645
CCCATACCACAAGACGx-2,0.7617262746184807,0.2382740975594908
CCCAATCCAGCCAGAAx-2,0.7493615829004777,0.25063881445855124
CCCATACGTCGGGTCTx-2,0.7498649999539709,0.25013539688341846
CCATTCGAGAGATGAGx-2,0.7620465009551686,0.237953876994553
CCATTCGGTACAAGTAx-2,0.7504810824799971,0.24951931752500328
CCACCTATCGTCCAGGx-2,0.7589507736279786,0.24104960159401373
CCGGGATTCGCCCTTAx-2,0.7502502329084686,0.24975015909679313
CCGGGATAGGTAGCCAx-2,0.7462877498278311,0.2537126486151861
CCATTCGAGTGGGATCx-2,0.7581532983584232,0.241847098386157
CCCATACCATATACGCx-2,0.7513513344967913,0.24864905816758692
CCACGGATCGTCTGAAx-2,0.7043986856236589,0.2956016908268545
CCCAATCCACACGCTGx-2,0.7616143660188767,0.2383860119870852
CCGGTAGGTCAGCTATx-2,0.7523284770045631,0.2476719190077413
CCCATACGTCTGGTCGx-2,0.7596096364855015,0.24039073556138282
CCCAGTTAGATGGCGTx-2,0.7496432256236165,0.25035717529768436
CCGGGATAGCGATCCCx-2,0.7628291822278896,0.237171205181014
CCCATACGTAGGAGTCx-2,0.6293520253020579,0.3706483313226511
CCATGTCGTTTAGGAAx-2,0.7504349827591718,0.24956542342823732
CCGGGATGTGTTCGATx-2,0.760119126919838,0.2398812483237543
CCACGGATCCTTAATCx-2,0.7614726485144067,0.23852778179558135
CCCTCCTTCGATCCCTx-2,0.7634695360709466,0.23653082839156223
CCGTACTAGCATGGCAx-2,0.758460037025337,0.24154040258440176
CCAGCGAAGCCGCCTAx-2,0.7101543915375316,0.289845988423864
CCATTCGTCTGATACGx-2,0.7602784970467085,0.23972187101861733
CCCATACCAGACGTAGx-2,0.7604434822850011,0.23955690674568034
CCCAATCGTCGCTTTCx-2,0.749873333202664,0.25012706693184944
CCACGGACAGTTTACGx-2,0.7499671327291444,0.2500332664404529
CCCATACCAGGACGTAx-2,0.7612572444340004,0.23874316719468142
CCACGGATCTCAAACGx-2,0.7579711916667481,0.2420292278892869
CCACGGAAGATGTGGCx-2,0.7513138681383026,0.24868653534787685
CCGGGATCATATGCTGx-2,0.7600197688515742,0.2399806076849267
CCATTCGAGTGAAGAGx-2,0.7544591708249564,0.2455411848628046
CCGTACTAGAGAACAGx-2,0.7002207122567813,0.2997796593084901
CCATTCGGTAGTAGTAx-2,0.7532163329424368,0.24678402115178727
CCGGTAGAGCGAAGGGx-2,0.7604989869539047,0.2395013797426395
CCACTACCAGATCTGTx-2,0.7517292991654917,0.24827109987738635
CCACTACGTTAGTGGGx-2,0.7601028328601208,0.23989753317271534
CCGGTAGGTTTGCATGx-2,0.7595420119196883,0.24045835847046207
CCACTACCAGCCAGAAx-2,0.7094521667631467,0.2905482174112153
CCTATTAAGTTGAGATx-2,0.7486698653926596,0.25133052723043775
CCTCTGACAATACGCTx-2,0.761851534829644,0.23814883723363425
CCGTGGAAGGCCATAGx-2,0.7589086488389314,0.24109171854791725
CCGTACTGTTCGAATCx-2,0.6994504170265375,0.3005499631110317
CCTAGCTAGTCAAGGCx-2,0.7603536342944598,0.23964677724049363
CCTACACGTAGCTCCGx-2,0.7584821105301893,0.24151826444959326
CCTTCCCGTAGGCATGx-2,0.7572809620737122,0.24271940924992721
CCTACCAGTTCTGGTAx-2,0.7601711762812094,0.23982919980093467
CCGTACTGTGGGTCAAx-2,0.761825857199432,0.2381745290711794
CCTACACCATCGGTTAx-2,0.7062656036388392,0.2937347710599724
CCTCAGTAGCAGCGTAx-2,0.7503044515477102,0.24969594559687439
CCTACCAAGACCACGAx-2,0.7591124439907866,0.2408879750097213
CCTTACGCAGTAAGATx-2,0.7625033130709059,0.2374970666292489
CCTCAGTCAACGCACCx-2,0.763561875630013,0.23643848978276277
CCTAGCTGTTCGTGATx-2,0.757542237762224,0.24245811339719123
CCTACACGTTCTGAACx-2,0.7578667722388258,0.24213363679430938
CCGTGGACAGAGTGTGx-2,0.7507818325780674,0.2492185660842459
CCTCAGTTCAGAGACGx-2,0.7495046450078224,0.2504957359305732
CCTAAAGGTGAGGGAGx-2,0.6994773209281123,0.30052306003954987
CCTTCCCTCCGCTGTTx-2,0.7487365271296327,0.25126387215021817
CCGTGGATCAGCACATx-2,0.7504774490914353,0.2495229519804991
CCGTACTCAACCGCCAx-2,0.761353670961164,0.23864673818630444
CCTTACGAGTGGACGTx-2,0.7564313026195373,0.2435690947083912
CCTCTGACAAATTGCCx-2,0.7528596012524821,0.24714078935519979
CCTATTAAGACCTAGGx-2,0.7497057870575276,0.25029461194338104
CCTAAAGAGTCGATAAx-2,0.7608506907532792,0.23914969646486434
CCTCTGATCGGTCTAAx-2,0.7663093042004263,0.23369106500286785
CCTAAAGGTCATCCCTx-2,0.7563459777304277,0.24365441467424445
CCGTTCACAAAGTGCGx-2,0.7544437543878357,0.24555659407695715
CCTCAGTAGCTAGTGGx-2,0.7511200493427221,0.2488803521241628
CCTTACGTCTCTAGGAx-2,0.696012653276579,0.30398772534964524
CCGTACTGTGCCTGCAx-2,0.7474293939916193,0.2525709864515428
CCTTACGAGAGGTAGAx-2,0.7091237220217632,0.29087665829425785
CCTTCCCGTTCAACCAx-2,0.7530713122999578,0.2469290706966492
CCGTTCAGTGTGAATAx-2,0.7573431773251547,0.2426572038052904
CCTCAGTTCTTGCATTx-2,0.6961652365530782,0.30383515522221327
CCTTCCCGTCGTTGTAx-2,0.7529507579685563,0.24704939662510914
CCGTTCACAGACAAATx-2,0.7609200925892782,0.23908029893174348
CCTAGCTTCTGTCAAGx-2,0.7607522357230755,0.23924813735910602
CCTATTATCAGGTAAAx-2,0.7506762427581452,0.2493241632561693
CCTATTAAGTGAAGAGx-2,0.7597068505637508,0.2402935421983197
CCTACCACACCCATGGx-2,0.7653308560984585,0.23466951099111555
CCGTACTGTCAGCTATx-2,0.7505214684656348,0.24947892428548318
CCGTACTTCCCATTATx-2,0.7640928282261749,0.23590753399457837
CCTCTGAGTTAAGGGCx-2,0.7610953122066326,0.23890506294267863
CCTTCGAAGCAATCTCx-2,0.704912492928025,0.29508788516238943
CCGTGGACAATACGCTx-2,0.727665945913409,0.2723344460677853
CCGTGGAAGTGGTCCCx-2,0.690989338326031,0.30901103751735054
CCTCAGTGTCAGTGGAx-2,0.7764138336881417,0.22358651557661455
CCGTACTGTAGCACGAx-2,0.7604588488942846,0.2395415485331321
CCGTACTCATCAGTCAx-2,0.7083273027464058,0.2916730790778131
CCTTTCTAGAATTGTGx-2,0.7501818740868322,0.24981853896505116
CCGTGGAAGATCGATAx-2,0.7055970558552676,0.29440332517848633
CCTTACGAGTTGTAGAx-2,0.7503841667293552,0.24961622481886614
CCTAAAGCAAGAGTCGx-2,0.7611105773632864,0.23888979844866512
CCTTCCCGTCGCATCGx-2,0.7033279050048306,0.29667247178202794
CCGTACTTCACCCGAGx-2,0.7591964250885512,0.24080398823066934
CCTTCGAAGTGGCACAx-2,0.7499804782608066,0.2500199176271947
CCGTGGACAGGTCCACx-2,0.0,1.0
CCGTTCAAGAGGTTATx-2,0.7606251168738563,0.23937529037643665
CCTAAAGAGCTCCCAGx-2,0.7511977424026947,0.24880265997930773
CCTAAAGCATTGCGGCx-2,0.7474829214557525,0.25251746531395575
CCTACACTCCTGTACCx-2,0.7556937305685367,0.24430666602813633
CCTACCACACTTACGAx-2,0.7565245150334212,0.24347587123779868
CCTCTGATCACTTCATx-2,0.6921759841127959,0.30782439264108413
CCTCTGATCGGAGGTAx-2,0.7609170448387506,0.23908338579058813
CCTTACGCATAGTAAGx-2,0.7501942431884199,0.24980615278359794
CCGTTCACACCAGATTx-2,0.7574229239091387,0.24257744965645198
CCGTACTTCTACTCATx-2,0.7142678207279485,0.2857325608660997
CCTACACGTAATCACCx-2,0.7617311526640436,0.2382692351379294
CCTACCATCCTTGACCx-2,0.7608229414544742,0.239177455476677
CCTACACGTTAAGGGCx-2,0.7600918879959245,0.23990848120631916
CCTCAGTAGGGTATCGx-2,0.7542694046370461,0.24573099442302837
CCTAGCTAGAAGGGTAx-2,0.6155386668772481,0.38446167566981077
CCTATTATCTCCAGGGx-2,0.7501256017927387,0.24987479653778455
CCTAGCTGTTACCGATx-2,0.7637461833520629,0.2362541885270051
CCTAGCTGTCCGTGACx-2,0.749454735736361,0.25054565664712114
CCGTACTGTGCAACGAx-2,0.7504285055856827,0.24957190065257806
CCTATTACAGTCGTGCx-2,0.7514872261856992,0.24851317514230206
CCTAGCTGTCGGATCCx-2,0.7598670941168271,0.24013326656356404
CCTTACGCACAAGTAAx-2,0.7554539982068172,0.2445464028030692
CCGTACTAGGATTCGGx-2,0.7581858144187865,0.24181459553508047
CCTAAAGGTAGCTCCGx-2,0.7640798230448309,0.23592055608314438
CCTACCACATGCAACTx-2,0.7504817770189322,0.2495186245299345
CCTTCGACACAACGCCx-2,0.7616892701992707,0.2383111043694408
CCTAGCTGTATGAAACx-2,0.7614920878792751,0.23850838331704452
CCGTACTCACTGCCAGx-2,0.7513480685138652,0.24865232491004394
CCTCAGTCAATGAAACx-2,0.7029225587047947,0.297077816062146
CCTTCGACAGTAAGCGx-2,0.7321482989472883,0.2678520810522509
CCTTCGAGTAGCTTGTx-2,0.7603538381164384,0.23964653503848438
CCTACCAGTCTCCACTx-2,0.7578037693593522,0.24219662213933535
CCGTACTTCATGTAGCx-2,0.7065894097047706,0.2934109688142043
CCGTACTTCTTGGGTAx-2,0.7627129470473757,0.2372874189964376
CCTACCAAGTTGTAGAx-2,0.7602155261865694,0.2397848495002696
CCTACACGTCCATCCTx-2,0.7504244592180942,0.24957594510432457
CCTCTGACAGACGCAAx-2,0.7510507760833693,0.24894961880248406
CGATGTATCCCTTGTGx-2,0.7610645791775096,0.23893582916682526
CGATGTACATGACATCx-2,0.7503319145946964,0.24966848260479935
CCTTTCTAGCCGTCGTx-2,0.7503111840180623,0.24968920622146945
CGAGCACTCCGTCATCx-2,0.7514929998605385,0.24850717477075857
CGAACATGTGCCTGGTx-2,0.7606558852447698,0.23934449743931027
CGACCTTTCGCAGGCTx-2,0.7030051113896205,0.2969952674663193
CGAGCACGTCCAGTTAx-2,0.7494518870725652,0.2505485123152872
CGAACATCACTCTGTCx-2,0.7465323222028536,0.2534680742572003
CGATTGACAGCTGCACx-2,0.7505067983632809,0.24949360190955944
CGAGCACTCACATGCAx-2,0.7603127262889536,0.23968765143530643
CGAGAAGTCGTCGTTCx-2,0.755247832326879,0.2447525657320746
CGAGCCACACTTAACGx-2,0.7066051853373724,0.29339518869869113
CGATTGAAGGACGAAAx-2,0.7604107062574099,0.23958970162483256
CCTTTCTGTTCCGGCAx-2,0.7513754893579276,0.24862464495737235
CGACTTCAGTGACATAx-2,0.7506091897569515,0.24939090977019918
CGACTTCAGTCCAGGAx-2,0.7147696253030094,0.2852306726677496
CGATGTAAGGAGTTTAx-2,0.7587680605403799,0.24123232291820554
CCTTTCTCAAGCCGTCx-2,0.7628984904760938,0.23710189018181882
CGATGTATCATTGCCCx-2,0.7567835915189872,0.24321680941747478
CGAACATAGCTAGCCCx-2,0.7601287466895081,0.23987162729709938
CGAGAAGGTCTAGGTTx-2,0.7602120920437828,0.23978827580512269
CGCCAAGAGGCTCATTx-2,0.7059954159424278,0.2940049645586698
CGAGAAGAGTAGGTGCx-2,0.612770801038655,0.38722953734466825
CGATCGGCACAGCCCAx-2,0.7018070485100966,0.2981933357046615
CGACCTTGTCGGCACTx-2,0.7503528198769552,0.2496475896352717
CGAACATAGGTAGCTGx-2,0.7491444563576007,0.25085594395997285
CGAGCCATCGCCATAAx-2,0.7640924208174423,0.23590795868351833
CGATCGGAGAAACCTAx-2,0.7510683718531476,0.24893203120476615
CGCCAAGTCCGTAGTAx-2,0.7517410568167061,0.24825932009705462
CCTTTCTAGTACGTAAx-2,0.7608149662442749,0.23918545041746533
CGATTGATCGTAGATCx-2,0.7629243324072261,0.2370760410669184
CGAATGTTCCCATTTAx-2,0.7492388411619076,0.250761554627225
CGAGCCAGTCTGGTCGx-2,0.7494419505172544,0.2505584492818913
CGACTTCCAGATCTGTx-2,0.656316322877888,0.34368403359690075
CGATTGAGTTAAGTAGx-2,0.7070962885638397,0.29290408934853995
CGACCTTAGTCGCCGTx-2,0.761016918652796,0.23898345320248332
CGAGCACTCAAGATCCx-2,0.7327303022039713,0.26726981760413265
CGAATGTAGTGTGGCAx-2,0.762687101123546,0.23731327436949085
CGAATGTGTAGAGTGCx-2,0.7507280384423526,0.24927236284264354
CGATCGGGTACCATCAx-2,0.7511556333925019,0.24884477063533664
CGAACATAGACCGGATx-2,0.750363883643532,0.24963653542825268
CGATTGACAGTTCATGx-2,0.7019291718770153,0.29807120051205704
CGACCTTGTAAGGGCTx-2,0.760606144700889,0.23939423142843805
CGAACATCACATGTGTx-2,0.7542253668414215,0.2457750275896069
CGATGGCTCCTATGTTx-2,0.7605773587354889,0.23942302430528636
CGAATGTGTGAAATCAx-2,0.7613366358465883,0.23866376037239267
CGATCGGAGTCTTGCAx-2,0.7517533519210468,0.248247024339994
CGATGTATCTGATACGx-2,0.7625766785719651,0.23742368603260458
CGACTTCTCCATGAGTx-2,0.7513436984023542,0.24865645342440518
CGATGGCAGCAACGGTx-2,0.7493270044983857,0.2506733944718701
CGACCTTTCAACCAACx-2,0.7538018872589842,0.24619850132405383
CGATCGGCAGGCGATAx-2,0.7531618851922314,0.24683850903957022
CGATGTAAGAGCTTCTx-2,0.7620413016928899,0.23795907174549633
CGAGAAGTCTGTTTGTx-2,0.7531480793221376,0.24685228873936962
CGAGCCACAAGAGTCGx-2,0.7650583897527191,0.23494199451485126
CGCCAAGAGTAATCCCx-2,0.7586476781821165,0.24135271827771476
CGAACATCAGGAACGTx-2,0.6916942770649814,0.3083060893934609
CGATCGGGTTAGGGTGx-2,0.7601182485040855,0.23988215810865515
CGACCTTGTCCAGTGCx-2,0.7501077013699637,0.24989269083389373
CGCCAAGCACGAAAGCx-2,0.7627134626558133,0.23728690625525373
CGAATGTCACAACTGTx-2,0.7507679087719646,0.24923249774390052
CGATCGGTCTCTGTCGx-2,0.7603896969736067,0.23961067461465463
CGATGTAAGCGTGTCCx-2,0.7600815366862561,0.23991885707661947
CGATCGGCAGACAAATx-2,0.7499512144382925,0.2500491859893512
CGAGAAGGTAGCGCTCx-2,0.7533665265659025,0.24663369210506597
CGACTTCAGTACGTAAx-2,0.7611113407395366,0.23888903652348892
CGAATGTGTGCATCTAx-2,0.7567819825976329,0.2432183971598268
CGATGGCGTCAAAGCGx-2,0.7507161743412919,0.24928422386356153
CCTTTCTAGGCACATGx-2,0.7076479941746759,0.2923523910613859
CGAGCACAGAACAACTx-2,0.7503810370461008,0.24961935801476381
CGATTGAAGCGATCCCx-2,0.7559073251598646,0.24409306706674044
CGATGGCCACTAGTACx-2,0.749660181667537,0.2503402221667741
CGACTTCCATAACCTGx-2,0.6722770465548794,0.3277233180379348
CGAATGTTCAAACGGGx-2,0.7605971081358214,0.23940331979357868
CCTTTCTCATTATCTCx-2,0.7571537969601393,0.2428465774249287
CGATGGCGTAATAGCAx-2,0.7598785178459502,0.24012185792578797
CGAGCACCAGAGCCAAx-2,0.7608966090322459,0.23910376537905131
CGAATGTAGTTGAGATx-2,0.7475112312537164,0.252489167059589
CGATGTAAGTCTCAACx-2,0.7042150311036648,0.29578534777957544
CGAATGTGTCGTGGCTx-2,0.7087833516679072,0.2912170221158536
CCTTTCTTCCAAATGCx-2,0.7611819773772585,0.23881839864897492
CGAGCCAGTGTCAATCx-2,0.7618497680411561,0.23815063640788228
CGAACATAGTAGCGGTx-2,0.7563264876385101,0.24367389418967803
CGCCAAGTCTACTTACx-2,0.7044338977939002,0.29556647498103916
CGACTTCTCCACGTTCx-2,0.7040282724699664,0.2959721056353486
CGAACATTCATCTGCCx-2,0.7630443419798074,0.23695603195804385
CGATCGGGTACAGTTCx-2,0.7610710644007946,0.23892928280824108
CGAACATGTACCATCAx-2,0.7590989673252893,0.24090141026656828
CGAGCACAGGGATCTGx-2,0.7585649189859524,0.24143548266163545
CGAGCCATCCGCATCTx-2,0.7513174939552836,0.248682917398471
CGAACATGTAAGTGGCx-2,0.7565846414611854,0.24341575536206533
CGAGAAGAGTTAAGTGx-2,0.7531247646960795,0.2468756208533955
CGACCTTTCCTTTACAx-2,0.7610129815678521,0.23898744100008734
CGAACATTCCGCGCAAx-2,0.7606151137529025,0.23938532048674857
CGAGCCACAGACGCCTx-2,0.7414727331062221,0.258527654479326
CGAGCCAGTAGCCTATx-2,0.7561255200155101,0.24387477773957902
CGGACGTAGGGTCGATx-2,0.7528276684567984,0.24717270779547934
CGCTGGAGTAGGAGTCx-2,0.7507760790928273,0.24922431676197182
CGGACGTTCAAACGGGx-2,0.7579395987357922,0.24206080648096331
CGGCTAGGTTCCACTCx-2,0.7635573519954395,0.2364430132068534
CGGACGTTCTATCCCGx-2,0.7499554362143133,0.25004495852673336
CGCTGGAGTAAGTGGCx-2,0.7495412874982195,0.2504591177701032
CGGAGCTCAGACGTAGx-2,0.7613078749374838,0.23869253168443277
CGGCTAGAGACGCACAx-2,0.707594962825189,0.2924054114469932
CGGCTAGCACTCAGGCx-2,0.6516427389882403,0.34835762111744706
CGCTGGACAGATGGGTx-2,0.7585465516743146,0.24145387440405605
CGGAGTCAGGCTATCTx-2,0.7060163807752565,0.29398399820190024
CGGAGTCCAGAGTGTGx-2,0.6998143518766727,0.30018601721944005
CGCGTTTAGTACTTGCx-2,0.758612163186415,0.24138828684032823
CGGCTAGGTAAATGTGx-2,0.7577917690842422,0.24220860881260114
CGCCAAGTCTTTAGGGx-2,0.7054165061954363,0.2945838701190063
CGCTATCCAGCCTGTGx-2,0.7595752259460417,0.2404251429435582
CGCCAAGTCTCATTCAx-2,0.7507551343189056,0.24924527008195416
CGGAGCTCAAGTTGTCx-2,0.7115126384881795,0.2884877446941265
CGCGTTTGTCTCACCTx-2,0.7147523953942019,0.2852479821111244
CGGCTAGTCGATCCCTx-2,0.7502948175163926,0.24970557831905943
CGGACGTCACCCATGGx-2,0.7493213769927854,0.25067902554504884
CGCGTTTTCCTGCCATx-2,0.766488988292141,0.2335113881534392
CGGACACCAAGCGCTCx-2,0.7503967705122832,0.24960364177776734
CGCTTCACACCACGTGx-2,0.7473684370312595,0.2526319596963459
CGGACACAGCCACTATx-2,0.7602538700343618,0.2397465046736665
CGCGTTTTCACCGTAAx-2,0.7597014393436511,0.24029891245810395
CGGACTGGTCCCTACTx-2,0.7504876525853482,0.24951274486735756
CGGACTGGTACTCTCCx-2,0.7529312151355775,0.2470691694231505
CGCTGGAGTACAGACGx-2,0.7610852644239099,0.238915135129425
CGCTGGATCGCGATCGx-2,0.7504221127410813,0.24957829963416553
CGGAGTCCAGACGCCTx-2,0.7502470381836389,0.24975336526776243
CGGACTGGTCTGATTGx-2,0.7587163241736795,0.2412840557475896
CGGCTAGGTAGGCTGAx-2,0.7006009494318687,0.299399430686555
CGCGGTATCTCTAGGAx-2,0.7597259887248885,0.24027438573824392
CGCCAAGTCTGTTGAGx-2,0.7507651813731571,0.2492352251054112
CGCGTTTTCTGGGCCAx-2,0.7625583731414344,0.2374420002558887
CGGACTGAGCCGCCTAx-2,0.7715319192502906,0.22846844514331796
CGGACGTGTCCTCCATx-2,0.7614588133559612,0.23854156368176024
CGGACTGTCACTTACTx-2,0.7507541023852897,0.24924629359600456
CGGAGTCAGTTGAGTAx-2,0.704377821298109,0.2956225570799742
CGCTGGAAGCACCGCTx-2,0.7561051870757977,0.24389518943366767
CGGAGTCAGGTGACCAx-2,0.7468616332119185,0.2531387544521423
CGCTATCTCTTGTACTx-2,0.7630667802961274,0.23693359218714086
CGCTGGATCGGAAATAx-2,0.7616578179369891,0.23834255436846977
CGCTTCAAGTACCGGAx-2,0.7507136273889268,0.24928677853074574
CGGAGTCGTCGCATCGx-2,0.7503398143710104,0.24966057952471224
CGGCTAGGTTCCAACAx-2,0.703631445491327,0.29636894150267423
CGGACACGTGAAAGAGx-2,0.5242630024831946,0.47573728550479033
CGCTGGAAGGATATACx-2,0.7474629859049564,0.2525374207242477
CGCTTCACACCCATGGx-2,0.762774273954767,0.23722610296529079
CGGAGCTAGATCCCGCx-2,0.7605761729933208,0.23942420621603244
CGCGGTATCGAGAACGx-2,0.7571756254673959,0.24282475963167352
CGCTATCCACCTCGTTx-2,0.7580238339558113,0.24197654930507662
CGGACTGTCTCATTCAx-2,0.7501172461945449,0.24988315242470122
CGGAGTCCACCAGGTCx-2,0.7562822574343082,0.24371812128085227
CGGCTAGTCTAACCGAx-2,0.7585208637421132,0.24147951182746072
CGCTATCAGTGTCTCAx-2,0.7524200242003114,0.24758036168027375
CGCTGGATCGCTTAGAx-2,0.7659184299107612,0.23408195660096293
CGCTGGAGTTAAAGACx-2,0.7075596254900549,0.2924407529064871
CGGACTGAGAATGTGTx-2,0.7606462493263237,0.23935418465638142
CGCTGGAGTAAATACGx-2,0.7059420607567188,0.2940583205360063
CGGAGTCTCCAAATGCx-2,0.7612489059299432,0.23875147267372715
CGCGGTAGTGCATCTAx-2,0.7525393991193631,0.2474609991057878
CGGAGCTTCGTTACGAx-2,0.7510826524537448,0.2489177399450725
CGGAGTCTCTGCTTGCx-2,0.7500267207462206,0.24997367849162433
CGGAGCTCAAGCGCTCx-2,0.7019609184244213,0.29803946341796045
CGGACTGCACAAGCCCx-2,0.7027172532326189,0.2972831247176498
CGCTTCACACCACCAGx-2,0.7574400438141491,0.24256032688867468
CGCGTTTCAATGACCTx-2,0.6997447514245513,0.3002556305130405
CGCTTCAGTCAATACCx-2,0.75004243588323,0.24995795684044936
CGGACACGTCGGGTCTx-2,0.75244454159531,0.2475558514228693
CGGAGCTGTAGCTTGTx-2,0.7573214075931598,0.24267896626887897
CGGACTGGTACATGTCx-2,0.72202082207707,0.2779793677559428
CGCGGTAGTCTGGTCGx-2,0.697858331535211,0.30214204906978903
CGGCTAGAGTATCGAAx-2,0.7681590826695018,0.2318412825151762
CGGAGCTGTTTGACACx-2,0.7512661287057609,0.24873426744145574
CGGACTGAGTCCGTATx-2,0.7098988176775933,0.2901015439708528
CGGAGTCAGGGCATGTx-2,0.7587327723170351,0.2412676122858866
CGGACACTCAGTTGACx-2,0.7514916480352243,0.24850875693533872
CGGAGTCTCCGTTGTCx-2,0.7501433309466595,0.24985705628062305
CGCGGTAAGCTCCTCTx-2,0.759211277193908,0.24078910203772685
CGCGGTAGTTGTCTTTx-2,0.7505771992448286,0.24942319677118804
CGCGGTACAATGACCTx-2,0.761063384785373,0.2389370331517713
CGCGGTACAGTTTACGx-2,0.7595820385954248,0.2404183530408467
CGCTGGAGTCCGTCAGx-2,0.7521252326701447,0.24787516122018435
CGGACGTCAAACTGTCx-2,0.7501200412428941,0.24988036168601144
CGCTATCGTCTCTCTGx-2,0.7605755678166244,0.23942479472840703
CGGACACCACAACGTTx-2,0.7494199811102495,0.25058041247163215
CGCTGGACAACCGCCAx-2,0.7615887273590177,0.238411652041635
CGCTATCGTACTTGACx-2,0.757559966405167,0.2424404087344886
CGCTTCAAGATGGGTCx-2,0.7603091661649666,0.23969121720868086
CGCTTCAGTCTCCCTAx-2,0.7595602473798213,0.24044017146158705
CGCTATCCACCGCTAGx-2,0.750932847191854,0.2490675476781099
CGGACGTTCAGGCCCAx-2,0.757742722254195,0.2422576121045845
CGGCTAGGTCTCCCTAx-2,0.7589145341846399,0.2410858628844756
CGGACTGAGAGTTGGCx-2,0.7662528130811473,0.23374755476963577
CGTCACTCAATAGAGTx-2,0.7050867342352979,0.29491363349941074
CGTCACTCAGGATTGGx-2,0.7574027394977805,0.24259763546236732
CGTCAGGTCCTATGTTx-2,0.7606786577450642,0.23932172153057454
CGTGTCTCATTACGACx-2,0.7601554140139849,0.23984497921225373
CGTAGGCGTCAACTGTx-2,0.7663601903130843,0.2336401757296179
CGTAGCGAGAGCTTCTx-2,0.7607112138789507,0.23928918857852877
CGGGTCAGTCTAGCCGx-2,0.7505626493488093,0.2494377549150511
CGGTTAAGTCCCGACAx-2,0.7493993074956499,0.2506010912696183
CGTGTAATCTTGTATCx-2,0.7619861062461499,0.23801427524650978
CGGGTCATCGCTTAGAx-2,0.7524484787640762,0.2475519137387503
CGGTTAAGTTATCACGx-2,0.7502198136681033,0.24978058298632108
CGTGTCTGTATTCTCTx-2,0.7562133148657589,0.24378706192152563
CGTCAGGGTAGAGTGCx-2,0.7509425631083482,0.24905783201417153
CGTCACTTCTACTTACx-2,0.7629700764944866,0.23703030851032794
CGTGTCTCACCCATGGx-2,0.7524515793676122,0.2475488149252487
CGTCCATCAGGCTCACx-2,0.759979453811077,0.2400209094601243
CGTCTACCACACAGAGx-2,0.7568566793731184,0.24314371985737568
CGGGTCAGTGATAAGTx-2,0.7593742294659939,0.24062614478164013
CGTCACTTCTAGCACAx-2,0.7499696591624161,0.25003073303706286
CGGGTCAAGCCGTCGTx-2,0.7031333848625272,0.2968669975954377
CGTCCATTCATTATCCx-2,0.7503464438095307,0.2496539594061979
CGTCCATAGATAGGAGx-2,0.7640729938325389,0.23592737779253528
CGTGTAACATGAGCGAx-2,0.754056964745465,0.24594342501835406
CGTAGGCGTAGAGGAAx-2,0.7667423264058228,0.23325803442422816
CGTGAGCAGTCAATAGx-2,0.7509769637033097,0.2490234349436425
CGTAGGCGTACGACCCx-2,0.7511318026411272,0.24886859156833724
CGTCAGGTCATAACCGx-2,0.7622846410558067,0.23771576740280884
CGTGTCTGTCTTTCATx-2,0.7568213388120354,0.24317902844208794
CGTAGCGTCTCTTGATx-2,0.7633250005343079,0.23667537395179505
CGTCACTGTCGCATATx-2,0.7597898389481093,0.24021053632613248
CGTCCATGTCACTTCCx-2,0.7590112255483051,0.24098914967754562
CGTGAGCAGGGCTTGAx-2,0.6968293721060119,0.3031710144827857
CGTGAGCTCGCCGTGAx-2,0.7039287705686619,0.29607161104273194
CGTGTAAAGATGTTAGx-2,0.7626869944326825,0.23731338466274293
CGGTTAAGTCGTTGTAx-2,0.7602718506164597,0.23972854062937163
CGGTTAACATCCAACAx-2,0.7513806738016773,0.24861973802973852
CGTCCATCATTCCTCGx-2,0.730931775093719,0.2690686057640553
CGTAGCGTCTCGATGAx-2,0.7612969132795941,0.23870348410019443
CGTCACTAGTGTTTGCx-2,0.7602317864281858,0.23976861593252274
CGTAGCGGTCTTCTCGx-2,0.7624970289868855,0.23750334449813074
CGTCACTTCCAATGGTx-2,0.751088824617455,0.24891156834651212
CGTGTCTCATTGCGGCx-2,0.7617476227189466,0.2382527499324547
CGGTTAATCGCCGTGAx-2,0.7508064961341459,0.24919389889385882
CGTCAGGGTGACGCCTx-2,0.7596619098613249,0.24033851118191327
CGGGTCACAATGGATAx-2,0.7010275593736385,0.2989728205030038
CGTCTACTCGATGAGGx-2,0.7497468822096665,0.2502535202152272
CGGTTAAAGCATGGCAx-2,0.7540142703109542,0.24598611929116695
CGTAGCGGTGCACTTAx-2,0.704983063086819,0.295017320280929
CGTCAGGCACCAGGTCx-2,0.750118675990942,0.24988172551224566
CGGTTAAGTTCATGGTx-2,0.7593887592703636,0.240611616687836
CGGGTCACACCCTATCx-2,0.7491252249087306,0.25087517516073937
CGTCCATCACAACGTTx-2,0.756916495604014,0.24308388048231516
CGGTTAAAGACACGACx-2,0.7492901727439906,0.2507099477849523
CGTAGGCGTTGTCGCGx-2,0.7607828201898807,0.23921758495547413
CGTCACTCACGGATAGx-2,0.7593423491765081,0.24065801318035235
CGTCTACTCAACCATGx-2,0.7500075708951461,0.24999283033132655
CGGTTAAAGTGTACGGx-2,0.7613569327562733,0.23864344720990102
CGTGAGCTCCACGTGGx-2,0.7601614173681297,0.23983895836506558
CGTAGCGTCTGGTTCCx-2,0.7645724087622888,0.235427960307775
CGTGAGCGTATAATGGx-2,0.7595975972039025,0.24040284053391084
CGTAGCGCATATACGCx-2,0.7592417131989715,0.24075866288577927
CGTGTCTAGCGTCTATx-2,0.7504478930294474,0.24955250604936213
CGTAGCGGTTTACTCTx-2,0.7607891816741289,0.23921120063672113
CGGTTAAGTTAAAGTGx-2,0.7018097986806183,0.2981905778261679
CGTGAGCCAGTGGAGTx-2,0.7045464266956808,0.29545395397918783
CGTAGCGCAAAGAATCx-2,0.7626857848125446,0.23731458869033933
CGTCTACGTGATGATAx-2,0.7620029203520506,0.23799747661593323
CGGTTAACATGCGCACx-2,0.7045727831598603,0.29542759044026684
CGTCTACGTTTGGCGCx-2,0.7667154662074218,0.23328490870478094
CGTGTAAGTACAAGTAx-2,0.7631695084566051,0.23683086043281304
CGTGTCTCAAGCTGGAx-2,0.7492127273679241,0.25078766252141366
CGTGAGCCAAGCCGCTx-2,0.7492472643804311,0.2507531324114197
CGTCAGGCATCCGTGGx-2,0.749483663341149,0.25051672930436053
CGTAGCGTCTATGTGGx-2,0.702795339900398,0.2972050357417278
CGTCCATAGCCACGCTx-2,0.7601891604443297,0.23981121399362662
CGGTTAACAGGTCGTCx-2,0.7615687770389299,0.2384316984505953
CGTAGCGTCAGTACGTx-2,0.7635651990078836,0.2364351702001268
CGTGTCTCACTAGTACx-2,0.6693394661310937,0.3306608907927336
CGTCAGGTCCATTCTAx-2,0.7601906315747663,0.2398097512893547
CGGGTCAAGAGCTGGTx-2,0.7627159703131143,0.23728441993926247
CGTAGCGGTACTCAACx-2,0.7612103135551397,0.23879010988673965
CGTCACTAGCTGCGAAx-2,0.7581361693672067,0.2418642210960857
CGTCACTGTTAGATGAx-2,0.7507700071871464,0.24923039326015087
CGGGTCACACACCGCAx-2,0.7503047090388834,0.24969570033156263
CGTCCATGTGTTTGTGx-2,0.7009364155228122,0.2990639651718726
CGGGTCAAGAGACGAAx-2,0.7676391800063521,0.23236118772636907
CGGGTCAAGCGCCTTGx-2,0.7595117189404513,0.24048865910479522
CGTGAGCCATTGTGCAx-2,0.7500631582116523,0.24993723323713415
CGGTTAAAGTCCAGGAx-2,0.7585201230443847,0.24148025280723012
CGTCAGGGTTGGTAAAx-2,0.7646699390620153,0.2353304310857651
CGTGAGCGTGATGCCCx-2,0.701287699782775,0.2987126836379615
CGTGAGCTCTACGAGTx-2,0.759679546795713,0.24032082909098876
CGTGTAATCAAACAAGx-2,0.7584694067491933,0.2415309807711628
CGTGTCTAGACCCACCx-2,0.7498769670007793,0.2501234297240517
CGTCACTAGTCCTCCTx-2,0.6814617762261944,0.3185386045048899
CGTAGCGGTCGACTGCx-2,0.7809159027440482,0.21908445146606562
CTAATGGAGTGAAGAGx-2,0.7600430264868897,0.23995734095757365
CTACATTTCAGTTCGAx-2,0.7622206325655055,0.23777973536714833
CTACATTAGTGGGTTGx-2,0.7479414391425908,0.25205894992093075
CGTTAGAAGAGCAATTx-2,0.7071336873329024,0.2928666881970031
CTAATGGTCATGTGGTx-2,0.7498137999421242,0.25018659864908094
CGTGTCTTCCCAAGATx-2,0.7523464401190809,0.2476539469715155
CGTTCTGGTGTAATGAx-2,0.7507738592659757,0.24922654772748762
CTAACTTCAGGATCGAx-2,0.7535252381990802,0.24647516107804637
CGTTAGAAGGCATGTGx-2,0.7602652378149862,0.23973512488711507
CTAACTTGTCGAATCTx-2,0.7607520575575265,0.23924834560554564
CGTTAGAGTAGCTAAAx-2,0.7528553775150886,0.24714501492828772
CTAAGACAGCCCTAATx-2,0.759669409708171,0.24033096926921788
CGTTGGGCACAGGTTTx-2,0.7618529087375269,0.23814747452378748
CTACCCATCTGGAGCCx-2,0.7502245391690673,0.24977584971729097
CTAAGACCATGAAGTAx-2,0.7659683757069958,0.23403199938606445
CTACATTCATTTGCTTx-2,0.7070915141595642,0.29290886800442323
CGTTCTGCATATGCTGx-2,0.7595074305561892,0.24049294430806215
CGTTCTGTCACTCCTGx-2,0.758760456018071,0.24123992075373898
CTAATGGAGAATCTCCx-2,0.648853414546151,0.35114693950514864
CGTTAGAAGATGTAACx-2,0.7508930832075845,0.24910732182188064
CTACCCAAGCTGCGAAx-2,0.7619223571522454,0.23807801452707436
CTACATTCACATGACTx-2,0.7572020850004246,0.24279828942940584
CTACCCATCAGCCTAAx-2,0.7660160225880192,0.23398436862741231
CTAAGACGTAGTAGTAx-2,0.7501943312269683,0.24980606749204798
CGTTAGACACCCATGGx-2,0.7462223639585523,0.2537780125667512
CTAATGGCATATGAGAx-2,0.7587034013741595,0.24129697521826096
CTACCCACAGACGCCTx-2,0.6136659346486713,0.3863344562588872
CTAATGGAGCACGCCTx-2,0.7524832828492928,0.24751710259124965
CTACGTCGTAAATACGx-2,0.7596161411393656,0.24038425088186088
CTACGTCGTTGATTCGx-2,0.7468617985016586,0.25313860035751673
CGTGTCTTCAACCATGx-2,0.768422831268186,0.23157755361659552
CTACCCACATGGTCATx-2,0.7614717767083563,0.2385285984351311
CGTTGGGCAAGTCTGTx-2,0.7624071307740362,0.23759324803804094
CGTTCTGTCCCTCTTTx-2,0.7506882957838559,0.24931209742889196
CGTTGGGAGTACGTTCx-2,0.7588609049909236,0.2411395154256429
CTACCCATCTTGTATCx-2,0.7594681769237253,0.24053219656057528
CTAACTTGTAAGTGGCx-2,0.7559145395116901,0.2440858688072039
CTAATGGGTCTGGAGAx-2,0.7614071417568359,0.23859325596321262
CGTTGGGTCCAACCAAx-2,0.7604829427439878,0.2395174660325717
CGTTGGGCACCAGATTx-2,0.7501682190156396,0.24983218791639214
CTACGTCAGCCGTCGTx-2,0.7601374709760638,0.23986289824461993
CGTTGGGAGGCTAGGTx-2,0.7607678460770892,0.23923259807748615
CGTTGGGTCCATGAGTx-2,0.7501979314717444,0.2498024618269587
CTAAGACGTCATGCATx-2,0.7585458648324338,0.2414545590720133
CGTTGGGAGCTAAGATx-2,0.7597512001023139,0.2402491747340798
CTACGTCGTTCGCTAAx-2,0.7063688217718114,0.29363155924018997
CGTTCTGTCAGTCCCTx-2,0.7574763875662788,0.24252398727268096
CTACATTCATGTAAGAx-2,0.7498855393171867,0.25011485653599924
CTACCCAGTTGACGTTx-2,0.7588227141870733,0.24117765820544707
CTACCCATCAGTACGTx-2,0.7596844067141446,0.2403160014741966
CTACATTCAATCTACGx-2,0.7488455805592862,0.2511548130877941
CTAATGGAGATCGGGTx-2,0.7519950639917415,0.24800532784343968
CTAATGGGTCACAAGGx-2,0.7042232960606472,0.29577708126724994
CGTTAGATCATGTGGTx-2,0.7599603610109846,0.24004000081729523
CGTTAGAAGACTCGGAx-2,0.7613364893962297,0.2386638429607586
CGTTGGGAGCTAGTGGx-2,0.756835811953971,0.243164582667978
CTACCCAGTCACTTCCx-2,0.700064297805302,0.2999360831805834
CTACACCCAGACGCAAx-2,0.6845889712232216,0.315411402236631
CTAATGGGTAACGTTCx-2,0.7567227475176016,0.2432776193436485
CTACGTCCAGGGATTGx-2,0.7588386428461719,0.2411617503079459
CGTGTCTTCTTGAGGTx-2,0.6914928576950126,0.3085075179329357
CTACATTTCCAAACACx-2,0.7072000418060206,0.2928003406946078
CTAACTTGTCCGACGTx-2,0.7496622638785242,0.2503381268953953
CTAATGGGTCTACCTCx-2,0.7569891447798524,0.24301125890855033
CTACACCAGACCGGATx-2,0.7622458960662829,0.23775447696804994
CGTTAGAAGTGGTCCCx-2,0.7513221157285112,0.24867828411746817
CTAACTTGTACAAGTAx-2,0.7583893727770097,0.24161104983378756
CTACGTCCATAGTAAGx-2,0.7575892269618127,0.24241114642085423
CTAACTTTCCGTTGCTx-2,0.7607321638166601,0.23926828355350574
CTAACTTTCAGAGGTGx-2,0.7390679241972502,0.2609324658123679
CTACCCACAGCGTTCGx-2,0.760573314840285,0.23942706402759176
CTACATTTCGGATGTTx-2,0.6911960963272846,0.308804283514242
CTACCCACAAGCCCACx-2,0.7577075975086293,0.24229278704022172
CGTTAGACAATACGCTx-2,0.7485041030014595,0.25149629507168125
CTAACTTAGCGTTGCCx-2,0.7623585483231173,0.23764182517115218
CTACACCCAACGATCTx-2,0.6969265468575693,0.3030738286890411
CTAATGGCACCAGGCTx-2,0.7610312703104162,0.2389691015245573
CTACACCAGACTAGATx-2,0.7616411559017001,0.23835922201554946
CGTTCTGAGATGGCGTx-2,0.7637555666077274,0.2362448056074208
CTAATGGGTAATCACCx-2,0.6493615463714149,0.35063881713498074
CTAAGACAGAGGTAGAx-2,0.7325179001706489,0.2674824777949625
CGTTCTGTCGCAGGCTx-2,0.7471970595848497,0.2528033435024276
CGTTGGGGTTGTTTGGx-2,0.750941820271666,0.24905858190239036
CTAATGGAGATCCCATx-2,0.7573282943026358,0.24267209316143654
CGTTGGGAGTCTCAACx-2,0.7607586742756217,0.23924169133243897
CTAATGGAGTCTTGCAx-2,0.7573127346317187,0.24268764526183287
CTAACTTTCCGAACGCx-2,0.7505309363846694,0.24946945611078933
CTAATGGTCGCATGATx-2,0.7583044346540905,0.24169598471218925
CTAACTTCAGGAACGTx-2,0.6683676431296899,0.3316327171071477
CTACACCCAGCTCCGAx-2,0.6996591211048144,0.3003412542361442
CTACATTGTTACGCGCx-2,0.751051193936612,0.24894921187801103
CTACCCAAGGTGATATx-2,0.7042756669094665,0.2957247068927472
CGTTAGACAGCTCCGAx-2,0.7276535155640936,0.272346865458049
CTAACTTAGGAACTGCx-2,0.7099691637305774,0.2900311894315026
CGTTCTGCATCCAACAx-2,0.7515208513452536,0.24847954480142256
CTAGAGTGTCTAACGTx-2,0.5937325412689722,0.40626780110035443
CTAGAGTGTGATGATAx-2,0.7585827398648435,0.24141763878444195
CTCGGGATCAGCTCGGx-2,0.7624683885753357,0.2375319839159585
CTCGGGAAGCTCAACTx-2,0.7075449865995582,0.29245539434106355
CTAGTGAGTTGATTGCx-2,0.7596763744334819,0.24032401785207488
CTACGTCTCCACGACGx-2,0.7521031842360364,0.24789720617605093
CTAGAGTGTTTGTTTCx-2,0.7487804043389331,0.2512199874055438
CTAGAGTGTGCAGTAGx-2,0.7611961473098635,0.2388042338362822
CTCAGAAAGCAGCGTAx-2,0.7494841248955494,0.2505162803182882
CTCGAAACAAGCCGCTx-2,0.7536092394809615,0.24639111913333006
CTCACACAGCGCCTTGx-2,0.7524003547553058,0.2476000465029492
CTCATTAAGGCGTACAx-2,0.7561269026367466,0.2438734383253689
CTCACACCACACGCTGx-2,0.7662426070048249,0.23375776877412288
CTAGTGAGTCTCAACAx-2,0.759192626598289,0.24080774418406967
CTAGCCTCAATACGCTx-2,0.7606137080751708,0.23938666689949406
CTCGAGGCAGACAGGTx-2,0.7558860948734484,0.24411428462236978
CTAGAGTAGAAACCATx-2,0.7642301311150054,0.23577025305545984
CTCGGGAAGTGAACGCx-2,0.750560432947275,0.24943996524563042
CTCGGGATCTCCGGTTx-2,0.7613409101880719,0.2386594596753464
CTCGAAAAGTGCTGCCx-2,0.7585153956395667,0.24148498980950744
CTAGCCTCACGCCAGTx-2,0.7589157294986917,0.24108464479740757
CTAGCCTTCTCCCTGAx-2,0.760643453584796,0.23935694915632466
CTCCTAGCATACTACGx-2,0.7543983157154931,0.24560207462761469
CTAGAGTAGCTGGAACx-2,0.742917603951913,0.2570827793549093
CTCGAAATCAAACAAGx-2,0.7523963334119198,0.24760405410054875
CTCACACCAAGGACACx-2,0.6961355656825411,0.3038648121283371
CTCATTAAGGGTTCCCx-2,0.7609679219756876,0.23903245292880188
CTAGTGAGTAAGTGTAx-2,0.7591259927886043,0.24087438429280328
CTCGGAGGTCTGGTCGx-2,0.7611434377963312,0.238856940339121
CTAGTGACATTGTGCAx-2,0.7530614525842535,0.24693893211262677
CTAGCCTGTCGAATCTx-2,0.7517444940575069,0.24825590020864627
CTCCTAGAGAACAACTx-2,0.756228302529909,0.24377206913531688
CTAGAGTTCGCGATCGx-2,0.7045472290024112,0.29545313793132555
CTAGCCTAGTACATGAx-2,0.7559127200275653,0.24408764544412653
CTCAGAAAGATCGATAx-2,0.7532926659897466,0.24670771514914172
CTCATTACATCGATTGx-2,0.7044095934546557,0.295590781836869
CTCCTAGAGTTGTAGAx-2,0.7585018836695496,0.24149848796812373
CTCACACCAGAGTGTGx-2,0.7524919969857042,0.24750839476311293
CTCGAGGGTTTGCATGx-2,0.750595795003798,0.2494045962497092
CTCCTAGTCCTTGCCAx-2,0.7009622479018652,0.29903812311894035
CTCGAAACACTGCCAGx-2,0.7619718417500031,0.23802853504189117
CTCCTAGCAATGCCATx-2,0.7607067024929608,0.2392936725972668
CTCATTAGTAAGGATTx-2,0.7601975593581005,0.2398028345676771
CTCGAAAGTCGCGGTTx-2,0.6849637997328992,0.3150365715037238
CTCCTAGAGATGCGACx-2,0.7061818384098805,0.29381851607503273
CTCGGGAGTGACTCATx-2,0.7615274720685785,0.23847290141434216
CTCATTATCAGTTTGGx-2,0.7673267966680246,0.23267357503737865
CTCCTAGTCATCTGCCx-2,0.7607612110281297,0.239239156963574
CTAGAGTTCTACTCATx-2,0.7597243662730644,0.24027600039550792
CTAGCCTAGTGAAGTTx-2,0.7492844989649404,0.25071590540719774
CTCACACTCCGAATGTx-2,0.7044571173792674,0.29554325834879336
CTAGAGTGTCGGCATCx-2,0.7052069164904924,0.2947934596187073
CTCGGAGTCTTTACACx-2,0.7583305488239379,0.2416698523413888
CTCACACCACATTTCTx-2,0.6592358544937711,0.34076450728169483
CTCCTAGAGGAGTACCx-2,0.7587887761514278,0.24121164775946644
CTAGTGAGTAAACGCGx-2,0.72734584741201,0.2726545418229063
CTCGTACAGCTAAACAx-2,0.75042199830864,0.24957841064170355
CTCGGAGTCTGGAGCCx-2,0.7026712542173201,0.2973291272511433
CTCCTAGCACATCCAAx-2,0.7174163435125342,0.2825839205557749
CTAGCCTCATACAGCTx-2,0.7451307905047404,0.25486958766933493
CTCGGAGAGTTGAGTAx-2,0.7493059248364824,0.25069448458769267
CTCAGAACATATGAGAx-2,0.7033917860994696,0.29660859499374365
CTCCTAGGTCTAGTGTx-2,0.7484981773827445,0.2515022103070066
CTCGAGGTCGCAGGCTx-2,0.769471112838951,0.23052925604415256
CTAGAGTTCTTGTTTGx-2,0.7015580342042487,0.2984423465359595
CTCGAAATCCAAGCCGx-2,0.7532714640997717,0.24672893599682433
CTAGTGATCGTTACAGx-2,0.7615741315147556,0.2384262760085005
CTACGTCTCGCGTTTCx-2,0.7598189067739834,0.2401814812041768
CTCCTAGTCCCATTTAx-2,0.751502968889655,0.2484974267740969
CTCATTAAGTGGACGTx-2,0.7563903996927128,0.24360998192604044
CTAGCCTCACAGACTTx-2,0.748261753859365,0.2517386457310949
CTAGAGTTCCGCAAGCx-2,0.7455496293887781,0.2544507534318528
CTCGTACAGCGTCTATx-2,0.7521853288727671,0.24781507427977792
CTCGAAATCCTGCTTGx-2,0.7500889983667594,0.2499113978524354
CTAGCCTCAGCTGTATx-2,0.7613884304337504,0.2386119443410093
CTCGAAAGTAGCGCAAx-2,0.7606705132045435,0.23932986560862524
CTCGAGGTCCGAGCCAx-2,0.7589549077064572,0.2410455139958546
CTCGAGGCAATGACCTx-2,0.7567689191030799,0.24323146944980129
CTCGAAACAGGGTATGx-2,0.7580616371363248,0.24193874476978464
CTCGAGGCACTTACGAx-2,0.7218878982646117,0.2781124840988467
CTCCTAGTCTGACCTCx-2,0.752532768030607,0.24746762417498647
CTCGGAGCATATACGCx-2,0.7513233524374885,0.24867704555546716
CTAGCCTTCAGAGCTTx-2,0.7610737184792999,0.2389266972170217
CTAGAGTTCGCAAACTx-2,0.750108893229992,0.24989122143368572
CTCGGGACACCGCTAGx-2,0.7501588539477569,0.2498415450229618
CTCCTAGGTTCGTGATx-2,0.7598214132517078,0.24017896018491128
CTCATTAGTAAATGTGx-2,0.7499150256635493,0.2500853713873732
CTCCTAGGTAGCGCAAx-2,0.7609687964625987,0.23903157727235852
CTAGTGAGTGCCTTGGx-2,0.7504497263381468,0.24955068635072436
CTCATTAGTTTAGGAAx-2,0.7250581670276085,0.2749422061509313
CTCGGAGTCAAGGTAAx-2,0.7542055033108899,0.24579489715523087
CTAGCCTCAAACGCGAx-2,0.7610083798104151,0.23899203774922673
CTCGGGAGTCAACTGTx-2,0.7505040783726532,0.24949632751928583
CTAGCCTAGACCTTTGx-2,0.7566960365608654,0.24330435255888777
CTAGTGAGTCTCTTTAx-2,0.7502217872396435,0.24977860639763672
CTAGCCTCAAGCCGCTx-2,0.7514852572875723,0.248515132879591
CTCATTAAGTTCGCGCx-2,0.7553895256872355,0.24461068923308227
CTCTAATTCAGAGACGx-2,0.7615376122291059,0.23846281798506863
CTGATAGCATATACGCx-2,0.758680354944434,0.2413200769494011
CTGCCTAAGACTAAGTx-2,0.7614823721129111,0.23851803040413624
CTCTGGTAGTTGCAGGx-2,0.7611332132439089,0.2388672009933017
CTCGTCACAGCGAACAx-2,0.7491499153050785,0.2508504778166411
CTCGTCAGTTAAGAACx-2,0.7505859600795831,0.24941443702236932
CTGCCTAAGAGTACATx-2,0.761407567952005,0.23859280111681283
CTGCCTAGTCACCCAGx-2,0.7572734330978986,0.24272694360468455
CTGCCTATCAACACTGx-2,0.7437192312200225,0.2562809212745058
CTCTGGTCAGGAACGTx-2,0.6763554692880093,0.32364491141760426
CTCGTCAAGCAATATGx-2,0.7604073758459015,0.23959300018503224
CTCTGGTTCCGTCATCx-2,0.7632782809365525,0.23672209271156272
CTGCTGTCATTAGGCTx-2,0.7010243258182997,0.2989760502018425
CTCTAATAGTGTGGCAx-2,0.7597374552008247,0.2402629832832282
CTGCTGTCATTTGCCCx-2,0.7591954946406386,0.24080489062029467
CTGCCTATCGTGACATx-2,0.7517150336889207,0.2482853420245785
CTGCTGTTCTGCTGCTx-2,0.7598798913437738,0.2401204813249779
CTGCCTAGTAAGAGGAx-2,0.7044447799744292,0.29555560144855275
CTGCGGAGTAAGTGTAx-2,0.7626282654797557,0.23737210842395065
CTCTACGCAAAGGAAGx-2,0.759703908913295,0.24029648288578392
CTGCGGATCCCTCAGTx-2,0.7615750496513138,0.23842536481156745
CTCGTACCATGTAAGAx-2,0.759818252753516,0.24018212266823233
CTCTACGAGCCATCGCx-2,0.7618824806743203,0.23811789443902268
CTGCTGTTCATGTAGCx-2,0.7608989032126678,0.23910151655965917
CTCTACGGTGTGCGTCx-2,0.6995989835395179,0.30040139312282715
CTCGTCACATGTAGTCx-2,0.7610464021078129,0.23895401815885264
CTGATCCTCGTTGACAx-2,0.7617489270954918,0.2382514126580822
CTGATAGCATTTGCTTx-2,0.7611483917942816,0.23885204803490945
CTGATAGAGTGTACCTx-2,0.7615038554516891,0.23849655565009445
CTGCGGATCCTTGACCx-2,0.7496996263490537,0.25030074958130183
CTCTGGTTCTGCTTGCx-2,0.7607948693868658,0.2392055317235534
CTGAAGTGTCGAGTTTx-2,0.7500403733091212,0.24996003034477862
CTCTGGTAGCGTAATAx-2,0.759911437171595,0.24008893459118189
CTGAAGTTCACCTCGTx-2,0.7516661787953247,0.2483342292071239
CTCTAATCACGAAAGCx-2,0.7411647139213314,0.2588353453537524
CTGAAACGTAGCTGCCx-2,0.7588489130279662,0.24115149322124457
CTGAAACAGAGCAATTx-2,0.7503229234858387,0.2496774925640126
CTGAAACTCTATCCTAx-2,0.7584629218194028,0.2415374534071376
CTGAAGTTCCGCATCTx-2,0.7632872144839107,0.2367131595437638
CTCTGGTGTTAAAGTGx-2,0.7627154993016249,0.23728487914099572
CTGCGGAAGGACAGCTx-2,0.7538833222147656,0.24611687069543767
CTGATAGCATTACCTTx-2,0.7597460101710531,0.240254364080711
CTGCGGACAAGTAGTAx-2,0.7597321475554679,0.24026822939822293
CTCTGGTTCTAACTCTx-2,0.7626302292975267,0.2373701555674101
CTCTAATAGCAGACTGx-2,0.7057650401165977,0.29423534112740984
CTGAAACGTATGCTTGx-2,0.7577860694868361,0.24221430608708933
CTCTGGTAGGTTACCTx-2,0.7608267888381562,0.2391736249623276
CTGAAGTCAGATCCATx-2,0.7599382369515696,0.24006214604861345
CTGATAGCATGCGCACx-2,0.7579199634391245,0.2420803257999924
CTGAAGTCAGGGTACAx-2,0.7499603266901509,0.25004006985008015
CTGCGGAGTTCATGGTx-2,0.5889551761447731,0.4110451549953924
CTGAAGTTCTCTGTCGx-2,0.7653626310558872,0.23463773728026058
CTCTACGCACAAGTAAx-2,0.7637036998066903,0.23629668144107052
CTGATAGTCTCTAAGGx-2,0.7628409758361352,0.2371593942885867
CTGATCCCAGCCACCAx-2,0.7607156793171508,0.23928474028118366
CTGAAACGTCGGATCCx-2,0.7031372543566227,0.2968631285377686
CTGATAGTCAGAGCTTx-2,0.7500306240977713,0.24996977699282114
CTCTGGTAGAGAGCTCx-2,0.7606309872128467,0.2393693907780363
CTGCGGAAGCGATGACx-2,0.750251161509083,0.24974924043049263
CTCTGGTAGATGTCGGx-2,0.7498510531597893,0.2501493437872585
CTGCCTAAGAGCTGGTx-2,0.7588423195629863,0.24115805527018266
CTGAAACGTGTAATGAx-2,0.7616076903262015,0.23839268920528497
CTCTAATAGCTGCCCAx-2,0.7580400041574146,0.24196038227685956
CTCGTACCACAAGTAAx-2,0.7580728795103256,0.24192752387455238
CTCTACGCAGTCGTGCx-2,0.7619790878927878,0.23802126136208368
CTCGTACCAGTATCTGx-2,0.7572962375975284,0.24270413554818285
CTGCTGTTCGAGAGCAx-2,0.7504471236012711,0.24955329644317256
CTCTGGTTCTAACCGAx-2,0.717934942827097,0.28206544156205454
CTGCCTACATGCCACGx-2,0.7221688569174973,0.27783152015555873
CTGAAACGTGGGTATGx-2,0.7504098867695683,0.24959051628696724
CTGCCTACATTCCTGCx-2,0.7583785724395631,0.24162180314652176
CTGCTGTTCTGTGCAAx-2,0.7600900019185306,0.23991042270710253
CTGATCCGTCGCTTCTx-2,0.762174223906483,0.23782615017996062
CTGCGGAGTGCGGTAAx-2,0.7614272912183354,0.23857319174846212
CTCTGGTGTCGCCATGx-2,0.761752589498795,0.2382477897223052
CTGCTGTCACTTAACGx-2,0.750875036739854,0.2491253511405342
CTGAAGTGTTCCTCCAx-2,0.7501094745445632,0.2498909330881337
CTGGTCTAGCCTATGTx-2,0.7573552327358124,0.24264516359968363
CTGAAGTAGAATCTCCx-2,0.7507588685747254,0.249241534187133
CTCTACGAGCCAACAGx-2,0.7513325029772505,0.2486678930774217
CTCGTCATCAGAGCTTx-2,0.6891740055812055,0.31082637472436686
CTGAAACCACGGCGTTx-2,0.7030009943958624,0.29699938292604855
CTGCTGTGTAGTGAATx-2,0.7498468430798001,0.25015355293917535
CTGAAACCAGGTGCCTx-2,0.7514993098848269,0.24850108834718782
CTGCGGAGTGAAAGAGx-2,0.7616236978214397,0.23837668029691267
CTGAAGTTCACTTATCx-2,0.7529722293032348,0.24702817708701452
CTGCCTACAAGGCTCCx-2,0.7504184257650333,0.24958199403115494
CTCTACGTCAGCTGGCx-2,0.7562365478321535,0.24376382436888552
CTCTGGTAGCCTTGATx-2,0.704888922530473,0.2951114587010597
CTGCGGACAGACGCTCx-2,0.764398028332765,0.23560233916490814
CTGCTGTAGCTAGGCAx-2,0.7062597944854114,0.2937405738651642
CTGCGGAAGGTGCAACx-2,0.6634498639682591,0.3365504978564868
CTGATCCCAGGGCATAx-2,0.7506373865808658,0.24936300577588094
CTCTAATAGGAATTACx-2,0.7036726620060747,0.29632771504957944
CTGAAGTCATCATCCCx-2,0.7593878924493459,0.24061247980381995
CTGATCCGTGTGAAATx-2,0.662910129555067,0.3370902102288933
CTGGTCTAGAAACCGCx-2,0.7586229705148015,0.2413774040382599
CTGCGGACAGGGTTAGx-2,0.6312038326224718,0.3687965148500004
CTTGGCTGTCAAAGCGx-2,0.7501956403289253,0.24980476657578146
CTTAGGAGTGATGATAx-2,0.7637055874595677,0.23629479287505506
CTGGTCTGTCAACTGTx-2,0.7574087416106196,0.24259163674785145
CTGGTCTGTGGCTCCAx-2,0.7042461020352878,0.29575427385222747
CTTAACTAGTATCTCGx-2,0.7495306437963184,0.2504697489385663
CTTTGCGAGATCTGCTx-2,0.7592292058209458,0.24077116500290716
CTTGGCTAGTTAACGAx-2,0.7012485354174669,0.2987518378503799
CTTAGGAGTCTCATCCx-2,0.674566380824994,0.3254339754415677
GAAACTCGTAAGCACGx-2,0.7543486928196004,0.24565169968446288
CTGTTTATCAGTTCGAx-2,0.7575889192205545,0.2424114592671455
CTTCTCTTCCAGATCAx-2,0.7582696439097908,0.24173076539122426
CTTAACTAGGAGTCTGx-2,0.7610041782594618,0.23899620233014332
CTGTGCTCATTGGCGCx-2,0.7608097368663992,0.23919066363167987
CTTTGCGGTCACAAGGx-2,0.760905678113353,0.239094723820231
CTTGGCTAGAAGGTGAx-2,0.7601061378277393,0.23989423732317924
CTGGTCTGTAAAGTCAx-2,0.7049958285910021,0.29500454861758585
GAAACTCCACCGATATx-2,0.7603015682923309,0.23969880827934562
CTTCTCTGTAGTAGTAx-2,0.762165367923103,0.23783501589612158
CTTGGCTTCCGGGTGTx-2,0.7602611855221526,0.23973918343325049
CTTGGCTAGGGTCGATx-2,0.6884746662878591,0.3115257111580309
CTTTGCGAGTTACCCAx-2,0.751384478753807,0.2486159275792311
CTTTGCGGTAGGCATGx-2,0.7503965990919392,0.24960379454556456
CTTTGCGGTGTGAATAx-2,0.7496582142423002,0.2503421933985497
CTTTGCGGTAAAGTCAx-2,0.7515850200991828,0.24841514374178122
CTTACCGCATGCCTAAx-2,0.7511055903509226,0.24889479846088197
CTTCTCTTCCAAACACx-2,0.7607084509457114,0.23929192557476417
CTTGGCTTCAACGGCCx-2,0.7207615855713178,0.27923879213751346
GAAACTCAGCAGGCTAx-2,0.6840275176803627,0.3159728686101342
CTGTTTAAGCGATAGCx-2,0.7615174831053566,0.2384829080422559
CTGGTCTGTTCAGGCCx-2,0.7654585156972544,0.23454184370079406
CTTACCGCAAGGACTGx-2,0.6475930656153118,0.35240728671692595
CTTTGCGCAGACTCGCx-2,0.6146411973333599,0.38535913555983564
CTGTGCTGTGGCGAATx-2,0.7576799531725472,0.2423204355902798
CTTAGGATCGCATGATx-2,0.7423152839432353,0.25768510433062863
CTTGGCTAGAAACCGCx-2,0.7451209361543347,0.25487945054924827
CTTGGCTGTGCGCTTGx-2,0.7446073307640863,0.25539306502064335
CTTGGCTAGGATCGCAx-2,0.7611937160081478,0.23880666539735623
CTTTGCGAGATGTGTAx-2,0.7502703062658939,0.24973008486994472
CTGGTCTGTTAAGACAx-2,0.7609054452869173,0.2390949731155374
CTTGGCTGTCTAGTCAx-2,0.7613612977816554,0.23863911149119338
CTTTGCGAGTCCATACx-2,0.751038759417521,0.2489616343796966
CTTGGCTGTCATCCCTx-2,0.7019490412893039,0.29805133708908654
CTTTGCGCAGTTAACCx-2,0.7500795277216425,0.24992086962412935
CTTCTCTAGTGTGAATx-2,0.7570218304942846,0.24297856279464433
CTGTGCTCAAGGTTTCx-2,0.7552202416026728,0.24478016436902575
GAAACTCCACTTCGAAx-2,0.7545383693195756,0.24546202721681057
CTTCTCTAGTGGGTTGx-2,0.7614651477913846,0.2385352694939886
CTTAACTTCCAAAGTCx-2,0.7607723471341206,0.23922804876190773
CTTACCGTCATCGCTCx-2,0.756273342914309,0.2437270348773387
CTTAGGATCTAACTCTx-2,0.7497189003491788,0.2502815044357136
CTGTGCTAGCCACTATx-2,0.7591444605010865,0.24085594346463496
CTTCTCTAGTCCTCCTx-2,0.7544357030584413,0.2455646966780278
CTTAGGACAGCCTTGGx-2,0.7613601133246547,0.23864029849224325
CTTAGGACATCTATGGx-2,0.7683610686919716,0.2316393044500291
CTTTGCGTCATCTGCCx-2,0.7614544808970314,0.23854590143720336
CTTACCGGTGAGGGAGx-2,0.7604196963750386,0.23958067956433224
CTTGGCTAGCCACGTCx-2,0.7081238610645504,0.291876519319238
CTGGTCTAGTATTGGAx-2,0.7612292000212517,0.2387712520980966
CTTCTCTAGATATGGTx-2,0.753277043058682,0.24672334778557797
CTGTTTAAGGTCGGATx-2,0.7590919380668437,0.24090843703207407
CTTTGCGAGGCTATCTx-2,0.7605259867322786,0.2394744292879056
CTTGGCTAGAGCTGGTx-2,0.7522488736769454,0.24775152141724313
CTTACCGAGTCATGCTx-2,0.7511294920711266,0.24887090450785568
CTTGGCTAGGGCTCTCx-2,0.7631814014522986,0.2368189784372907
CTTTGCGAGTACGATAx-2,0.7596742345721147,0.24032613854981563
CTTGGCTAGATCGGGTx-2,0.7052011855799633,0.2947991900460654
CTTCTCTCAATGACCTx-2,0.7575577463329318,0.24244263488052617
CTGGTCTGTGGCGAATx-2,0.762007140547447,0.2379932317841052
CTTCTCTGTATAGGGCx-2,0.7524998671739322,0.24750052208083717
CTTGGCTCAATCACACx-2,0.7272716256355701,0.27272851433580325
CTGTTTAAGCGATATAx-2,0.713239196987879,0.2867611784041597
CTGTTTAAGGCTACGAx-2,0.7506977640774022,0.2493026507457622
CTTACCGTCCAAACACx-2,0.7053121873175328,0.29468819210996966
CTGGTCTAGGCCCTTGx-2,0.7070569664244335,0.2929434078208165
CTTACCGTCCATGAACx-2,0.7505886343570469,0.24941176455113834
CTGTGCTCAAGCGTAGx-2,0.7500852738853524,0.24991512205543465
CTGGTCTAGTGCGTGAx-2,0.7500966537364377,0.24990374968488563
GAAACTCAGGCATTGGx-2,0.7590592828049808,0.24094107316675745
GAAACTCGTACGCTGCx-2,0.7597884792619599,0.24021187884989884
CTTCTCTTCCCTCAGTx-2,0.7523166631631312,0.24768372510624145
CTTACCGTCAGATAAGx-2,0.757191806931977,0.24280857858136892
CTTAACTCACGGCCATx-2,0.752095765810988,0.24790462472952085
CTGTGCTGTAAGGGAAx-2,0.7465902045104437,0.2534101817274702
CTGTGCTGTCGATTGTx-2,0.7505587788125048,0.24944161653137328
CTGTTTATCGGTCCGAx-2,0.7492696492550357,0.25073074345879626
CTTAGGACAGGGTTAGx-2,0.7546169710741416,0.245383421120918
CTGTTTAGTAAGAGAGx-2,0.7602917556242357,0.2397086200438287
CTTAGGATCTGCAGTAx-2,0.7607494537114362,0.2392509198384449
CTGTGCTGTTAAGACAx-2,0.7067083528810528,0.2932920284048069
GAAACTCAGCTGTTCAx-2,0.7617876251299838,0.23821274494709008
CTTGGCTCACCAGGTCx-2,0.751287538102384,0.24871286458915678
CTTAGGAAGATGCGACx-2,0.7614462006403221,0.23855417396922737
CTTAGGATCACCAGGCx-2,0.7310702576665824,0.2689301288713611
GAATAAGTCAGAGCTTx-2,0.7503855200778493,0.24961488778931598
GAAACTCGTCACTGGCx-2,0.7613160665855738,0.23868432813316823
GAAACTCTCAAAGACAx-2,0.758620044369992,0.24138033035251283
GAAATGACATACGCTAx-2,0.7073165009272828,0.29268387581271027
GAATGAACAGACGTAGx-2,0.7016700413022225,0.2983303380204874
GACACGCAGAGTCTGGx-2,0.7511372054472152,0.24886318819378256
GAATGAATCCTTTCGGx-2,0.7607193174216382,0.23928105420065424
GACACGCTCCTAAGTGx-2,0.7591548214454465,0.2408455545790006
GAAGCAGAGTGAAGTTx-2,0.7505844044460119,0.24941598756221608
GAAGCAGCAGATGGGTx-2,0.6810043853387512,0.31899597641639965
GAAGCAGCATGACGGAx-2,0.747051152691424,0.25294924042603917
GAAATGAAGGGAAACAx-2,0.755358479543596,0.2446419058592646
GACCAATGTTGACGTTx-2,0.7465096144117532,0.253490793001602
GAAATGAGTACCCAATx-2,0.7550102942516664,0.24499010060831572
GACACGCTCTTGCCGTx-2,0.7498482943840475,0.25015211205356475
GACCAATGTTGTTTGGx-2,0.7618669284595121,0.2381334593844429
GACAGAGAGGGCATGTx-2,0.761487728754509,0.2385126373075727
GAACGGAAGCTAACAAx-2,0.753166431482113,0.24683378625295846
GACACGCGTAGCACGAx-2,0.7620474749937862,0.2379528908410516
GAATAAGGTAAACGCGx-2,0.7575354220495139,0.24246495952230063
GAATAAGCATGGGACAx-2,0.7503664536676009,0.24963394185781673
GAACATCCACCAGATTx-2,0.7511548107652563,0.24884558465780354
GACACGCTCTTGAGGTx-2,0.8005066822493409,0.19949363410271448
GACCTGGAGTCACGCCx-2,0.7382087069044261,0.26179168450740126
GAACCTAGTGGCTCCAx-2,0.7529915107915124,0.24700889585206642
GACAGAGCAGTATCTGx-2,0.7521931825711241,0.24780721996409602
GAAGCAGGTACCGGCTx-2,0.7596307430672379,0.24036963207702697
GAAGCAGAGCAGGTCAx-2,0.7508778154578354,0.24912258432308515
GAACGGATCAGAGGTGx-2,0.7568283815983996,0.2431719479138696
GAATGAACAGCCTATAx-2,0.6467131309063368,0.35328722212468366
GAACGGAAGTTTGCGTx-2,0.7538843787746692,0.24611601021822185
GAAACTCTCTTTACGTx-2,0.7514066080318261,0.24859379077094287
GACACGCTCCCATTTAx-2,0.7056316214531266,0.2943687582353515
GAATGAAGTGCTGTATx-2,0.7606890220684835,0.2393113550760801
GAACCTATCGCATGATx-2,0.7593310558756109,0.2406693031831631
GAACGGAAGCGATTCTx-2,0.76055337160988,0.23944700424216575
GACAGAGCACTTCTGCx-2,0.7571673973440883,0.24283298669186118
GAAACTCGTCTAGCCGx-2,0.7475234535470292,0.2524769530479429
GAAATGATCTTCGAGAx-2,0.7551295724382983,0.24487082360453202
GACCTGGAGCGATATAx-2,0.7553296910413666,0.24467071573779126
GACCAATAGTGAAGTTx-2,0.7569863491901924,0.24301403840738914
GAATAAGGTCAAAGCGx-2,0.7598591921753193,0.2401411801581477
GACCTGGCATGTCTCCx-2,0.7081263286838586,0.29187405257059607
GAAGCAGCACCTATCCx-2,0.7609534779216909,0.23904693827470563
GAAGCAGCAGCATACTx-2,0.6981995560195838,0.30180082428254423
GAAATGAGTTAAAGACx-2,0.7502334049383489,0.24976699427466098
GAATGAAAGGGATCTGx-2,0.7595745798708831,0.2404257978507829
GACCAATGTTTGTGTGx-2,0.7607835537043871,0.23921681887704896
GAACATCCACATCCGGx-2,0.7632858795913154,0.23671449199519284
GAAATGACACAGGTTTx-2,0.7627244220070579,0.23727597729898472
GAAGCAGCACGAGGTAx-2,0.767008305892212,0.2329920675030934
GACACGCTCTCCAACCx-2,0.7509839768582363,0.24901641191541277
GAACGGAAGGCTCTTAx-2,0.7654893071552158,0.23451107750102038
GACCAATGTTGGACCCx-2,0.7510505792895817,0.24894982084502895
GAACCTAGTATCACCAx-2,0.7506683924670362,0.24933201531947188
GAAATGAGTGTTAAGAx-2,0.7536816703317014,0.246318686822141
GAAGCAGAGAGGTTATx-2,0.7607993458211552,0.23920108488739394
GACACGCCAAGAAAGGx-2,0.7508782240613664,0.24912217881839135
GAAGCAGTCTTGTATCx-2,0.7499074183181094,0.2500929809222649
GAATGAAGTTAAGATGx-2,0.6679809008265176,0.33201945764401125
GACACGCCAGTTCATGx-2,0.7055763377763844,0.2944240406751802
GAATAAGTCATGCAACx-2,0.7614354448137823,0.23856493949218854
GAACGGAAGACTGGGTx-2,0.7503272177873672,0.24967318896098825
GAACATCAGTCCCACGx-2,0.7505203283687153,0.24948006893603997
GAAACTCGTGTGACGAx-2,0.7554732006733931,0.24452718849997185
GACCTGGTCTTGAGGTx-2,0.7597197888211749,0.2402805920940788
GACCAATAGGACACCAx-2,0.7534577200758495,0.24654267468420676
GAATGAACAAGCCGTCx-2,0.7665689889789019,0.2334313863934674
GAATAAGAGTGACATAx-2,0.7601668832754597,0.23983350154200714
GAACATCGTGCCTGCAx-2,0.7643515300346763,0.23564883714619123
GAATGAATCCATGCTCx-2,0.7585342904865695,0.24146608746416973
GAATAAGAGGTGATTAx-2,0.7609831836023337,0.23901719001653224
GAACATCCAGTAACGGx-2,0.7588865732265306,0.24111380129175666
GAACGGAAGCCCTAATx-2,0.7616549093930406,0.23834546220236777
GAATAAGGTTCGGCACx-2,0.7612071887035752,0.2387931852960788
GACCAATCAAAGTGCGx-2,0.7603169201626374,0.23968344461062166
GAACGGAAGAGCTGGTx-2,0.7012101658874966,0.29879020954693
GAAGCAGGTGTGACCCx-2,0.7560549264311439,0.24394545674337811
GAACGGACACTTCGAAx-2,0.7521659848717624,0.24783442026479224
GAATAAGGTGTTTGGTx-2,0.757993277960968,0.24200710628041022
GAAATGAGTAGCTGCCx-2,0.7505494960014671,0.24945090199268902
GACCTGGCATCCGTGGx-2,0.7623964492023927,0.2376039339442579
GACACGCAGGAATCGCx-2,0.7580604966761385,0.2419398147403079
GAAGCAGAGAGTGAGAx-2,0.7065676327719546,0.29343275463303536
GACCAATCAATGGAATx-2,0.7595562596386255,0.24044411679192254
GAAATGAGTGTTCTTTx-2,0.7534889177740274,0.2465114828727963
GACCTGGGTACTTCTTx-2,0.7607094823695332,0.23929089821536068
GAACCTACACTCGACGx-2,0.7011798821656656,0.29882050085372197
GAAATGAAGGTAGCTGx-2,0.7503745882702751,0.24962580719426125
GACACGCGTTATCGGTx-2,0.7632751169925769,0.2367252572616027
GACGCGTAGACACGACx-2,0.7608451078556862,0.2391553100636769
GAATAAGGTGATGATAx-2,0.7504097148102251,0.24959069238070272
GAAGCAGGTATTAGCCx-2,0.7486832361141663,0.25131711876783297
GAACATCGTGTTTGTGx-2,0.7069953239797669,0.2930050541331635
GACGTTACATGCCTAAx-2,0.7634882673750499,0.2365121076838523
GAGCAGAGTCTAAAGAx-2,0.7560358513053301,0.2439645186571211
GACGTTATCATTGCCCx-2,0.7538265647534649,0.24617382686660924
GACGTGCGTGCTTCTCx-2,0.7522662544223839,0.24773413530353627
GACTACAAGAATTCCCx-2,0.7499046198311103,0.2500957747115197
GAGTCCGGTCAAGCGAx-2,0.7037280202140154,0.2962723575693082
GACTGCGTCAGAAATGx-2,0.7505337079869698,0.2494666927724595
GATCAGTAGTGCAAGCx-2,0.7606571249744328,0.23934328583678888
GACGGCTGTCAGCTATx-2,0.7516388727639022,0.24836153026283211
GACGTTAAGAAGATTCx-2,0.750176253361769,0.2498241482826165
GACGCGTTCTCACATTx-2,0.7055515958341657,0.2944487871567289
GACGGCTCATTGGGCCx-2,0.759325081284387,0.2406753091200323
GAGGTGAGTCTTCGTCx-2,0.7637011861308817,0.2362992009359952
GACTAACGTAGGCATGx-2,0.748808917523256,0.25119147482741416
GAGCAGATCCTGCAGGx-2,0.7843423299471423,0.2156580048863929
GAGGTGAGTAGGGTACx-2,0.7040897942762054,0.2959105786472815
GAGGTGATCTGCCCTAx-2,0.7741161749645088,0.22588418577389321
GACGGCTAGATCCCGCx-2,0.7624721525898592,0.23752822525291273
GACGTTAGTGTCTGATx-2,0.7605118808220812,0.23948849385521423
GACGTTAGTTGTGGCCx-2,0.7503540580241631,0.24964634563399615
GACGCGTCACGCCAGTx-2,0.7084005964867054,0.291599784708832
GACTAACGTTTGTTTCx-2,0.7461368099990334,0.25386359453383645
GAGCAGACAAGCTGGAx-2,0.7689829728819094,0.23101739034301466
GACGTGCTCGGTCCGAx-2,0.7573926696592793,0.24260770583434182
GACGTTACAGGTGGATx-2,0.7612619851085056,0.2387384531833518
GAGTCCGTCTTACCGCx-2,0.7507054201578606,0.24929497790323107
GAGTCCGCATGACGGAx-2,0.7141846655546381,0.2858157132978913
GAGGTGATCACCCGAGx-2,0.7503596678532003,0.24964072572535465
GAGGTGATCGCGTTTCx-2,0.7642269939186075,0.2357733827283036
GATCAGTGTATATGGAx-2,0.7500805212689629,0.2499198825269995
GACTGCGTCTCAAGTGx-2,0.7584541164437614,0.24154627581230484
GAGTCCGGTGAGGGTTx-2,0.7055913338444791,0.29440904328411777
GACGCGTTCCGCATAAx-2,0.7501759951749994,0.24982441077629455
GACGTGCCATTTCAGGx-2,0.751834324874735,0.24816606820973536
GACGTGCCATCAGTACx-2,0.6602106335451737,0.33978969909893997
GACGTTAAGTCGATAAx-2,0.7046160810031802,0.295384297262243
GACTACACATCGGGTCx-2,0.6418154760721864,0.358184872718921
GACTGCGTCTTCCTTCx-2,0.7598710963726989,0.24012933610747894
GACGGCTGTCGGCATCx-2,0.7549111076523968,0.24508927883235812
GACTGCGAGGGTGTGTx-2,0.7602902830823098,0.239710092556082
GACGTGCTCTGCGTAAx-2,0.7042157808676814,0.29578460265631074
GACGTTACAAGCTGAGx-2,0.7612480403165955,0.23875232969933619
GACGTTATCGTTACGAx-2,0.7042951361372664,0.29570524012840904
GACGTGCCAAAGTCAAx-2,0.7599943100078391,0.24000603691992958
GAGGTGAAGCGGCTTCx-2,0.7732242426338773,0.22677611783846782
GACTGCGGTCGCCATGx-2,0.7613171878759887,0.2386831791707273
GACTGCGGTGACCAAGx-2,0.7664945058726923,0.23350586423561082
GAGGTGAGTGATGCCCx-2,0.7618119964779452,0.2381883878153721
GACTGCGCAAGTTAAGx-2,0.75943406479638,0.24056628575030398
GAGTCCGAGCACAGGTx-2,0.7584062029517125,0.2415941816430488
GAGCAGAAGGCCGAATx-2,0.7055527310200438,0.2944476499455983
GATCAGTAGATGTGTAx-2,0.756550596573481,0.24344979953800677
GAGTCCGGTAATAGCAx-2,0.7499042107960052,0.25009616919732064
GACGTGCAGCAGACTGx-2,0.7482318931994776,0.25176851117828014
GAGCAGATCCTCAATTx-2,0.7616100429717431,0.23839036371411182
GACGTGCTCCGCGTTTx-2,0.7708991714059974,0.22910119221377884
GACGCGTAGCTATGCTx-2,0.7590033829430284,0.24099699370352048
GAGTCCGAGTACTTGCx-2,0.749585193721524,0.2504152078515735
GATCAGTAGGTCGGATx-2,0.7568522091750686,0.24314817163097754
GACGTTAAGCGGCTTCx-2,0.7080248738468328,0.2919755083708503
GACTAACCATGCCTAAx-2,0.7511901478498955,0.24881023183854076
GACTGCGAGCTTCGCGx-2,0.7561239589993753,0.243876413059445
GACGTGCAGATGTCGGx-2,0.7604307361001383,0.23956964032888173
GATCAGTTCCGAATGTx-2,0.6992528870897384,0.30074749042410076
GAGTCCGGTACCGGCTx-2,0.7609792415280855,0.23902109705199315
GAGGTGATCCGCAAGCx-2,0.7637513079241174,0.23624907888800736
GACTGCGTCGTCTGCTx-2,0.7667519826833287,0.23324837953373376
GACGCGTCAAGGACACx-2,0.7497034791965941,0.2502969160570849
GACGTGCGTCCGCTGAx-2,0.7505046060797708,0.24949579594689114
GACTACATCCTCTAGCx-2,0.7617200662580607,0.23828031034987635
GAGTCCGCACTTCTGCx-2,0.7504010776363137,0.24959931267318636
GAGTCCGTCTGCTGCTx-2,0.7596284509298445,0.24037196576979117
GAGCAGAAGGCAAAGAx-2,0.7607875859266542,0.23921286026204208
GACTACACAAGTTGTCx-2,0.7607592990615233,0.23924112029290895
GACTACATCCCTAATTx-2,0.7051091309458466,0.2948912500464953
GACGGCTAGCAATCTCx-2,0.7609317435692602,0.239068677985551
GATCAGTTCCTCGCATx-2,0.7599150853772596,0.24008529031347248
GAGTCCGTCGGTCCGAx-2,0.7525806612334538,0.2474197327400487
GACGTTAAGCCCAGCTx-2,0.7362697738502244,0.26373035852520016
GACGCGTCAAGTCATCx-2,0.7581933893477631,0.24180699866386576
GACTGCGGTAGCGTCCx-2,0.7027143274206147,0.29728605055034507
GAGTCCGCAATCGAAAx-2,0.7748501439326444,0.22515021439689423
GACTACAAGGTCATCTx-2,0.7519241552503053,0.248076237556425
GAGGTGAAGTCACGCCx-2,0.7561155315256092,0.24388486978898333
GACGGCTCATGCCTAAx-2,0.7541059556266817,0.24589439226486157
GACGTTAAGACCTTTGx-2,0.7601095952380331,0.23989081256877
GACTGCGGTACGACCCx-2,0.7580012717726062,0.24199909762705804
GACTGCGTCTTGTCATx-2,0.757963010758022,0.2420373575599781
GATCAGTTCCTACAGAx-2,0.7534836964986293,0.24651670759229538
GACGCGTCAATGGAGCx-2,0.760979244598841,0.23902112051284147
GACTAACGTGTGAATAx-2,0.760661828211652,0.23933858171891398
GAGTCCGCACCTCGTTx-2,0.7042530857461697,0.29574729419987733
GACTGCGAGCGATTCTx-2,0.7001126340656134,0.2998877456823782
GACGCGTGTATTCGTGx-2,0.7491250356178476,0.2508753622209083
GACTACACAGATGGCAx-2,0.7599148067535634,0.2400855641834378
GAGCAGAAGCAATATGx-2,0.7599559435163417,0.24004443133714126
GACGTGCAGAACTCGGx-2,0.7504357565001012,0.24956465826652377
GCACTCTAGCCCAACCx-2,0.7496501982011692,0.2503502030875376
GATCGCGTCACATAGCx-2,0.7582405613462798,0.24175978272170953
GCAATCAGTTTGTTTCx-2,0.7492922420808776,0.25070815170012173
GATCGATAGCCGTCGTx-2,0.7590405705088468,0.24095980354940935
GATTCAGAGGCTACGAx-2,0.7031163086786806,0.29688407477508294
GATCGCGCAACTTGACx-2,0.7503570644785317,0.2496433302444692
GCACATAGTAGCCTATx-2,0.758547936830011,0.24145240830898376
GATCGATGTTGGGACAx-2,0.7599706866732773,0.24002970616249725
GATGCTATCTCCTATAx-2,0.7073881824580573,0.29261219554748996
GATCGCGAGCTAGGCAx-2,0.7598009220026333,0.2401994434326858
GCACTCTTCCATGAGTx-2,0.7596915878003095,0.24030878751215218
GATTCAGAGTCGCCGTx-2,0.7066564856909654,0.2933438972657134
GCACATATCGCTGATAx-2,0.7603505415512748,0.23964986670702204
GCACATATCGTGGGAAx-2,0.7109634519283418,0.2890369277297246
GATCGCGTCCTGTACCx-2,0.7619037684299809,0.23809664377174528
GCAGTTACATACGCCGx-2,0.7274718517463781,0.2725282915590415
GCAATCATCCTGCTTGx-2,0.7036521725329832,0.29634821528713495
GCACATACACGGCCATx-2,0.7400902411415853,0.25991014917448835
GCACTCTAGCGATAGCx-2,0.7499656105575488,0.25003478654940287
GATGAGGGTCAGAAGCx-2,0.7584572336297475,0.24154314707308924
GATCAGTTCTGCTTGCx-2,0.7584634455638501,0.2415369293627823
GATGCTACACTTGGATx-2,0.7512709053993643,0.24872949221931384
GATGCTACAACTGGCCx-2,0.7502215159046386,0.24977889172367918
GATCGTATCTTGAGACx-2,0.7044951784239881,0.29550520485473464
GATCGATAGATATACGx-2,0.7573688795834153,0.24263149463066128
GATGAAAGTAGCGTGAx-2,0.7599649634875282,0.24003543780629238
GATGAGGTCTCCCTGAx-2,0.7546513973191975,0.2453489696697668
GATCGTAGTCTAGTCAx-2,0.7605429018798134,0.23945747090931338
GCAAACTTCCTGTAGAx-2,0.7590265414384769,0.24097385519765635
GCACATACAGTCTTCCx-2,0.7618320985078777,0.23816833298810997
GATTCAGTCAGTTAGCx-2,0.698148840148177,0.30185153952916016
GCACATACAGTTCATGx-2,0.7025231780677201,0.2974772253154364
GATCGATCATGTTGACx-2,0.7521333487584918,0.2478670479782601
GATGAGGTCCAGATCAx-2,0.7510122881733043,0.24898810710084301
GCACTCTAGGGCTCTCx-2,0.7608582848108809,0.23914214646311766
GCAGCCACAGCCTATAx-2,0.748909887378816,0.25109045518740647
GATCGTATCACTATTCx-2,0.7642231988458779,0.23577716365131107
GCAGCCATCTCAACTTx-2,0.7595552169728828,0.2404451639951259
GATCGCGCATTCACTTx-2,0.7620916384133292,0.2379087364480477
GCAAACTCATTACGACx-2,0.7505091374492718,0.24949125709658238
GATCGCGCAAGCCATTx-2,0.750625269554929,0.24937512633438993
GATGAGGGTACTTGACx-2,0.7506040993860045,0.24939629438711078
GATCGTAAGTTCGATCx-2,0.7583596595259567,0.24164072568300182
GCAGCCAAGGCGTACAx-2,0.6207526908771189,0.37924766789272085
GCAAACTGTTCGTTGAx-2,0.7597515360952208,0.24024884246528144
GATGCTAGTGGGTATGx-2,0.7490114150070415,0.25098898800988073
GATCGATCAGACGCAAx-2,0.7503609314581273,0.24963945411649954
GATGAAATCCTTGGTCx-2,0.7009581591344619,0.2990422189954293
GATTCAGCATTAACCGx-2,0.7511320811984888,0.2488683124147261
GCAGCCATCCCTAATTx-2,0.7499596956065169,0.2500406995521185
GATCTAGGTCACACGCx-2,0.7564347768135433,0.24356562940457413
GCAAACTTCAGTTGACx-2,0.7701890699732393,0.22981129661762134
GATCGTAGTATCAGTCx-2,0.7044562285375305,0.29554415215487356
GCAGTTACACCGCTAGx-2,0.7563158880804741,0.24368449341588164
GATCTAGAGCCAGTTTx-2,0.6937846815402031,0.30621568504254487
GATTCAGGTAGCCTCGx-2,0.7604295667148148,0.23957078009174523
GCAGTTAAGGTGCACAx-2,0.7036581299026795,0.2963422455485533
GCACTCTAGCGACGTAx-2,0.7571350819365092,0.24286528795662524
GATCGTAGTCACAAGGx-2,0.7646053243974935,0.2353950504609701
GATGCTACACCTGGTGx-2,0.7515840100058631,0.24841638579644781
GATGAGGCACGGTTTAx-2,0.7591088342130653,0.24089154371899243
GATGCTACAGATCCATx-2,0.7512501398765998,0.2487502545949073
GATCGTATCACTCCTGx-2,0.7515695576122988,0.24843084435930848
GCAGTTACAGGGTATGx-2,0.7015090775949674,0.2984913066055127
GATCGTACACTTCGAAx-2,0.7626829175310075,0.2373174591667893
GCAGTTAAGTATTGGAx-2,0.7596509584623303,0.24034945656019135
GATCTAGAGACAAAGGx-2,0.7072719622123648,0.2927284188466878
GATCGTATCGACAGCCx-2,0.654876924299835,0.34512344047820787
GCAGCCATCCGTACAAx-2,0.7571377270525054,0.24286265396742945
GATCGATGTACATCCAx-2,0.7583270875548964,0.24167329205356444
GATGCTAGTAGAGCTGx-2,0.7609460810628613,0.23905431097956142
GATCGCGGTTCCACGGx-2,0.749851644452325,0.25014846995805984
GATCGTAGTTGAACTCx-2,0.7477872301223387,0.2522131696940776
GATTCAGAGGTGTTAAx-2,0.7488205905128135,0.25117980708708054
GATCGTACAATGTAAGx-2,0.7662394109596785,0.2337609522588534
GCAGCCATCAATCACGx-2,0.7495283292091554,0.2504720697361302
GATCGCGCAGACGCTCx-2,0.7607595396354851,0.2392408450489448
GCACTCTGTTCCCGAGx-2,0.7029738576304918,0.2970265235655091
GATCGATGTGCCTGGTx-2,0.7589834105582888,0.24101693645086458
GCACTCTTCTCGAGTAx-2,0.7579246990889047,0.24207571956345866
GATGAGGGTTACGCGCx-2,0.7615845656024177,0.23841584070180094
GCAGCCAGTGGCGAATx-2,0.7679107008928923,0.23208966766559952
GATCGCGCACGCCAGTx-2,0.7471783296715601,0.25282204813036074
GATGAAATCACTCTTAx-2,0.7052025206998772,0.2947978540787752
GCAGCCATCTGTCAAGx-2,0.7035933412870191,0.296407042681124
GATCGCGGTCGAGTTTx-2,0.751288272512011,0.24871213457608013
GATGCTAAGGATGGTCx-2,0.7565518876992302,0.2434484949417658
GATTCAGTCACGCATAx-2,0.703640653433926,0.2963597304088322
GATGCTATCAGTGTTGx-2,0.6822084551806188,0.31779189749931436
GATGAAATCGCGCCAAx-2,0.7627498890518917,0.23725050894888958
GATGAGGAGTATGACAx-2,0.7512219441820045,0.2487784517457747
GATTCAGCAGACAAATx-2,0.756616034694285,0.24338434643265125
GCAGTTAGTTACTGACx-2,0.7056872209523828,0.29431315435921734
GATCGATGTCAGAGGTx-2,0.7487837637873384,0.25121663690407803
GCACATACAAGAGGCTx-2,0.7605853960379144,0.23941497347990712
GATTCAGTCGTTTGCCx-2,0.6967874480017199,0.30321292963228025
GATCGATCACATGTGTx-2,0.6499675565416471,0.35003279542322246
GATGAAAGTGAAAGAGx-2,0.7582171683460697,0.24178321129016778
GCATACAAGCTTATCGx-2,0.7513657451738667,0.24863465668564064
GCCTCTAGTTCAGCGCx-2,0.7609972170160682,0.2390031772520712
GCGCAACTCAGCACATx-2,0.7504288873888478,0.24957150329782474
GCATACAAGCCAGTTTx-2,0.7600756478478526,0.23992473464587885
GCGCAACAGGAGTTTAx-2,0.7509426205629836,0.24905777886140465
GCATGCGGTGGCAAACx-2,0.7479694799063107,0.252030919569181
GCGAGAAAGAGTGACCx-2,0.7615883744605131,0.23841200227021597
GCGCAGTAGCTTATCGx-2,0.7579958608590838,0.24200449871080987
GCATGATGTCTAGTCAx-2,0.7503095941681273,0.24969080414656175
GCGACCACACCTATCCx-2,0.7569740650203248,0.24302631283287046
GCGAGAAAGAGTACATx-2,0.7469995388439024,0.2530008580864107
GCGCAACAGCACGCCTx-2,0.7599517726032822,0.2400485922767141
GCAGTTATCCGCATCTx-2,0.7606486295886916,0.23935174933581777
GCATGATAGTCCGTATx-2,0.7292595410750368,0.27074084797262643
GCCTCTATCGGAAATAx-2,0.6757918838211454,0.3242084863925778
GCGCAACTCTCGAGTAx-2,0.7495931332716556,0.25040725796200775
GCATACAGTGCGCTTGx-2,0.7598062885303833,0.24019407110263938
GCATGATTCGTGGTCGx-2,0.6898651499980846,0.31013522649651765
GCATGTACATCCTTGCx-2,0.7082401029904719,0.2917602646248176
GCGAGAACAGCTGCTGx-2,0.7615384996902077,0.23846190812850135
GCATGTAGTGCCTGGTx-2,0.7546425089660843,0.24535787172454296
GCCTCTAGTAAAGTCAx-2,0.6668286009387455,0.3331717708760348
GCATACATCGGTCTAAx-2,0.7481612635550298,0.2518391315400974
GCCTCTAGTCAGGACAx-2,0.7630389649241366,0.2369614075079076
GCATGATTCAGCTTAGx-2,0.7872848342746842,0.21271549976697945
GCGCAACCACTATCTTx-2,0.7625969504410486,0.2374034261405356
GCCTCTATCCGCTGTTx-2,0.7606390338841872,0.23936134166918852
GCATGTAAGAGCTATAx-2,0.7588655039408075,0.24113486837836007
GCATACACACTTACGAx-2,0.7002532417261643,0.29974713417585525
GCGACCAGTCGCATCGx-2,0.7607947216967504,0.2392056811409954
GCATACACACACCGACx-2,0.6970546361563054,0.3029457239561411
GCCAAATCAATAAGCAx-2,0.7598172312293241,0.240183145163556
GCGCAACGTCTGGTCGx-2,0.7502722047242876,0.2497281944338429
GCATGATCACATCTTTx-2,0.7572803084562252,0.24272007709407728
GCATGCGAGAACTGTAx-2,0.7608814418042403,0.23911894668406175
GCGCAACAGAGGTACCx-2,0.7627330993926487,0.23726727572479786
GCGCAGTGTGTTGAGGx-2,0.7611517799866204,0.23884859343053821
GCATGCGCAATAAGCAx-2,0.7521432664565865,0.24785712083116215
GCCAAATCATATGGTCx-2,0.762199087122992,0.23780128736607817
GCCTCTATCTACCAGAx-2,0.7053216770099379,0.2946787013356507
GCGCAGTGTCGATTGTx-2,0.7592441931966747,0.24075617147485834
GCATGATGTCCGACGTx-2,0.7577613223225372,0.24223905116083835
GCGACCAGTGTAACGGx-2,0.6946781078860167,0.3053222791058319
GCAGTTAGTTCGTCTCx-2,0.7653660125768349,0.2346343568643666
GCCTCTAGTTGTCGCGx-2,0.7599804615350649,0.24001994306564187
GCGCAACTCCACGACGx-2,0.7607320953561776,0.2392682823332735
GCATGATGTATAATGGx-2,0.7608520552861301,0.23914836947561083
GCGCAACTCCACTGGGx-2,0.7629613145006147,0.23703906198960586
GCCAAATTCCCTGACTx-2,0.7507488870918292,0.2492515128219921
GCGACCACATTGAGCTx-2,0.7617045687162328,0.23829586718423723
GCATGATAGCCTATGTx-2,0.761070156840211,0.2389302243013417
GCGACCACATAAAGGTx-2,0.7613390138141299,0.23866143354332706
GCGACCACAGATTGCTx-2,0.7503714014620482,0.24962899130625205
GCCTCTACACGCTTTCx-2,0.7592140544207304,0.24078632094197625
GCATGCGCAGAGCCAAx-2,0.7522903853450192,0.2477100115065177
GCGCAACCAAGAGGCTx-2,0.7611410184769635,0.23885939911813217
GCATGCGAGCCATCGCx-2,0.7128089387585853,0.2871914414302039
GCATACACAGTGGGATx-2,0.7508586790603298,0.24914171875881178
GCGCAACCAGCATACTx-2,0.704357914347137,0.29564245953720986
GCATGTAGTTAAAGTGx-2,0.743260215033177,0.2567401845145457
GCGCAACTCATGCTCCx-2,0.7615115082504971,0.23848889605760062
GCGCAGTCATCCTAGAx-2,0.7508886939120765,0.24911170067627642
GCATGCGCACACAGAGx-2,0.7480413065438163,0.2519590850586217
GCATGCGGTGGTTTCAx-2,0.7635823645287184,0.23641803632124914
GCGACCACACCTCGTTx-2,0.7609143229596468,0.2390860861373034
GCATACAGTAGGACACx-2,0.761290416974013,0.23871001044230486
GCATGATAGGTGTGGTx-2,0.7499533896242082,0.25004701025694703
GCATGATCAGGGCATAx-2,0.763987333860984,0.23601304117264374
GCCTCTATCTGGGCCAx-2,0.7602716985570745,0.23972868679661571
GCGCAACCAGCCTTTCx-2,0.7586183344226373,0.24138204488961315
GCATGATCATGTAGTCx-2,0.7173760416504761,0.2826242384115283
GCATGCGGTAGGAGTCx-2,0.7562574008412142,0.24374297453028965
GCCTCTATCCTGCTTGx-2,0.7609300528457755,0.23907033057921676
GCGAGAAGTGGCTCCAx-2,0.7511002337290184,0.2489001659926038
GCGACCAAGCCACCTGx-2,0.7669525963468581,0.23304778702529952
GCCTCTATCAGCTTAGx-2,0.6997432598062098,0.30025711666809257
GCGACCAAGGGCTTGAx-2,0.7611428013704944,0.23885757675362684
GCCAAATCATCAGTCAx-2,0.755009327765581,0.24499104479259168
GCGCAGTCAACTGCGCx-2,0.7058095445861237,0.2941908315751246
GCCTCTAAGACCACGAx-2,0.7601247534479342,0.23987562406571264
GCATACAAGGACAGCTx-2,0.7515904333891571,0.24840972489283264
GCCAAATAGCACCGTCx-2,0.7598361399185687,0.2401642379222657
GCGCAACAGCTCCTCTx-2,0.7508801487427851,0.24912024471150757
GCATGATAGAATTCCCx-2,0.760666375002694,0.23933397483330096
GCAGTTATCGGTTCGGx-2,0.7609553633043561,0.23904501610056192
GCGAGAATCGGTTAACx-2,0.7060524083554948,0.29394797007292395
GCGCAGTCAGGGTTAGx-2,0.7463068943177037,0.25369349465359375
GCATGTAGTTGCGTTAx-2,0.7580808106905514,0.2419195715370064
GCAGTTATCACCCTCAx-2,0.7510694776869666,0.2489309252693919
GCGCAACTCGCGTAGCx-2,0.7618347503625613,0.2381656501310267
GCATACATCATAAAGGx-2,0.7511823526829847,0.24881803210110626
GCATACAAGTGTGAATx-2,0.7503793085538574,0.24962110370696058
GCGAGAATCTTGCATTx-2,0.7605903086783882,0.23941006986955196
GCGCAGTTCCAATGGTx-2,0.7648111879322728,0.23518918497702768
GCTGCGACACGTCAGCx-2,0.7618433573486442,0.23815701493791086
GGACAAGGTATAATGGx-2,0.7085746319468644,0.29142574953383105
GCTGCAGAGACAGACCx-2,0.7497919768037233,0.2502084246083937
GGAATAAAGGCCATAGx-2,0.7605129374515783,0.23948746013056618
GCGCCAAAGTCACGCCx-2,0.7612460828957823,0.23875430984056534
GCTGCTTGTGCACCACx-2,0.7504645997742279,0.24953579828142772
GCTCCTAAGAGCCCAAx-2,0.718102037737197,0.2818983343546938
GCGCGATGTTGACGTTx-2,0.7584810018377054,0.24151936072299926
GCTGCAGAGACTACAAx-2,0.7545854811786057,0.24541490657005244
GCTGCGAGTGGGTCAAx-2,0.7071835243157854,0.29281685815607056
GGAATAATCCCAACGGx-2,0.7049226444733661,0.295077737203907
GCTCCTAAGCGATTCTx-2,0.7511487729522605,0.2488516241461297
GCTCTGTAGGATTCGGx-2,0.7607262109500258,0.2392742058958968
GCTCCTATCCTTAATCx-2,0.7613490379446582,0.23865142293713598
GGAACTTTCTGGCGTGx-2,0.7494050770018689,0.2505953198640995
GCTCCTAGTACTCGCGx-2,0.7540578705584063,0.24594251052488825
GCGCGATTCTTGTCATx-2,0.6971250302972645,0.30287534911843994
GCTCTGTGTTCCGGCAx-2,0.7536819586199309,0.24631844466561104
GCTTGAATCCGTAGGCx-2,0.7072192476161441,0.29278111923287115
GGACAAGTCCACGTTCx-2,0.7561996580852088,0.24380072142905548
GCTGGGTCACAACTGTx-2,0.7606391893591327,0.2393612264164802
GCGCGATGTGAAGGCTx-2,0.7613058384888562,0.23869453811987798
GCTCTGTGTCTTGATGx-2,0.7493315818491747,0.2506688196304077
GGAAAGCAGGATGTATx-2,0.7446207542752988,0.25537964118834555
GCTGCAGGTCACCTAAx-2,0.7609739858049479,0.2390264369836677
GGAACTTGTACAGACGx-2,0.7567106042260016,0.24328977102099725
GCTGGGTAGAGTGACCx-2,0.7049212993543986,0.29507907746010986
GGAACTTGTTCCGGCAx-2,0.7499626797172172,0.250037725509798
GCGGGTTGTCAAGCGAx-2,0.7541454399538786,0.2458549345815883
GCTCCTACAAGTCATCx-2,0.7507792061387887,0.24922118873427943
GCTGCTTAGGTGTGGTx-2,0.7054578359550081,0.29454253883624154
GGAATAAGTAAGCACGx-2,0.7676630758518141,0.23233729617927015
GCGCGATGTTCACCTCx-2,0.7113590695905212,0.2886411755731498
GCTCCTATCGGCGCATx-2,0.7617123529349978,0.23828805570226236
GCTGCAGTCCGAACGCx-2,0.72284350997391,0.27715687694532837
GGACAAGAGAGGGCTTx-2,0.7512289817802106,0.24877141602858083
GGACAGAAGATCCGAGx-2,0.7482960479562074,0.2517043611141844
GCTGCTTCATGCCCGAx-2,0.753026878341657,0.24697352009622417
GGAATAAGTGCCTGTGx-2,0.7611415680923296,0.2388588458477544
GCTCTGTTCAATACCGx-2,0.7506061775504715,0.24939422376606407
GGAATAATCGATGAGGx-2,0.7504667522475028,0.24953365577640552
GCGCCAAGTTGTCGCGx-2,0.7500595063214585,0.24994089371248038
GCGCGATCACATGTGTx-2,0.7093513733593502,0.29064900857927767
GCTCTGTTCGGCATCGx-2,0.7674020245850098,0.23259834493784248
GGAATAACAGCTTAACx-2,0.6653035231343498,0.3346968374886141
GGAATAAGTGATGATAx-2,0.7624345092267443,0.23756587015758554
GCTGCTTAGTGGGTTGx-2,0.7597841418504626,0.2402162163674828
GCGCGATGTTTGTTGGx-2,0.760878950963193,0.2391214287761317
GCGCGATAGTGCGATGx-2,0.7633880209734027,0.23661235275634873
GCGCAGTTCGGAAATAx-2,0.750774696422227,0.2492257021778176
GCTGGGTCATCACAACx-2,0.7078224441718649,0.2921779332284286
GGACAAGTCAAACAAGx-2,0.7613349682736994,0.2386654118041664
GCTGCTTGTGAGGGAGx-2,0.7607057568250849,0.2392946404103305
GCTGCAGCAACGCACCx-2,0.7519083898725631,0.2480920041917008
GGAACTTGTTAAGAACx-2,0.7603897368208473,0.23961067180587933
GCTGCTTTCAGGCGAAx-2,0.7033019052536751,0.29669846934836774
GCGCCAACAAGCTGGAx-2,0.7052044449808321,0.29479593714661634
GGAACTTTCCCGGATGx-2,0.7604604894085266,0.23953988368993848
GCTTCCATCTCTGCTGx-2,0.7836571934182647,0.21634314937326535
GCGCCAAGTCGCGGTTx-2,0.7603726391748237,0.23962770804114386
GCTGGGTGTCTGGAGAx-2,0.750395166091024,0.2496052344390418
GCTCCTACAGTATCTGx-2,0.7512650097482877,0.2487354038993984
GCGGGTTGTTATCCGAx-2,0.7514663320421976,0.2485340743743164
GGAACTTGTTTAGCTGx-2,0.4358282664512357,0.5641719656316215
GCTGCAGGTGTGTGCCx-2,0.7502373975271271,0.24976300192076675
GCTGCAGTCCAGGGCTx-2,0.7126603076258635,0.28734008086771895
GCGCGATAGCCTATGTx-2,0.7607691097305234,0.23923129393133458
GCGGGTTTCGCCCTTAx-2,0.7620239916017618,0.23797638994445178
GCGCCAACATTGGGCCx-2,0.761330903485837,0.2386694960312857
GCTCTGTCAATCACACx-2,0.7490027631891107,0.2509976380497822
GCTTCCATCAGATAAGx-2,0.7560107704115577,0.24398948013901334
GCGCGATCATGCCTTCx-2,0.6898120498355006,0.31018832320926465
GCTGGGTCACAGCCCAx-2,0.7615306172104097,0.23846982266643527
GCTGCAGTCCACTGGGx-2,0.7591718863867052,0.24082850951645757
GCGGGTTCAATCTACGx-2,0.750730113564251,0.2492702921143348
GCTGCTTAGCTCCCAGx-2,0.7608858335035978,0.23911453806622104
GCGCGATCAGTAACGGx-2,0.750501083051212,0.249499311407549
GCTGCAGCAGCTTAACx-2,0.7510981091602221,0.2489020238784847
GCTCTGTTCAACACTGx-2,0.7585486988854933,0.24145167952851906
GGAACTTCAGTTAACCx-2,0.7595241722287096,0.2404762033145189
GCTGCAGGTACCGAGAx-2,0.7514604622593978,0.24853991998259897
GCTCCTACAAGTACCTx-2,0.7578648517312795,0.24213556693098556
GCTCTGTGTATAGTAGx-2,0.7311489022137463,0.2688514855097508
GCTTCCAAGGCACATGx-2,0.762730308242402,0.23727005120086903
GGAACTTAGACTACAAx-2,0.7582984915980203,0.24170188438026427
GCGCCAAGTTTGACACx-2,0.7052240978678956,0.29477627056840816
GCTGCGACATGGATGGx-2,0.7540954775089389,0.24590491598131953
GCTCTGTTCGAACGGAx-2,0.7585569593184909,0.24144341671050523
GCTGCTTGTTCCGGCAx-2,0.7496670261447911,0.2503333809743097
GCGGGTTAGGATGGTCx-2,0.7674564327677871,0.23254393414255142
GGAATAAGTGGACGATx-2,0.748779403597177,0.25122099385949453
GCTTCCATCGACCAGCx-2,0.7623410619064234,0.23765931182610917
GGACAGAAGACAGACCx-2,0.7645422088772305,0.23545816557662555
GCTTCCATCTGCTGTCx-2,0.7577141610278507,0.24228622298215044
GGAAAGCCATTAACCGx-2,0.7498765398839118,0.25012387507447204
GGACAAGAGCCCGAAAx-2,0.7539038800252652,0.24609647450774605
GGACAAGTCGCAGGCTx-2,0.7616438857831596,0.2383565540847411
GGATGTTGTAAGGGAAx-2,0.7614019470734306,0.23859852725240394
GGCGACTTCGCGATCGx-2,0.7608331653872492,0.23916721738164248
GGATGTTAGGCAGTCAx-2,0.7511640939556233,0.24883629893330578
GGCGTGTTCCACTCCAx-2,0.75029121989938,0.24970917665168157
GGCTCGACAAGGACTGx-2,0.7504644707361704,0.24953593305626975
GGACAGACACTGTGTAx-2,0.7554866795026102,0.244513717877691
GGCGTGTGTCAAACTCx-2,0.7628539941811222,0.23714638078893188
GGACGTCCAAGAAAGGx-2,0.7530903316847396,0.24691005881626735
GGCGACTTCGACAGCCx-2,0.7052424122629085,0.294757967852267
GGACAGACATAGTAAGx-2,0.7607986440274022,0.23920173314085463
GGAGCAACATGGTTGTx-2,0.7609030895342009,0.23909729055076856
GGAGCAACACTAGTACx-2,0.7502922479330686,0.24970814669060784
GGCGACTAGAGAGCTCx-2,0.7621506443915513,0.23784973159439057
GGCAATTAGATCCGAGx-2,0.7593070488539411,0.24069331612442954
GGCTGGTCAAACGTGGx-2,0.7507280103748412,0.24927238205914928
GGACAGAGTGATGATAx-2,0.7498794902102732,0.250120912071298
GGAGCAACATCATCCCx-2,0.7580942017512534,0.24190617439203718
GGATGTTGTCCGTTAAx-2,0.7621348565446532,0.23786551770967218
GGACAGAAGTCAAGGCx-2,0.7041248742748623,0.2958755083224169
GGATGTTAGTACGACGx-2,0.7607574441605125,0.23924295135765059
GGCAATTAGTTAGGTAx-2,0.7663522461120359,0.23364813639200174
GGCAATTGTACCCAATx-2,0.7612648346858737,0.23873561705133717
GGCCGATGTAGCCTCGx-2,0.7495164567412844,0.25048394059349194
GGCCGATGTGACAAATx-2,0.7603401273406446,0.2396602528703345
GGCGACTTCGGCGGTTx-2,0.754558985654299,0.24544140504781814
GGATGTTTCCCAGGTGx-2,0.761254826071985,0.23874560436170372
GGAGCAAGTGCGAAACx-2,0.7508531677361188,0.24914724175105077
GGATTACAGGCTCAGAx-2,0.763504527815044,0.23649585507447346
GGACATTAGTCATGCTx-2,0.7590288925456188,0.24097148209704997
GGATTACAGAGTAAGGx-2,0.7019140474944332,0.2980863333230938
GGATTACTCCTTTCTCx-2,0.7611104295181934,0.23888996884620883
GGACATTGTAGCGCAAx-2,0.7493484771237539,0.25065192115663343
GGCCGATAGTATCGAAx-2,0.6806656945545984,0.31933467753308786
GGCGACTAGGTGTGGTx-2,0.7611018438663828,0.23889859690095755
GGCCGATAGTCCCACGx-2,0.7496178640765166,0.2503825309214872
GGACGTCCACGACTCGx-2,0.6801533934141457,0.319846988678362
GGCTCGATCCGTACAAx-2,0.7607762628707487,0.23922411293834367
GGATGTTAGCTGCGAAx-2,0.7036618967252531,0.2963384844401381
GGCCGATTCTCAACTTx-2,0.6973289609258078,0.3026714226162739
GGCGACTCAAGTACCTx-2,0.7023826124476754,0.29761777800659117
GGACATTAGCTCTCGGx-2,0.7501121143295294,0.24988828139040528
GGACGTCTCTGCGGCAx-2,0.7564121096634027,0.2435882813275316
GGACAGATCTGCCCTAx-2,0.7508433733285897,0.24915702601814183
GGATTACTCTTCCTTCx-2,0.7597116675658921,0.2402886966866078
GGACATTAGTGGAGAAx-2,0.761923200766516,0.23807717290699681
GGCTCGAAGGCCATAGx-2,0.7609714430146386,0.23902898149027166
GGATTACGTCTGCAATx-2,0.761306914381651,0.2386934607662124
GGCGTGTGTAGCGTAGx-2,0.749727836993299,0.25027256491484484
GGCGACTGTAAGAGGAx-2,0.7604900451478465,0.23951037839303646
GGCGTGTGTGGCCCTAx-2,0.7693264010626369,0.23067395321176362
GGCGTGTTCGTCGTTCx-2,0.7552882603327379,0.24471212633700104
GGACAGATCTTGCATTx-2,0.7560272232713318,0.24397313472859938
GGACAGAGTTACGCGCx-2,0.7527044656053284,0.2472959219245669
GGAGCAACATCCGTGGx-2,0.6964791454926207,0.30352123045868107
GGCCGATTCTAACTGGx-2,0.7516521513764424,0.2483482430494197
GGCAATTAGAATGTTGx-2,0.703818845705126,0.2961815334286777
GGACGTCAGATGCGACx-2,0.7493614771426326,0.2506389258270782
GGCGACTGTGTCTGATx-2,0.7616404567438507,0.23835996485363808
GGCGTGTGTCGGGTCTx-2,0.7517637533364623,0.24823645026984845
GGACATTTCGGTTAACx-2,0.761630839440715,0.23836954288093903
GGATGTTAGAATTCCCx-2,0.758828942928399,0.24117147941816622
GGCCGATTCCCTTGCAx-2,0.7607192428602705,0.23928114749033785
GGCGACTTCAGGATCTx-2,0.748111581753885,0.2518888043942933
GGATTACAGTGTACCTx-2,0.7631766106498106,0.23682376862483007
GGACATTAGCCGCCTAx-2,0.7500937602954433,0.2499066109905462
GGATTACGTCAGAGGTx-2,0.7055312303838632,0.294469143857016
GGAGCAATCAAAGACAx-2,0.7602369209666971,0.2397634570073589
GGCCGATGTCTGATTGx-2,0.6477588652839751,0.35224149297292034
GGAGCAAAGGTGCTAGx-2,0.762392359925971,0.23760802326234567
GGAGCAACAATGCCATx-2,0.761403911629875,0.2385964667688622
GGACATTGTCAGATAAx-2,0.7298194054580202,0.2701807440516441
GGCTCGAAGCCCAACCx-2,0.7605624824936896,0.23943799172020508
GGCTCGACATCATCCCx-2,0.7057372248440841,0.29426315269734005
GGACGTCTCCAACCAAx-2,0.7593656676946023,0.24063471071971604
GGCGTGTAGCTTCGCGx-2,0.7600397124295931,0.23996066773928013
GGCAATTAGGATGTATx-2,0.753807611595672,0.2461927777664959
GGATGTTCAATCTACGx-2,0.7601107130448899,0.23988970930906833
GGCTCGAGTTCCTCCAx-2,0.7540738645323506,0.2459265186974404
GGACATTTCAGGTTCAx-2,0.7579501812767225,0.24205019217728538
GGATGTTCAGACTCGCx-2,0.7357641161553495,0.26423627303667085
GGATTACAGAGACTATx-2,0.7054598370252958,0.29454054496115084
GGCTGGTAGCGATTCTx-2,0.7491666237299335,0.25083378056969585
GGCCGATGTCAATGTCx-2,0.7051364766572576,0.2948639034028776
GGCAATTCACGGTTTAx-2,0.705547522008358,0.294452841087263
GGCCGATAGGTTCCTAx-2,0.7500633022434545,0.2499370926943701
GGACGTCTCGCCAAATx-2,0.7608169928137313,0.23918339414769269
GGCTCGACAGGGTATGx-2,0.70629150060497,0.29370887966041426
GGACAGACAAGCGAGTx-2,0.7548880494506768,0.24511230052690583
GGATTACGTTGAGTTCx-2,0.749382072562412,0.25061831888788977
GGCCGATGTTCAGGCCx-2,0.6908973237033157,0.3091030559712007
GGACAGAGTAAAGGAGx-2,0.7579794955801016,0.2420208929193891
GGCGACTGTATGGTTCx-2,0.761471937644489,0.23852842969200336
GGCTCGAAGTGAACATx-2,0.7047453012988544,0.29525508101182124
GGATGTTCACAGGAGTx-2,0.7583730758096747,0.24162731288731823
GGATGTTCATCACCCTx-2,0.7634567475048231,0.2365436478788983
GGATTACAGTCGAGTGx-2,0.7534450710883274,0.24655531450851573
GGAGCAATCCGAGCCAx-2,0.7504022384899584,0.24959816913507965
GGTGAAGGTAGAAGGAx-2,0.6629644286297938,0.33703592199038657
GGGCATCGTTCCACAAx-2,0.7630918476509335,0.23690854291821942
GGTGAAGTCTCGAGTAx-2,0.7500004617538379,0.24999993994693492
GGCTGGTTCTCGATGAx-2,0.7520980820321342,0.24790230343294015
GGGAATGTCTTGCAAGx-2,0.7493640979564584,0.2506363030102873
GGGATGACATCGGAAGx-2,0.7600297998014861,0.23997057582840714
GGGCATCCACCTCGGAx-2,0.7472846554175951,0.2527157447450265
GGGTCTGTCAACCATGx-2,0.7651788654074952,0.23482150236188135
GGGATGAGTGTATGGGx-2,0.7607535023360449,0.2392469285575363
GGGATGATCGTCGTTCx-2,0.7299320893441468,0.27006802743361497
GGTGTTAGTGAGGCTAx-2,0.7505874486826757,0.2494129447157276
GGGAGATCAACGATGGx-2,0.7606784510206135,0.23932197632942065
GGTGAAGTCCACGAATx-2,0.7067268850122692,0.29327349656986734
GGGCATCAGTCCGTATx-2,0.7617296620632691,0.23827074331873369
GGGCACTCATCGGACCx-2,0.7050525830953992,0.29494780136913007
GGTGTTACATCACAACx-2,0.7503639968476903,0.24963640392719078
GGCTGGTCACGAAATAx-2,0.7501304211732435,0.2498699842353114
GGGCATCAGTGGGATCx-2,0.7643853018308343,0.23561507082976257
GGGCATCCACCAGGCTx-2,0.7033457405708146,0.2966546375354202
GGGTTGCGTGCGATAGx-2,0.708730963019126,0.2912694214446191
GGTGTTAGTGATAAGTx-2,0.7578271126940458,0.24217324696969272
GGGACCTAGTGACTCTx-2,0.7482923260616123,0.25170806498107506
GGGACCTTCGCAAACTx-2,0.7614986367625339,0.238501750892011
GGGATGAGTATTACCGx-2,0.7053989021246052,0.29460147801152053
GGGAATGGTGTAATGAx-2,0.7615636890078736,0.2384366873250039
GGGCATCCATGCCCGAx-2,0.7605214884506168,0.23947892379085073
GGTATTGTCAGCCTAAx-2,0.7221957477224193,0.2778046399801199
GGGACCTAGTGTGGCAx-2,0.6940316044074194,0.30596875850960353
GGGAATGAGTAGCCGAx-2,0.7622320455416658,0.23776832211134943
GGTGAAGCAGGAATCGx-2,0.762316289341445,0.23768412333641725
GGTGCGTCAGTCACTAx-2,0.6576808421378433,0.3423195206551579
GGTGTTAGTATAGGTAx-2,0.749551657887706,0.25044873786824007
GGGCACTTCAAAGTAGx-2,0.7512797943832772,0.24872059178941952
GGGTTGCTCATGTCCCx-2,0.7516774794549123,0.24832292105739967
GGTATTGGTATAATGGx-2,0.7489479628961224,0.2510524342261876
GGCTGGTCATCCGTGGx-2,0.7533379105022816,0.24666246967228306
GGTATTGGTAACGCGAx-2,0.7507247158551522,0.2492756803320005
GGGCATCCAGTAAGCGx-2,0.76124965161196,0.2387507248815322
GGTATTGTCCTTGCCAx-2,0.7612657973505966,0.23873461753340797
GGGAATGTCATTGCGAx-2,0.7612280854862853,0.23877229600812805
GGGTTGCGTTCCGTCTx-2,0.7519509510414576,0.24804940243538606
GGTGTTACAATGACCTx-2,0.7608175544694447,0.2391828245019551
GGGAGATGTAAGGGCTx-2,0.7582584414245308,0.24174190507634788
GGTGAAGCATCGACGCx-2,0.7614200977820526,0.23858033463427825
GGTGCGTAGGTGATTAx-2,0.7547625761297799,0.24523780909807757
GGGATGACAATCGAAAx-2,0.7291039367236357,0.2708964432762632
GGTGCGTTCGGAATCTx-2,0.7518875025117865,0.2481129081587118
GGTGTTACAATCCAACx-2,0.7840538252231651,0.21594651596255843
GGTGCGTCAGCTTCGGx-2,0.7493447134529082,0.2506556831102466
GGGTCTGAGTGTGAATx-2,0.7475592979062863,0.25244109161656536
GGGAATGTCCCAAGATx-2,0.7141253100304507,0.2858750732181166
GGTATTGTCTCCAACCx-2,0.7540464932093535,0.24595389465957798
GGTGAAGCACCGTTGGx-2,0.7497686390571282,0.2502317214760332
GGTGCGTGTCGCTTTCx-2,0.7043413793430673,0.29565899742048535
GGCTGGTTCCACTGGGx-2,0.7627158831705595,0.23728449618154948
GGGATGACAATACGCTx-2,0.7597646255535037,0.2402357477242008
GGGCATCTCCCACTTGx-2,0.7607060862484466,0.2392943311090455
GGCTGGTCATCCTAGAx-2,0.7602146439010299,0.2397857426485032
GGTGCGTCATTAGCCAx-2,0.7611054160304875,0.23889501079373637
GGCTGGTTCAGCTTAGx-2,0.7602660270231284,0.23973434367439475
GGGTTGCGTGTTCGATx-2,0.7578219827736101,0.24217845390944562
GGGTTGCTCCAAAGTCx-2,0.7501550934124763,0.24984530618885062
GGGTTGCCACACATGTx-2,0.6992396397444919,0.3007607394125796
GGGCACTGTAGGGACTx-2,0.7513347735467164,0.2486656235505597
GGGACCTTCTATGTGGx-2,0.7576987894133906,0.24230158940307897
GGTGAAGTCATCGCTCx-2,0.7606814651969449,0.2393189169075934
GGGCACTCAACACCCGx-2,0.7611143131985709,0.23888607661451924
GGTATTGTCTTTAGGGx-2,0.757539540785468,0.2424608367305365
GGTGCGTGTTCGTCTCx-2,0.7588714625565494,0.24112892462136126
GGGCACTTCTGCGTAAx-2,0.7616780428634631,0.238322332927359
GGGTTGCTCGTAGGTTx-2,0.7610744254320752,0.2389260210347377
GGGCATCCATGCTAGTx-2,0.7496460769175575,0.25035432965556254
GGGTCTGAGATGCGACx-2,0.7602935035915762,0.23970686290073523
GGGCATCTCGAGAGCAx-2,0.7612268491577301,0.238773551219798
GGGACCTCAATGCCATx-2,0.7554490840054914,0.24455129101214718
GGGAGATCAGACTCGCx-2,0.761441894572507,0.23855849291077513
GGGCATCAGTATTGGAx-2,0.7605885010098662,0.23941187379531695
GGTATTGAGGGAAACAx-2,0.7682104957289808,0.2317898670989993
GGGAGATGTACCCAATx-2,0.7592303234429243,0.24077004644218453
GGGATGAAGCTGCGAAx-2,0.7506586547553354,0.2493417508448092
GGGAGATTCGTAGGAGx-2,0.7301453189195898,0.2698550568206997
GGGCACTTCACCGTAAx-2,0.7541365109321874,0.24586369245327605
GGGTTGCCACGGACAAx-2,0.7617812728273383,0.2382190793997503
GGGAATGCACGGATAGx-2,0.7502710246891735,0.24972937429987235
GGTGTTAGTCACAAGGx-2,0.7646507185891528,0.23534966153864073
GGTGAAGTCACTTATCx-2,0.7575093699815236,0.24249100506622306
GGTATTGTCACAAACCx-2,0.627472448854061,0.3725279208199015
GGGAGATTCGGTGTCGx-2,0.7516303498391202,0.2483697372775023
GGTGAAGCATCCTTGCx-2,0.705308312263127,0.2946920686056595
GGTGTTAAGCACACAGx-2,0.754417069346049,0.24558332440890193
GGGAATGCATTTCAGGx-2,0.7592646685217173,0.24073570574648545
GGGCATCCATGGGAACx-2,0.7777461632755688,0.22225418944310815
GGTATTGTCCTGCCATx-2,0.7601767144884319,0.23982365630981212
GGGAGATCAATGAAACx-2,0.7499941892354313,0.2500062229779315
GGGTTGCTCACTTCATx-2,0.75078617445062,0.24921422172821497
GGTGTTACAAACCTACx-2,0.7591094976944235,0.2408908820792632
GGGATGAAGGGCATGTx-2,0.7500037000981378,0.24999670628904322
GGTGTTATCGCGCCAAx-2,0.7613781460324854,0.23862222125429927
GTCACAATCATGGTCAx-2,0.7511945383672981,0.24880586343505054
GTAACTGTCTTGTTTGx-2,0.7505791402583659,0.24942125173158344
GTATTCTAGTGCGTGAx-2,0.7560232096659643,0.24397716516779486
GTCATTTAGTACGATAx-2,0.7480072215036259,0.25199317467153415
GTATTCTAGAGCCTAGx-2,0.7489759238798525,0.2510244743729084
GTAGTCATCAACCATGx-2,0.6892770572615202,0.3107233210708808
GTACTCCTCTGCGGCAx-2,0.7121232722795002,0.287877101257555
GTACTTTTCAACCAACx-2,0.7573167952120762,0.24268359231109513
GTCACGGTCAGGTAAAx-2,0.7603780891112326,0.2396222802168495
GTATTCTTCACTGGGCx-2,0.7061245143088452,0.29387586961083006
GTCATTTAGACTTTCGx-2,0.7620266904375722,0.23797368655880605
GTACTCCAGCAATATGx-2,0.7191600833161862,0.28084027628028135
GTACTCCGTTGGTGGAx-2,0.7594006493018983,0.24059972209935193
GTATCTTTCTGCAGTAx-2,0.7606906873686672,0.23930968640367045
GTATTCTGTACCCAATx-2,0.7649645043314139,0.23503587469740067
GTACGTACACGACTCGx-2,0.70620435811121,0.29379602107869884
GTAGGCCCACATCCAAx-2,0.750694039702175,0.24930635597928283
GTAGTCAAGACCTTTGx-2,0.7505280985468608,0.24947229899406223
GTACGTATCTGCGACGx-2,0.0,1.0
GTAGGCCAGTTAGCGGx-2,0.7503847500345417,0.24961564215054285
GTCATTTAGCGATGACx-2,0.6696986048406268,0.3303017702099795
GGTGTTATCACATACGx-2,0.7514590098254399,0.24854139971596514
GTACGTACAATGGATAx-2,0.5384201250057885,0.461580121853157
GTCACAATCCGCATAAx-2,0.7515507638328727,0.2484496066161264
GTACGTATCTGTGCAAx-2,0.7563015833118757,0.24369880424560714
GTCACGGGTGTTTGGTx-2,0.7584247753056751,0.24157559673277604
GTAACTGGTAGCGCAAx-2,0.7051980271547774,0.2948023553862608
GTACTTTCACAGTCGCx-2,0.7824535791226112,0.21754676864678443
GTCACAAGTGCGATAGx-2,0.7034700610937543,0.29653032989945116
GTAGGCCCAAGCGCTCx-2,0.7515686266277061,0.24843174912604982
GTATTCTCAGTCAGAGx-2,0.6779977201776848,0.3220026589364546
GTAGTCAGTATCAGTCx-2,0.7475981351205448,0.25240204624320495
GTCACAAGTAAACCTCx-2,0.7601592684050931,0.23984113403484725
GTCACGGGTCTCCATCx-2,0.7543252401058085,0.24567516104477305
GGTGTTATCGTGGGAAx-2,0.7085555055945556,0.29144487801726954
GTACTTTTCAGTTAGCx-2,0.6946954416412471,0.3053049226949909
GTATCTTGTTCAGGCCx-2,0.752646762272969,0.24735363228730092
GTATTCTGTTCCACTCx-2,0.7502662566454724,0.2497341477695894
GTACTCCGTGTTGGGAx-2,0.7614059512841851,0.2385944235957138
GTCAAGTGTAGCAAATx-2,0.7586067032152574,0.2413936909360938
GTCACGGTCTTCGGTCx-2,0.7575870647058057,0.24241336081530376
GTAACTGTCCAAACTGx-2,0.7608267993716217,0.23917360313076166
GTACTTTGTATAATGGx-2,0.7604710696506719,0.23952935449859333
GTATTCTGTCGGCTCAx-2,0.7600879028269285,0.23991249073044685
GTAACGTGTAAGTGGCx-2,0.7044200406945849,0.29558032653213717
GTAGTCACAGATCCATx-2,0.7582687880143218,0.24173166298593385
GTATTCTCATTTCACTx-2,0.7572218429246637,0.2427785478853412
GTAGTCACAACTGCGCx-2,0.7006275889338834,0.2993727775310386
GTATCTTCAAGCCTATx-2,0.7039111048027712,0.2960892723757825
GTACTCCAGGTGACCAx-2,0.7613229678171279,0.2386774396244242
GTAGTCACAGCCTGTGx-2,0.7447919032411344,0.25520849949877444
GTAGTCAGTCGCGAAAx-2,0.7516979604659915,0.2483024343255022
GTAGTCAGTTCAGCGCx-2,0.7063781910385495,0.2936221884346663
GTAGGCCAGATGAGAGx-2,0.714420850622666,0.28557952911539963
GTATTCTTCACTTACTx-2,0.7502953512418894,0.24970504181738526
GTAACTGAGACACGACx-2,0.7613616519966053,0.2386387551007461
GTACTTTTCAGTTGACx-2,0.7593795756161981,0.24062079316562404
GTAACTGAGCGTAGTGx-2,0.753843016763123,0.24615734108990242
GTAACTGAGAGTCGGTx-2,0.758013051449702,0.24198731932073372
GTCACGGTCCCAACGGx-2,0.7602155161832973,0.23978484706689016
GTAACTGCAAGTTCTGx-2,0.719096684443262,0.2809036842028861
GTATCTTGTGTCGCTGx-2,0.7601758882981526,0.23982450589154455
GTCATTTAGACTGTAAx-2,0.7598965742125353,0.24010380143091806
GTACGTAAGTGGGTTGx-2,0.7599305068547976,0.24006985454354457
GTAACTGGTAGGCATGx-2,0.7646543488817742,0.2353460204225115
GTACTTTAGGAGTTTAx-2,0.7594443315954775,0.24055608326050057
GTAACGTAGCCGTCGTx-2,0.758186415970302,0.24181397081930725
GTAACTGGTACCGTTAx-2,0.7599815114911952,0.24001886411773032
GTACGTATCTCTGTCGx-2,0.7026548076516631,0.2973455749295063
GTAACGTTCTTATCTGx-2,0.7510901116622721,0.24891026594008667
GTAACGTGTCTCGTTCx-2,0.7585671302283354,0.24143327853668103
GTATCTTCAGGCTGAAx-2,0.7581819855325258,0.24181839746032238
GTAACGTAGCCAGTAGx-2,0.7090385428990056,0.29096181791074804
GTATCTTCATATACCGx-2,0.7607490694114347,0.23925137213773362
GTCATTTCAGGGTATGx-2,0.7565697109478887,0.24343066536114755
GTAGGCCAGGATATACx-2,0.7491762045479095,0.25082418578349935
GTCATTTCACGCTTTCx-2,0.7508119779039396,0.24918842227265314
GTAGTCAAGTCGATAAx-2,0.762123382138293,0.23787699505462676
GTCACAAAGCGTTGCCx-2,0.7610221040543292,0.23897831948372494
GTACTTTCACATCTTTx-2,0.7600997648846125,0.23990061335635363
GTACTTTCAATCGGTTx-2,0.7611439865456194,0.23885644165027675
GTCACAATCGCATGGCx-2,0.7509106199644884,0.24908980306637457
GTACGTATCATAAAGGx-2,0.7611224808284804,0.2388779012664824
GTACTTTGTTCGGCACx-2,0.6643061892969658,0.3356941709860164
GTCACAATCCGTCATCx-2,0.7022616964562264,0.29773868564708933
GTAGGCCTCTTGTCATx-2,0.7530236531140221,0.24697673990583274
GTACTTTTCAGCTCTCx-2,0.7078761752620679,0.2921242026120403
GTCAAGTCAAGGCTCCx-2,0.755987413211798,0.24401295487078206
GTATCTTAGAAGAAGCx-2,0.7553073430351611,0.24469304568715047
GTATTCTTCATAAAGGx-2,0.7499876181305604,0.2500127739442702
GTCAAGTGTGACTACTx-2,0.7508878458200484,0.24911255274863114
GTCACAACATGCCTAAx-2,0.7803241271701198,0.21967622417703564
GTAACGTCATACGCCGx-2,0.7021742253461426,0.297826156155281
GTAACTGTCTACGAGTx-2,0.7495717718449331,0.25042863310114477
GTACTCCTCGACAGCCx-2,0.7614774597053078,0.2385229204266266
GTAACGTAGCACCGTCx-2,0.7595149130998369,0.24048546266192855
GTCTCGTTCAGCTCGGx-2,0.7320863253936887,0.26791406602216505
GTGCGGTTCCCACTTGx-2,0.7610260879745034,0.23897428891040082
GTGCAGCTCGGAAATAx-2,0.7612495374829675,0.238750859790055
GTCATTTTCGCGTTTCx-2,0.7573267063724494,0.24267365573653374
GTGTGCGCACATAACCx-2,0.7578957248241065,0.24210464793452072
GTGGGTCCAGTCGTGCx-2,0.7519989435633909,0.24800144713214103
GTCTCGTTCGGAGCAAx-2,0.7503496299271281,0.24965077549414758
GTCTTCGTCAATCACGx-2,0.7500819216458826,0.24991848342491033
GTGAAGGCACCCTATCx-2,0.7516263695045963,0.2483740316978247
GTGCATATCTGGGCCAx-2,0.7508024539799936,0.24919795157157684
GTGCGGTAGCCAGAACx-2,0.7003819316104817,0.2996184521380622
GTGGGTCAGAGTAAGGx-2,0.7613382211023688,0.23866215736547164
GTGCAGCAGCCTTGATx-2,0.7046539723704776,0.29534640414334234
GTGCGGTTCGCGGATCx-2,0.5286190191858052,0.47138129002201645
GTCCTCACAGCAGTTTx-2,0.7589229914789359,0.24107738387884237
GTCTCGTAGTACCGGAx-2,0.7542591470336725,0.2457412469452176
GTCATTTGTCAGTGGAx-2,0.6443419495115749,0.3556584087373316
GTGAAGGGTCTAGCGCx-2,0.7082870401997616,0.291713339295159
GTGCAGCAGATCACGGx-2,0.7551906396653909,0.24480977006800186
GTCGTAAAGGTTACCTx-2,0.7627284972753016,0.23727188913367192
GTGCTTCGTTAGTGGGx-2,0.7560271709740566,0.24397321258653554
GTGGGTCCAGCATGAGx-2,0.7508720549434228,0.24912834009855445
GTGCATAGTTCGGGCTx-2,0.7608735647044244,0.2391268783805192
GTGAAGGCACATTAGCx-2,0.7689267696726975,0.2310736030295783
GTCGGGTCATGCCACGx-2,0.7604386881800986,0.23956173863516492
GTGAAGGGTCATACTGx-2,0.7597881097690814,0.2402122638805939
GTGAAGGAGGAGTTTAx-2,0.7530247947300264,0.24697553602127428
GTGAAGGTCTCCCTGAx-2,0.7053477557085434,0.2946526259971025
GTGCATAGTTTGCATGx-2,0.7599386870551429,0.24006168930903543
GTCTTCGCATGCCTAAx-2,0.7532660678983336,0.24673430589935688
GTGCTTCGTGTTCTTTx-2,0.7608096687182363,0.2391907447365781
GTGCAGCTCTGGGCCAx-2,0.7597444839783033,0.24025588639075307
GTGAAGGAGCTGCCCAx-2,0.7068746010004592,0.29312577976567333
GTCGTAAGTTACAGAAx-2,0.75004104995107,0.2499593386147408
GTGCGGTAGGCAGGTTx-2,0.7564200144479073,0.24358024046361798
GTGCGGTTCACTTCATx-2,0.7567225207327798,0.24327785476496516
GTGGGTCGTCCATGATx-2,0.7493019897366596,0.2506983977054814
GTCCTCATCGTGGGAAx-2,0.7626588217202608,0.2373415683120604
GTGCTTCCAAGTTGTCx-2,0.6890965752311531,0.3109037923837582
GTCATTTTCTCTGTCGx-2,0.7615960867961292,0.23840427198981165
GTGAAGGAGACTAAGTx-2,0.7583543942007918,0.24164604493353983
GTCGTAATCATAAAGGx-2,0.7499675078595691,0.25003289541001356
GTCGGGTGTGAAAGAGx-2,0.757424231191387,0.24257613879517012
GTGCAGCGTGTATGGGx-2,0.7612251182138624,0.23877532951255787
GTCTTCGGTATTCTCTx-2,0.7635944778160786,0.23640588982763164
GTCGGGTGTCATGCATx-2,0.7577935956422422,0.24220679770242082
GTCTTCGAGCCCAGCTx-2,0.7517818372324814,0.2482185304291419
GTGGGTCAGCCAGTTTx-2,0.7086759306041731,0.2913244219412329
GTCATTTGTACGCTGCx-2,0.7610230345908248,0.23897739420558067
GTCGTAAAGTTAACGAx-2,0.690855161354505,0.309145213729937
GTCATTTTCCTCCTAGx-2,0.7527539074644986,0.24724647688407053
GTCCTCAGTCAAACTCx-2,0.7499603531215602,0.2500400424605837
GTGAAGGCAGCCAGAAx-2,0.749392208831694,0.2506081942153186
GTGAAGGCACTTAAGCx-2,0.7593647163049294,0.2406356644058696
GTGCGGTAGTCACGCCx-2,0.7612894753305582,0.23871090039743487
GTGCTTCGTTGCGTTAx-2,0.7578702867071322,0.24213009955623788
GTGCAGCGTCGAAAGCx-2,0.7641449677082736,0.23585541014906555
GTCTCGTTCTGGTGTAx-2,0.7050235290339953,0.29497685401863233
GTCTCGTCATGCAACTx-2,0.7618618557714789,0.23813853194404314
GTGCATATCCCAACGGx-2,0.7506058506566163,0.24939454994615032
GTGCATATCTACCTGCx-2,0.7623949182054487,0.23760545573222336
GTCTCGTTCTGCTTGCx-2,0.7067766624669864,0.2932237167484054
GTCCTCACAAGGTTTCx-2,0.7494924919956801,0.250507902761875
GTGGGTCTCAGCTTAGx-2,0.7495102027122594,0.2504901856120947
GTGAAGGCAGCTGTATx-2,0.7568195440029548,0.24318083069682547
GTGTGCGCAGCCAGAAx-2,0.7574770019883651,0.24252341115804818
GTGAAGGGTAGAAGGAx-2,0.7615775975998842,0.23842278781516008
GTCTCGTGTCAATACCx-2,0.6882048849607797,0.3117954859744927
GTGAAGGTCGGCGCATx-2,0.7061596313086682,0.29384074647732844
GTCGTAACACGGTGTCx-2,0.7504425743974562,0.2495578183567601
GTCGTAATCCTGTACCx-2,0.7635646397521864,0.23643573533261503
GTCGTAACAAGCGCTCx-2,0.7592116579875051,0.2407887870585738
GTGCATACATCACGTAx-2,0.6521796256946439,0.34782072900399397
GTGCTTCAGCAGCGTAx-2,0.7503430634554203,0.24965733922034417
GTGCAGCCATTTCACTx-2,0.7625427234493167,0.23745764145248924
GTGCAGCTCTAGAGTCx-2,0.7509026521833053,0.24909774320677203
GTCGGGTCACAGGCCTx-2,0.7584757936898886,0.24152458721737902
GTCGTAACACACGCTGx-2,0.7609011236786403,0.23909926945068768
GTCTTCGAGGCCCGTTx-2,0.7050262652313426,0.29497407132586284
GTCGTAATCAAGGCTTx-2,0.7530705176555869,0.24692987017513093
GTCATTTTCGAATGCTx-2,0.6957722704968141,0.30422810683473495
GTCGGGTTCCGTCAAAx-2,0.7529183257894204,0.24708202462537918
GTCATTTGTCTTGATGx-2,0.7611659220103789,0.238834516864854
GTGAAGGTCGAACGGAx-2,0.7495348582672954,0.25046553393083476
GTGCTTCCATGAACCTx-2,0.7359322863696492,0.26406809732534303
GTCGTAATCCTTTCGGx-2,0.7532020496567772,0.246798350386291
GTGAAGGTCTGCCAGGx-2,0.7522660143336832,0.24773437732768086
GTGCATAAGTTACGGGx-2,0.7038554791253357,0.296144902515545
GTCGTAAGTCGAAAGCx-2,0.7028863590040115,0.2971140242964951
GTGGGTCCATGCGCACx-2,0.7512499666761915,0.2487504394371055
GTCTCGTAGGCTACGAx-2,0.7568352187473494,0.24316511425527448
GTCCTCACAATGTAAGx-2,0.6969025645552186,0.30309781622700677
GTGCTTCGTGGACGATx-2,0.7593622610560954,0.24063810720437348
GTCCTCAGTGCAACGAx-2,0.7630850464658381,0.23691531630136722
GTGCGGTGTCGTTGTAx-2,0.7584203226584594,0.24158001721928068
GTGCATATCTGTTGAGx-2,0.7508992503626251,0.2491011419543599
GTCGTAAGTGCCTTGGx-2,0.7504563732168043,0.24954403935788444
TAAGAGACAGCCAATTx-2,0.7612959632517105,0.23870449663003385
TAAGAGAAGAAGATTCx-2,0.7635436427883004,0.23645674188749308
GTTCGGGCATGTCCTCx-2,0.7571569229115973,0.24284345034641985
TAAGAGATCGAGGTAGx-2,0.7613365521296679,0.23866382724505947
GTTACAGTCGCTGATAx-2,0.7660389239189854,0.2339614607020322
GTTAAGCCACAGACTTx-2,0.7508377194093172,0.24916266886734173
GTTCGGGTCTTGTACTx-2,0.7557275026809003,0.24427287722870888
TAAACCGCATACGCTAx-2,0.7591378074653081,0.24086257630796445
TAAACCGGTTGTACACx-2,0.7545763867929824,0.24542401409926085
TAAACCGTCCACTGGGx-2,0.7027559683538934,0.2972444112976023
TAAGAGATCGGTTCGGx-2,0.7608427003056868,0.23915767250797756
GTTTCTATCTGGTGTAx-2,0.7609599521608825,0.23904042890037003
GTTCGGGCACGAAGCAx-2,0.7510002088332602,0.24900019177058427
TAAGAGAGTCTAGTGTx-2,0.7506404337308318,0.24935995532417954
GTTAAGCAGCTTATCGx-2,0.7651878863559732,0.23481248214452766
GTTCGGGGTGCAACGAx-2,0.669049928234931,0.3309504375018237
GTTCGGGCAAGGTTTCx-2,0.7589560327811319,0.24104433022967517
GTGTGCGGTCTGGAGAx-2,0.7053370687341625,0.2946633103931548
TAAGAGAAGAACAATCx-2,0.7045422304069596,0.2954581525243968
TAAACCGAGCGAGAAAx-2,0.7036518850122232,0.2963485064777511
GTTAAGCGTCTTTCATx-2,0.7476937516468157,0.2523063534977119
GTTCGGGTCTCCCTGAx-2,0.7595955064184463,0.24040494885744706
GTTCGGGGTGTTCTTTx-2,0.7553660332182487,0.2446342544843952
GTTCATTAGTCCGGTCx-2,0.7609221597487619,0.23907828066893538
GTTTCTAGTTCCACGGx-2,0.6940901200041582,0.3059102571588983
TAAGAGACAAAGTGCGx-2,0.7584124722837252,0.24158792309636573
TAAACCGCACGGCTACx-2,0.6456440396082169,0.35435631078504914
TAAGAGAGTGAGGGTTx-2,0.7496152560791792,0.2503851446543785
GTTACAGCACTGTCGGx-2,0.7590490157863942,0.24095137775350944
GTTTCTATCTGCTTGCx-2,0.7540141823201657,0.2459862073839364
GTTAAGCTCTGCTGTCx-2,0.7522601560677971,0.24774013026696895
GTTCATTAGATTACCCx-2,0.7624073880574155,0.23759298239051002
TAAACCGGTGGACGATx-2,0.7592962033844582,0.24070421285100782
GTTCGGGTCTCGTTTAx-2,0.7504993094048995,0.24950108533925494
GTTACAGAGCATGGCAx-2,0.7501950227525183,0.24980537339098316
GTTCTCGGTCTAAAGAx-2,0.761871412763307,0.23812898040989045
GTTAAGCTCCGAAGAGx-2,0.7489075457552392,0.25109284306282836
GTGTTAGAGTAGGCCAx-2,0.7053359714728157,0.2946644100421096
GTTCATTTCAAGAAGTx-2,0.7600214911405998,0.23997888256420535
GTTCGGGAGGGTATCGx-2,0.7048208149908942,0.2951795652187529
GTTCATTTCCTGCAGGx-2,0.7575298507103281,0.24247050839456727
GTTTCTACAATCCGATx-2,0.7598616693455293,0.2401386971242289
GTTACAGGTTGATTCGx-2,0.7521981420470762,0.24780217829650866
GTGTGCGCATCCTAGAx-2,0.7050864328713097,0.2949139495371595
GTTCTCGGTTGCTCCTx-2,0.7510796322847101,0.24892075552206738
GTTCTCGTCTCCCTGAx-2,0.7603932111218787,0.23960723208889048
GTTCTCGGTTCCACAAx-2,0.7248998366631744,0.2751005578589258
GTGTGCGTCGTTTGCCx-2,0.704115175772818,0.29588520580351974
GTTTCTAGTTAAGACAx-2,0.7612788856596127,0.23872157610213385
GTTACAGGTATCACCAx-2,0.7596386907787248,0.24036169837784285
TAAACCGCACGCTTTCx-2,0.7029168559688795,0.2970835264829883
TAAGAGACATTCCTGCx-2,0.7043010007289957,0.2956993774255024
GTGTTAGGTTACGCGCx-2,0.7593960534606219,0.24060437890674646
GTGTGCGGTGGCCCTAx-2,0.7079265597102786,0.2920738178701823
GTTCGGGGTCAACATCx-2,0.750456069493954,0.24954433505676687
TAAACCGTCGGTCCGAx-2,0.7506832972609369,0.24931711022076222
GTTCTCGGTAGCCTCGx-2,0.70851961688895,0.2914807665922424
GTGTGCGGTCTCGTTCx-2,0.7519593301664095,0.24804106196321093
GTGTGCGGTTAAAGTGx-2,0.7614973913987882,0.23850307815547986
GTTCATTCACCCATGGx-2,0.7514369777433489,0.24856341710428614
GTGTTAGTCCAGGGCTx-2,0.6811283032595274,0.31887204042027323
GTTCATTCACGTCTCTx-2,0.6907514254030834,0.3092489481916063
TAAACCGGTTACTGACx-2,0.7044011185736406,0.2955992659161883
GTTACAGTCTATGTGGx-2,0.749844425001464,0.2501559738360595
TAAGCGTAGAAAGTGGx-2,0.7038098825157357,0.29619049796633357
GTGTGCGGTATTACCGx-2,0.7054413358006728,0.29455904128329435
GTTTCTAAGCTGAAATx-2,0.7608861217437912,0.23911428948688931
GTTCGGGGTCGTCTTCx-2,0.7601934916030634,0.2398068850973161
GTTCGGGAGTGTTGAAx-2,0.7490382904424897,0.2509621121494775
TAAACCGAGTGCCATTx-2,0.7620700000364616,0.23793038893205676
GTTAAGCAGGCGACATx-2,0.6975337301789704,0.3024666495976602
GTTCTCGTCGGCGCATx-2,0.7525855728874189,0.24741482425359052
GTTACAGCAGTATAAGx-2,0.7089955521805048,0.29100475765363676
GTGTGCGCATCACAACx-2,0.7614662180851107,0.23853423333596965
GTGTTAGCATGGTAGGx-2,0.751290543096155,0.24870985903730222
TAAGCGTCAAACGTGGx-2,0.7438974760836414,0.25610292841855364
TAAACCGAGAGGACGGx-2,0.7562291737624075,0.24377123804457018
GTTACAGTCCGATATGx-2,0.7057835637851236,0.29421681502646047
GTTTCTACATGCATGTx-2,0.7515270947698756,0.24847328017900952
GTTTCTATCGAATGGGx-2,0.7601056970374956,0.23989468741422848
GTTTCTAAGTGTACCTx-2,0.7593129194701302,0.24068745598813568
GTTCATTCAAGTCTGTx-2,0.7607138287100349,0.23928658229780117
GTGTTAGCATTTGCCCx-2,0.7667393614761218,0.23326101208537045
GTTTCTACAATGGTCTx-2,0.7473623192486138,0.25263807842115776
GTTACAGCAAGTACCTx-2,0.7578372157865516,0.24216315876399677
GTGTTAGCACTAAGTCx-2,0.0,1.0
GTTACAGCATGGGACAx-2,0.7566318533752892,0.24336852555719568
GTTTCTAGTGGTACAGx-2,0.7499561904583681,0.2500441987730924
TAAACCGCATAGGATAx-2,0.7612102743078217,0.2387901043921493
GTTTCTAGTTCGGCACx-2,0.7631404875499411,0.23685988383982196
TAAGAGAGTAAGGATTx-2,0.7614602126969515,0.23854020644093327
GTGTGCGCAGGTGCCTx-2,0.7609631913075463,0.23903717181211298
TAAGAGATCTGCGTAAx-2,0.7611049786142944,0.23889543643435326
GTTTCTACAGCGTCCAx-2,0.7430359597854639,0.2569644421410763
TACACGACAAAGGTGCx-2,0.7012972745251952,0.29870310251216664
TACACGAGTCGCATATx-2,0.7620856784310063,0.2379146925107218
TACTCGCGTACATCCAx-2,0.7785495189771554,0.22145082933656032
TACTCATAGATCACGGx-2,0.7620438637053695,0.23795651042433302
TACACGACAATCCAACx-2,0.7608451013710389,0.23915534712757205
TACTTGTCAAGACGTGx-2,0.7587659231512796,0.24123449858662685
TACTCGCGTCGCGAAAx-2,0.7607899562730733,0.23921041408431398
TACGGGCAGCGTGAGTx-2,0.7604779195076553,0.23952245610465794
TACTCGCAGGATGCGTx-2,0.7616925874654551,0.23830781645236945
TACAGTGAGCCCAGCTx-2,0.7609073274531332,0.23909304769310116
TACCTATGTTGCGCACx-2,0.7506129342063347,0.24938747136631798
TACGGGCCAAAGAATCx-2,0.7502218536261023,0.24977853615346
TACTCATAGACTAGATx-2,0.7459207718641936,0.25407960991997247
TAAGTGCCACTGTGTAx-2,0.765198322472061,0.2348020577541576
TACTCGCTCTACTTACx-2,0.7570234797524504,0.24297689588787996
TACCTTAAGTAGTGCGx-2,0.7608995324518784,0.2391008536075719
TACGGATGTTGTTTGGx-2,0.7614211802507591,0.23857919521063312
TACAGTGCACCTCGGAx-2,0.7501222864740877,0.24987812299361575
TACTCATAGAGGGATAx-2,0.7063541569656185,0.2936462277502118
TAAGTGCAGAAGGCCTx-2,0.7603753415200438,0.23962503205633656
TACCTATCAGTCGTGCx-2,0.7530148086764139,0.24698558357293765
TACACGAAGTATTGGAx-2,0.7621883191177441,0.23781206508242897
TACGGTAGTCTAGGTTx-2,0.7512152215313673,0.24878517911831202
TAAGTGCAGATGTTAGx-2,0.7610825424847748,0.2389178457080331
TACAGTGAGCGTTGCCx-2,0.7589708826438457,0.24102948662939022
TACGGTAAGACAATACx-2,0.751382404028357,0.2486179944952353
TACGGATCACCGGAAAx-2,0.7495489908582325,0.25045140539442023
TACCTATTCAAAGTAGx-2,0.7599167952059309,0.2400836209019473
TACGGATAGGCCGAATx-2,0.7513190173820937,0.2486813841545573
TACTTACGTTTGGCGCx-2,0.75000816802368,0.24999222693301887
TACACGATCATTTGGGx-2,0.7520696121543772,0.2479307826519398
TACACGACAATGTTGCx-2,0.7621972639701149,0.23780311160269807
TACCTATTCCAAACACx-2,0.7584380246742424,0.2415623554651134
TACGGGCAGGCTAGGTx-2,0.7503690176000225,0.24963137908027175
TACCTTACATTCTCATx-2,0.7614685710904309,0.23853191583075076
TACACGACATCCAACAx-2,0.7507800774862906,0.2492203197050349
TACACGAGTATCACCAx-2,0.7543035232665835,0.24569664237385305
TAAGCGTGTGACTCATx-2,0.7546206551762081,0.2453797256818306
TACGGGCTCCGAACGCx-2,0.7555650136214407,0.2444353408130751
TAAGCGTTCATGCAACx-2,0.704748686895995,0.29525168315356726
TACTCATGTCAGAATAx-2,0.7607753272354941,0.23922505117940035
TACGGGCCATTACGACx-2,0.7000060517742228,0.2999943313237337
TACTCATGTGAACCTTx-2,0.7622316603463735,0.23776871114658377
TAAGCGTCAGTAAGCGx-2,0.755061836223272,0.24493854359889772
TACTTGTCACACATGTx-2,0.76128255279327,0.23871782682073914
TACTCGCCAGGGTATGx-2,0.7607506318543377,0.23924979686835646
TACCTATCACCACCAGx-2,0.7502923042755545,0.2497081026401437
TACCTATAGGGCATGTx-2,0.7511496815412111,0.2488507152714754
TACGGATGTTTAGGAAx-2,0.7595907968277291,0.2404096403116744
TACGGTAGTAAATACGx-2,0.7590705332647475,0.2409298476047227
TACGGTACACCCATTCx-2,0.750815453423769,0.24918491718578697
TACCTATAGACACTAAx-2,0.7504951757463295,0.2495052197617359
TACGGGCCAATGGAATx-2,0.7011520487402065,0.29884833260648797
TACTCGCCAGCTCGACx-2,0.7530969372836277,0.2469034555775601
TACGGGCCAGATGGGTx-2,0.7601163934134595,0.2398839801153449
TACGGGCTCACTTCATx-2,0.7604997354436418,0.23950065423063394
TACTTGTCAAGCCGTCx-2,0.7505737387261936,0.24942667106255023
TACACGACAGCTTCGGx-2,0.7565405247717796,0.24345984051959524
TACCTTATCGCCAAATx-2,0.7567521774590255,0.2432480985279832
TACTCGCTCCGTAGTAx-2,0.7640123756797201,0.23598800467217954
TACTTACCAGACAGGTx-2,0.7009937541932926,0.2990066284039824
TACGGTAAGTCGAGTGx-2,0.751097686514716,0.24890269752385338
TACTCATGTAGCGTCCx-2,0.7493811603626992,0.2506192458397768
TACAGTGGTTTGTTGGx-2,0.7560582767247688,0.24394195831906595
TACGGGCTCGGATGGAx-2,0.7588756934591405,0.24112469781823762
TACCTATAGCCACGTCx-2,0.769436687167266,0.2305636844869104
TACGGTAGTTGATTGCx-2,0.7582260427969756,0.24177438780647717
TACTCGCTCTGGGCCAx-2,0.7531623842638373,0.24683799144551977
TACGGGCTCCGTCATCx-2,0.7558720364982398,0.24412834871376868
TACACGATCACTATTCx-2,0.7093095179979235,0.2906908631082104
TACGGATGTAGTAGTAx-2,0.7597563115005384,0.24024406628436143
TACAGTGTCTGCGTAAx-2,0.7589971556394948,0.24100323249503
TACCTATTCATCTGCCx-2,0.75012354305091,0.24987685382061456
TACTTACAGCTAAGATx-2,0.7592246624357594,0.24077568638642463
TACCTATGTAGCTCCGx-2,0.7622263904979437,0.23777398521420298
TACACGAAGCAGGTCAx-2,0.7577491290774555,0.24225128883095925
TACGGATGTTGGTGGAx-2,0.7576589265260817,0.2423414392793265
TACTCATAGAGATGAGx-2,0.7608604505965071,0.23913998339630624
TAAGTGCAGGTACTCTx-2,0.7509968043672652,0.24900359008665882
TACTCATTCTGGAGCCx-2,0.7609074758984394,0.23909300216301732
TAAGTGCGTTTGGCGCx-2,0.6816105494600014,0.3183898228899909
TAAGTGCTCATAGCACx-2,0.70501697438058,0.29498339404545154
TACCTATTCGGCGCATx-2,0.7612155737230534,0.23878483293097927
TACCTTAGTATAGGGCx-2,0.756946916077605,0.24305345844227808
TACCTATCACATCCGGx-2,0.760555323918228,0.2394450517224621
TACGGTACACATTAGCx-2,0.7067744822587413,0.2932258863323011
TAAGTGCGTGGCGAATx-2,0.7584177368235557,0.2415826554193605
TACCTATCATACGCTAx-2,0.7518010296966137,0.24819936754218555
TACTCATGTATTCGTGx-2,0.7636312600660454,0.23636911799433502
TACGGTATCGCGCCAAx-2,0.7554095307955812,0.2445908515976736
TAAGCGTTCGATAGAAx-2,0.7032635492235515,0.29673678236290674
TACAGTGTCAGCCTAAx-2,0.7501658174037907,0.24983457225190245
TACTCGCCATCCTAGAx-2,0.7593527118567338,0.24064766305378335
TACTCATTCTGATACGx-2,0.7313355397499957,0.26866484875113134
TACTCGCCAAATACAGx-2,0.7597249586513142,0.24027541981849657
TAAGCGTGTCAAACTCx-2,0.765042379934452,0.2349579901353249
TAAGTGCCATGTTGACx-2,0.7581242239249201,0.24187612266844408
TACGGTATCTGGTATGx-2,0.7594982801950955,0.2405020966916443
TAGACCAGTGAAATCAx-2,0.7498339335435488,0.25016645665793374
TAGTTGGTCACTTACTx-2,0.7585443871088535,0.24145599025198491
TACTTGTTCCAAGTACx-2,0.7591181682483061,0.24088220454164497
TATCAGGAGACGCAACx-2,0.7580312705980663,0.24196910293118173
TATCAGGAGCAGCCTCx-2,0.7043165818131152,0.29568379795837846
TAGGCATCAGCCAATTx-2,0.6891970805359037,0.3108032969213273
TAGTGGTCATCCGTGGx-2,0.7520655159706914,0.2479348721034882
TAGACCACACAGGCCTx-2,0.7503012626108411,0.24969914244517033
TATCTCAGTACCAGTTx-2,0.7502395466547611,0.24976085502692152
TAGGCATTCAAAGTAGx-2,0.7502339252336431,0.24976647865451854
TAGTTGGAGGGAGTAAx-2,0.7570486257374858,0.24295180030188204
TCAACGACAAACGCGAx-2,0.6789837401528085,0.3210166090845384
TACTTGTGTCAGAATAx-2,0.7592899430249986,0.24071042172918783
TATCTCACACCACGTGx-2,0.6981406332275133,0.3018597475818401
TATCTCAGTGTTGGGAx-2,0.7507564595861858,0.2492439460665663
TATGCCCCAGCGAACAx-2,0.7306055590411829,0.2693945695268522
TATTACCGTGTTTGTGx-2,0.7504801267690414,0.2495202584298072
TAGTGGTAGGCGATACx-2,0.752056425282248,0.24794397103356922
TATGCCCCAAGTTCTGx-2,0.7643992711774726,0.2356011059020399
TATCAGGCAGTCCTTCx-2,0.7542656991160878,0.24573467705981827
TAGGCATCACCCATGGx-2,0.7499562367102154,0.2500441638056829
TAGTGGTGTCGAACAGx-2,0.7504905348504368,0.24950986741811798
TAGACCAGTAGCGATGx-2,0.7512719086819986,0.2487284721977487
TAGAGCTTCCTAGTGAx-2,0.7608295500812748,0.23917082015712404
TAGGCATTCTGATACGx-2,0.7600160729927814,0.23998429957751394
TATCAGGAGCGGCTTCx-2,0.7553363781705046,0.24466401449129907
TATTACCGTCAATGTCx-2,0.7624109424565074,0.23758942289944937
TATCAGGAGGAACTGCx-2,0.7588057043261227,0.2411946583618974
TAGAGCTGTATGCTTGx-2,0.7512800154500573,0.24872034524867592
TATTACCCACCGATATx-2,0.7488943528072632,0.2511060454971164
TATGCCCGTGGACGATx-2,0.7617433855190288,0.23825699046959026
TATGCCCGTTCGGCACx-2,0.7591354115345277,0.240864966980314
TAGGCATTCGCATGGCx-2,0.7524337077789688,0.24756667874884564
TATGCCCGTTATCACGx-2,0.7185824719511343,0.28141791545434447
TAGTTGGAGTTTAGGAx-2,0.7585231860264959,0.24147722701061836
TAGTGGTAGCTGTCTAx-2,0.6992927191570862,0.3007076621582383
TAGAGCTCATAGAAACx-2,0.7563471002612265,0.24365328372197073
TATCAGGTCTGATTCTx-2,0.7488916550746455,0.25110874033681996
TACTTGTCACGAAATAx-2,0.7631537885643387,0.23684659262838698
TAGTTGGTCAGGTAAAx-2,0.7580857767374428,0.24191461098961367
TAGTTGGCATATGAGAx-2,0.7455252294517939,0.2544751514024227
TAGCCGGGTAAGGATTx-2,0.7501212939504353,0.24987877975511338
TAGGCATCAAGCGCTCx-2,0.7473707569563383,0.25262964244699143
TAGGCATTCCATGCTCx-2,0.7548503264364647,0.24515006739943646
TCAACGACACCCATGGx-2,0.7608289884977637,0.23917139154247602
TAGTGGTGTTGCTCCTx-2,0.750342769498088,0.24965762980247816
TAGTGGTGTGGGTATGx-2,0.6962924052016924,0.3037079795629582
TAGTGGTGTAGCGTAGx-2,0.7515039411914718,0.2484961999100477
TATTACCAGATATGGTx-2,0.7504068809866055,0.24959352969299584
TATCAGGCAGCCTGTGx-2,0.7596622870490164,0.24033809582488627
TATCAGGGTCGACTATx-2,0.7581393515986206,0.24186105442647696
TAGAGCTCAGTCAGCCx-2,0.7052386370018922,0.2947617452458988
TAGAGCTAGGGCTTCCx-2,0.7585085319475159,0.24149186980347542
TATTACCAGGTTACCTx-2,0.7506208706225599,0.2493795335751826
TAGCCGGGTAAATGTGx-2,0.7484659171032833,0.2515344807494527
TAGGCATGTAAAGGAGx-2,0.7583867940679763,0.24161364456603773
TATCAGGAGAGGTAGAx-2,0.7621281958187439,0.23787218924747758
TAGAGCTCACGAGGTAx-2,0.7497755228116221,0.25022488659206776
TAGCCGGCAGCCACCAx-2,0.7613432761018519,0.23865710113396824
TATCTCATCGGTGTTAx-2,0.7546112659772444,0.24538911439054212
TAGCCGGGTAGTAGTAx-2,0.7550524392273956,0.24494779321176466
TAGACCAAGCTCAACTx-2,0.7026024728471835,0.2973979042565034
TAGTGGTTCACTATTCx-2,0.7559026058145035,0.24409777728718332
TCAACGACAACGATCTx-2,0.760774659049272,0.23922570582915129
TATTACCAGGAGTCTGx-2,0.749468604799598,0.2505317939415528
TAGCCGGGTCTCCACTx-2,0.7604741486236933,0.239526226551831
TAGTTGGTCAACTCTTx-2,0.7508223348789302,0.24917806968363515
TCAACGACAAGGTGTGx-2,0.7609812461738873,0.23901913043037495
TCAACGACAGTCCTTCx-2,0.7575248806333181,0.24247550404999949
TATCAGGCACGGTAGAx-2,0.7578222996222987,0.24217812987703818
TAGTGGTTCGTAGGTTx-2,0.6929950804891601,0.3070052987938913
TATTACCCAGCTCGACx-2,0.7614429288207295,0.23855745481364735
TAGAGCTTCCTCTAGCx-2,0.7614153919719758,0.23858498388692034
TATGCCCGTACCGCTGx-2,0.748095054938885,0.2519051349754782
TAGTTGGGTAGCGATGx-2,0.656234928643158,0.34376543842557267
TAGCCGGTCTGTACGAx-2,0.7544218943993122,0.2455784911636536
TATCTCATCTCGCATCx-2,0.7614756692903957,0.23852470513252302
TAGCCGGAGTGCTGCCx-2,0.7503060498438983,0.2496943508230228
TATCAGGGTTATCGGTx-2,0.7613960381364203,0.2386043486612685
TATTACCGTCTCCCTAx-2,0.7053582822768295,0.2946420975161463
TAGCCGGGTAACGACGx-2,0.7463877047248842,0.25361268319233565
TATCAGGAGCGTCAAGx-2,0.7634416275049208,0.23655875616367522
TACTTGTCATGTAGTCx-2,0.7516348202592061,0.248365574927962
TAGACCAGTCATACTGx-2,0.7595936945767257,0.24040669554774857
TAGACCATCCGCAGTGx-2,0.6971385183849133,0.30286186093933337
TAGGCATAGGAATGGAx-2,0.7682971276734172,0.2317032317873298
TAGAGCTCATGGGACAx-2,0.7588773482562168,0.24112304605609444
TATGCCCAGTTGAGTAx-2,0.7602928834876909,0.23970749048570686
TATTACCAGGACATTAx-2,0.6896524974308802,0.3103478759772606
TAGTGGTGTCTAGCCGx-2,0.7618466716317033,0.23815371048439635
TAGACCAGTGACGGTAx-2,0.7562986613182573,0.2437017030032104
TATCTCAGTTGGTAAAx-2,0.7618185694936888,0.238181836460794
TCAACGACAGCGAACAx-2,0.7596156265124537,0.2403847310379077
TAGAGCTAGCCCAATTx-2,0.7196314854213482,0.28036889043353036
TATGCCCAGAATGTGTx-2,0.7573246213870057,0.24267575295941216
TAGTGGTGTGCAGACAx-2,0.6926712262767456,0.30732914316290594
TATGCCCAGGCTCATTx-2,0.7600093216673561,0.2399910538738982
TCATTACAGGGATACCx-2,0.7502379715940153,0.2497624214221667
TCAGCAACAAACGCGAx-2,0.7604483988203558,0.2395519734518565
TCAGGTAAGTGTTAGAx-2,0.7622687833676113,0.23773159362988722
TCAGATGGTTATGTGCx-2,0.761172569226806,0.23882784061237705
TCAGCAAGTTGCGCACx-2,0.7512365571895084,0.24876384366676857
TCACGAATCCTCAACCx-2,0.7595804867997876,0.2404198908972945
TCAGGATTCAGCACATx-2,0.7628564968138238,0.2371439211614697
TCATTACTCATTTGGGx-2,0.7585142720720363,0.2414861031755335
TCAACGATCGCCAGCAx-2,0.759221339020264,0.24077902870120316
TCCACACCATTCCTGCx-2,0.744441399751286,0.2555589945248281
TCACAAGCATGGTCATx-2,0.7646965094439507,0.23530386289561941
TCAGCAAGTCATCCCTx-2,0.7301844089537728,0.2698159800741297
TCCACACAGCTGCCCAx-2,0.7573405870993416,0.24265983094326274
TCAGCTCGTTTGTTTCx-2,0.7607760824890498,0.23922430095805958
TCAATCTGTTGATTGCx-2,0.6764246512265255,0.3235757112010591
TCATTACAGGGCTTCCx-2,0.7624242157512312,0.2375761537938237
TCAATCTTCTGATACGx-2,0.7606785432883443,0.23932184932510583
TCACGAATCCAGGGCTx-2,0.7632915382834754,0.23670884480519003
TCAATCTTCCGAAGAGx-2,0.7586177318611474,0.24138264792343628
TCAGCTCGTACGACCCx-2,0.7494555309166989,0.2505448653740818
TCAGATGCAACGATCTx-2,0.705711085034028,0.29428929528285913
TCAGGATCACCGCTAGx-2,0.7493376023988308,0.2506627953022259
TCAGGATCATTCTTACx-2,0.7584212752974188,0.24157909939708289
TCACAAGTCGAGCCCAx-2,0.7584844573845182,0.24151593161637713
TCACAAGGTTCTGTTTx-2,0.7508499388283433,0.24915046239267513
TCCACACCACATGGGAx-2,0.7633779619117075,0.23662240948226756
TCATTACCAGACGCTCx-2,0.689260765246991,0.31073961021602164
TCAGCTCGTTTAAGCCx-2,0.7560542974950455,0.24394610305837724
TCAGGTATCCAGGGCTx-2,0.7050143599539811,0.29498601762466536
TCAGATGGTCCTCTTGx-2,0.7608603038119381,0.2391401078181162
TCAGGTAAGGGAACGGx-2,0.75112789148182,0.24887249792906888
TCACAAGAGTATTGGAx-2,0.7598280263035635,0.24017235714866775
TCACGAACAAGAAAGGx-2,0.7016315202654485,0.2983688600715055
TCATTTGCAGGACCCTx-2,0.7044959977386551,0.29550437739546764
TCACAAGAGCTCCTTCx-2,0.7000907293817455,0.29990965466718933
TCAGCTCGTATTCTCTx-2,0.700554345025824,0.2994460378995317
TCAGCAAGTCTCCACTx-2,0.734793776835684,0.26520660103738064
TCAGCTCAGGCCCGTTx-2,0.7499515125082369,0.2500488688263999
TCAGGTAAGCTAAGATx-2,0.7559958898782092,0.24400451941615764
TCAATCTTCGCAAACTx-2,0.7618948567534511,0.2381055086544099
TCCACACCAACACCTAx-2,0.7556299895004591,0.24437038646161635
TCAATCTTCACTTATCx-2,0.7017702658480833,0.2982301257057037
TCCACACTCAAGGCTTx-2,0.7582144215728555,0.2417859533575552
TCAACGATCCAATGGTx-2,0.7598917881177525,0.24010859319752723
TCACGAACAGCGTAAGx-2,0.7556795343925793,0.2443208666140627
TCACAAGCAATGAATGx-2,0.763027054626881,0.2369733076889653
TCAACGATCGGCTACGx-2,0.76137965989645,0.2386207576187032
TCATTACTCTTGCATTx-2,0.7640489583594683,0.23595141763186864
TCAGCTCAGCTCTCGGx-2,0.7734197679662678,0.2265805861217927
TCACAAGAGCCACGTCx-2,0.7576504774725853,0.24234989590347353
TCACGAACATTTCACTx-2,0.7579864523242205,0.24201392301818733
TCAGCAACAGTGGGATx-2,0.7604160262484203,0.23958434662617256
TCAGGATAGGTGATATx-2,0.6613109275274601,0.33868942468764546
TCAGCAATCTCGTTTAx-2,0.703797403021433,0.2962029756888424
TCAGCAATCTGCGTAAx-2,0.7597952977866917,0.2402050696493619
TCAATCTAGTCCGTATx-2,0.748635237470051,0.25136515349317734
TCACGAACAGCTGCACx-2,0.7503215253449781,0.24967887520400253
TCAGCTCCAAGGTTCTx-2,0.7603450665021173,0.2396553559072169
TCAGATGCAAGACACGx-2,0.7627061170960807,0.23729423950006973
TCAGGATAGCGGATCAx-2,0.7528658758742598,0.24713451317464477
TCAGATGGTACAGCAGx-2,0.6712055179431112,0.3287948838450292
TCAGGTAAGCTAACAAx-2,0.7610594134786515,0.23894092376744713
TCACGAAAGGCATGGTx-2,0.7504780133801496,0.24952238170990124
TCAGCTCCAGATCCATx-2,0.702144519020786,0.2978558657123286
TCACGAAGTTTGCATGx-2,0.7518326786679268,0.2481677124178502
TCAGATGGTCGGATCCx-2,0.7507026960151815,0.24929771741030846
TCCACACAGTGGTAGCx-2,0.6119319664079957,0.388068371427162
TCAGATGAGCCACCTGx-2,0.705516703673514,0.29448367439053674
TCAGCAAGTGACGGTAx-2,0.7638887159500325,0.23611165937774764
TCAGGTAGTCCTCTTGx-2,0.823863527808505,0.17613675486806657
TCAATCTTCCAGTATGx-2,0.751604237810421,0.24839615975239812
TCACAAGAGGGTTTCTx-2,0.7611992177771854,0.23880122615314409
TCAGATGTCATATCGGx-2,0.704779306684973,0.29522107130078784
TCACAAGCATAGGATAx-2,0.7627125892384576,0.23728777355452166
TCACAAGTCAAGATCCx-2,0.759453746495809,0.24054663402624152
TCATTTGTCCGCAAGCx-2,0.7500370393299908,0.2499633590814737
TCAGGTAAGATCTGAAx-2,0.7515963188694393,0.24840406992792227
TCAGGATTCAGCTCTCx-2,0.7553505962787354,0.24464974396126285
TCAGGTACACGGCGTTx-2,0.7568151717055328,0.24318522511089108
TCATTTGTCTTCGGTCx-2,0.7503376756395775,0.24966272560236502
TCACAAGTCCACGAATx-2,0.6628465597155182,0.3371537834561107
TCCACACGTAATAGCAx-2,0.7014872392577081,0.29851313897794907
TCAGCTCTCAATCACGx-2,0.7044788649471575,0.2955215192705358
TCAGATGCACACCGCAx-2,0.7506901542307683,0.24931024011958208
TCAGATGCATGACGGAx-2,0.6949854600046381,0.3050149248127528
TCAATCTTCATTCACTx-2,0.7595724463330856,0.2404279309978098
TCAGCAAAGGCTATCTx-2,0.6340992146972277,0.3659011275391795
TCACAAGTCCAGTAGTx-2,0.7488051703775542,0.25119523120654413
TCATTTGAGAGATGAGx-2,0.763344332554377,0.23665604764625714
TCAATCTGTACCATCAx-2,0.76147028627343,0.23853009284386406
TCAGGATCAAGCGTAGx-2,0.656237198382808,0.3437631417251949
TCACAAGCAGCCTTGGx-2,0.766253190323568,0.23374716942972718
TCACGAATCGAATGGGx-2,0.7062880281794345,0.29371235050256495
TCCACACGTTAAAGACx-2,0.7614713469082374,0.23852909927914046
TCACGAAAGTCTCCTCx-2,0.7587137013372831,0.24128668199797995
TCAGCAACAGACAGGTx-2,0.7658380391302471,0.234162330867188
TCAGCTCTCAGATAAGx-2,0.7052346028053215,0.2947657808528318
TCATTACTCTGCGTAAx-2,0.0,1.0
TCGCGTTGTGCAGTAGx-2,0.6930618796730574,0.30693849839548504
TCGCGTTTCTAAGCCAx-2,0.7045953578077853,0.29540501813389086
TCGGGACAGGGTATCGx-2,0.7616531539815422,0.2383473114117941
TCTCATATCAAGAAGTx-2,0.7048758955813299,0.2951244839144005
TCGAGGCCAAATCCGTx-2,0.7615124759295236,0.23848788781122626
TCTCATAAGGTGGGTTx-2,0.7697925046989168,0.23020786351899825
TCTCATACAACAACCTx-2,0.7614461625605029,0.2385542100048135
TCGTACCGTGGTTTCAx-2,0.7023830173947196,0.29761735962619645
TCGGGACTCTTCATGTx-2,0.7091526852696912,0.2908476940074836
TCTCATATCTACGAGTx-2,0.7491452804903854,0.2508551096887786
TCTCTAACAGACAGGTx-2,0.7486313231765824,0.2513690774250328
TCGCGTTCAAGAGTCGx-2,0.7574947330025142,0.24250564837995017
TCTCTAACAATGGATAx-2,0.7633535566885734,0.23664684125442798
TCGTACCCACCAACCGx-2,0.7410766858281228,0.2589236931973091
TCGGGACAGACAGGCTx-2,0.7629515342954569,0.23704885712863688
TCTCTAAGTCAAAGCGx-2,0.7531252725395986,0.2468751219605922
TCGGTAAGTTACTGACx-2,0.76176950255854,0.23823082405185841
TCTATTGTCGTATCAGx-2,0.7602478091511916,0.23975263848497994
TCGTAGATCCTGCCATx-2,0.7510673334898836,0.24893307150645128
TCGGTAATCGGTTAACx-2,0.7501928027401751,0.24980758504591616
TCCCGATGTTCGAATCx-2,0.7619955460138197,0.23800482301506234
TCGGTAAGTAAATACGx-2,0.7539457138385696,0.2460546797487366
TCGCGAGAGTCCCACGx-2,0.7607706757175897,0.23922966175984658
TCGTAGACATTCTTACx-2,0.7080907994504937,0.2919095723858245
TCTCTAACAGAAGCACx-2,0.7504353765457739,0.24956500949994997
TCCCGATGTCTTGTCCx-2,0.7515278021288804,0.24847258821372573
TCCCGATCAGACACTTx-2,0.7626696107519854,0.23733076682819035
TCCCGATCACCAGATTx-2,0.7690695446210694,0.2309308238325264
TCGAGGCGTTCGCTAAx-2,0.7647249047326374,0.2352754746934075
TCGGGACTCGCCATAAx-2,0.7591495296957568,0.2408508453989889
TCCCGATGTGCTAGCCx-2,0.7599905093924756,0.24000988010702387
TCCCGATTCGTCTGAAx-2,0.7068891232766812,0.2931112604777891
TCGAGGCAGCAATCTCx-2,0.7543638453704237,0.24563653732985644
TCTATTGAGAATCTCCx-2,0.7482546713424469,0.25174572968558434
TCGGTAACACCTCGGAx-2,0.5887541387181269,0.41124617755408116
TCTCTAACATCTACGAx-2,0.7585546258563436,0.24144580025524917
TCGAGGCCATGTTCCCx-2,0.7050744731248018,0.2949259119575754
TCGTAGATCTCGCTTGx-2,0.7612963921951433,0.2387039763236696
TCGCGTTTCGCCATAAx-2,0.7613124456966975,0.23868795750009142
TCCCGATCACACGCTGx-2,0.760879927074735,0.23912044898274157
TCGAGGCAGTTACGGGx-2,0.7027737832933653,0.29722660077749435
TCGTAGACACGGCTACx-2,0.7642924046534806,0.23570795702984196
TCGAGGCCAACTGCGCx-2,0.7488436079675901,0.25115679099822946
TCGGGACAGTAATCCCx-2,0.7514489608133211,0.248551443257576
TCGAGGCTCGAGCCCAx-2,0.7611573784508748,0.2388429944614729
TCGTAGAGTCACTTCCx-2,0.7611078347604031,0.2388926104242943
TCGAGGCAGTAGATGTx-2,0.7620976021541567,0.2379027916153746
TCGTAGATCTTACCGCx-2,0.7029535806847597,0.29704680086444524
TCGGGACTCGCTAGCGx-2,0.7597218713580549,0.2402784820829658
TCGTACCCACTGCCAGx-2,0.7593429400743379,0.24065740953616657
TCGGGACCATTGTGCAx-2,0.7591859962827511,0.2408143801909303
TCGAGGCGTCCGTCAGx-2,0.760654257303042,0.2393461721587822
TCTATTGGTCAACTGTx-2,0.754376537921746,0.2456238487958215
TCTCTAACATGGTCATx-2,0.7584347535862342,0.24156561539091007
TCGCGTTCACCGCTAGx-2,0.7602364300998403,0.23976396295084385
TCGTAGAGTAGGGACTx-2,0.7552996166907482,0.2447007756271099
TCTATTGGTCTCTTTAx-2,0.7577690668853997,0.24223130014456015
TCTCATACATGCGCACx-2,0.7611153650367504,0.2388850306364073
TCGCGTTAGTTGCAGGx-2,0.761328883372334,0.2386714879002501
TCGCGAGAGTGCAAGCx-2,0.7597889768594133,0.240211393842538
TCGTAGACAGGCAGTAx-2,0.7568263259731048,0.24317405131900147
TCTATTGGTTCCGGCAx-2,0.7612493505232866,0.23875110500867816
TCGGTAAGTAACGCGAx-2,0.7152037184338254,0.28479651270807266
TCGGGACAGATACACAx-2,0.7615694675201675,0.2384310414569035
TCTATTGAGTTAGCGGx-2,0.6423652717081811,0.35763507467948386
TCGAGGCGTTATGCGTx-2,0.7522313965188374,0.24776869881490968
TCCCGATAGTAGCGGTx-2,0.7731057602219806,0.22689460521487756
TCGAGGCGTAAGAGAGx-2,0.6986730720994179,0.3013272953543896
TCGAGGCTCCGTACAAx-2,0.7029382958731636,0.2970620891621045
TCGGGACGTCAAGCGAx-2,0.7606263342842935,0.23937413201267438
TCCACACTCGGAATCTx-2,0.6967770968774648,0.3032232822825696
TCTCATAGTCTCCACTx-2,0.7592413792444179,0.24075900157678773
TCGTAGATCAGCTGGCx-2,0.7575925290591629,0.24240783991618906
TCGCGAGCAATCGGTTx-2,0.7623522518422613,0.2376481244524505
TCGGGACGTCGAACAGx-2,0.7613585241723004,0.23864193075460108
TCTCTAAAGCGCCTTGx-2,0.7659164888717559,0.23408388017752763
TCGTACCAGTGACTCTx-2,0.7055890387582411,0.29441134178581363
TCGTAGACAAATTGCCx-2,0.7581942913185228,0.24180599498052552
TCGCGTTCATCGATTGx-2,0.7578974040853127,0.24210296853201052
TCGCGAGTCCTACAGAx-2,0.7501554243201415,0.249844973250796
TCCCGATGTCTAGTGTx-2,0.7643348804118199,0.23566549493054104
TCGGTAAAGACCCACCx-2,0.761906654208881,0.238093720371668
TCGAGGCCATTCCTCGx-2,0.7551080695904264,0.24489230985839597
TCTCATACACAACTGTx-2,0.7609995221330453,0.2390008778683811
TCGTAGAAGAAGGTGAx-2,0.7609981379843178,0.2390022522482464
TCTATTGTCGTTTGCCx-2,0.7579501002430766,0.2420502831519615
TCGGGACTCAGAGACGx-2,0.7586373386052927,0.24136304359846164
TCTATTGTCGACGGAAx-2,0.763419156378836,0.2365812446692703
TCGTAGATCCTATTCAx-2,0.7000106082283746,0.29998977443523916
TCCCGATTCAACGCTAx-2,0.7508901137756886,0.24911028118793394
TCCCGATCATCCTTGCx-2,0.7609941997917714,0.2390061780659393
TCGAGGCTCTCCTATAx-2,0.7180298149123909,0.2819705684644588
TCGTACCCAATCACACx-2,0.7502649731163549,0.24973543639727722
TCGAGGCAGCGAAGGGx-2,0.7531632835558665,0.2468371049001378
TCCCGATCAGGTGGATx-2,0.7585804152763947,0.24141993702270143
TCCACACTCTCATTCAx-2,0.7565544657078068,0.24344591305665306
TCTCTAATCGCCCTTAx-2,0.7616936940762766,0.23830668429699278
TGACTTTCAGTGAGTGx-2,0.7634154671980106,0.23658492301194128
TGAGCATAGTGCGATGx-2,0.7022206150493971,0.29777976573259496
TCTGAGAAGCACGCCTx-2,0.750776517941644,0.24922388320277927
TGAAAGAGTAACGTTCx-2,0.7489490182242354,0.25105138603185295
TGACTTTAGGCAATTAx-2,0.7613069185335596,0.2386934916628173
TGACGGCGTTGATTCGx-2,0.7501163881734222,0.2498840055797886
TGACTAGGTCTAGAGGx-2,0.5814152197336477,0.41858508955518636
TGACTAGTCTCACATTx-2,0.7543230595277077,0.24567731687130748
TCTGAGACAGACGCAAx-2,0.7579929139851147,0.24200746118348476
TCTGAGATCGTACGGCx-2,0.7552116868571458,0.24478868566065914
TGAGCATCACATTCGAx-2,0.7598185330866453,0.24018190354525967
TCTTCGGTCCAAGCCGx-2,0.7525301804820953,0.24747021132269315
TCTTTCCGTCCGAACCx-2,0.7065208867516807,0.2934794944487324
TGACTTTAGCTAGTGGx-2,0.7615231741665148,0.23847716782441838
TGACTTTAGATATACGx-2,0.7622871670700464,0.23771320329756898
TGACAACCAAGCTGTTx-2,0.7554390800898618,0.24456116898891853
TCTGAGATCTACGAGTx-2,0.6623354620626051,0.3376649024257755
TCTTTCCAGCGTCTATx-2,0.7601781944344942,0.23982218968905558
TGAAAGACAGTACACTx-2,0.7470129535012451,0.2529874466705032
TCTGGAATCAGTGCATx-2,0.7589226370122966,0.24107773485093692
TGAGAGGAGACAAAGGx-2,0.7495204591069109,0.25047994313200733
TGAAAGAGTACAGTGGx-2,0.7057728359277108,0.2942275412576496
TGACTAGTCTTGCAAGx-2,0.7453947443039465,0.25460563279584764
TGACTAGTCTATCCTAx-2,0.7610104355528832,0.23898997087548904
TGAGCATCAGTCTTCCx-2,0.7596247765308686,0.24037559918825208
TGACTTTCATATACGCx-2,0.7497076845325332,0.25029270863761527
TCTTTCCCACGTCAGCx-2,0.7506869305582466,0.24931347010839772
TCTTTCCAGGTGTGGTx-2,0.7624522622842083,0.23754811254871744
TGAGAGGTCGCCAGCAx-2,0.7020514695930447,0.2979489126702408
TCTGGAACACGAAAGCx-2,0.6955302981962327,0.3044700808200511
TGACTAGCATCACAACx-2,0.7596459441914601,0.240354402422057
TGACGGCTCCTCCTAGx-2,0.7094439493790641,0.29055637563229625
TCTTCGGGTTGACGTTx-2,0.7535623087331911,0.2464380350004481
TGACAACCAGTAAGATx-2,0.7103223201244767,0.2896780356892185
TCTTCGGAGATCGGGTx-2,0.7507701844473389,0.24923022105428402
TGACAACAGCCACTATx-2,0.7043162766221989,0.2956841021121776
TGACTAGAGGTGACCAx-2,0.747927743128567,0.252072661305441
TGACAACGTCCTCTTGx-2,0.7606774985687749,0.2393229459919402
TGAAAGAGTGACTACTx-2,0.7502667241888129,0.24973367651853795
TCTGAGATCCACTCCAx-2,0.7579489393543588,0.2420514482328415
TGAGCATCAAGAGGCTx-2,0.704825381112385,0.2951749982966067
TCTTTCCGTCTCTTTAx-2,0.7578091278086265,0.2421912482530644
TGAGAGGAGATATACGx-2,0.75978769658654,0.24021267796625065
TCTGGAAAGCGAGAAAx-2,0.7515471349574522,0.24845325796129555
TGAAAGAAGAGACTTAx-2,0.7678311304049252,0.2321692098270134
TGACTTTCAGACGCAAx-2,0.7060811747682318,0.2939192094082048
TCTGGAAGTCCCTTGTx-2,0.7654882524826213,0.2345121141085024
TGACAACAGCTCTCGGx-2,0.7509481549486209,0.2490522384274444
TGACTAGGTCAGCTATx-2,0.7503413264599695,0.24965908098837075
TCTTTCCCAAAGTGCGx-2,0.7611071667154798,0.23889320547775508
TGAGCATCACAGTCGCx-2,0.7615789129786602,0.23842146475222742
TCTTTCCCACCTCGGAx-2,0.7578802875154133,0.24212010271462078
TGAGAGGTCGACAGCCx-2,0.7608831997721155,0.23911719416803795
TCTTCGGGTTCGTCTCx-2,0.7706708473554547,0.22932951470151478
TCTTTCCGTCTTCGTCx-2,0.7497238255441648,0.2502765638246
TCTTCGGAGGCAAAGAx-2,0.759819886059413,0.24018049023870405
TCTTTCCCAGGCTGAAx-2,0.7511309059445154,0.24886949723406296
TCTGAGAAGACTACAAx-2,0.7627994310102463,0.23720091017458503
TCTTTCCGTGCCTGCAx-2,0.7600348167358509,0.23996555257351426
TGACTAGCAGGACCCTx-2,0.7541873391296935,0.24581304230769166
TCTTTCCGTTGGTTTGx-2,0.7562415980923547,0.24375883469608756
TGACTTTAGATCTGCTx-2,0.7106994499546864,0.28930083801579487
TGAGAGGCAATGACCTx-2,0.6061507793288166,0.3938495309373095
TGAGAGGGTCTCGTTCx-2,0.7613338098648954,0.2386665684773218
TCTTTCCAGTGCTGCCx-2,0.7800969063611825,0.21990344664526779
TGACAACAGAGCTATAx-2,0.7587726425876397,0.24122774122385038
TGACAACGTCACCCAGx-2,0.703782170821091,0.29621821066312914
TGACAACGTAGCCTCGx-2,0.7610972675418128,0.2389031256953656
TCTGGAAAGTTAGCGGx-2,0.7617685529185664,0.23823180270032276
TGAGCATCAGTATGCTx-2,0.7508107704990561,0.24918961974025053
TGACTAGTCAATCTCTx-2,0.7626334597119577,0.2373669104325562
TGACAACAGGGCACTAx-2,0.7667883879580312,0.23321199068041892
TGAGAGGTCACGCGGTx-2,0.7505032964095351,0.24949710457382124
TGACAACAGGGAGTAAx-2,0.7547366718433297,0.24526372057986937
TGAAAGATCCTGTACCx-2,0.7609359576060429,0.2390644689119503
TCTGAGAAGGCTCTTAx-2,0.7537058313505093,0.2462945586060176
TGACGGCTCTTCGGTCx-2,0.7610194367749278,0.2389810077729329
TCTTCGGGTCTGCAATx-2,0.7618327817789428,0.23816764453173644
TCTTTCCTCGTTACAGx-2,0.7613234669771445,0.23867690821329005
TCTGAGAGTCTCATCCx-2,0.7496104822035318,0.2503899093620944
TCTTTCCAGCACCGCTx-2,0.7591764606339313,0.24082391517891363
TCTTCGGAGCTGGAACx-2,0.6759144812429343,0.32408589004177873
TCTGGAAAGACTGTAAx-2,0.7619229102325069,0.23807746895267604
TCTTCGGCACCCATTCx-2,0.7515767345942717,0.24842365141830555
TGAAAGAAGCACCGCTx-2,0.746783635886659,0.25321677035712664
TGACGGCCATGACGGAx-2,0.7605184796802387,0.23948194320462507
TCTCTAAGTGACGCCTx-2,0.7012372959465735,0.2987630820524396
TCTGGAAAGGCGCTCTx-2,0.7608385269678305,0.23916189775375363
TGAGCATAGACTTGAAx-2,0.7606795994086322,0.239320777969329
TCTTCGGTCCACTGGGx-2,0.6973743474874018,0.3026260361290088
TGACTTTGTTAGAACAx-2,0.7735046543738696,0.2264957073030863
TGACTAGTCCAATGGTx-2,0.7612749700092842,0.2387254168990131
TCTGAGATCGCAGGCTx-2,0.7515873356534094,0.24841275459849882
TGACGGCGTCTTGTCCx-2,0.7630742470578651,0.23692612630599827
TCTTCGGAGTCCTCCTx-2,0.7603093483510677,0.23969102416682586
TGACTAGGTTTAAGCCx-2,0.7621847755061205,0.2378156157285189
TGAGCATGTCTCATCCx-2,0.7498248431060782,0.25017555368573197
TGCCCATAGCCACGTCx-2,0.7581038988669687,0.2418964804897075
TGCCCTAAGTGGTCCCx-2,0.7616149130736629,0.23838546483539472
TGAGCATGTCACTGGCx-2,0.7505262338370954,0.24947417229917948
TGCCCTACAGCTTCGGx-2,0.76309249092848,0.23690787975228872
TGCACCTGTATGAAACx-2,0.7491629176588597,0.2508374781666282
TGCGCAGCATGGATGGx-2,0.7616635641853736,0.23833681322792954
TGCCAAAAGCTTTGGTx-2,0.7651908353873325,0.23480954082387132
TGAGCCGCAGCCAATTx-2,0.7611162862039453,0.23888408641317324
TGCCCTACAAGAAGAGx-2,0.7470242381061815,0.25297615975752
TGCCCTAAGCTACCGCx-2,0.7083081594967318,0.29169222647942783
TGCCCTACACCGAAAGx-2,0.6975807384961483,0.3024196350032508
TGATTTCAGGCAATTAx-2,0.7619252962507163,0.23807507816147694
TGATTTCGTCCTAGCGx-2,0.759406158562713,0.24059421804908626
TGCCCATAGGACGAAAx-2,0.757013372740612,0.24298703331068444
TGCCCATGTTCGGCACx-2,0.7536874704789155,0.24631293623704056
TGCGCAGTCGCTGATAx-2,0.760979188531486,0.2390212634644298
TGCGTGGAGGTAGCCAx-2,0.7610096553553783,0.23899071903684443
TGAGGGATCGATGAGGx-2,0.7512501979745848,0.24875019064830095
TGAGCATTCACCCGAGx-2,0.7531145444932739,0.24688563546982514
TGCCAAATCTGAGGGAx-2,0.7601087362610456,0.23989163998970234
TGAGCCGCATATGGTCx-2,0.7505302626438298,0.24947013982704455
TGCGGGTTCAGCCTAAx-2,0.7484468616883767,0.25155353787785334
TGCGTGGAGTAGGTGCx-2,0.7658343863392212,0.23416598900006344
TGCCCATAGATATACGx-2,0.7519299284273846,0.2480704637709218
TGCGTGGAGATATACGx-2,0.7467800398515475,0.25322035880502036
TGCGTGGAGTGTCCATx-2,0.7046317872627748,0.2953685890479961
TGCCCTAGTCGGATCCx-2,0.7605543004556939,0.2394460915710152
TGCGGGTAGAGGTTATx-2,0.7617183434961661,0.23828208473316953
TGCGCAGTCCAGAGGAx-2,0.760732292519948,0.23926808051703063
TGCGGGTTCTGGTATGx-2,0.7047976814493242,0.2952027051097187
TGATTTCAGGATATACx-2,0.751089610454016,0.24891078664670188
TGCCAAAGTGTAAGTAx-2,0.7598819574551039,0.2401184290025251
TGCGCAGAGCGAAGGGx-2,0.7052087751414091,0.29479159348933115
TGAGGGACAACACCCGx-2,0.7613848329054279,0.23861554952263211
TGATTTCAGTGAAGAGx-2,0.7576207772457122,0.2423796410717119
TGCCCTACATGATCCAx-2,0.7501827430740584,0.2498176531651329
TGCCCTATCAACCATGx-2,0.6980126213820995,0.30198776516850206
TGCCAAAGTCCTAGCGx-2,0.7023455818778962,0.2976548002934132
TGCCCATTCCAAAGTCx-2,0.7046887667534527,0.2953116119856736
TGATTTCCATCCCATCx-2,0.7616818837552579,0.2383184907681421
TGCCAAACATGGTCTAx-2,0.7500526761480552,0.2499477177218565
TGCCAAATCTCGATGAx-2,0.6219750849659709,0.37802526475862935
TGCGCAGTCCTGTAGAx-2,0.761537442170888,0.2384630466593832
TGCCCTACAAAGAATCx-2,0.7511085230052607,0.24889187315103872
TGCGTGGAGGATGTATx-2,0.7574422433443508,0.24255815035939954
TGCCCATTCGTCACGGx-2,0.7515073581071259,0.2484930480819591
TGAGGGACACTTACGAx-2,0.7660382917854499,0.23396207716400447
TGAGGGATCAATACCGx-2,0.7505727996861175,0.24942760353851542
TGATTTCTCGTCACGGx-2,0.7552630281060813,0.24473736126877485
TGCGCAGTCATCATTCx-2,0.7617941037237475,0.23820626909255435
TGAGCCGAGTGACATAx-2,0.7496619497554261,0.2503384464548636
TGCCCATTCAGCTCTCx-2,0.7604055731482456,0.2395948070392657
TGCGGGTAGACAATACx-2,0.703160131337562,0.2968402441878776
TGCCAAAGTCCATGATx-2,0.7501120490235221,0.24988835555833883
TGCGCAGTCTCTTGATx-2,0.758573493779316,0.24142688136285376
TGCCCTACATCCTTGCx-2,0.7509633621875109,0.2490370380318628
TGAGGGAGTCCTCCATx-2,0.7069751333262474,0.2930252494451681
TGCCAAAGTCGACTGCx-2,0.7657882519765785,0.23421212274109074
TGCGCAGAGCGTCTATx-2,0.7616413166116939,0.2383590304415145
TGAGCCGCAGACGCCTx-2,0.6967659061283024,0.303234471929712
TGAGCCGTCGGATGTTx-2,0.752174953261309,0.24782543949164904
TGCCCTAGTAGATTAGx-2,0.0,1.0
TGAGGGACACCACGTGx-2,0.6924088622838559,0.30759151162366277
TGCGCAGAGAGACTATx-2,0.7592722261010302,0.24072816756543272
TGCCAAAGTGCACGAAx-2,0.7520971584181458,0.24790325061998197
TGAGGGACAATCCGATx-2,0.7649584544427556,0.23504192159588366
TGAGCCGGTGGGTCAAx-2,0.756435405007054,0.24356498318439365
TGCACCTCACCAGGCTx-2,0.761325446494328,0.23867496120385892
TGCCCATAGTCCATACx-2,0.7194542725368338,0.2805460195305102
TGCACCTCACCCAGTGx-2,0.7605506689602805,0.23944970795927978
TGCGGGTGTCCGAGTCx-2,0.7602556858096362,0.23974468992071096
TGCGCAGAGCTCTCGGx-2,0.6983105631394438,0.30168982092727803
TGCCCTAGTTCACCTCx-2,0.7614543951003147,0.23854610350091146
TGCGCAGAGATAGCATx-2,0.7556992706068016,0.24430110300906602
TGAGCCGTCGGCGGTTx-2,0.7599120036365137,0.2400883928313415
TGCCCATAGATGCCTTx-2,0.7617217114665091,0.23827868693597165
TGCGGGTCAAGTTGTCx-2,0.749506035730736,0.2504943585546994
TGAGCATTCTGAGGGAx-2,0.7610968019387299,0.23890353532581726
TGAGGGAGTCGAAAGCx-2,0.7552532146533145,0.2447471691831095
TGAGCCGAGTTAGGTAx-2,0.7488218083978888,0.25117858513987074
TGATTTCAGCCGGTAAx-2,0.7608206782610202,0.23917969119705562
TGATTTCTCAGGTTCAx-2,0.7589516966977552,0.24104868112479622
TGCCCATTCATCTGTTx-2,0.7622770556326127,0.23772331911710992
TGAGCATTCTGTCTATx-2,0.7507662195955943,0.24923419013382883
TGAGCATGTCTGGAGAx-2,0.7642235696033949,0.23577681403591358
TGAGCCGCAGTACACTx-2,0.7583250260370631,0.24167534567669702
TGCCCATTCTACTTACx-2,0.7559599861892086,0.24404038411836132
TGCGTGGAGATATGCAx-2,0.7052016061480776,0.29479877704711716
TGCCCATTCGCGTAGCx-2,0.6804638805678874,0.31953649083995955
TGATTTCCATCGGTTAx-2,0.7506473595879043,0.2493530422051284
TGCCCTATCGCAGGCTx-2,0.7620262213435735,0.23797415434091818
TGCCCATGTGATGTCTx-2,0.7496536082654244,0.2503467889227981
TGAGGGAAGTTACGGGx-2,0.7578654576732218,0.24213487341893045
TGCCAAAAGGATGGTCx-2,0.7576395865781637,0.24236082795951017
TGAGCCGTCTTGACGAx-2,0.7587702221246766,0.24123014853846278
TGATTTCGTTAAGTAGx-2,0.7090964526912248,0.29090389579514775
TGCCCTAAGGTCGGATx-2,0.737135555455955,0.26286483670367616
TGCCAAAAGCTTCGCGx-2,0.7572426529320572,0.2427577250114002
TGATTTCAGTCCATACx-2,0.7593338472734631,0.24066656181817533
TGTATTCTCCTAGAACx-2,0.7040274316852771,0.2959729543035996
TGGGCGTGTGTATGGGx-2,0.7623662967196281,0.23763407528962324
TGGCGCAGTAGGGTACx-2,0.7046462469645668,0.29535413366254787
TGGGAAGCAACTTGACx-2,0.7597791376205576,0.24022123727662534
TGGGCGTGTCCGACGTx-2,0.7601679206213301,0.23983253279391725
TGGACGCGTCACCCAGx-2,0.7602706299387577,0.23972975085668868
TGGGCGTGTCTGATTGx-2,0.7737952839576273,0.22620508150506086
TGGCTGGTCGTTTAGGx-2,0.7587827041776845,0.2412176814583768
TGGACGCCATGGGAACx-2,0.7307248717687095,0.26927525998544427
TGCTACCAGTGGTAATx-2,0.747138649464258,0.25286174350503327
TGGACGCAGTTCGCATx-2,0.7570332341110371,0.2429670360693664
TGTCCCACATCCGCGAx-2,0.7590187312891049,0.24098162729973502
TGGTTCCCAGTAAGCGx-2,0.7654163873466432,0.23458397549749546
TGGTTAGAGATCTGCTx-2,0.7029537446236213,0.29704663904152223
TGGTTCCGTTCCCGAGx-2,0.7524183946470269,0.2475819200366624
TGGTTCCCACGGATAGx-2,0.7494908239479328,0.2505095724372894
TGGTTAGAGCTGCGAAx-2,0.751589421006603,0.24841098272861617
TGGGCGTTCCCATTATx-2,0.7543468017407138,0.24565346077683484
TGCTACCGTCGACTATx-2,0.7502931622250767,0.24970724987715653
TGTCCCATCCAAACACx-2,0.7561834233801216,0.2438169494189354
TGGACGCCAAACTGCTx-2,0.7531207614625739,0.24687963300572927
TGGGAAGCACTGAAGGx-2,0.6528817217674562,0.34711865130757746
TGCTGCTAGTCGTTTGx-2,0.6789331565882,0.3210672135699585
TGGACGCTCAGGATCTx-2,0.7385936727652076,0.2614067350356984
TGGTTCCTCCTATTCAx-2,0.7608327347579573,0.2391676401100266
TGTGGTACAAACCCATx-2,0.7612079380653008,0.2387924356744779
TGGCGCAGTTCCGGCAx-2,0.7056772613266933,0.29432311646236825
TGGGAAGAGGAGTCTGx-2,0.7613578487127214,0.2386425375247139
TGGTTAGAGAGCCTAGx-2,0.7518240031196733,0.2481764058933493
TGTCCCAAGAGTCGGTx-2,0.7087569323838027,0.2912434461460227
TGGGAAGAGGAGTAGAx-2,0.7060170137324447,0.2939833619679045
TGGCCAGTCCAGAAGGx-2,0.7514035173829695,0.2485968899059576
TGGGAAGAGTCGCCGTx-2,0.7603429999880599,0.2396573731926412
TGGGAAGGTAGCCTCGx-2,0.7504171742519696,0.24958322106479122
TGGGAAGGTATGCTTGx-2,0.7563574145419538,0.24364296965943988
TGTGGTAAGGAATGGAx-2,0.7533254900207519,0.2466748992541133
TGCGTGGGTCATGCATx-2,0.7297933854841067,0.27020679173196016
TGTCCCAAGCTAAACAx-2,0.7059423435580036,0.2940580304204127
TGGCTGGAGTGTGGCAx-2,0.7518083895406097,0.2481919977801616
TGGCCAGTCTCCAACCx-2,0.7580601602647346,0.2419402112501162
TGCTGCTAGTCAATAGx-2,0.7537158862885202,0.2462845069739282
TGGCTGGGTTTCGCTCx-2,0.7506622750336396,0.24933813052715958
TGCTACCGTCCGTCAGx-2,0.6749583039797337,0.3250420876430424
TGGTTCCAGATGAGAGx-2,0.7593656029841367,0.24063477240465103
TGCTGCTGTCTGATCAx-2,0.6156114500213635,0.38438891157605243
TGTCCCAAGGCTAGGTx-2,0.7482198206985492,0.2517805801569751
TGTCCCAGTGAGGGTTx-2,0.7512461614553951,0.24875424077707758
TGGTTAGGTCTTTCATx-2,0.7045284457483854,0.29547193970756763
TGCTACCCATCCAACAx-2,0.7010042728923302,0.2989961069656793
TGGTTCCAGTCATGCTx-2,0.7581914505203451,0.24180896255083717
TGGCGCACACTCTGTCx-2,0.7498667459247855,0.25013364829325624
TGCTGCTAGCTACCTAx-2,0.763550169222391,0.23645019679390197
TGCTGCTTCAATAAGGx-2,0.7624945362867962,0.23750584097766
TGGCGCAAGGAGTTTAx-2,0.7588633364028894,0.24113702891130057
TGTCCCAGTTAAGACAx-2,0.704644240086016,0.295356135473431
TGGTTCCAGTACACCTx-2,0.7515922177099723,0.24840818284298352
TGGCGCACAGCTGGCTx-2,0.7504308208181367,0.24956957237316096
TGGGAAGGTCGCTTCTx-2,0.7610955431444292,0.23890482944999533
TGGCGCATCCCGGATGx-2,0.7615769336572504,0.2384234862883127
TGGACGCGTAGCGTCCx-2,0.7501656447204949,0.24983475505071742
TGGACGCGTTAAGATGx-2,0.7615696236967446,0.23843080757040352
TGGACGCTCACAATGCx-2,0.7614612188656876,0.238539239713483
TGTCCCATCAATCACGx-2,0.758175729871088,0.24182461089464824
TGGACGCAGTGTCTCAx-2,0.7051923423247186,0.29480803742885997
TGGCTGGTCTACTCATx-2,0.7511758853694488,0.24882450585360702
TGGTTCCTCAAGGTAAx-2,0.7610724986444791,0.23892786772790212
TGGTTCCAGTCTCGGCx-2,0.7534641373781426,0.2465359902010602
TGGGAAGAGCCCAACCx-2,0.7497156817579854,0.2502847217647288
TGGTTCCTCAAGAAGTx-2,0.7614139982328189,0.23858636948059594
TGTCCCACACAGCCCAx-2,0.76295224843749,0.23704813290412047
TGTCCCACACCCATGGx-2,0.7581886986643688,0.24181167854105945
TGGTTCCCAGTATAAGx-2,0.7497604685633039,0.25023992316716737
TGGCCAGGTAGCTGCCx-2,0.7608417896008635,0.2391586409594975
TGGACGCTCCTCGCATx-2,0.7510231875233221,0.2489772020147677
TGTGGTAAGCGTGAACx-2,0.7065785997584167,0.29342176762956956
TGCTGCTCAGGTCCACx-2,0.7497748548633965,0.2502255415444921
TGTATTCAGACTTTCGx-2,0.753070876983931,0.24692927365238687
TGGCGCAAGGATGGAAx-2,0.749539805424036,0.2504605993198602
TGCTGCTCAGTCACTAx-2,0.7610947393177308,0.23890570167848033
TGGGAAGCACAGACTTx-2,0.7600724517933842,0.2399279359290866
TGGCGCATCACTATTCx-2,0.7563974485401783,0.2436029279156444
TGCTACCCAGGGTACAx-2,0.7589885818007326,0.24101180519030005
TGGCCAGAGACCTAGGx-2,0.7576760344656422,0.2423243499892025
TGCTGCTGTGATGCCCx-2,0.7147264270744524,0.2852738749973169
TGGCTGGGTCCTCTTGx-2,0.7618601940457034,0.2381401868314307
TGGCTGGCAGGCTCACx-2,0.7582167613945193,0.24178361408400662
TGGCTGGCAACTGGCCx-2,0.7610101941741365,0.23899019453932405
TGTATTCCATGCTAGTx-2,0.7503662601325459,0.24963413643485313
TGGTTCCAGATGTTAGx-2,0.7034005269048663,0.2965998528906213
TGGGCGTGTACCCAATx-2,0.7496687498847704,0.25033165022126075
TGCGTGGTCATAACCGx-2,0.6982829736042094,0.3017174223095904
TGGGAAGTCCAGTATGx-2,0.7500337751632212,0.24996662628574076
TGGTTCCGTAAACGCGx-2,0.7617470428217414,0.23825333152859451
TGGTTCCGTATAAACGx-2,0.7586797717747632,0.2413206008223031
TGGCCAGGTACAAGTAx-2,0.7504639208123215,0.2495364881225232
TTAGGACGTATTCTCTx-2,0.7516737527771448,0.248326640139059
TTAGTTCCAGTTAACCx-2,0.7414802196664654,0.2585201531300073
TTAACTCCACCAGGCTx-2,0.7614009605712497,0.23859944692585938
TTAACTCTCAAAGTAGx-2,0.7596792648073646,0.2403211486196203
TGTTCCGAGCTGCCCAx-2,0.7501178891334355,0.24988251777333648
TGTGTTTTCGCCAGCAx-2,0.76030230178197,0.2396980714981033
TTAGTTCAGTACCGGAx-2,0.7614341096089987,0.2385664380166318
TGTGTTTTCTGGGCCAx-2,0.7623732387766082,0.23762713506116925
TTAGGCATCGCAAGCCx-2,0.7621058087780676,0.2378945648171829
TGTGTTTGTTCCCTTGx-2,0.7510632708247129,0.24893712815827848
TTAGGCACAAAGCAATx-2,0.7613050514557207,0.2386953264675948
TTCGGTCGTCTCTCGTx-2,0.7623308579117565,0.2376695145536323
TGTTCCGTCGTATCAGx-2,0.6900440556435546,0.3099563145147225
TTCGAAGTCGTTGACAx-2,0.761062304804084,0.23893815515674363
TTAGGCATCACAGGCCx-2,0.7494922079060174,0.2505081878803608
TTCGGTCAGGTGGGTTx-2,0.7604992708743644,0.23950110501360658
TGTTCCGGTCTGCAATx-2,0.7495522264400021,0.2504481752610294
TTCCCAGCACATTAGCx-2,0.7607550690754052,0.23924533213302832
TTCCCAGGTCACCTAAx-2,0.7608001496577976,0.23920029041786497
TTAGTTCTCGTAGGTTx-2,0.762697406841999,0.23730299298634255
TTAGGCAGTTCCCGAGx-2,0.7840173026416603,0.2159830338428008
TTAGGCAGTTTAGGAAx-2,0.7662859178468697,0.23371445370515626
TTATGCTAGCTGCAAGx-2,0.7495259309807101,0.25047445723726264
TTAGTTCGTGAGGGAGx-2,0.7643297500118337,0.23567061913203544
TTCCCAGTCTTCGAGAx-2,0.749962120688252,0.25003827685209185
TTAGTTCAGACATAACx-2,0.7504942009164299,0.2495061969198808
TTAGGCAAGTCGCCGTx-2,0.6940621227561106,0.3059382230198555
TTCCCAGAGGATGTATx-2,0.7040085245296295,0.29599185605386624
TTCGGTCAGGATCGCAx-2,0.7517097936466329,0.24829059789464109
TTCGAAGGTCCAGTGCx-2,0.7586345529174285,0.24136578940735118
TTAGTTCAGGTAGCCAx-2,0.7510477576612715,0.2489526486937333
TGTTCCGTCAACGAAAx-2,0.7492771160463706,0.25072328745932065
TTCCCAGGTATATGGAx-2,0.7611357592372057,0.238864667944662
TTAACTCTCGCCGTGAx-2,0.7586973766096042,0.24130306768036952
TGTGGTATCACAACGTx-2,0.7617686541421956,0.23823172278676624
TTAGGCAAGCACCGCTx-2,0.7547252218711833,0.245275188583602
TTCCCAGCACAAGACGx-2,0.7586233005441998,0.24137712505402578
TTCTACAAGAAGGTTTx-2,0.6969298140186039,0.30307057252816044
TTAACTCCACTTAACGx-2,0.7098594490340899,0.29014093138686786
TTAGGACCATCACGATx-2,0.7539928227778031,0.2460073912085196
TGTTCCGAGACTAAGTx-2,0.7610719722366482,0.2389284098879024
TTCTACAAGCTAAACAx-2,0.7613459177080998,0.23865456351061579
TTAGGACTCAACACACx-2,0.7609514705847902,0.23904890466493514
TTAGGCAAGAAACCGCx-2,0.7505517597656867,0.24944863277079146
TTATGCTCACGGCTACx-2,0.7604105302590171,0.23958984408158793
TTCGAAGGTAGTACCTx-2,0.7608333726658655,0.23916699995226245
TTAGGACTCGTTTAGGx-2,0.7675181791656319,0.23248219639250384
TTCCCAGAGTGGGATCx-2,0.7631812084022166,0.2368191676032766
TGTGGTATCAGGCAAGx-2,0.7496116844711024,0.2503887144789778
TGTGGTAGTGGTTTCAx-2,0.7521743779355405,0.2478260290203948
TTAGGACAGAGCCTAGx-2,0.7053825510802695,0.2946178316167062
TTAGGCAGTTGATTGCx-2,0.7528733488173639,0.24712705249161765
TTAGTTCTCAGGTTCAx-2,0.7496933666728945,0.2503070388345044
TGTGGTATCACATGCAx-2,0.7599926358976825,0.2400077386614169
TTAGGCAAGGCCCGTTx-2,0.7590906480844698,0.24090982722206594
TGTGGTAGTTCGCTAAx-2,0.7549122464965845,0.2450880247945055
TGTGTTTGTGCGCTTGx-2,0.6301268900792654,0.3698734717927498
TTCGGTCAGATCCCGCx-2,0.6447235010701028,0.35527684832956286
TGTTCCGAGCGAAGGGx-2,0.7584181682955957,0.241582207598238
TTCTACATCAACACCAx-2,0.7646862422496444,0.2353141221119209
TTAACTCGTGTAACGGx-2,0.7552188971370462,0.24478146513710944
TTAGTTCTCATCTGTTx-2,0.7514406703367897,0.2485597321361829
TTAGTTCCATGACGGAx-2,0.7531899587405954,0.24681043815980713
TTCTACAAGTTCGCATx-2,0.7590225355247878,0.24097784322300245
TTAGTTCCAGGACGTAx-2,0.7444552931116432,0.25554508321329605
TTCCCAGCATGTCTCCx-2,0.7607956101137374,0.2392047649536616
TGTGGTACATATACCGx-2,0.7501057381711771,0.24989466142984537
TGTTCCGCATCGGTTAx-2,0.7502494062109833,0.24975100501135117
TTAGTTCGTTACGACTx-2,0.7519293242324049,0.24807108033786454
TTAGGACAGTCAATAGx-2,0.7504047483624654,0.24959565333027653
TGTGGTACAATAGCAAx-2,0.6937491381997528,0.30625113724078806
TGTTCCGCATTGGTACx-2,0.7587381996500052,0.24126214973677265
TTCCCAGGTGTTGGGAx-2,0.7027482598736304,0.297252123672505
TTATGCTTCTTGTATCx-2,0.7574765706174634,0.24252381699849643
TTAGGCAGTATTCTCTx-2,0.7601904067801575,0.23980996322502687
TTAACTCTCTCTTGATx-2,0.7502663032764781,0.2497340644794927
TGTTCCGCATGGGACAx-2,0.7616556183556084,0.23834477242772886
TTAACTCAGGTACTCTx-2,0.7495269455687114,0.2504734479703143
TTAGTTCGTCTAGGTTx-2,0.7067090513954031,0.2932913294129475
TTCCCAGCAGTTCATGx-2,0.7722988092573443,0.22770154990025163
TTAACTCAGAACAATCx-2,0.7507453635179544,0.24925503000559257
TTCTACAGTCGTCTTCx-2,0.7119472054471784,0.28805317719188767
TTATGCTGTCGCGTGTx-2,0.7588856622016543,0.24111468136871894
TTAGTTCCACCGCTAGx-2,0.7567749924442977,0.24322537935875435
TTCTACAGTAGGCATGx-2,0.7526965974184335,0.2473037915412919
TTAGGACCACCTTGTCx-2,0.7564233668969143,0.2435770514146494
TTCGGTCGTGATGTGGx-2,0.758672495860431,0.24132788200114974
TTAGTTCAGTACATGAx-2,0.7616667169380616,0.2383336579161678
TTAACTCGTACCTACAx-2,0.7510290770564163,0.2489713162263112
TTAGGACAGAGGTAGAx-2,0.697488823323434,0.3025115619229663
TTCGGTCGTCCAGTATx-2,0.7619681160456113,0.23803225216671198
TTCGGTCTCGTACGGCx-2,0.7613776449418908,0.23862273321722946
TGTGTTTAGTTATCGCx-2,0.7507936476761485,0.2492067614106988
TGTGGTACATTAGGCTx-2,0.7628900839217275,0.23711028485149918
TTGAACGTCATAACCGx-2,0.7511660490049533,0.24883433555608941
TTGACTTTCCTTGCCAx-2,0.7596207333235626,0.24037964336082504
TTGGCAACAGGAATCGx-2,0.7609130964240124,0.23908728566120502
TTGGAACCATGAGCGAx-2,0.7012023198268285,0.29879806674890247
TTGACTTGTTACGGAGx-2,0.7627969462512366,0.23720342784240156
TTGACTTTCGCTTGTCx-2,0.7497082892627401,0.25029210621961695
TTGAACGGTCAGAGGTx-2,0.7103681115512,0.28963226985947516
TTGCCGTCACTGTGTAx-2,0.7581597243647491,0.2418406547914366
TTGGAACGTTGGACCCx-2,0.765565440989768,0.23443492983729897
TTGCGTCTCGATCCCTx-2,0.7048085399095277,0.2951918419569699
TTGACTTGTGCAACTTx-2,0.7609891052834012,0.2390113392246215
TTGACTTTCTTGTACTx-2,0.7527727940690324,0.2472276156238513
TTCTCCTCAGATGGCAx-2,0.6531658847157005,0.3468344772763753
TTGGAACGTTCGAATCx-2,0.7621450701157169,0.23785530379346995
TTGCGTCGTCATACTGx-2,0.7590025713938585,0.24099780451745106
TTGTAGGGTCTGCGGTx-2,0.7449493655612474,0.2550510405802327
TTGAACGTCGGCGCATx-2,0.7504050028536686,0.249595394461687
TTGCCGTCAATCTACGx-2,0.7047600729599599,0.2952403037490938
TTGCCGTTCATCATTCx-2,0.70559704830771,0.2944033295043211
TTGGAACAGAGCTATAx-2,0.7599607553675192,0.24003962911379337
TTGAACGAGGTGCTAGx-2,0.76160356285016,0.23839681339239105
TTCTTAGTCCCATTATx-2,0.7599339399084711,0.24006642922269134
TTCTCAACAGTAACGGx-2,0.7555925131538307,0.24440787539599482
TTGCCGTCAGTCACTAx-2,0.759626195915296,0.24037418199336327
TTCTCAAAGACTACAAx-2,0.7634797090153983,0.23652066804989239
TTCTCCTAGAACAACTx-2,0.7054879708191804,0.2945124135559766
TTGCGTCTCATCACCCx-2,0.7035785197244151,0.29642185490954864
TTGCGTCAGTTATCGCx-2,0.7626550890584524,0.2373453208019802
TTGGCAATCTCATTCAx-2,0.7517497554078707,0.2482506393341202
TTCTTAGAGCTACCGCx-2,0.7513270745820245,0.24867301660812843
TTGAACGAGTGACATAx-2,0.7594792479336729,0.24052113643902895
TTCTACATCGGAGGTAx-2,0.7761070774142778,0.22389327909477993
TTGACTTCAGTCTTCCx-2,0.7602308489920965,0.23976952620130648
TTGCGTCAGCAGCGTAx-2,0.7500365026656968,0.24996390400635704
TTGCCGTCACACGCTGx-2,0.7615369080529256,0.23846347099925322
TTCTCCTTCCTTTCGGx-2,0.6976747728883345,0.3023256039988811
TTGACTTCACGAAACGx-2,0.7502066634363785,0.2497937361023852
TTGTAGGGTAGGGTACx-2,0.7594089039983974,0.24059147278475845
TTGGAACAGCTGCGAAx-2,0.7606030507787218,0.23939732925146592
TTCTCCTGTAAGAGGAx-2,0.7069956159889771,0.2930047607744291
TTGGAACTCGCATGATx-2,0.7029150382006639,0.2970853380231394
TTCTTAGGTAGAGGAAx-2,0.7602286391485433,0.2397717369150609
TTCTCCTAGCCCGAAAx-2,0.7551860107661449,0.24481433340389136
TTGCCGTTCTCCAACCx-2,0.7609246717640992,0.23907570482116675
TTGGAACAGTCCAGGAx-2,0.7607912087358337,0.23920926012268626
TTGTAGGCAATTGCTGx-2,0.7629364840423704,0.23706390276184724
TTGACTTTCTTATCTGx-2,0.7063007195711896,0.29369965276597754
TTGGAACAGAGTACATx-2,0.7507325670965868,0.24926784074217592
TTGCCGTGTCGCTTTCx-2,0.7611909622262419,0.23880941482053952
TTCTTAGGTGGTTTCAx-2,0.758753291129131,0.2412470849740835
TTGGAACGTATCAGTCx-2,0.7620209954397716,0.23797938004167132
TTGGCAAAGTCGTTTGx-2,0.7513830395048509,0.24861736855978844
TTGAACGTCTCCTATAx-2,0.7598561895569937,0.24014419086642486
TTGACTTGTTTCGCTCx-2,0.7500742295188361,0.2499261749404277
TTGCCGTAGAAGGTTTx-2,0.7576884176802654,0.24231196660595503
TTGGAACGTAGCGCTCx-2,0.7584976407356374,0.24150275516841857
TTCTCAATCATCGGATx-2,0.7486676327688251,0.2513327669469297
TTGACTTTCTCAAGTGx-2,0.7586433710957347,0.24135702699439984
TTCTCAAGTTGAGGTGx-2,0.7522049194198207,0.24779547423396003
TTCTTAGTCAGCTGGCx-2,0.7607778061430858,0.23922258379403222
TTCTCCTCACCTTGTCx-2,0.7566917343579024,0.2433086383991453
TTGAACGTCTGATTCTx-2,0.7508807853356727,0.24911961613425496
TTGCGTCCACCACGTGx-2,0.7590326703560143,0.2409677123972472
TTCTACATCGATCCCTx-2,0.750563117204632,0.2494372734447436
TTGGCAATCGGTGTTAx-2,0.7489777075210308,0.2510226893260318
TTCTCCTCATGAAGTAx-2,0.6780739187556906,0.3219264410957074
TTGAACGAGTGCTGCCx-2,0.7613685859513277,0.2386318135505623
TTCTCCTAGCCGATTTx-2,0.7525433397444238,0.24745705552856426
TTGGAACTCTGAAAGAx-2,0.7072216870907857,0.2927786946284635
TTGGAACGTTAAGATGx-2,0.7490017210574954,0.25099867495657885
TTGGCAACAGCTGCTGx-2,0.6477861698999959,0.35221418170625685
TTCTCCTCAATGGAGCx-2,0.7597806178634017,0.2402197551186998
TTGGAACGTGTGCCTGx-2,0.7578610630047471,0.2421393238742298
TTGGAACCACCTATCCx-2,0.7600943174830881,0.23990608163188187
TTGTAGGCAACGCACCx-2,0.7608492562496649,0.23915113430134044
TTCTCAAGTAAGAGGAx-2,0.7524679938673341,0.24753238884010784
TTGGAACCAGCCTGTGx-2,0.7628648666250135,0.2371355087991739
TTGTAGGGTACTCAACx-2,0.6998207860918447,0.3001795862882548
TTGGAACCAATAAGCAx-2,0.7499529275604998,0.25004746422028434
TTGAACGGTTATCGGTx-2,0.7507534191807923,0.2492469904567373
TTCTCAAAGGTGCTAGx-2,0.7576964505195383,0.242303925026356
TTGGAACAGCACGCCTx-2,0.7621230812387615,0.2378773023013535
TTGGAACCAGAGCCAAx-2,0.7521908062680789,0.2478095877330826
TTGAACGCATGGAATAx-2,0.7599397755968589,0.24006064013433512
TTGGAACAGACTAGATx-2,0.6828518637228972,0.3171485184015938
TTGCGTCCACGTTGGCx-2,0.6879637206275223,0.31203665836409483
TTGGCAACACGTAAGGx-2,0.7609066337448877,0.23909374279890988
TTCTACATCGGTCTAAx-2,0.7494303835564632,0.2505700232869994
TTGGCAAAGATATGCAx-2,0.7503583185597552,0.24964208448272138
TTGGCAACAAGGTTTCx-2,0.7613117965564979,0.23868865312098797
TTCTCCTTCCTGCTTGx-2,0.7055457654878816,0.2944546154048539
TTCTCAAAGTGCTGCCx-2,0.7521851749584303,0.24781522238867104
TTCTCCTCACATCTTTx-2,0.7611766357316889,0.23882374168147258
TTGCCGTTCGAGAGCAx-2,0.7603424005229664,0.239657972973397
TTCTCCTAGGAATCGCx-2,0.7516978126898495,0.24830260270571067
TTGCCGTCATCCTTGCx-2,0.7499709235137122,0.250029472367268
TTTACTGCACCAGGTCx-2,0.7591182745925994,0.2408821045566426
TTTGCGCGTATAGGTAx-2,0.758993339404546,0.24100701058674753
TTTACTGCATTACCTTx-2,0.7062697431001481,0.29373063903748137
TTTGTCAGTGCAGACAx-2,0.7504173920675246,0.2495830198086156
TTTACTGAGTGAACGCx-2,0.7609581535089054,0.23904229850838987
TTTACTGGTTTGACACx-2,0.7506057779132741,0.2493946209405719
TTTCCTCCAGACGCAAx-2,0.7633041673654374,0.2366962017731695
TTTGCGCGTGACGCCTx-2,0.7513907780694926,0.24860963822108764
TTTATGCGTATATCCGx-2,0.7594556444576686,0.24054475243869725
TTTATGCCACTTCTGCx-2,0.7499956385583493,0.25000476334644545
TTTGGTTCAATGCCATx-2,0.7610283004021793,0.23897209914364545
TTTGTCAAGCCAGGATx-2,0.7608133173614415,0.2391871266875856
TTTGTCATCGGAGGTAx-2,0.7610852337939883,0.23891512979875076
TTTGCGCTCACGCATAx-2,0.7576967769114156,0.24230361451775084
TTTATGCAGTCATCCAx-2,0.7607270077789864,0.23927333913442483
TTTCCTCTCTTTACGTx-2,0.7520144160544681,0.24798597181704346
TTTGTCAAGGTACTCTx-2,0.759742906062198,0.240257435466128
TTGTAGGGTTAAGACAx-2,0.7079202253068008,0.29208015655570496
TTTCCTCTCATCGGATx-2,0.7607594605999888,0.23924090637291062
TTTGGTTAGCTAGTGGx-2,0.7604214188330909,0.2395789512929017
TTGTAGGGTGACGCCTx-2,0.7510854185019787,0.24891497989213682
TTTGGTTGTGACTCATx-2,0.6926563045487523,0.30734408251623707
TTGTAGGGTTGCTCCTx-2,0.7060196685625022,0.2939807108189672
TTTGGTTCACAGACTTx-2,0.7596051513233467,0.2403952171133873
TTTACTGTCACGATGTx-2,0.7607300189524289,0.2392703641713583
TTTACTGAGGATGGAAx-2,0.7046815904690259,0.29531878881001844
TTTGCGCCAGATCTGTx-2,0.7560173417463169,0.24398304908068233
TTTCCTCCAGGCGATAx-2,0.7587540236018582,0.24124642011634356
TTTGTCACAATGTAAGx-2,0.7505618698866495,0.2494385264496566
TTTATGCTCTCCGGTTx-2,0.7602296137047961,0.23977080434551512
TTTGCGCAGCAATATGx-2,0.7604169736160933,0.2395834717085077
TTTGCGCCAAAGAATCx-2,0.7485045096692511,0.25149589248580456
TTTGGTTAGAAGAAGCx-2,0.7598354322679506,0.2401649438678063
TTTATGCTCGGCATCGx-2,0.750483586251429,0.24951682158201527
TTTATGCTCCGTCATCx-2,0.7614675376339249,0.23853288180417048
TTTATGCGTGTATGGGx-2,0.7488763710493902,0.25112401291806874
TTTGTCAGTCATTAGCx-2,0.7626889400711462,0.23731143777847535
TTTATGCTCTTCAACTx-2,0.7620154982428913,0.237984873120436
TTTGCGCGTTCGTGATx-2,0.7598386936832939,0.24016167749533074
TTGTAGGTCCAATGGTx-2,0.7512513867173561,0.24874900088998828
TTTATGCGTGTGTGCCx-2,0.761044826495613,0.238955552768728
TTTCCTCAGAGTCGGTx-2,0.7508962653996339,0.24910413278463242
TTTGCGCTCTGGCGACx-2,0.7492173876852635,0.25078301053092805
TTTGTCACACAACTGTx-2,0.7509510027425799,0.2490494091914108
TTTGTCATCTGTTGAGx-2,0.7608376764906404,0.23916272509011274
TTTACTGTCTTTACGTx-2,0.7609930557969417,0.2390073454550203
TTTCCTCAGGCTACGAx-2,0.7680197066360291,0.23198065871297832
TTTCCTCCAATGGTCTx-2,0.6983920335595565,0.3016083497015274
TTTCCTCTCCACTCCAx-2,0.7511583512892799,0.2488420525291717
TTTGTCACATCGGGTCx-2,0.7584034555942281,0.2415969227514484
TTGTAGGGTTCCCTTGx-2,0.7572118049867965,0.24278856371760316
TTTATGCTCTCTGTCGx-2,0.7617327647948885,0.23826760583924328
TTTCCTCTCGTTTGCCx-2,0.7573139889681578,0.2426864129655322
TTTACTGTCACAAACCx-2,0.7500698400378483,0.2499305560056124
TTTGGTTCAACAACCTx-2,0.7604894128889718,0.23951097461985013
TTTGTCAAGTACGTAAx-2,0.7506852697775986,0.24931513372490788
TTTGTCAAGCAGGTCAx-2,0.760967696874801,0.23903268454238585
TTTACTGAGTCTTGCAx-2,0.7585790795634937,0.2414213583682041
TTTACTGTCCACTCCAx-2,0.760484762750914,0.23951561466178156
TTGTAGGGTGCACGAAx-2,0.7582426290300575,0.24175770011973158
TTTACTGTCGATGAGGx-2,0.7040777433421891,0.29592264130371754
TTTATGCAGTACCGGAx-2,0.7026569829901017,0.29734339716326985
TTGTAGGTCTGTTTGTx-2,0.7597970036177344,0.240203379419511
AACTCCCGTCCGTGACx-3,0.7604731924155412,0.23952718087304917
AAACGGGGTTGCCTCTx-3,0.7612070678522115,0.23879330575765226
AACGTTGTCGGCTTGGx-3,0.7620529870228718,0.2379473884643861
AACTCCCTCGAACTGTx-3,0.7646764652898163,0.23532390567359646
AACTCAGCACATCTTTx-3,0.7600759387425904,0.23992443468194216
AAAGCAAAGCACAGGTx-3,0.7667552296495957,0.23324514225103626
AACCATGAGCGATCCCx-3,1.0,0.0
AACACGTCAAGTCATCx-3,0.7597334273838492,0.2402669478085591
AACTCCCCATGACGGAx-3,0.7503417677920536,0.24965864467005552
AACTCAGCAAAGTGCGx-3,0.7648118044238056,0.23518856684775205
AACCATGAGTATCGAAx-3,0.7550377401753069,0.2449624727410193
AAAGTAGTCATCTGCCx-3,0.7648901131436842,0.23511025837409666
AAAGCAATCCGCAAGCx-3,0.7564218016766606,0.243578602947897
AAACCTGCATTCGACAx-3,0.7618270281084584,0.23817334812055588
AAACGGGGTCTTGTCCx-3,0.7623445756264453,0.23765579921191302
AACCGCGAGGTAGCCAx-3,0.7628950548509629,0.23710531809012447
AAACGGGTCAACACACx-3,0.7607080540937097,0.23929232133327344
AACTCCCCAAGACACGx-3,0.761650230180824,0.2383501437069026
AAACGGGGTTAGTGGGx-3,0.699582360383934,0.30041801876552393
AAACCTGCAAAGGTGCx-3,0.7607380077900905,0.23926236658056357
AACGTTGCAAGCCCACx-3,0.7617321363886894,0.23826823769447816
AACGTTGCACAACGCCx-3,0.7520431580946975,0.24795723203500772
AACGTTGGTCTACCTCx-3,0.7033288727811309,0.29667150503607814
AACTCAGCATCTATGGx-3,0.7633254104895205,0.23667496294292314
AACACGTAGAGCCCAAx-3,0.6952332130206844,0.30476716769836343
AAACCTGGTGCTTCTCx-3,0.7615711955096266,0.23842917948032383
AACCATGCACGAGAGTx-3,0.7625001600303458,0.23750022287328085
AACGTTGAGCTGTTCAx-3,0.7626907549046738,0.23730961001149156
AACACGTCACACCGCAx-3,0.7025866840242065,0.297413699394456
AACTCAGAGTAGGTGCx-3,0.7608809937996831,0.23911938280801298
AAAGATGAGTGAACGCx-3,0.7608101248100029,0.23919024979105238
AAAGCAATCATCATTCx-3,0.7621310652968569,0.23786930073479742
AACACGTAGTACGACGx-3,0.7641283231979835,0.2358720499466385
AAAGCAAAGACGCAACx-3,0.760700732241748,0.23929963678769176
AAACGGGTCCGTACAAx-3,0.7560603628493932,0.24393996601983384
AACTCCCTCTTGTCATx-3,0.7631752522350147,0.2368251141455194
AACTCCCGTGACTCATx-3,0.7601329584663137,0.23986740933919887
AACTCAGGTACAGTTCx-3,0.752841074262801,0.24715930328562458
AACGTTGAGACTGGGTx-3,0.7583476936471645,0.2416526802751048
AACTCAGAGGGATACCx-3,0.760408220161898,0.239592155150649
AAAGTAGGTGCTGTATx-3,0.7652016737946812,0.23479870503347547
AAAGATGCAAGTAATGx-3,0.7045156640182575,0.2954847185471059
AAAGCAACACGACTCGx-3,0.7599510670150467,0.24004926581980826
AAATGCCTCAGCTGGCx-3,0.760906281834347,0.239094103596862
AAATGCCTCCCATTTAx-3,0.7606069763594758,0.23939339808310434
AACGTTGTCTCGTTTAx-3,0.704627822930075,0.2953725611969705
AAACCTGTCAAACGGGx-3,0.7025794967126694,0.2974208839259178
AAAGATGTCAGTTAGCx-3,0.705464855134022,0.2945355223370234
AACCATGAGGGAAACAx-3,0.7081653020921211,0.2918350485583385
AACACGTCAACTTGACx-3,0.7626674902641584,0.2373328847081751
AACTCCCGTTAAGATGx-3,0.761301040569242,0.23869933709107197
AACCATGTCATCGGATx-3,0.706791988675473,0.2932083919062272
AAAGTAGTCACTCCTGx-3,1.0,0.0
AACCATGAGTACCGGAx-3,0.7648276466553858,0.2351727273362357
AAACCTGTCTCGATGAx-3,0.7644187134772304,0.23558165752184027
AACGTTGAGGCTCTTAx-3,0.7037393345144425,0.2962610456065839
AACTCAGGTCAACTGTx-3,0.7557032684803048,0.24429710361821919
AAATGCCCAGGATTGGx-3,0.7625772562754637,0.23742311982845177
AACACGTGTCTCTCGTx-3,0.7615451206787798,0.23845525137854515
AAAGCAACATTAGGCTx-3,0.7648284145702668,0.2351719562086859
AACGTTGGTATTAGCCx-3,0.7012538332714434,0.298746549501067
AAACCTGTCTGCAAGTx-3,0.7040043160896106,0.2959960637422342
AAAGATGCACAGCCCAx-3,0.7619828913647474,0.2380174783919248
AACCATGCAGTATCTGx-3,0.6586629381808448,0.34133741901573855
AAAGTAGTCAATCTCTx-3,0.7630198419921277,0.23698053240760394
AAAGTAGTCTTTAGGGx-3,0.7748830532705326,0.22511730803852292
AAACCTGGTCGACTGCx-3,0.7609853925837824,0.23901498264781482
AACCATGAGTGACATAx-3,0.75366574683264,0.24633464155299883
AAATGCCCAACAACCTx-3,0.7067137878175047,0.29328659188099754
AACTCCCAGATGCGACx-3,1.0,0.0
AAATGCCTCCCAAGATx-3,0.7616661515857013,0.23833422315361885
AACCATGGTCTGATCAx-3,0.7625986163941249,0.23740175100086014
AAACGGGAGGAGCGTTx-3,0.7585196836470315,0.24148069138954684
AACTCCCTCAGTCAGTx-3,0.7586909572967553,0.24130942843867897
AAAGTAGCACAGATTCx-3,0.7036839832169995,0.2963163947998762
AAAGATGAGTTAAGTGx-3,0.7070421454092322,0.2929582308267354
AAACGGGGTATCAGTCx-3,0.761760844573446,0.23823953140468732
AACTCAGTCTCCGGTTx-3,0.733645304728036,0.2663550759997478
AACGTTGAGAGAGCTCx-3,0.761460993479483,0.2385393818057249
AAACCTGCAGGGTATGx-3,0.7045468681767033,0.29545351408171844
AACCGCGTCGCGTTTCx-3,0.7574549047016261,0.24254547549161543
AACACGTTCTGTACGAx-3,0.6980043242718255,0.3019960572758275
AACACGTGTGGCCCTAx-3,0.7054808928380484,0.2945194863987794
AACCATGGTGATAAACx-3,0.7621964279891194,0.23780395455397604
AACTCAGCAATGGAATx-3,1.0,0.0
AAACCTGAGAGGACGGx-3,0.7008797526498687,0.29912062209031126
AACCATGAGGCGATACx-3,0.7621108314277051,0.23788954181753255
AACCATGTCATCTGCCx-3,0.7504261874113404,0.2495742142236502
AAAGATGCACTCGACGx-3,0.7617236746224333,0.23827670035708373
AACCATGGTGAGTATAx-3,0.7506365952234859,0.24936381350141548
AACCATGCAAGTTGTCx-3,0.7017793615367268,0.29822101931197886
AACCATGAGTGAACATx-3,0.7613334740328929,0.23866690082310943
AAAGCAAAGGGTGTTGx-3,0.761670298985501,0.23833007593774108
AACACGTAGGCTACGAx-3,0.764046249424243,0.2359541225820373
ACACCAAGTTGGTTTGx-3,0.7639296538191402,0.23607071748263908
AAGACCTTCGGGAGTAx-3,0.7621877145407343,0.23781266939045714
AAGGAGCGTACCTACAx-3,0.7624961516017491,0.2375042209804417
AACTCTTCATTTCACTx-3,0.7546477001750747,0.2453525043201586
AACTTTCGTCTAGGTTx-3,0.7505204439806547,0.2494799675704094
AAGTCTGGTTTAGGAAx-3,0.7700340594011662,0.2299663041399529
AATCCAGCACCTCGGAx-3,0.7037956202118512,0.296204759981806
ACACCAAAGCGTGTCCx-3,0.7621329069669345,0.23786745905659074
AAGGTTCCATTACCTTx-3,0.7617786152530317,0.23822175903507345
AAGACCTTCCTGCAGGx-3,0.7626252034919353,0.237375171730346
AAGGAGCAGCTAACAAx-3,0.7643345638011566,0.2356658059815935
AATCCAGTCACATAGCx-3,0.7623593602445536,0.2376410129839094
AAGGCAGAGGGTATCGx-3,0.7628624333427144,0.2371379364885615
AAGGCAGCAGTGACAGx-3,0.7060409193640078,0.2939594615471314
ACACCAATCAAACCGTx-3,0.7643250123698657,0.2356753602148373
AATCGGTTCTGCCCTAx-3,0.7701785692200477,0.22982179587965948
AAGGAGCTCCCTTGTGx-3,0.7067521516497342,0.29324822007533624
AACTCTTTCCCAGGTGx-3,0.7620609966734172,0.23793937656402386
AACTCTTTCCTGCAGGx-3,0.7066251641012385,0.2933752183331293
AATCGGTTCGCTGATAx-3,0.7560445207761419,0.2439557322474804
AACTGGTCATTGGCGCx-3,0.7669483013440168,0.23305206068150278
AAGGCAGTCTATGTGGx-3,1.0,0.0
AAGCCGCTCTACTATCx-3,0.7652279952235972,0.23477237619333094
AACTCTTGTGCAACTTx-3,0.7613126940342415,0.23868768272147317
AAGTCTGAGATGCCAGx-3,0.7659124077731416,0.2340879609685608
AACTCTTAGAGCTTCTx-3,0.763499271450621,0.23650110283148204
AAGACCTGTCCGTCAGx-3,0.75072130522015,0.24927910198818198
AAGGTTCCAAGTTAAGx-3,0.7635655683561344,0.23643480442738227
AAGACCTTCATATCGGx-3,0.7640139427216109,0.23598642411261697
AACTGGTCACGACTCGx-3,0.7593616041975122,0.24063877099349348
ACACCAACAGGAATGCx-3,0.7616858096896565,0.23831456512830757
AAGGTTCGTAGGCTGAx-3,0.6949843105580438,0.3050160625586841
AAGACCTCATTCGACAx-3,0.7582065048896771,0.24179387538176908
AAGGCAGAGACCTAGGx-3,0.706034823643824,0.2939655655640244
AAGGCAGAGTCACGCCx-3,0.7434672160156341,0.2565331596586368
AAGTCTGCAAAGAATCx-3,0.7764081789273675,0.22359217500133488
AACTCTTAGAGCTATAx-3,0.7484256598475626,0.25157471652092045
AACTCTTCAGCATACTx-3,0.7678777629569484,0.23212260312454602
AACTGGTTCTGCTGCTx-3,0.7684744675436352,0.23152590114971053
AATCGGTTCTGCTGTCx-3,0.6963468061251037,0.30365356575600244
AAGGCAGTCTGATACGx-3,0.763090541506718,0.23690983849582556
AAGACCTAGAAACCATx-3,0.7717052133090552,0.2282951549156323
AATCGGTGTAAGTGGCx-3,0.7725552244634663,0.22744512924293894
AATCCAGGTGTTTGGTx-3,0.7634147049245377,0.23658566814265275
AAGGAGCTCTAGCACAx-3,0.7587602898987753,0.2412400781894064
AACTCTTGTCGGCATCx-3,0.7638829395789136,0.23611743378919506
AACTCTTAGTTAACGAx-3,0.7612638926916167,0.23873647925721422
AATCCAGTCGTCACGGx-3,0.7058608731768853,0.2941395066730692
AAGACCTAGCTTTGGTx-3,0.7061501188199715,0.2938502608259152
AATCGGTAGACTAAGTx-3,0.7021279383071771,0.2978724432342818
AACTTTCTCTAACTTCx-3,0.7646878842256558,0.23531248700082585
AACTCTTAGCCCAATTx-3,0.7639474070501084,0.23605296539452494
AACTGGTGTACTCTCCx-3,0.762706965566632,0.23729340914139158
AAGACCTCATCCGTGGx-3,0.768621531115899,0.23137883301489892
AAGGCAGCACCTTGTCx-3,0.7614364541272481,0.23856392071281698
AAGACCTAGCGCTTATx-3,0.7506019168065636,0.24939848276335516
ACACCAAGTACTCAACx-3,0.7000085610904653,0.2999918109719371
AAGGAGCGTGCCTGGTx-3,0.7064322647689131,0.2935680899184581
AAGTCTGGTGCATCTAx-3,0.7595052542741935,0.24049512080172072
AATCCAGCACAAGCCCx-3,0.7522172664228045,0.24778313939675015
AATCCAGAGCTTATCGx-3,0.762460600069798,0.2375397784881095
AAGGAGCGTTATGCGTx-3,0.701338062702005,0.2986623206806999
AAGCCGCTCTGCCAGGx-3,0.7637283064373374,0.23627206555768418
AACTTTCAGCGATGACx-3,0.7628054385870566,0.23719493405389486
AAGTCTGTCATTCACTx-3,0.7625814756055345,0.23741889464073815
AAGGCAGCATGGAATAx-3,0.7618251034382449,0.23817526961375796
ACACCAATCACCGGGTx-3,0.703652678443267,0.29634768124353034
AAGGTTCTCAGGCGAAx-3,0.7621701428147859,0.23783023251041746
AAGACCTTCGTTGCCTx-3,0.7154129701329944,0.28458741100912643
AAGCCGCAGCTACCTAx-3,0.7609029274620195,0.23909744643742828
AATCCAGGTCTGGAGAx-3,0.7621339035650416,0.23786647221377347
AAGGCAGGTTTAGCTGx-3,0.7610761892118835,0.2389241832040783
AAGGCAGTCTGGAGCCx-3,0.7605004503675132,0.23949992500598755
AACTTTCTCCAGAAGGx-3,0.7640349627419175,0.23596541099446225
AAGGCAGTCATGCAACx-3,0.7610097649879451,0.23899060894009228
AAGCCGCTCCACGTGGx-3,0.7631627859697186,0.23683758881126205
AAGGCAGCATAACCTGx-3,0.7060862540758283,0.29391412597544403
ACACCAACATGGGACAx-3,0.7587594378584264,0.24124093648767558
ACACCAATCACCGTAAx-3,0.7275727019993976,0.2724274505136426
AACTTTCAGAGTGAGAx-3,0.7614803401213497,0.2385200355338644
AAGGCAGTCTGTCAAGx-3,0.7617247553416683,0.23827561874985018
AAGGCAGTCCAAACTGx-3,0.653090408360727,0.34690995320712675
AAGCCGCCATAAGACAx-3,0.758384389389425,0.24161598542702098
AAGACCTAGTTAACGAx-3,0.7639469878294842,0.23605339254232166
AAGACCTTCACTTATCx-3,0.7634521253226599,0.23654824699876623
AACTGGTAGGTAGCCAx-3,0.7627239049899672,0.23727646995809076
AAGGTTCAGTGCAAGCx-3,0.7602032354439201,0.2397971396429026
AACTCTTCATCGGGTCx-3,0.7018841259529185,0.29811624907481193
AACTTTCTCTTGCCGTx-3,0.7014970528071394,0.29850333899474285
AACTTTCAGTGCGATGx-3,0.7051161590841192,0.29488422566621186
AAGGCAGGTCTGCAATx-3,0.7619561759829345,0.23804419504057353
ACACCAAAGGGATACCx-3,0.7189521385443678,0.2810481187458911
AACTTTCCAAGCCATTx-3,0.7032475283528836,0.29675285523288436
AACTCTTGTAAGGGCTx-3,0.7041446984290326,0.29585568328049444
ACACCAAGTACATCCAx-3,0.7502140837473152,0.2497863292155303
AATCGGTGTAGCAAATx-3,0.7636510161020992,0.23634935824957212
ACCCACTGTATCGCATx-3,0.7608922440414432,0.23910813107190831
ACAGCCGGTTGCCTCTx-3,0.7630405240263369,0.23695984943772697
ACATGGTGTCGGCACTx-3,0.7504620017105503,0.24953841120902517
ACAGCTAAGGGTTCCCx-3,0.7634349078066612,0.23656547005528633
ACAGCTATCCAGAAGGx-3,0.7636712256503346,0.23632914767952257
ACACTGACATCCAACAx-3,0.7048716448741699,0.2951287378852764
ACATCAGGTAGGACACx-3,0.7610171103690168,0.23898325484770178
ACCGTAAAGACAGACCx-3,0.7507842178068665,0.24921618573719084
ACCTTTAAGAGGGCTTx-3,0.7612476745325086,0.23875271120975713
ACAGCTACAGGGTTAGx-3,0.760843854925986,0.23915652009134244
ACCCACTAGTGTCTCAx-3,0.7027701494088388,0.2972302294978257
ACAGCCGAGCCACTATx-3,0.7053221236906182,0.2946782556735096
ACATCAGGTGGCTCCAx-3,0.7608937329560501,0.23910663264105272
ACAGCCGTCAAACCACx-3,0.7582199544562612,0.24178042141251052
ACACCGGAGTAGGCCAx-3,0.7618361301167077,0.23816424356488464
ACCGTAAAGCCGGTAAx-3,0.6741654133718598,0.3258349560739266
ACATACGAGTTTGCGTx-3,0.7610231929861737,0.23897723827292291
ACCCACTGTCACCCAGx-3,0.7023140070588447,0.2976863781118841
ACACTGAGTGGTAACGx-3,0.763356920904356,0.23664345401958492
ACACTGATCTTAACCTx-3,0.7607990133036625,0.23920136238797304
ACAGCTACACCAACCGx-3,0.7074237291059301,0.2925766479623945
ACATACGCATCTACGAx-3,0.7613375706428299,0.23866280319399968
ACACCCTCACTGTTAGx-3,0.7631336770042357,0.2368666971834055
ACCAGTAAGCGATCCCx-3,0.7539971444231107,0.24600312643313293
ACATACGGTTAAGATGx-3,0.700921318715256,0.29907905665471135
ACACCGGGTATAGTAGx-3,0.7607532001187396,0.23924718776045392
ACAGCCGCACACAGAGx-3,0.7637917024114251,0.23620867027270223
ACACCGGCAATGGATAx-3,0.7046839919444455,0.2953163891774281
ACATACGAGCAACGGTx-3,0.7015825841447567,0.2984178062009389
ACATGGTAGTGGCACAx-3,0.7607096570982163,0.23929072097291265
ACCAGTAAGACCCACCx-3,0.7626191184082266,0.23738125917953828
ACCCACTAGCATGGCAx-3,0.7632151118310346,0.23678526069595313
ACCAGTACAGTCCTTCx-3,0.75955634804722,0.24044402427620687
ACACTGAAGCTAGTTCx-3,0.760965476140746,0.23903489884772894
ACCGTAAGTCGACTGCx-3,0.7730247280084426,0.22697562230507207
ACATACGTCAACACCAx-3,0.7625006653920139,0.23749970840001702
ACAGCTATCTCGGACGx-3,0.7066006949875961,0.2933996872983931
ACATACGGTAAACCTCx-3,0.7643083472299018,0.23569202437239395
ACATCAGAGCACAGGTx-3,0.7647294936545467,0.23527087938568073
ACATCAGGTGAGTATAx-3,0.7607285154755302,0.2392718777174913
ACACTGATCGCCAGCAx-3,0.7679065732663833,0.23209379169082986
ACATACGGTGTGTGCCx-3,0.7686357712941512,0.2313645866066062
ACACCCTCACCACGTGx-3,0.7608939137658148,0.23910646312368056
ACATGGTGTTTAGGAAx-3,0.76301051383499,0.23698986382348086
ACACCGGAGACCTAGGx-3,0.7666093555887793,0.2333910131979325
ACCTTTACAAACGCGAx-3,0.762150503508042,0.2378498698180243
ACAGCCGAGTAACCCTx-3,0.7528615322261502,0.2471386536917865
ACAGCCGCATTACGACx-3,0.7626954500492787,0.2373049246188289
ACCTTTACAGTCACTAx-3,0.7621218712701494,0.2378785038162476
ACACCGGGTTTGTTTCx-3,0.7059780887889662,0.29402229503040267
ACCGTAATCGATGAGGx-3,0.7569259597381415,0.24307441776117195
ACCGTAACAATAGCGGx-3,0.7659466923384839,0.23405368331829376
ACCAGTATCGTCCGTTx-3,0.7592946903357894,0.24070568602817918
ACACCCTTCCTATTCAx-3,0.7736205066879821,0.22637985067075087
ACCAGTACAATGTAAGx-3,0.7646909183877953,0.2353094534549387
ACACTGATCAGAAATGx-3,0.772586700258991,0.22741365945820352
ACATGGTTCACCACCTx-3,0.7054931404929617,0.29450723278922003
ACACCCTTCATTGCGAx-3,0.7648409858105607,0.23515939428654808
ACATACGTCGCCTGAGx-3,0.7603798196230407,0.2396205536903133
ACATCAGGTTACCGATx-3,0.7678364675906301,0.2321638998179925
ACAGCCGCACGGATAGx-3,0.7624345470271681,0.23756582535179682
ACCCACTAGAGCTGGTx-3,0.7589619588281531,0.24103848899462427
ACATACGCAATGGAGCx-3,0.7616709895702338,0.23832938513211507
ACACCCTCAAGCCGCTx-3,0.7052906141460502,0.2947097670078087
ACACCCTAGTGTGGCAx-3,0.6941569190997974,0.3058434496121292
ACCAGTAAGTCGCCGTx-3,0.7619197807303733,0.23808059362299722
ACAGCTACAAACGCGAx-3,0.7664326231170959,0.23356774251363857
ACCTTTAAGACTGTAAx-3,0.7629090256931609,0.23709134258930406
ACATCAGGTACCTACAx-3,0.7508383081486137,0.24916208864429223
ACCTTTATCCGATATGx-3,0.7601358007849739,0.23986455861342815
ACACTGACAAGTAGTAx-3,0.7614886650174597,0.23851170688830306
ACAGCTATCCATGCTCx-3,0.7021448950370129,0.2978554868172116
ACCCACTCAATGGATAx-3,0.7628778737194963,0.23712250045694966
ACATACGGTACCGTATx-3,0.763274667997493,0.23672570496280265
ACCAGTACAATCCGATx-3,0.6408426991725567,0.359157652093606
ACAGCTATCTGGCGACx-3,0.7621577995819332,0.23784257514869828
ACCGTAACAGGGTATGx-3,0.6824032958864285,0.3175970864990545
ACAGCCGCAAGCCTATx-3,0.7626540777135622,0.23734629735866256
ACCAGTATCGGTCTAAx-3,0.7605495281874118,0.23945084302329572
ACCGTAATCCACGAATx-3,0.7638885673131413,0.2361118094758867
ACAGCTAAGCCGGTAAx-3,0.7755245581628434,0.2244757945024825
ACAGCCGCAAAGTGCGx-3,0.7832928496325566,0.21670749803025624
ACATGGTGTGCGATAGx-3,0.7088482280530667,0.29115214082407387
ACACTGAAGGCACATGx-3,0.7637417847279823,0.23625858886525894
ACCAGTAGTGCACCACx-3,0.7622917850107679,0.23770858985060303
ACCAGTAGTCCGAACCx-3,0.7629360629839446,0.23706431068019895
ACATACGAGCGATCCCx-3,0.7658020182903553,0.23419834685280563
ACATCAGTCGCGTAGCx-3,0.7617631980230897,0.2382371759644007
ACAGCCGTCAGAGCTTx-3,0.7614860548466827,0.23851431984511381
ACATCAGGTGCTAGCCx-3,0.7620094452694471,0.23799092975676467
ACAGCCGCACAGGTTTx-3,0.7612278161394521,0.23877255890046173
ACCCACTAGTGTCCCGx-3,0.7646679569391027,0.23533241145946004
ACATCAGTCTTAGCCCx-3,0.7658327187944522,0.2341676496455208
ACAGCTAGTAGCCTATx-3,0.7609784580579738,0.23902191597870923
ACACCCTAGTCTCGGCx-3,0.7564673899838951,0.24353299448824436
ACGTCAATCTGCGACGx-3,0.7622751728433856,0.23772520258939714
ACGCAGCAGCCAGTTTx-3,0.7614910853550424,0.23850933132824134
ACGGAGATCTTGGGTAx-3,0.6911137501367828,0.3088866026067004
ACGATGTAGCAGATCGx-3,0.7206080395673394,0.27939221226751715
ACGTCAAAGTGTCTCAx-3,0.7972957550530703,0.20270456937997072
ACGAGGAAGGTAGCCAx-3,0.7614616996112905,0.23853867573862855
ACGCAGCAGGTGACCAx-3,0.7524721348742247,0.24752802250283926
ACGAGCCGTAGCGTCCx-3,0.7648882816411368,0.23511208981059992
ACGAGGATCAAACCGTx-3,0.7643895416857591,0.2356108292825226
ACGCCGAGTGCACGAAx-3,0.7530724432706094,0.24692776511638817
ACGCAGCAGCCACGTCx-3,0.7608511638812486,0.23914920998892303
ACGAGGATCGGCTTGGx-3,0.6984957388382889,0.30150464997261045
ACGCCGAAGCACCGTCx-3,0.7523591142941964,0.24764106208847972
ACGCCGAGTCGCGTGTx-3,0.7607050753793894,0.23929530047963354
ACGGAGAAGGGCTTCCx-3,0.7039720535671459,0.29602831008828057
ACGCCGAAGATGTTAGx-3,0.7624309550738715,0.23756942239493886
ACGCCAGCAATACGCTx-3,0.763971246301621,0.23602912667374779
ACGGCCACAAGTAATGx-3,0.7576845169523221,0.24231588319302036
ACGATGTTCGAACGGAx-3,0.7634249466003005,0.2365754348275057
ACGGGTCCAGGGTTAGx-3,0.7646026827436341,0.23539768897095117
ACGTCAAAGGCTCTTAx-3,0.7676055316747575,0.23239483704633399
ACTATCTTCTTCATGTx-3,0.7638168787186376,0.23618348649012924
ACGGGCTCAAGGTTTCx-3,0.7118459920057865,0.2881543849794126
ACGGCCACATGCCCGAx-3,0.7658624292629737,0.23413795020950892
ACGAGGAGTTCAGCGCx-3,0.7060333216838081,0.2939670571193755
ACGGGCTAGTTATCGCx-3,0.7623980741973476,0.23760230006969932
ACGCCAGTCATCATTCx-3,0.762533206973647,0.23746716806727416
ACGGGTCGTTCTGAACx-3,0.70730044482442,0.2926999326522876
ACGATGTGTGAGGCTAx-3,0.7069983538594088,0.2930020175747288
ACTATCTAGGGAAACAx-3,0.822274430815486,0.1777258414895239
ACTATCTGTAGCACGAx-3,0.7057016312873822,0.2942987565911118
ACTATCTTCTCCGGTTx-3,0.7614600647882371,0.23854030356793346
ACGGCCATCTTAACCTx-3,0.7617210175697051,0.23827935714549678
ACGAGGACATGAGCGAx-3,0.7750608156916231,0.22493954168091368
ACGCAGCAGCAGCCTCx-3,0.7039388408645229,0.2960615451793175
ACGCCGACAGCAGTTTx-3,0.7664187145997157,0.23358165452191168
ACGCCAGAGCGACGTAx-3,0.7612398134137527,0.2387605524287553
ACGCCGAGTTCGGGCTx-3,0.7062283060750408,0.29377207511166503
ACGATGTCAAGACGTGx-3,0.7789974615833004,0.2210028877671686
ACGGGCTCACACTGCGx-3,0.7615803391972963,0.23842003490342548
ACGCAGCCACATTTCTx-3,0.706782137432579,0.2932182426579593
ACGTCAATCTGGTATGx-3,0.7619771501337892,0.23802321997386078
ACGCCAGCAGTAAGCGx-3,0.7626985817017625,0.23730179063573398
ACGGCCATCCAGGGCTx-3,0.7636644547878029,0.23633591739070298
ACGGAGATCTTACCTAx-3,0.762251875023411,0.23774850427144784
ACGATGTTCAACACCAx-3,0.6902120185678018,0.30978836220626993
ACGGGCTCAGTCACTAx-3,0.7050134552457008,0.29498692850545744
ACGAGGACAAGCCATTx-3,0.6533798100288839,0.34662055869020636
ACGGGTCGTTACGACTx-3,0.7602027350687198,0.23979762938511187
ACGCCGATCTCGATGAx-3,0.7062306073339161,0.2937697746887968
ACGATGTAGATATACGx-3,0.7605041887724864,0.23949618025722275
ACGGGCTTCTTGGGTAx-3,0.7531312007012305,0.24686919217962522
ACTGAACAGGACGAAAx-3,0.762618137950039,0.23738223564625152
ACGTCAATCGGCCGATx-3,0.7085067667474546,0.2914936179969214
ACGGCCACACTGCCAGx-3,0.706277497799602,0.2937228816212031
ACGAGGAAGCGTGAACx-3,0.7505471967328984,0.24945321007798946
ACGGCCAGTGCATCTAx-3,0.7614977473886757,0.2385026264668077
ACGGGTCCAATAGCAAx-3,0.7597190602251968,0.24028131389698548
ACGGGTCCAGGCTGAAx-3,0.7626405854991876,0.23735978814115827
ACGAGGAAGCCGTCGTx-3,0.7645618028783296,0.2354385702451741
ACGTCAACACATGTGTx-3,0.7623027167736722,0.23769765709944068
ACGCCGACAAGGGTCAx-3,0.7601623230996027,0.23983805113453752
ACGCCGACACTTAAGCx-3,0.7614732440724525,0.23852713175378645
ACGATACTCTCTAAGGx-3,0.7041683557637279,0.29583202480680665
ACGGAGATCCGTCAAAx-3,0.707933884326603,0.29206649249592703
ACGGGCTAGGTAGCTGx-3,0.7100937605840412,0.2899066244277296
ACGCCGATCCTTTCGGx-3,0.7046150290306021,0.2953853502056721
ACGGAGAAGAGCAATTx-3,0.7693761420732692,0.23062422150343484
ACGCCAGTCAGCGACCx-3,0.7060007441796439,0.29399963967261616
ACGATACCAGCTCCGAx-3,0.7608930440014302,0.2391073240585406
ACGATACTCACTTCATx-3,0.7738189618544187,0.22618139584684568
ACGGGTCAGGTGGGTTx-3,0.7629776398923964,0.23702273304402202
ACGGAGATCATGCATGx-3,0.7610701451318238,0.23893022807914044
ACGTCAATCCTCCTAGx-3,0.7715882583964925,0.22841210817085017
ACGATGTCACACAGAGx-3,0.7618004847050617,0.23819989036785413
ACGATACAGGCTAGGTx-3,0.7504164550871844,0.2495839581037324
ACCTTTATCGCAAGCCx-3,0.7638109812570083,0.23618939194682953
ACGTCAAAGTTGTAGAx-3,0.7528424538378079,0.24715768684085607
ACGCCAGCAGCGTAAGx-3,0.7498167829327457,0.25018361753224605
ACGGGCTTCTTATCTGx-3,0.6851768537977475,0.31482351446319556
ACGGGTCAGACAGACCx-3,0.7615293675437192,0.2384710056807015
ACGAGGACACACTGCGx-3,0.761367689427743,0.23863268613534155
ACGATACTCAACACGTx-3,0.7009453391736779,0.2990550393427783
ACGAGGAAGTAAGTACx-3,0.7630973885605142,0.23690298221402326
ACGAGGACAGACGCCTx-3,0.7065835338701035,0.29341683332482804
ACGGGTCAGCGTGAGTx-3,0.7063292838943447,0.2936710959607607
ACGCCGATCGTTACGAx-3,0.7595121909341367,0.24048818401019093
ACGGGCTAGGCGTACAx-3,0.7629909708147056,0.23700940228669143
ACGTCAAGTTACGCGCx-3,0.7626624874672487,0.2373378823040537
ACGAGGATCTTTACGTx-3,0.7625921376028271,0.2374082343308825
ACGCCAGGTAGCGCTCx-3,0.761930153269566,0.23807022184449356
ACGGAGATCACGATGTx-3,0.7054153466086851,0.2945850360166523
ACGATGTTCTGTTTGTx-3,0.6962599414488271,0.30374043778866794
ACGATACGTCCCGACAx-3,0.770080888269942,0.22991947492799722
ACGAGCCGTCGCATCGx-3,0.7634124417416313,0.2365879297949708
ACTGCTCCATGGTTGTx-3,0.7708529389379335,0.2291474222992599
AGAGTGGCAAGCCGCTx-3,0.7055071323251575,0.29449324858948084
ACTTGTTCAATAGCGGx-3,0.7625187959018597,0.2374815785505833
AGAGTGGCAAGACACGx-3,0.7613447231825287,0.23865565182538104
AGAGCTTGTACCGTATx-3,0.650762179668611,0.34923817085785097
AGACGTTTCCGAATGTx-3,0.7606123581715165,0.2393880173542335
AGACGTTCATTGGTACx-3,0.7621838531266436,0.2378165214460008
ACTTGTTCACAACGTTx-3,0.7644311482539523,0.2355692196977239
ACTGTCCAGTCCATACx-3,0.7615357076909764,0.23846466879109954
ACTGTCCGTACCGGCTx-3,0.7616942047595477,0.23830617078513938
ACTTGTTCATGTCCTCx-3,0.7623867751580113,0.2376135996115516
AGAGCGATCAACACCAx-3,0.763239305457352,0.23676107118179607
AGAGCTTAGATGGCGTx-3,0.7051692984912111,0.2948310851134128
ACTTTCATCCGCAGTGx-3,0.7611615190184243,0.2388388528766546
ACTGAGTAGGCACATGx-3,0.7619754406470737,0.23802494027105106
AGAGCTTTCTTGGGTAx-3,0.7619065214532504,0.23809385410872233
ACTGTCCAGTCGATAAx-3,0.7537817256649345,0.2462186680163235
ACTGAGTGTTATGTGCx-3,0.6987338744285022,0.30126650635034974
ACTGCTCGTTACAGAAx-3,0.7502792456632743,0.24972115618920274
ACTGATGAGCTTATCGx-3,0.7609498734964223,0.2390505008728451
ACTTGTTCACGAAATAx-3,0.761361697909201,0.238638677008109
AGAATAGCACCAGCACx-3,0.701920513784512,0.2980798644188474
ACTGTCCTCGTAGGAGx-3,0.7648460502860942,0.2351543258980471
ACTGTCCAGAGTAAGGx-3,0.7070289663628587,0.2929714096606202
ACTTTCAGTGGCAAACx-3,0.7620542049189506,0.23794616902615293
ACTGAACGTCTCCCTAx-3,0.7020788970327961,0.29792148289112586
ACTGCTCAGCCATCGCx-3,0.749658991358937,0.25034140269554506
ACTGAGTTCCTTGGTCx-3,0.7630144932155517,0.23698588023575404
ACTGCTCTCTGCCAGGx-3,0.7607113225450127,0.23928905374241952
ACTGAACCATAAAGGTx-3,0.7621576439090079,0.23784274492132226
ACTTTCACAGTGACAGx-3,0.7041367073435137,0.29586367663905466
ACTTGTTGTATGAAACx-3,0.7616139207865963,0.23838645306424514
ACTTGTTGTGTTGGGAx-3,0.7592899349458418,0.24071044150748364
ACTGAGTAGCAAATCAx-3,0.7623896081486239,0.23761076630682668
ACTGAGTAGACGCTTTx-3,0.7410341190822676,0.25896624493205844
ACTGATGCAGCCTTTCx-3,0.7032031611997445,0.2967972162226222
ACTGAGTAGTTGTCGTx-3,0.7617082756561739,0.23829209853158737
ACTGATGAGGCCCGTTx-3,0.7608798360648559,0.23912053830189783
AGAGCTTTCCACGAATx-3,0.7618643327630299,0.23813604281109346
ACTGTCCTCATCATTCx-3,0.7584346589319054,0.24156571819263478
AGAATAGTCCGTCAAAx-3,0.7584480009584916,0.24155238393309425
ACTTTCAGTGTATGGGx-3,0.7624882781373564,0.23751209594609612
AGACGTTAGTGTACCTx-3,0.7597598611510018,0.24024051358053025
AGAGCTTAGTGATCGGx-3,0.7626008626739363,0.2373995126385214
AGAGCGATCTGGTGTAx-3,0.7014971652131666,0.29850321173870314
ACTGTCCGTGTAACGGx-3,0.6937749627632568,0.3062254214745918
ACTTGTTGTGAGGGTTx-3,0.7616434217887315,0.23835695332414017
ACTTACTGTCAACTGTx-3,0.7605885654695914,0.23941181131204958
AGAGCGAGTTTACTCTx-3,0.7624310017741329,0.23756937258674335
ACTGATGGTTTCGCTCx-3,0.7606004603052344,0.23939990047742207
AGAGCTTGTTCAGACTx-3,0.7673220211195177,0.2326783439440274
AGAGCTTAGATGTGTAx-3,0.7633253908656389,0.23667498864659892
ACTGCTCGTCCGAAGAx-3,0.7612406550406345,0.23875971966539639
AGAGCGAGTTCGAATCx-3,0.7159222568360829,0.28407798431017445
AGAATAGCAGCTCGACx-3,0.7595718181991403,0.24042856201285198
ACTGAACGTCTCAACAx-3,0.7633730610483218,0.23662731180885582
AGAATAGCAGCTTAACx-3,0.7602958013071798,0.23970456492591855
ACTTGTTCATACCATGx-3,0.704708066041292,0.29529231794018773
ACTGATGCATATGCTGx-3,0.7615073512756093,0.23849302405437478
ACTGAGTTCAGGATCTx-3,0.7625400036783887,0.23746036961233866
ACTGTCCTCCCATTTAx-3,0.6929181307360711,0.3070822344011271
ACTGATGTCATATCGGx-3,0.6709940294703044,0.3290063484260178
ACTTGTTCATGTCGATx-3,0.7622403181463081,0.2377600574873745
ACTTGTTAGTGTCCCGx-3,0.7616206361411255,0.23837973656306932
AGAGCGAAGACAAAGGx-3,0.7611167403684189,0.23888362567092228
ACTGTCCTCTTGTACTx-3,0.7047262970828834,0.2952740815085866
ACTTTCAGTACGACCCx-3,0.7629901791629609,0.23701019199908227
AGACGTTAGATGAGAGx-3,0.7504785953787727,0.24952181954625152
AGAGCGAGTAGCACGAx-3,0.7622726898792642,0.2377276826326382
ACTGAGTTCCGGCACAx-3,0.7608572005124971,0.23914317600327392
ACTGAACGTAAATACGx-3,0.7579988341272098,0.24200148359749996
ACTTACTGTCATATGCx-3,0.7621483432060132,0.23785203210258868
ACTTTCAAGAATTGTGx-3,0.7609836376400363,0.23901673883016405
ACTGAGTCACCCAGTGx-3,0.7686353679305611,0.23136500144415115
ACTGCTCCAGGTCGTCx-3,0.7629199996843035,0.23708038274546656
AGAATAGCAAAGTGCGx-3,0.7601235875751238,0.2398767782184697
ACTGATGAGACCTTTGx-3,0.7631638106755753,0.23683656821246077
AGAATAGTCCGAGCCAx-3,0.7696201910719174,0.23038017217773998
ACTGAGTTCAGTTCGAx-3,0.7676262275315611,0.23237414552756336
ACTGCTCCATTCTTACx-3,0.7651499031416117,0.2348504681550403
AGAGCGACAAACTGCTx-3,0.7625120665395841,0.2374883089231267
ACTGTCCAGGCGCTCTx-3,0.7166349686130726,0.2833654114374184
AGAATAGAGGAATTACx-3,0.7635593849826439,0.23644098400088404
ACTTTCAGTCTAGCGCx-3,0.7671181533232164,0.23288221623588135
AGAGTGGCAGCTGGCTx-3,0.7032809499793723,0.2967194369995737
ACTGAGTCATCACAACx-3,0.761354840881714,0.23864553512646752
AGAATAGGTGATGCCCx-3,0.7625033870003247,0.2374969793796588
AGACGTTTCGTTTATCx-3,0.7584061027943753,0.24159422784062065
ACTGTCCTCATTGCGAx-3,0.7597724352951782,0.24022794014295898
ACTTACTGTTACCGATx-3,0.696082064047635,0.30391831231416944
AGACGTTAGTAGCGGTx-3,0.764205610606596,0.23579476551749232
AGAGTGGCACATTCGAx-3,0.7641214829441498,0.23587888536559706
ACTGCTCCAGGAATCGx-3,0.7610558962443663,0.2389444795623455
AGAGCGAGTTCAGTACx-3,0.7614890483299596,0.23851132592351235
AGAATAGAGAGGTTATx-3,0.7595140181837609,0.24048635888657272
AGATCTGCAGTCCTTCx-3,0.7626103704118417,0.23739000966128979
AGATTGCGTTTCGCTCx-3,0.708601873786284,0.2913985102100203
AGCGTCGTCGTACCGGx-3,0.7613395692088295,0.23866080011040705
AGGCCACAGGACGAAAx-3,0.7633860334798407,0.23661433999327067
AGCGGTCGTTCTGTTTx-3,0.7645218716247197,0.2354785012893658
AGGCCACGTCAAAGATx-3,0.7626390886943957,0.23736128519282723
AGATTGCTCTGTACGAx-3,0.7862666907642344,0.2137336471663525
AGGGAGTAGGGTGTGTx-3,0.7640880644253151,0.23591229799729885
AGCAGCCAGAGTCGGTx-3,0.7065687854402781,0.29343159564727156
AGCAGCCGTTGATTGCx-3,0.7619061379023812,0.23809422726968946
AGCGGTCGTTTGACTGx-3,0.7632976369164048,0.2367027315440291
AGATTGCTCCCATTATx-3,0.7622009274052509,0.2377994465015992
AGCGTATTCACCGGGTx-3,0.7658217651636506,0.23417860561495432
AGCATACTCGCTTAGAx-3,0.7627025056404532,0.23729786877666792
AGCGGTCTCCACGACGx-3,0.7614568477154292,0.2385435325647311
AGCTCCTCAGCATACTx-3,0.6766815488660002,0.3233188207812114
AGCATACTCGTTTATCx-3,0.7624185891362584,0.2375817930876437
AGCGGTCCACTGTGTAx-3,0.7617058467993246,0.2382945285903036
AGCCTAAGTTCACGGCx-3,0.7631996691702061,0.23680070147476603
AGCCTAACAGCTGTGCx-3,0.7504274707836193,0.24957294179949943
AGCTTGAAGCGCTCCAx-3,0.7625920520630602,0.23740832262466652
AGCAGCCTCCGTCAAAx-3,0.7675429128960063,0.2324574522255654
AGGCCACTCTTGGGTAx-3,0.7668386534286928,0.23316171612628778
AGGCCACTCGGCGGTTx-3,0.7061690284785715,0.2938313504499645
AGATCTGAGGCGACATx-3,0.7564375659881748,0.24356280626693375
AGGCCACAGACTAGATx-3,0.759475283527147,0.24052503797282612
AGCGTATCATTTCACTx-3,0.76876638789918,0.23123398209898907
AGCGTATTCCCTCAGTx-3,0.7644372275963566,0.23556314407444118
AGCCTAAGTCGACTATx-3,0.7628364697659781,0.2371639042264355
AGCGGTCGTTCTCATTx-3,0.7670042138309201,0.23299615648844957
AGCGTCGAGCTACCTAx-3,0.7607864115527573,0.2392139639775848
AGCTCCTGTCAACATCx-3,0.7581362238504241,0.24186415108205964
AGCAGCCAGTTCGATCx-3,0.7614250194445566,0.2385753510332912
AGATTGCCAATGGTCTx-3,0.7095804061997999,0.2904199758534355
AGATCTGCAAGTCTGTx-3,0.7667987683167837,0.23320159893298098
AGCTCTCTCAATCTCTx-3,0.7615018680165592,0.23849850513277948
AGGGAGTAGAACAACTx-3,0.710135374935861,0.2898650087092791
AGAGTGGGTGCAACGAx-3,0.7677517392406262,0.23224863109887334
AGCATACTCAGCTTAGx-3,0.7520579825184075,0.24794241863030275
AGCCTAATCTTGAGGTx-3,0.765233019522635,0.23476735193398937
AGGGAGTAGAAACGCCx-3,0.763675800830206,0.23632457253086608
AGCAGCCGTGGTGTAGx-3,0.7622899231694822,0.237710450474416
AGCAGCCGTGGTCTCGx-3,0.7507905138719533,0.24920989312279593
AGCTCCTCATGGGAACx-3,0.7018798590588741,0.2981205244370074
AGGCCACAGACCACGAx-3,0.7624611504890746,0.23753922243415282
AGCGTCGAGACTAGATx-3,0.7619658384201029,0.2380345292429132
AGGCCACTCGCCGTGAx-3,0.7017411444979499,0.29825924051262764
AGCGTATCATCTCGCTx-3,0.7635178875546702,0.2364824856362281
AGGCCACGTTCGGCACx-3,0.6985492518549554,0.3014511290705479
AGCCTAAAGAAACGAGx-3,0.7504532153622855,0.24954718699066014
AGCAGCCAGTGGCACAx-3,0.7624899381852297,0.23751043678801523
AGCTTGATCATGCAACx-3,0.7580722222441347,0.24192815581720845
AGCAGCCAGGCAATTAx-3,0.7607024961180305,0.2392978798649703
AGCGTATAGCCGGTAAx-3,0.7014233061259156,0.2985770757346175
AGCTCCTCACGGCCATx-3,0.7492637098023052,0.2507366881533049
AGATCTGAGGACACCAx-3,0.7619512501500502,0.23804912314099355
AGGCCACGTACAAGTAx-3,0.7614008648246349,0.2385995107349376
AGGCCACCAGCCAATTx-3,0.7052987828953432,0.29470159947120766
AGCATACAGTCAAGGCx-3,0.7690863148299002,0.23091405151054115
AGGCCACCAATGGTCTx-3,0.7644829026503183,0.23551746970194792
AGATCTGTCAGCGACCx-3,0.7611458812246178,0.23885449405506
AGCGTCGAGAGTACATx-3,0.7620258216454335,0.2379745528910682
AGATTGCGTTCCACAAx-3,0.7260752320102339,0.273924912917176
AGCTCTCAGACGACGTx-3,0.7609225709798046,0.23907780163722783
AGGCCGTTCGAATGGGx-3,0.704692894920779,0.29530748822539216
AGAGTGGGTGATAAACx-3,0.70623722250553,0.2937631530857903
AGCTCTCTCATCTGCCx-3,0.703919218084199,0.2960811713034525
AGCTCTCCACGAAGCAx-3,0.7624986765375023,0.2375016966669612
AGCGTCGGTTGGTAAAx-3,0.7607653995423007,0.23923497615738973
AGCCTAAGTATGAATGx-3,0.7616633675343786,0.2383370104345455
AGCGTATTCGTTACGAx-3,0.7604617180460521,0.2395386576302198
AGGCCGTTCATGCATGx-3,0.7649031431394478,0.23509722788240225
AGCCTAAGTGTGACCCx-3,0.7055941354717506,0.2944062497317428
AGGCCACGTATGCTTGx-3,0.7624229017025618,0.23757747161316542
AGGCCGTAGATCCTGTx-3,0.7610646953436844,0.23893567966564985
AGATCTGGTTCCCGAGx-3,0.7617240002404634,0.23827643370363635
AGCGGTCCAGTCGTGCx-3,0.7246818596776136,0.2753185245434064
AGGCCACTCTCGCTTGx-3,0.7617663700566272,0.23823400549038815
AGATTGCGTGCACTTAx-3,0.7614697590734096,0.23853060882476068
AGATTGCAGGCTAGGTx-3,0.7602965187867127,0.2397038412146033
AGCATACCAGGTGGATx-3,0.7620991549436522,0.23790122011390863
AGGCCACCAAAGGCGTx-3,0.7504067107301614,0.24959369157269212
AGGGAGTAGGCGCTCTx-3,0.7577087787534124,0.24229160217267948
AGAGTGGTCGTACCGGx-3,0.762068113251323,0.23793227149373664
AGCCTAAAGACTGGGTx-3,0.6246057205257111,0.37539464482734447
AGCCTAATCTGTGCAAx-3,0.7606421509967973,0.23935822540116314
AGATTGCCAAGCTGGAx-3,0.7036542883744795,0.29634608888733344
AGATCTGTCTATCCTAx-3,0.7599910194840303,0.24000935464048126
AGCAGCCCAGGTGGATx-3,0.7044758759821437,0.29552450121501017
AGCGTCGCACGAGAGTx-3,0.7600366107006369,0.23996376653073634
AGGCCGTCATCAGTACx-3,0.7621341379870258,0.23786622770645904
AGCTCCTTCACAGTACx-3,0.7611036454107026,0.23889672663721095
AGCGGTCCAGACAAATx-3,0.7648778184599235,0.23512254916396255
AGCAGCCGTTCAGGCCx-3,0.7034713770250882,0.29652900761351175
AGCCTAACAGCCAGAAx-3,0.7631495984490849,0.23685077284861206
AGCTCCTGTTCGAATCx-3,0.7746708505035992,0.2253295063962393
AGGCCGTCACACCGCAx-3,0.7613890351782606,0.2386112960785497
AGCTCTCTCATGTCTTx-3,0.759732913211177,0.24026745487607273
ATAACGCGTCATATCGx-3,0.7606080477447308,0.23939232211824857
AGTTGGTGTATATCCGx-3,0.7612527127548938,0.2387476611460565
ATAAGAGTCCACTCCAx-3,0.6981759838455552,0.30182439802245
AGGTCATAGGCTCATTx-3,0.7641624467984293,0.2358379272515874
AGGGTGAAGGCTACGAx-3,0.7637667886730392,0.23623358370904846
ATAGACCCACTACAGTx-3,0.758173931674439,0.2418264416421693
AGTAGTCGTTACGCGCx-3,0.7615353208877613,0.2384650528098206
AGTTGGTAGGATGCGTx-3,0.7609228098205241,0.23907755846364245
ATCATCTCAGTATAAGx-3,0.7630049914084508,0.2369953818694152
AGTGGGAAGTCATCCAx-3,0.7037710887040085,0.2962292912760279
AGGTCCGCAACTGGCCx-3,0.7608080863333648,0.23919229035501335
ATCACGATCAAACGGGx-3,0.7617788741405039,0.2382214982443723
AGGTCATGTATGGTTCx-3,0.7704651858129835,0.2295351765316953
AGTGGGAAGATCCGAGx-3,0.769760578689642,0.23023978464720013
AGGGAGTAGTTTCCTTx-3,0.634711509607691,0.3652888382291091
AGTAGTCGTTCAGTACx-3,0.7629800918901176,0.23702029265760693
AGGGATGCAGCCAATTx-3,0.7587360925829605,0.24126428365472757
AGGGAGTGTCGGATCCx-3,0.7633780490686869,0.23662232338982508
AGGGTGACACCAGGTCx-3,0.7623677203383173,0.23763265602612454
AGGGATGAGCTTCGCGx-3,0.7496913363150611,0.2503090661346035
ATCATCTCAATAGCAAx-3,1.0,0.0
AGGGATGGTGTAACGGx-3,0.7803408098931625,0.21965953931093887
AGTGGGAGTCAGTGGAx-3,0.7621907155799932,0.2378096587798276
ATCACGATCCTGCAGGx-3,0.764222268922787,0.23577810436258417
AGGTCATAGCTATGCTx-3,0.7609752285764237,0.23902515068257751
AGTAGTCTCTGTACGAx-3,0.7615068986832959,0.23849347770726795
ATAAGAGCAATGGAGCx-3,0.7648047215598905,0.23519564756671332
ATCACGAAGGCCCGTTx-3,0.7627943868349517,0.2372059874026092
AGGGAGTTCAACCATGx-3,0.7639019202850966,0.2360984515177675
AGGGATGGTGAAAGAGx-3,0.6171024784379732,0.3828978599166249
AGGTCATAGGATGCGTx-3,0.7621157154767471,0.23788465801785993
ATCACGACAGTCGATTx-3,0.7618293471353559,0.2381710273352674
ATAAGAGTCGAGAGCAx-3,0.765223464718168,0.23477690995841136
AGGGATGTCGTTACGAx-3,1.0,0.0
AGGGTGATCGCCAGCAx-3,0.7509618452558599,0.24903856148213177
AGTGTCAGTAAGTGGCx-3,0.7511968322169598,0.24880355822759212
ATAAGAGGTCGCTTTCx-3,0.7652861764743304,0.2347141942768837
ATCACGAGTTGTCTTTx-3,0.7625599207284253,0.23744045518107681
ATCATCTAGCGTCTATx-3,0.7622284188527276,0.23777195094973724
AGGTCCGTCTTTAGGGx-3,0.7637995191653872,0.23620085375491912
AGTGAGGAGGCTACGAx-3,0.7043666801774581,0.2956337042331654
AGTGTCATCTGGTGTAx-3,0.7060117595667482,0.2939886255623031
AGTGTCAGTAAGTGTAx-3,0.7638107349053562,0.2361896380318197
AGTGTCACACAGGCCTx-3,0.7656993839340325,0.2343009864283217
ATAGACCAGAGATGAGx-3,0.7729865964404747,0.22701375949026625
ATCATCTAGGCTAGACx-3,0.7622768469580262,0.23772352946804645
AGGGATGTCGATGAGGx-3,0.7045362986057625,0.2954640836433632
ATAAGAGCAGCTCGACx-3,0.7536816611587821,0.24631871124065277
AGTGAGGAGACCGGATx-3,0.7587299019697017,0.2412704798925984
ATAACGCTCGCTGATAx-3,0.7692624779207309,0.23073789669393632
ATAACGCCATGGTCTAx-3,0.7631479792078357,0.23685239645677944
AGGGATGGTCACCTAAx-3,0.7691976790403988,0.23080269533146083
AGTGAGGAGGTTACCTx-3,0.6981007738323021,0.3018996051464774
ATAACGCCACTGTCGGx-3,0.7729308425067982,0.22706951326149138
AGTCTTTCATCACAACx-3,0.7499696593644506,0.2500304775345052
AGTAGTCAGTGTTGAAx-3,0.7617581544071604,0.23824222094604958
AGGGATGCAAACCTACx-3,0.7092450059504523,0.29075532570903384
AGGGAGTCACCTTGTCx-3,0.7635538758111254,0.2364464974293973
AGTGGGACATGCCACGx-3,0.7624471814607987,0.23755319072253764
AGTTGGTAGTGGAGAAx-3,0.7629950715920613,0.23700529680947943
AGGGTGACACGGCCATx-3,0.7652842701626047,0.234716103004153
AGTCTTTCACCCTATCx-3,0.7641311707549078,0.23586920275990195
AGTAGTCCAGTTCATGx-3,0.7628860360436943,0.23711434626990388
AGGGATGCAATGGAGCx-3,0.7634517514520661,0.23654861905146402
ATAACGCTCCTACAGAx-3,0.7118511234168905,0.2881491519205411
AGTTGGTTCTGCCCTAx-3,0.7204887468286817,0.27951158463291137
ATAGACCAGCGTTGCCx-3,0.7082879559629713,0.2917124278236042
AGGGTGATCGACGGAAx-3,0.7607329911592783,0.23926739233487257
ATAACGCAGGTGGGTTx-3,0.7615128285130917,0.23848753928726868
AGTGTCATCGTGGACCx-3,0.7633911964847154,0.2366091735916228
ATAACGCGTCACCTAAx-3,0.7651186087563047,0.23488176283690496
AGGTCATAGGGTTTCTx-3,0.7627277936235186,0.2372725807352392
AGGTCCGTCGCGGATCx-3,0.761692692475052,0.23830768240421032
AGTAGTCGTCCAGTTAx-3,0.7650775154557478,0.2349228584857949
ATAAGAGTCACTCCTGx-3,0.7671061659232279,0.23289420182315956
ATAACGCGTGGTAACGx-3,0.7634153092034105,0.23658506515101022
AGTCTTTCACGTAAGGx-3,0.7041260581034979,0.29587431605471515
AGTAGTCAGAGGACGGx-3,0.7648622212569355,0.23513815097224713
ATAGACCCAAACCTACx-3,0.7065310250121406,0.29346935779804617
AGGTCATAGAAGCCCAx-3,0.7634871188155344,0.23651325538672396
ATAACGCTCGATAGAAx-3,0.7623729859646634,0.23762738857884036
AGGTCATGTCAGAATAx-3,0.7623689295008087,0.23763144567283603
AGGGTGACATCTACGAx-3,0.7046314303410723,0.29536894781561385
AGGTCCGGTCTTGCGGx-3,0.7610498905382985,0.23895048320537135
AGGGAGTAGTACCGGAx-3,0.7614912962314422,0.23850907689849374
AGGTCATTCACATAGCx-3,0.7508514433400441,0.24914896151717766
AGGTCCGAGGGAGTAAx-3,0.7618463189137448,0.23815405182276536
ATAGACCCATGCGCACx-3,0.7510294088032271,0.2489709892610565
ATCACGACAATGTAAGx-3,0.7687446552445434,0.23125571947300474
AGTGTCAGTGACTCATx-3,0.750463528405929,0.24953687720343026
AGGGTGAAGAGGACGGx-3,0.7617788109864605,0.2382215632530125
ATAAGAGTCCTTGGTCx-3,0.7598584064629392,0.24014196862745937
ATGAGGGGTACTTGACx-3,0.6833092038900459,0.3166911409628534
ATGAGGGTCGAGAGCAx-3,0.7062049588148264,0.29379542489259197
ATTACTCCAATTGCTGx-3,0.7523442746640214,0.24765611883587363
ATGGGAGAGCGATGACx-3,0.7048681965564024,0.2951321828814383
ATCGAGTGTCATGCATx-3,0.7615410264702375,0.238459355219415
ATCCACCCAGTAACGGx-3,0.7627639053731561,0.23723646921548883
ATCTACTCAATAGCGGx-3,0.7596399588982123,0.24036041466644092
ATGGGAGCAGAAGCACx-3,0.7048165129814583,0.2951838658923137
ATGTGTGTCCCTGACTx-3,0.76248713128714,0.23751324885722805
ATCATGGAGCTAGTTCx-3,0.7609246405135819,0.23907573533785864
ATCATCTTCAGGCAAGx-3,0.7864459969027215,0.21355434104991206
ATCATGGCAGGTCTCGx-3,0.7612807401951898,0.23871963431563034
ATGTGTGGTCGAGTTTx-3,0.7616029534279714,0.2383974220976617
ATGAGGGTCAAGATCCx-3,0.7062133563174016,0.2937870242229305
ATCTGCCCAAAGTGCGx-3,0.7504126948538143,0.2495877102349494
ATCGAGTCACAGCCCAx-3,0.761655946549248,0.23834443713262268
ATGGGAGTCTCGAGTAx-3,0.7743318936829509,0.22566846387883202
ATCCGAAAGTTCGATCx-3,0.7776737856132974,0.22232657100668637
ATCTGCCTCTTGAGGTx-3,0.7668158645661276,0.23318450522261192
ATGAGGGTCTTACCTAx-3,0.7606979855148939,0.23930244970073145
ATCATGGAGGAGTTTAx-3,0.7577276176918877,0.24227276480429505
ATCATCTTCCTAGAACx-3,0.7622630664986816,0.23773730949972685
ATGCGATGTGCCTGTGx-3,0.7085745115148913,0.2914258756460057
ATCATGGAGAAGATTCx-3,0.760879165085068,0.2391212042807946
ATCTGCCAGGACAGAAx-3,0.70510658949757,0.29489378437325336
ATTACTCGTACAGTGGx-3,0.761294578144416,0.23870579598724437
ATCGAGTGTTCCAACAx-3,0.7503399375242076,0.2496604717936001
ATCTGCCGTGCTGTATx-3,0.7624172159206032,0.23758315883887984
ATCATCTGTACAAGTAx-3,0.7044502249409754,0.2955501593825052
ATGTGTGGTCGAATCTx-3,0.7680783015007795,0.23192206696602463
ATCCACCCACGGCCATx-3,0.762141569953201,0.23785880305207568
ATCGAGTTCTTCCTTCx-3,0.7640670988587002,0.23593327218321097
ATCGAGTCACTAGTACx-3,0.7626119058719133,0.2373884692396733
ATTACTCAGCTCCTTCx-3,0.7580711591416529,0.24192913875981256
ATGGGAGGTTCACCTCx-3,0.7521486625805347,0.24785145809252096
ATCATCTGTCGTCTTCx-3,0.7010383635325275,0.2989620149060558
ATTACTCCACCCTATCx-3,0.7554509596457053,0.24454926589238363
ATCCACCTCCGTCAAAx-3,0.7629687954126204,0.2370315749278584
ATCTGCCAGTGTACTCx-3,0.7630848006026101,0.23691556869689373
ATCTGCCAGGCATGGTx-3,0.761888962363552,0.23811141147556775
ATCCGAACATCGGACCx-3,0.7061263933638202,0.2938739904529255
ATGAGGGAGCCCAATTx-3,0.7611414607403651,0.23885891460625736
ATGCGATCAAGTAATGx-3,0.705213457098819,0.2947869263962599
ATCATCTGTTGAGTTCx-3,0.7026349925203301,0.2973653624332451
ATTACTCAGTGCGTGAx-3,0.7623149023157948,0.2376854705057813
ATCATCTTCGCCCTTAx-3,0.7625291489661731,0.23747122423033848
ATCTGCCGTAGTGAATx-3,0.7567362727509365,0.24326410400631296
ATCTGCCAGACGCACAx-3,0.7053229547603537,0.29467743002639185
ATTACTCAGGATGTATx-3,0.7622236303173595,0.2377767442044361
ATGGGAGGTGCGGTAAx-3,0.7562327821231112,0.24376761439290007
ATTACTCCACGGCCATx-3,0.7051401494038291,0.2948602337550026
ATGGGAGGTAAGTGGCx-3,0.7601058568666661,0.23989449780503574
ATCTGCCAGCGTGTCCx-3,0.7640732440635957,0.23592712910596397
ATGGGAGCATGACATCx-3,0.761279360051675,0.23872101492525657
ATCTGCCTCTGATACGx-3,0.7014284615474949,0.2985719224696125
ATGTGTGTCAGCACATx-3,0.764359367597555,0.2356409990952466
ATCCGAACATTAGCCAx-3,0.7719838380569348,0.22801652649717494
ATGCGATGTGCAACTTx-3,0.7622013983021659,0.2377989764774685
ATCATCTTCGCAAACTx-3,0.7616783444023019,0.23832203153529358
ATCGAGTAGGGCACTAx-3,0.7048624885653861,0.2951378936266774
ATCATGGAGTGTGAATx-3,0.7503771167803441,0.24962329608870504
ATCGAGTCACCCATTCx-3,0.7631889611730565,0.2368114130812874
ATGTGTGGTGCGATAGx-3,0.705789280304492,0.29421110621557417
ATGGGAGTCGGAGCAAx-3,0.7625452446984863,0.23745512360946797
ATCTACTGTCCTCTTGx-3,0.7505627332404552,0.24943767738181025
ATCTGCCGTGTGCCTGx-3,0.7606561295248163,0.23934424227005063
ATCATCTCAGTCAGAGx-3,0.7627613633220445,0.23723901220266358
ATCGAGTAGTACATGAx-3,0.7627175902136413,0.23728278314212714
ATCATGGGTCGCGAAAx-3,0.7054086918087009,0.29459168733496016
ATCCACCTCGCTTGTCx-3,0.7639879393778293,0.23601243216664805
ATGCGATTCCCACTTGx-3,0.7613749562239324,0.23862541623752748
ATCCACCGTCACTGGCx-3,0.7696083208918423,0.23039204022784815
ATTACTCAGCCAGTAGx-3,0.7049522833731535,0.29504809762071804
ATCGAGTGTACCTACAx-3,0.7040682182544397,0.29593216245403053
ATCATCTGTGTTGGGAx-3,0.7216877990521677,0.2783125811143979
ATCATCTCATCACGATx-3,0.7733565203389235,0.22664383318265527
ATCATCTCAGTCGTGCx-3,0.7613807057043626,0.23861966969136048
ATCTACTCACAGGAGTx-3,0.0,1.0
ATCATGGTCCAGAGGAx-3,0.7647677295353188,0.23523264216651152
ATGGGAGTCGAACTGTx-3,0.7576562749161518,0.2423441042290761
ATCCGAATCAGCACATx-3,0.7588764411355627,0.2411239393127346
ATCTACTAGTGCTGCCx-3,0.7621821491714017,0.2378182257180959
ATGCGATCACCACCAGx-3,0.7613117772066517,0.23868859840977458
ATGCGATCAATAACGAx-3,0.7622374588644631,0.23776291547633627
ATCATGGAGTAGGCCAx-3,0.7505283542782508,0.24947205500247607
ATCCGAATCCACGAATx-3,0.7640827882760297,0.2359175840889972
ATCCGAAGTGTGGCTCx-3,0.7649965468247011,0.23500382506348785
ATCTGCCGTCCAGTGCx-3,0.7612273259537417,0.23877305061135745
ATGAGGGTCCTACAGAx-3,0.7613570968395033,0.23864327752237338
ATCTGCCGTGCACTTAx-3,0.7597830608974695,0.24021731444434916
ATCTACTCACCGAAAGx-3,0.762509822721592,0.23749055271464792
ATCGAGTGTTTCGCTCx-3,0.7716404715834442,0.2283598927575385
ATTATCCGTTAAGAACx-3,1.0,0.0
ATTTCTGAGTCGATAAx-3,0.7604805448876735,0.23951982945359787
CAACCAATCCAAAGTCx-3,0.7610087630008071,0.23899160670438477
ATTTCTGAGCTTTGGTx-3,0.7034400503153271,0.29656031975826347
ATTATCCGTCTCAACAx-3,0.7635366116027988,0.2364637625676091
CAAGGCCAGTGGCACAx-3,0.7008606796775796,0.2991396918118499
CAACCTCCACCCAGTGx-3,0.7635880673846236,0.23641230587781134
ATTCTACGTTCAGTACx-3,0.7064968989371307,0.2935034829745177
CAACTAGTCGAATGGGx-3,0.6943821168029981,0.30561815395580527
ATTCTACCATCTCCCAx-3,0.7117163188481118,0.28828406167993437
CAAGATCTCAATCACGx-3,0.773693097527054,0.22630725879565752
CAACCAATCCAAACACx-3,0.761734969669405,0.23826540593344694
ATTGGTGGTACAGTTCx-3,0.7624980676799243,0.23750230670037797
CAAGGCCTCGCACTCTx-3,0.7621617630050007,0.23783860907070759
CAACCTCTCGTCGTTCx-3,0.7631106319848361,0.2368897333433207
CAACCAATCTTCGAGAx-3,0.6736830701769123,0.32631729154077427
ATTTCTGAGCTGCAAGx-3,0.7633511030114346,0.2366492760995021
ATTGGTGAGTGGACGTx-3,0.7614373043970744,0.238563071828264
ATTTCTGCACTGTGTAx-3,0.7069768206135644,0.293023558070868
CAAGGCCCATCCCACTx-3,0.7574175238589135,0.2425828475444144
CAACTAGCACTGTGTAx-3,0.7598050602801094,0.24019531455357004
ATTGGACCAAGCCTATx-3,0.7058483809764519,0.29415200163388244
ATTATCCAGCCGTCGTx-3,0.7670291131082355,0.23297125285444542
CAAGATCTCTGGTGTAx-3,0.7615667065392153,0.23843366715084086
ATTTCTGTCATCATTCx-3,0.7015269000389313,0.2984734836951295
CAAGATCCAAAGCGGTx-3,0.7560836314336176,0.2439167534127925
ATTCTACTCACAATGCx-3,0.7056613237526606,0.29433905248889825
ATTTCTGTCTTCATGTx-3,0.762287412786006,0.2377129597298423
CAACCAATCCTCAATTx-3,0.7617094339793126,0.23829094064282802
ATTCTACAGTCTCGGCx-3,1.0,0.0
CAAGGCCTCGGAGGTAx-3,0.7045742640274204,0.29542612168495624
ATTACTCTCTGCTGTCx-3,0.719092511628853,0.28090787833948627
CAACCAAGTAGGACACx-3,0.7016519802188218,0.29834839806678015
CAAGATCGTTATGTGCx-3,0.7189881141436417,0.28101221058232123
CAAGATCAGAACAATCx-3,0.7627805870761851,0.23721978175579383
CAACTAGGTTGGACCCx-3,0.7677132974887193,0.23228707955371267
CAAGATCTCGAACGGAx-3,0.7280122193831254,0.2719881716554311
CAACTAGCATATGAGAx-3,0.7606607711499341,0.23933960256150522
ATTCTACAGGGAAACAx-3,0.7503564345974216,0.24964396592424126
ATTGGACTCTACTTACx-3,0.7613910396896317,0.23860933173390098
ATTGGTGAGCTGCCCAx-3,0.7050265265077416,0.294973853834617
ATTATCCAGATGGGTCx-3,0.7719545404826574,0.22804581889701153
ATTGGACGTAGAAGGAx-3,0.7538657066544876,0.24613448761846005
CAAGATCAGATGTTAGx-3,0.7624212111665626,0.2375791645410231
CAACCTCGTCAATGTCx-3,0.7634392981886505,0.23656107730329493
ATTCTACCATCTCGCTx-3,0.7621740701040015,0.23782630376485375
ATTCTACCAAAGAATCx-3,0.7608325784070031,0.2391677840531213
CAAGGCCGTAAGGGCTx-3,0.7559087167097921,0.244091508686729
ATTTCTGGTCAAAGCGx-3,0.7606360213830956,0.23936435394067473
ATTTCTGAGCGATTCTx-3,0.7613546092686858,0.23864575953486414
CAAGGCCTCCACTGGGx-3,0.7613963073889222,0.23860405963409326
ATTGGTGTCTTGCCGTx-3,0.7622477203342455,0.2377526537538332
ATTATCCTCTTAGCCCx-3,0.7637450269581675,0.23625534745406598
CAACCAAAGAAGGTTTx-3,0.7615972868636255,0.23840308219638548
CAACTAGTCACGACTAx-3,0.7622264672519574,0.23777390518051228
CAAGATCAGAGGGATAx-3,0.7039098342568961,0.2960905502679315
ATTGGACAGATGCCAGx-3,0.7623336889713249,0.2376666873027964
CAACTAGAGTTGAGTAx-3,0.7051335834083869,0.29486679878527017
CAAGATCGTCTGGTCGx-3,0.7611207634961686,0.23887961129581403
CAAGATCGTAGCGTAGx-3,0.7641315320089244,0.2358688395085844
ATTGGTGAGATATACGx-3,0.7503324564958809,0.24966795547007045
CAAGGCCAGTCAATAGx-3,0.7227661794563753,0.27723420201203247
ATTTCTGTCCTGTACCx-3,0.7040367565516727,0.2959636191885131
CAAGGCCTCACATACGx-3,0.72277394448529,0.2772262249580199
CAAGAAAGTACTCTCCx-3,0.76822588377362,0.2317744831563214
CAAGAAACATTCTTACx-3,0.7609809303214866,0.23901949306323406
CAAGAAATCACCCGAGx-3,0.7710578055400484,0.22894255733674573
CAAGAAATCTCTTGATx-3,0.7640015696070671,0.23599880578434143
CAAGATCAGCTCTCGGx-3,0.7179513435030661,0.2820490427492221
ATTTCTGAGATACACAx-3,0.7611182307957847,0.23888214413443995
ATTGGACAGCGTGTCCx-3,0.7192825245006185,0.28071766135696435
ATTTCTGCATTGGCGCx-3,0.7031156326154108,0.2968847520923414
CAAGATCCAGGCTGAAx-3,0.759988534722768,0.24001182546302618
ATTTCTGTCATGTCTTx-3,0.7640554061314925,0.2359449674557058
CAACCTCAGCTCTCGGx-3,0.6528544699562153,0.34714588463740265
CAAGGCCGTGAAATCAx-3,0.6928677793246489,0.30713260066764164
CAACTAGCATCCTTGCx-3,0.7604320101996181,0.23956836527329528
CAACCAAGTCTTGATGx-3,0.7090247948158792,0.2909754747937805
ATTATCCGTAGATTAGx-3,0.761991695968983,0.23800867925775024
ATTACTCTCGAATGGGx-3,0.7615233178050871,0.23847705353514775
CAAGGCCCACTTGGATx-3,0.7566741774769195,0.2433262091557459
ATTGGACAGAAGGTGAx-3,0.7624694288917352,0.23753094667278543
ATTTCTGTCACCAGGCx-3,0.7496328238503577,0.25036757109239094
CAACCTCAGCAACGGTx-3,0.7640127926326858,0.23598757985355445
CAAGATCAGCACCGTCx-3,0.7517105504278663,0.24828984796493608
CAAGAAACAGCGTAAGx-3,0.7627153583690403,0.23728501402757185
ATTGGACCACGGTAGAx-3,0.7670886795981731,0.23291168824259165
CAAGAAAAGTCCAGGAx-3,0.7612687469261888,0.23873162950710194
ATTGGACCATGTAAGAx-3,0.7609533723389045,0.23904700317671387
CAACCAATCTTATCTGx-3,0.7629450082839555,0.23705536592574464
CAACCTCGTCGACTATx-3,0.6901479666141476,0.3098524063275911
CAAGAAATCAACACACx-3,0.7645024037367336,0.2354979733133229
ATTGGACGTATCGCATx-3,0.6976422702360294,0.3023581095632113
CAACCAAGTAACGACGx-3,0.7577004488270292,0.24229995450083092
CAACTAGAGGCTCTTAx-3,0.7673421572877488,0.23265821110328413
CACATAGTCCTCATTAx-3,0.7621181834522709,0.23788219253445447
CAAGTTGAGCTCTCGGx-3,0.7620508597582022,0.23794951545366952
CACACCTGTAGCAAATx-3,0.7051498161658333,0.2948505641319634
CAGAATCCATCGACGCx-3,0.7643717310081546,0.23562864217967566
CACCACTAGACAATACx-3,0.7633885201271717,0.23661185367373772
CACACAACAGACAAGCx-3,0.7627469621573364,0.23725341079252915
CAAGGCCTCGTGACATx-3,0.7175944499459339,0.28240575048167577
CACAGTAGTAAATACGx-3,0.7633863619533816,0.23661401278997793
CACATTTAGTACGCGAx-3,0.7640799916768798,0.23592037966611476
CACACAAAGTGGTAATx-3,0.70617576301254,0.29382461937842247
CACAAACAGGGTTCCCx-3,0.705641648205697,0.2943587290531143
CACTCCATCTTTAGTCx-3,0.7622705845181776,0.23772979047987738
CACACCTGTTGACGTTx-3,0.7611735959992355,0.23882678173119787
CACAAACCAGCGAACAx-3,0.7577458370014754,0.24225453961725013
CACCACTTCGTTGCCTx-3,0.760706578867742,0.2392938002906766
CAAGTTGTCCGCATAAx-3,0.7626405174538302,0.23735985690408035
CACCAGGAGTGACATAx-3,0.7633910302583433,0.23660934228052222
CACACAACACTATCTTx-3,0.7625764470695439,0.23742392456984626
CACCTTGTCCTAGGGCx-3,0.7715290118792137,0.22847134883589004
CACACAACACACGCTGx-3,0.7610795048250869,0.2389208680563441
CACCACTTCGAATCCAx-3,0.7617756832846038,0.23822469160635407
CAGAATCTCTCTAGGAx-3,0.7503522213649092,0.24964818980775152
CACAGTAAGAGACTTAx-3,0.762155713986278,0.23784466129566423
CACTCCAAGCGACGTAx-3,0.7638775530074583,0.23612281502255217
CAGAGAGAGAAAGTGGx-3,0.7045998530810081,0.29540053234691427
CACAGGCTCCAGAGGAx-3,0.7616262606835602,0.2383741151923069
CACACTCTCGTTTGCCx-3,0.7626987713948572,0.2373016030384446
CAGAGAGAGAAGCCCAx-3,0.761618103765694,0.2383822736135924
CACACTCAGCCTATGTx-3,0.7542356009081813,0.2457645903762336
CACACTCCACCGTTGGx-3,0.7611972940833929,0.23880308009061718
CACCAGGTCGAGGTAGx-3,0.76380948035859,0.23619089319444392
CACACAACAATACGCTx-3,0.7153314619339998,0.2846689216085064
CACTCCACACGGATAGx-3,0.7629733906096088,0.23702698328284919
CACCTTGCACGACGAAx-3,0.7051564623784694,0.2948439223423251
CACATAGTCAGAGACGx-3,0.6717189329437441,0.32828143125009823
CACACAAGTGTTTGTGx-3,0.7615151045641197,0.23848526978152265
CACACAACATCACGATx-3,0.7553430007002898,0.24465724414209986
CACCAGGTCACGATGTx-3,0.7042182743735227,0.29578210839602687
CAAGTTGCAATGTAAGx-3,0.750417276223396,0.2495831323678883
CACCAGGCAAACTGTCx-3,0.7672492386716614,0.23275112892418334
CAGAATCCATCGATTGx-3,0.7650369071532187,0.23496346465730533
CACAAACAGAGCTGCAx-3,0.7614768813882868,0.23852348613473695
CAGAATCCATCGGACCx-3,0.761989729307613,0.23801064504262612
CACCTTGCACCAACCGx-3,0.7623168352215873,0.23768353878062234
CACCACTCAACCGCCAx-3,0.7044813958162423,0.2955189888582957
CACCACTCACAGGTTTx-3,0.7617426630151948,0.2382577099397532
CAGAATCAGTTGAGTAx-3,0.7616074113799235,0.23839296279362474
CACATAGCAGGACGTAx-3,0.761785267653644,0.23821510786918712
CACTCCACACGCATCGx-3,0.7584753228758137,0.24152508985309765
CACCTTGGTGTTGAGGx-3,0.754013065243583,0.2459871519252651
CACTCCAGTCTCCATCx-3,0.7623187768163805,0.23768159792011373
CAGAATCGTAGCTAAAx-3,0.771030414623566,0.22896995030890366
CACAGTAGTGACAAATx-3,0.7654449851247113,0.23455538801547854
CACACCTTCCTGCCATx-3,0.7612515962640771,0.23874877234514902
CACATAGAGCTGCAAGx-3,0.760162593846956,0.23983778212765383
CACATAGCAAAGCAATx-3,0.7616579258913448,0.23834245490890676
CACACAAGTCGGCATCx-3,0.7658221342072999,0.23417823478414163
CACAGGCCACCATCCTx-3,0.7601238288476716,0.23987654512465612
CACATTTAGGCCCTTGx-3,0.7030464869360221,0.2969538939227817
CACATTTTCTAAGCCAx-3,0.760755490303973,0.2392448849632641
CACATTTGTGTGCGTCx-3,0.7606506641926507,0.23934971393835378
CACAGGCTCGTTTATCx-3,0.7606484553184377,0.23935191948545123
CACAGGCGTCCGAATTx-3,0.7629639168117275,0.23703646100906348
CACCACTTCTGTTGAGx-3,0.6999881556753317,0.30001222388701476
CACACCTAGCAGCGTAx-3,0.7644455561201831,0.23555481807533035
CACAGTACATCGTCGGx-3,0.7110584030544399,0.28894197730830606
CACTCCACATAGTAAGx-3,0.7623676853752578,0.2376326883108931
CACATTTTCGGATGTTx-3,0.7755900395722773,0.2244103165908456
CAGAATCGTACAGTTCx-3,0.7654500192586657,0.23455035711554564
CACATAGCATTGGGCCx-3,0.7650674693616449,0.23493290364085298
CACCAGGGTTACGGAGx-3,0.771595036139992,0.22840533371938707
CACCAGGAGGTGCTAGx-3,0.7505220969331583,0.2494783155249523
CACCACTGTTATGCGTx-3,0.7708575131003347,0.22914284314739788
CAAGTTGCATTATCTCx-3,0.7679677868112804,0.23203257092729793
CACAGTAAGGGATCTGx-3,0.767827888680842,0.23217248304784402
CACCTTGAGCCAGGATx-3,0.7717839014215938,0.22821646667521023
CACTCCAAGAGACGAAx-3,0.7610569818026051,0.2389433948355951
CACCACTTCGCCAAATx-3,0.7611650537588991,0.23883532174849345
CACCAGGCAATCTGCAx-3,0.7056876368271034,0.2943127488737311
CACACTCTCCTACAGAx-3,0.764743275906015,0.23525709641829567
CACACTCCAGGGAGAGx-3,0.7616549160397338,0.2383454592764141
CACACCTAGGGTTTCTx-3,0.7633253689092643,0.23667500203387518
CACACAATCTTGAGGTx-3,0.7671987979944903,0.23280157504209018
CACACCTTCCTAGGGCx-3,0.7586688578312356,0.2413314964967203
CACATAGTCCACTCCAx-3,0.7628435817636277,0.2371567923061127
CACATAGAGAACAATCx-3,0.7665766902982959,0.23342366987853594
CACCTTGCACCGAATTx-3,0.7614413039305533,0.23855906876206825
CACACTCTCAAAGTAGx-3,0.7611892192710445,0.23881115390691904
CAGAATCCAGATCCATx-3,0.7633206107784692,0.23667976274699118
CACTCCAAGAATCTCCx-3,0.7503061641360689,0.24969424094425324
CACTCCAAGACTAGGCx-3,0.6590056699181837,0.34099469840438335
CACACCTCATCGATGTx-3,0.708946356830381,0.2910540296730073
CACAAACGTCCGCTGAx-3,0.7649803603015859,0.2350200114406933
CACTCCACAGGTGGATx-3,0.70046572586773,0.2995346562913754
CAGCAGCAGGAGTTGCx-3,0.7065172586163992,0.2934831227348749
CAGAGAGTCTCTGCTGx-3,0.7611309674222496,0.23886940799337658
CAGCATAAGAGAACAGx-3,0.7500380672109579,0.2499623293062887
CAGCATATCGGGAGTAx-3,0.7014003061365666,0.29860007687606455
CAGCCGATCAGAGGTGx-3,0.7607701519519822,0.23923022374409486
CAGCCGATCAAACCACx-3,0.7601933456257652,0.23980703043278193
CAGTAACCAAAGCGGTx-3,0.7644033795342573,0.23559699111016444
CAGCAGCGTGATAAACx-3,0.6960282370130856,0.3039721437510529
CAGCGACCATCCGGGTx-3,0.7610271136575942,0.23897327314297268
CATATGGAGCTGCAAGx-3,0.7504257643565129,0.24957464591131037
CAGTCCTGTCGGATCCx-3,0.7560918090760065,0.24390858000400695
CAGCTAATCTTGCATTx-3,0.7635011483775918,0.23649922464199125
CAGATCAAGAAACCGCx-3,0.7506502135318524,0.24935019288095403
CAGTAACTCGTTACAGx-3,0.7083807803631355,0.2916195978852632
CAGCATAAGACACTAAx-3,0.7631372802059995,0.2368630927989251
CAGCATAAGATGAGAGx-3,0.7079124558869723,0.2920879294434059
CAGGTGCAGAGGTACCx-3,0.7630954732760525,0.23690490096185757
CAGCCGATCGTTGACAx-3,0.7620767776100561,0.23792359533356372
CAGGTGCCACCACGTGx-3,0.7608272160404782,0.2391731594984797
CAGCGACGTGGTCCGTx-3,0.7623614151874124,0.2376389632272531
CAGTAACTCCGTAGGCx-3,0.7050154632842763,0.2949849190178257
CAGCTGGAGATCTGAAx-3,0.7645357254483728,0.2354646457215396
CAGCGACCAGACGCAAx-3,0.7105305682965005,0.28946980508217035
CAGCAGCCAATGGATAx-3,1.0,0.0
CATATGGCACAACGCCx-3,0.7584096237010901,0.24159075332392715
CAGCTGGGTATAAACGx-3,0.7622046793887665,0.2377956948871014
CATATGGCAGTCACTAx-3,0.7616440334932224,0.2383563324285391
CAGCGACCACATCTTTx-3,0.7173330731076635,0.28266730282544317
CAGTCCTGTCTTCGTCx-3,0.7632480931688498,0.23675228012905056
CAGAGAGTCGCCGTGAx-3,0.7623169629949501,0.23768341248164102
CAGCTGGTCAGAGACGx-3,0.7074879724683565,0.2925124077407845
CAGCCGAGTTACCAGTx-3,0.7188531666623726,0.2811472313672437
CAGATCACAAGTTGTCx-3,0.7608256807228831,0.2391746963811802
CAGCAGCGTCTAGCGCx-3,0.7768242419111392,0.22317611112848096
CAGCTGGAGGACAGCTx-3,0.7647932468957934,0.23520712551101983
CAGGTGCAGTGCCAGAx-3,0.7014011795919605,0.29859920377059457
CAGGTGCGTCAGCTATx-3,0.7603490179985279,0.2396513575755714
CAGCCGAAGGATGCGTx-3,0.7610234349017797,0.23897693931621602
CAGCTAACAATCGGTTx-3,0.7628432081505556,0.2371571667424798
CAGCAGCCAGAGTGTGx-3,0.7614240951740276,0.23857627991608493
CAGTAACCATGGTTGTx-3,0.7708540907684513,0.22914627265251764
CAGATCACACTACAGTx-3,0.7041894234422982,0.2958109614745504
CAGCAGCTCTTTAGTCx-3,0.7107157221772791,0.2892846612600998
CAGTCCTCACAACGCCx-3,0.704400611878096,0.2955997679100886
CAGCTAATCCGGGTGTx-3,0.7627334719616888,0.23726700066977421
CAGAGAGTCGAATGCTx-3,0.7038652036235536,0.296135176155783
CAGCCGAGTCCGTTAAx-3,0.7624925541328987,0.23750782023268008
CAGCAGCGTTGTGGCCx-3,0.7276240838517722,0.27237606678854137
CAGAGAGTCCAGGGCTx-3,0.7091061791421286,0.2908942012831592
CAGATCATCACTTACTx-3,0.7608863332042595,0.23911404015017207
CAGCGACGTTCGCTAAx-3,0.7722519012199501,0.22774845991547957
CAGATCACACAGGAGTx-3,0.7213490859554945,0.2786512909027153
CAGTAACTCCTTTCTCx-3,0.7616056797870401,0.23839469551233658
CAGCATATCACCAGGCx-3,0.6942278663649638,0.30577250927443367
CAGTCCTTCCACTGGGx-3,0.7629580240694055,0.23704235021594774
CAGCGACAGGTGTTAAx-3,0.7629944822782597,0.2370058805715733
CAGTAACGTCTTTCATx-3,0.764041279044367,0.2359590930985234
CAGAGAGCAGATGGCAx-3,0.7744403664786388,0.225559983404941
CAGGTGCAGAAACCTAx-3,0.7604475080823252,0.23955284481047334
CAGCATAAGTGGGTTGx-3,0.758698211683219,0.2413021616920965
CAGCTGGGTTCTGGTAx-3,0.7613774486289633,0.2386229268079679
CAGTAACAGAGGACGGx-3,0.755223409163146,0.24477696682109443
CAGCCGACACTAAGTCx-3,0.7649520471170967,0.2350483236107908
CAGATCACAAGCCGCTx-3,0.7629869235870094,0.2370134504329552
CAGCTAACATAAAGGTx-3,0.7619269668189058,0.2380734090624099
CAGAGAGTCTACCTGCx-3,0.7619275947074854,0.23807278104624824
CAGCATACACTTACGAx-3,0.6904620019086383,0.30953837539925894
CAGCAGCTCGGTGTTAx-3,0.7657570478990262,0.23424332258809058
CAGCAGCTCACGATGTx-3,0.762116512340221,0.23788386035167833
CAGATCAAGATGTAACx-3,0.7632219930773433,0.23677837742038643
CAGCAGCCACCAGGTCx-3,0.7566074129437875,0.2433928631827485
CAGCATAGTCCGTCAGx-3,0.7030553787855521,0.2969450028790599
CAGTAACGTACAGCAGx-3,0.7037574631168532,0.2962429140960058
CAGGTGCAGTCAAGCGx-3,0.7615668269327851,0.2384335557674802
CAGTCCTCAAGCGAGTx-3,0.7625351190014503,0.23746525570093738
CAGTAACTCTCGCATCx-3,0.763243891784473,0.23675648719098588
CAGGTGCGTGCACTTAx-3,0.7065795383701218,0.2934208437801051
CAGGTGCAGATGTAACx-3,0.7613236716980132,0.23867670385824327
CAGCTGGAGCCGTCGTx-3,0.7627017003860345,0.23729867353334105
CATATGGCACTTCTGCx-3,0.7628129986874441,0.23718737535488216
CAGGTGCGTCTGGTCGx-3,0.7611658766610934,0.23883449733640494
CAGCCGAAGGGTATCGx-3,0.707107459454133,0.292892920356175
CAGCTGGCAATGGATAx-3,0.7634908531307842,0.23650952320890242
CAGATCATCTTCCTTCx-3,0.7629885826072473,0.23701179291686758
CAGCTGGAGCTCCTTCx-3,0.7503185174153891,0.24968189133504726
CAGCTGGTCTGCGGCAx-3,0.7628890662849597,0.23711130771846192
CAGCTGGCACGTTGGCx-3,0.7675453942281704,0.23245497435497453
CAGCCGACAGAGCCAAx-3,0.6316571427555043,0.3683431876688525
CAGAGAGGTGATGTCTx-3,0.7642541654274116,0.23574620682895497
CATATGGCAGTAAGCGx-3,0.7634985771613993,0.23650178782618453
CAGCTAAGTGTTTGTGx-3,0.6999325802106,0.30006780392814963
CAGCCGACAGGGTACAx-3,0.7608283382546444,0.23917209216495364
CAGTAACAGTCTTGCAx-3,0.7578788868962936,0.24212148106782475
CAGCTGGAGCTATGCTx-3,0.7609667593558094,0.23903361384014227
CAGGTGCCACATGGGAx-3,0.7026415856640058,0.29735879659882253
CAGCCGATCTTGAGACx-3,0.7616253697958072,0.2383750059296089
CATGACAAGGCCATAGx-3,0.7603160803060277,0.23968429406558384
CATCCACAGAGCTGCAx-3,0.7619494718035265,0.23805090287415848
CATCAGACAGACAAATx-3,0.7613559023032034,0.23864446847507914
CATCCACGTGTGAAATx-3,0.7620360704417479,0.2379643039030705
CATGGCGGTTCCACGGx-3,0.7629007594769618,0.23709961280069555
CATCGGGAGGTGATTAx-3,0.7609989925761684,0.2390013910168374
CATTATCAGATATGCAx-3,0.7620608259965183,0.23793954791636243
CATGCCTCATGTCTCCx-3,0.6965994337046205,0.3034009461645205
CATGGCGTCAACGGGAx-3,0.7116424763347133,0.28835790629211305
CATCGAATCTGATTCTx-3,0.7618073301390172,0.23819304619606127
CCAATCCGTTGGAGGTx-3,0.7607550111475623,0.23924536517906816
CATGGCGCAATACGCTx-3,0.7545581757820113,0.2454422195884087
CATGGCGCACCAGGTCx-3,0.7636786275162953,0.2363217463775709
CATCAGATCCGTTGTCx-3,0.7497066133232332,0.2502937939995816
CATTATCTCGTAGGAGx-3,0.7307887644564666,0.2692116205061487
CCAATCCCAAACAACAx-3,0.7505119350616274,0.24948847405834026
CCAATCCAGACATAACx-3,0.756305081592286,0.24369523790195813
CATATTCGTGTGCGTCx-3,0.7641342908980856,0.2358660870941513
CATCCACGTGCCTTGGx-3,0.7620237282172627,0.23797664691277934
CATCGAAAGCCGATTTx-3,0.7060876663591941,0.2939127159530867
CATGGCGTCCCATTTAx-3,0.7636495823032537,0.23635078588604524
CCAATCCAGCCTTGATx-3,0.7656583075987595,0.23434205482524395
CATGGCGTCACAAACCx-3,0.7618114846895873,0.23818889041957508
CATATGGGTTACGGAGx-3,0.7616265060074253,0.23837387026734502
CATTCGCCACGTGAGAx-3,0.7614895485280736,0.23851079706087122
CATATGGGTCTCACCTx-3,0.7630672290817243,0.23693314511108718
CATGACAAGACCCACCx-3,0.7527428666354217,0.24725728182841347
CATCCACAGAAACCATx-3,0.7640851138649883,0.23591525726484078
CATCGGGGTTGTTTGGx-3,0.7610090476688104,0.23899132497914982
CATCGGGCAATGTTGCx-3,0.765914775628826,0.23408560042149812
CATGCCTTCGTCACGGx-3,0.738318794961523,0.2616813017023254
CATATTCCACTGAAGGx-3,0.7648819552353836,0.23511841489516355
CATCGAACATCGACGCx-3,0.7504389866813256,0.24956141748893934
CATGACAAGACATAACx-3,0.7013838922496849,0.2986164935812856
CATATGGTCAAGCCTAx-3,0.694517081571996,0.30548330031774773
CCAATCCTCTATGTGGx-3,0.7041925806073331,0.29580780165833614
CATGCCTTCGCACTCTx-3,0.7598539490371766,0.24014641633608755
CATGGCGTCGGAGCAAx-3,0.7042099091264895,0.29579047613684906
CATGACAAGGTAGCCAx-3,0.7617848271035265,0.2382155472444833
CATGGCGGTCAGATAAx-3,0.755372687829457,0.24462768582334116
CATATTCAGTTACGGGx-3,0.7634802997374522,0.2365200725521294
CATTATCGTGCCTGGTx-3,0.7703571118039569,0.2296432509512598
CATTATCAGCTAAACAx-3,0.7623675700489444,0.2376328056404442
CCAATCCAGAGTCTGGx-3,0.7633287427607787,0.2366716308037398
CATGACATCCGGCACAx-3,0.7652905850983246,0.23470978890974062
CATCCACCAGATCGGAx-3,0.7051631383295792,0.2948372438292734
CATCAAGAGACGACGTx-3,0.7633709351665774,0.23662943860809899
CATCAAGTCCTCGCATx-3,0.7564216401599142,0.24357873508235048
CATCCACTCATGTAGCx-3,0.7617783870472695,0.23822198381801962
CATCCACCATCGATGTx-3,0.7653810543478593,0.23461932826382406
CATTATCGTCCAAGTTx-3,0.7627140458555979,0.23728633179278577
CATGACATCTTCTGGCx-3,0.7060850303098384,0.29391535273809516
CATATGGTCATCGGATx-3,0.7017782547275381,0.2982221267596813
CATTATCCAAGAAGAGx-3,0.7632941782419072,0.23670619709430515
CCACCTAGTATTAGCCx-3,0.7686320786323818,0.23136829282148444
CATCCACTCCGCTGTTx-3,0.769933392868397,0.2300669696019942
CATATTCTCATTGCCCx-3,0.7626043518469702,0.23739602412869296
CATCGGGCAAGCCGTCx-3,0.757473205717043,0.24252706851223213
CATTATCAGGCACATGx-3,0.7622265675212697,0.23777380787815577
CATGGCGTCGAATCCAx-3,0.7567708523563169,0.2432295177497026
CATATTCTCAGAGCTTx-3,0.7616004399365819,0.23839993599128104
CATTATCGTATCGCATx-3,0.7630970805613614,0.23690329341994584
CATCGAAAGAGCTGGTx-3,0.7508443514201888,0.24915605112033168
CATCGAATCTGCAAGTx-3,0.7644186642836123,0.2355817005597544
CATGACATCGCCAGCAx-3,0.7632871183462429,0.2367132560116774
CATCGAAGTATCACCAx-3,0.7589759476935133,0.24102440159319619
CCAATCCTCACTGGGCx-3,0.7734543431037579,0.226546016643729
CATTATCAGTACGCGAx-3,0.7042355691048316,0.29576480804999855
CATCCACGTTTGGGCCx-3,0.7607865104674778,0.23921386539369038
CATGACAGTACCATCAx-3,0.7627202537286211,0.23728012423854494
CATTCGCCACTTACGAx-3,0.7033207596661337,0.2966796216563975
CATGCCTTCTCACATTx-3,0.7034129642632055,0.2965874141955193
CATTATCAGTACGTAAx-3,0.7639007071529258,0.236099665682645
CATCCACGTCCGTGACx-3,0.7615021407556218,0.23849822501229997
CATATTCCATCGGGTCx-3,0.7603259290983482,0.2396744941639418
CATCAGATCTGGAGCCx-3,0.7620754046009032,0.2379249702681535
CATCCACCACCAGTTAx-3,0.7731883148161416,0.22681204424204898
CATGGCGAGACACTAAx-3,0.7624896629594627,0.2375107113064092
CCACCTAAGCTAGTTCx-3,0.76674850656523,0.2332518630780605
CCAATCCTCTAACTCTx-3,0.7006888838603366,0.2993114988054577
CCACCTAAGGAATCGCx-3,0.6939807973979646,0.3060195775182098
CCACCTAAGGGAGTAAx-3,0.7622145089939669,0.2377858671834674
CATTCGCTCGTTGACAx-3,0.7706364597135834,0.2293639032706613
CATGGCGTCACCCTCAx-3,0.7599605780576887,0.24003979906872794
CATGGCGCACCACCAGx-3,0.7631019940119061,0.23689838064822857
CATATTCCACTGCCAGx-3,0.759204130313935,0.24079624275730638
CCACCTAAGCGTCTATx-3,0.7614765445686612,0.23852382971014907
CATGACAAGTTTAGGAx-3,0.7622552088464314,0.23774516169517318
CATCGAAGTTATCGGTx-3,0.7502046933071023,0.24979570507860685
CATCCACGTCACTTCCx-3,0.7068065890580593,0.2931937885913647
CATTCGCGTTCAGACTx-3,0.7667665357193925,0.233233832862358
CATTATCCACGAGGTAx-3,0.7713878830176969,0.2286124794953361
CATCAGATCACCGGGTx-3,0.7607834640015881,0.23921690793808992
CATATGGGTGCCTGTGx-3,0.7612143922801426,0.2387859614452029
CATGACAGTCGCGGTTx-3,0.7594075085471749,0.24059286525714116
CATGACACAATCCGATx-3,0.7500847410527156,0.24991567402987297
CATGACAAGGATGGTCx-3,0.7607720401282687,0.23922830862703937
CATGACATCTCCGGTTx-3,0.760515508367456,0.23948486760917057
CCATTCGAGGCTAGACx-3,0.7641655696874472,0.23583480093031864
CCGGGATCACTGTTAGx-3,0.7618986397452264,0.2381017415835441
CCAGCGAGTTCCGGCAx-3,0.7692590642649393,0.2307412914403471
CCCAGTTCACGCTTTCx-3,0.760622745866667,0.23937763003928939
CCATGTCCAAATACAGx-3,0.7621115573717391,0.237888816854059
CCACCTATCGCCATAAx-3,0.7573741776930302,0.2426261977024526
CCACGGATCTCTGAGAx-3,0.7625686559092484,0.23743171909593908
CCGTGGACAGTACACTx-3,0.7626975859017624,0.23730278107418967
CCCAATCGTCTCTTTAx-3,0.7639783085875121,0.23602206408487753
CCCAGTTCACCTATCCx-3,0.7625578084473295,0.23744256408616332
CCCAGTTAGATGTTAGx-3,0.7279580972916518,0.27204211921604243
CCGTACTAGTATCGAAx-3,0.7627968591991947,0.23720351419925448
CCACGGAAGTTTGCGTx-3,0.7715430783183903,0.228457279225742
CCCAATCTCCTCTAGCx-3,0.7604629934045297,0.23953738287265847
CCGTGGACAACGCACCx-3,0.7064602363200368,0.29354014251739335
CCGTACTTCCCGGATGx-3,0.7640321966141204,0.23596817621721325
CCACGGAAGTGATCGGx-3,0.7639107591720696,0.23608961458357958
CCGGGATTCTGCTGTCx-3,0.7604550062452934,0.23954538331266137
CCCAGTTCATCACGATx-3,0.7609645703218771,0.23903580671078134
CCATTCGAGGGAGTAAx-3,0.7594845229959964,0.2405158372248197
CCGTACTCAGTTCCCTx-3,0.7634294462688913,0.2365709297522712
CCATGTCCATATACGCx-3,0.7548594474363993,0.24514075879343258
CCGTGGAGTAGAAAGGx-3,0.7764247536243079,0.22357560425898604
CCCAGTTGTTGAGTTCx-3,0.7067536125276397,0.2932467660201993
CCACCTATCGCATGATx-3,0.7548924133714843,0.24510797841126933
CCAGCGAGTCAAAGCGx-3,0.7062191613449698,0.29378122093377107
CCAGCGACACGGCTACx-3,0.7504822513845292,0.24951815775573818
CCGGGATTCAGTTAGCx-3,0.7052744995910878,0.2947258854841
CCACGGATCCCATTTAx-3,0.7617882574931951,0.2382121123208245
CCACCTAGTGAGGCTAx-3,0.766392657608334,0.23360770562213756
CCGGGATTCACATGCAx-3,0.7631746147429082,0.23682575886677382
CCGTACTAGGGTGTTGx-3,0.7049787049212222,0.29502167581904454
CCACCTATCCTACAGAx-3,0.7521148562417757,0.24788555290682884
CCACGGATCACTGGGCx-3,0.7621650770851772,0.2378352989011535
CCAGCGAGTCCAGTATx-3,0.7393745649764397,0.260625809305835
CCACGGAAGAGCAATTx-3,0.7598286325762188,0.24017174259645968
CCAGCGACAATCTGCAx-3,0.7011925249991855,0.29880785600487897
CCCATACTCCTCAATTx-3,0.7658069965178929,0.2341933731510164
CCGGGATTCAGAGACGx-3,0.6709952161577037,0.3290051517136729
CCCTCCTAGTCGCCGTx-3,0.7602176446777393,0.23978273050622004
CCACTACGTCGTTGTAx-3,0.7609097148721297,0.23909065828509563
CCGGTAGGTGATGTCTx-3,0.7598329138644749,0.24016746020971363
CCCAATCGTGCATCTAx-3,0.7057012351358771,0.29429914411513364
CCCATACAGCGAGAAAx-3,0.7617187943128654,0.23828157080981532
CCATGTCTCCGAACGCx-3,0.7649909260198732,0.23500944645652216
CCCAGTTCAATTCCTTx-3,0.7613123309219327,0.2386880456880992
CCATGTCCATCACAACx-3,0.7647206784815859,0.23527969324793252
CCGTACTTCTAACCGAx-3,0.7676912830727038,0.23230907449106422
CCATGTCGTATGCTTGx-3,0.7613008966995215,0.23869947964138308
CCGGGATGTTGGGACAx-3,0.6990198326038709,0.3009805523855091
CCCAATCAGACAATACx-3,0.6856608331122382,0.3143395445697895
CCCAGTTGTTCGCTAAx-3,0.7615067873385958,0.2384935879973705
CCAGCGAGTTACTGACx-3,0.7096229911684038,0.29037738875005814
CCGGGATTCATCGATGx-3,0.7051384950688686,0.29486188432946003
CCATGTCTCCTATTCAx-3,0.7646277255187035,0.23537264684213952
CCGGGATTCTTGCAAGx-3,0.7592251414443343,0.24077522990524525
CCACTACGTCGCTTCTx-3,0.7610872279822314,0.23891314793949178
CCCAGTTTCACTTCATx-3,0.7628179620018916,0.23718241171593926
CCCAGTTAGTTTAGGAx-3,0.7620680794033752,0.2379322977301919
CCCAGTTTCCTCAATTx-3,0.7473435910770617,0.2526566231916905
CCCAATCGTGATAAACx-3,0.7047188049378966,0.2952815743959479
CCAGCGATCAGTTAGCx-3,0.75198673180894,0.24801366743521502
CCATTCGAGGCTCTTAx-3,0.7728458097166435,0.22715454366504814
CCACGGACATCACGTAx-3,0.7025794882522945,0.2974208973069458
CCGGGATCACGCTTTCx-3,0.706704014705804,0.29329637735982605
CCGGTAGTCATGTCTTx-3,0.7064008520523563,0.29359953224444457
CCGTGGACACATAACCx-3,0.7485308201847244,0.2514693052288777
CCACCTATCGCCAAATx-3,0.7050469444435349,0.2949534339561888
CCGTGGAAGACTAGGCx-3,0.7679364961454443,0.23206387693508912
CCAGCGAAGCCGATTTx-3,0.762596319995978,0.23740405467169182
CCACGGAGTCAGTGGAx-3,0.7728916897966766,0.22710867921879863
CCCTCCTTCATTATCCx-3,0.7547346927306121,0.24526571541521358
CCGTACTAGCCCAGCTx-3,0.7570062836445924,0.2429940430098989
CCACTACCACTGCCAGx-3,0.7687180717400596,0.2312822945783288
CCACGGATCCGCTGTTx-3,0.7609245193552775,0.2390758621560692
CCCAATCAGCTGAACGx-3,0.7646297118601652,0.23537066366133436
CCCAATCAGTGGGCTAx-3,0.7682978299068699,0.23170253564300433
CCACGGAAGCGATATAx-3,0.7727218237719852,0.22727853741723905
CCACTACGTAGAAGGAx-3,0.7606678636908335,0.23933249931585815
CCAGCGATCAACCAACx-3,0.7571543419491056,0.2428459009635177
CCGTACTGTTATTCTCx-3,0.762038840813978,0.23796153469477355
CCACCTAGTGGTGTAGx-3,0.7505651531723366,0.24943524375974008
CCCATACTCTTCCTTCx-3,0.7629742838791874,0.2370260863490538
CCACGGAGTTCCTCCAx-3,0.7585222023752632,0.24147809825682523
CCAGCGAAGTCAAGGCx-3,0.749988392325951,0.25001199606456287
CCCAGTTTCTAAGCCAx-3,0.7713340139207345,0.22866633857319957
CCATTCGCAGTAAGCGx-3,0.7636563860517739,0.23634398767686193
CCATGTCGTTTAGGAAx-3,0.6939583339495243,0.3060420453731495
CCCAATCGTGCTCTTCx-3,0.7052063805492751,0.2947940047736677
CCGTGGAAGATAGTCAx-3,0.7961803403183678,0.2038199817934369
CCGTGGAGTATAGGTAx-3,0.7039670305190887,0.2960333514998073
CCATGTCCACAGGCCTx-3,0.7643751366166204,0.23562523406483124
CCGTACTAGTCCATACx-3,0.7641517008840464,0.23584867192396572
CCCAATCTCTGCTTGCx-3,0.7619250571233408,0.238075318913387
CCAGCGAAGTCAATAGx-3,0.7616713250239461,0.23832905083128028
CCGGTAGAGAAAGTGGx-3,0.7746819989635901,0.22531835838517722
CGAACATAGATCGATAx-3,0.7650352218188946,0.2349651597042379
CCTTTCTAGAATAGGGx-3,0.7594524604229685,0.24054791375690807
CCTACACGTCAATACCx-3,0.7504661025708558,0.24953430921261696
CCGTTCACAGCTGGCTx-3,0.7623417202658306,0.2376586470061843
CGAACATCAAACGTGGx-3,0.7436000149606136,0.25640038040611224
CCTCTGAGTGAAAGAGx-3,0.6900751826380268,0.30992519962802506
CCTAGCTTCAATCTCTx-3,0.7182325109299761,0.28176787296623734
CCTTTCTGTAGCGTAGx-3,0.7026364672728035,0.2973638745918009
CCTATTATCCGTTGCTx-3,0.7504146173563822,0.2495857891254068
CCTTACGGTAGCTCCGx-3,0.7626585725802086,0.23734180944695593
CCTTCCCCACAGAGGTx-3,0.7591343204016001,0.2408660549343328
CGAACATAGAACTGTAx-3,0.7055490002245345,0.2944513764407012
CCGTGGAGTTCCGTCTx-3,0.7209222763423632,0.2790781077385701
CCTAAAGAGAACAACTx-3,0.7613889395933339,0.2386114368111624
CCTTACGAGTCATGCTx-3,0.705383543347329,0.2946168405903996
CCTTCGATCTGGGCCAx-3,0.7775285924730945,0.22247176253453912
CGAACATAGGCGATACx-3,0.7099075960623116,0.29009270716813984
CCTACCACACGACGAAx-3,0.750775269364399,0.24922513613165947
CCGTTCATCCAAATGCx-3,0.7059591603153389,0.2940412278632733
CCTTCCCAGACTCGGAx-3,0.7647354051456735,0.2352649642247833
CCTAAAGGTACGACCCx-3,0.7072006001660879,0.29279978011832947
CCTAGCTAGAATGTGTx-3,0.7620660334154322,0.23793434212987474
CCTTTCTTCAGCTTAGx-3,0.7504735328107294,0.24952688168567363
CCTAAAGTCAACACACx-3,0.7658387518929672,0.2341616176217712
CCTATTATCATTTGGGx-3,0.7081671261317083,0.2918332597312156
CCTACCATCACAGTACx-3,0.7607579038594624,0.23924247107771454
CCTCTGATCTTGTATCx-3,0.7657634536364121,0.23423691617539324
CCTACCATCTTAGAGCx-3,0.7607826253327109,0.23921774990550188
CCTTTCTTCTTTACGTx-3,0.7601237930432025,0.2398765745884903
CCGTTCAGTACGCACCx-3,0.7618276215097358,0.2381727525500176
CCGTTCACATTCGACAx-3,0.7621995770569462,0.23780079643325078
CCTTCGAAGGCATGTGx-3,0.7628999257328213,0.23710044107801806
CCTATTACATTACCTTx-3,0.6944066693594924,0.3055937022559693
CCTACACGTAGCCTATx-3,0.7608911489093433,0.23910922723750053
CCTAAAGCAGCCTATAx-3,0.7627588828007924,0.23724149047895476
CCTAAAGCAGTACACTx-3,0.7632974309984122,0.23670294628028898
CCTTCCCAGTAAGTACx-3,0.7654896993687502,0.23451067157773542
CCTATTACAGTAGAGCx-3,0.7496837035595187,0.25031669964775555
CCTTCGAAGTCACGCCx-3,0.7504513390965635,0.2495490727883068
CGAACATAGTCTTGCAx-3,0.7043446480406959,0.2956557335808825
CGAACATAGCTAGCCCx-3,0.7054287559319637,0.294571618504128
CCGTGGATCATATCGGx-3,0.7043082756253651,0.29569210724382733
CCTCTGATCTGCCCTAx-3,0.760765035963695,0.23923533377915104
CCTCTGATCAATACCGx-3,0.7024515420028826,0.2975488429536127
CCTAGCTGTCGCGAAAx-3,0.7678640800797155,0.23213628553080684
CCTAGCTGTTGAACTCx-3,0.705446104580671,0.2945542795538197
CCTATTACACCATCCTx-3,0.7622571730918136,0.23774320232205495
CCGTGGAGTTAGATGAx-3,0.7616337179750677,0.2383666556323538
CCTTACGCACATTAGCx-3,0.7606137174652684,0.23938665334429202
CCGTTCAGTCATATCGx-3,0.6735441145526362,0.32645624389385175
CCGTGGAGTTACGGAGx-3,0.7511345508652112,0.2488658513042151
CCTACACCAACGATCTx-3,0.7616613538746884,0.23833902348630154
CCTCAGTAGATGTAACx-3,0.7620061684424316,0.2379942071278054
CCTACCATCTGTGCAAx-3,0.7645054615343962,0.23549491104899073
CGAACATAGGATGCGTx-3,0.7716790256094945,0.22832134115482458
CCTACCAAGTCTCCTCx-3,0.7589422381102838,0.24105813508696328
CCTATTAGTCCTCTTGx-3,0.7504955423963225,0.24950486871557062
CCTTACGAGTTCGCGCx-3,0.7274703019251126,0.27253008874319923
CCGTGGATCGCCGTGAx-3,0.6749553809286735,0.3250449825583226
CCTACACGTCACTGGCx-3,0.7622418221917021,0.2377585510297908
CCTACCAGTTAAAGACx-3,0.7059749067723439,0.2940254757272054
CCTCAGTTCGAACTGTx-3,0.7578868213222997,0.24211355541806134
CCTATTACAATCACACx-3,0.7502035933761974,0.2497965507330738
CCTACCAAGGGTCGATx-3,0.752528421117529,0.24747197880943714
CCTACACTCTACGAGTx-3,0.7088541057581109,0.2911462278440971
CCTTCCCCAAATTGCCx-3,0.7618671272303243,0.23813324661540494
CCTTCGAGTAAACGCGx-3,0.7092284510101109,0.29077192894961745
CCTCTGATCCTGCAGGx-3,0.7069089206156834,0.2930914589725489
CGAACATGTGGTTTCAx-3,0.7615690454043524,0.23843132152688815
CCGTTCAGTTAAGTAGx-3,0.7061377668585749,0.29386261588512946
CCGTTCACATCGGAAGx-3,0.7615160082071564,0.23848436918221158
CCTTCGACAACTTGACx-3,0.7599716594449389,0.24002870544276908
CCGTTCATCGGCGGTTx-3,0.7020959321957374,0.29790445200211796
CCTACACTCGCGTTTCx-3,0.7629049780837668,0.23709539568532623
CCTATTACATTTCACTx-3,0.768199388254344,0.23180097852856524
CCTACCAGTCAGAATAx-3,0.7612491282668095,0.23875124764941816
CCGTTCATCTGCCCTAx-3,0.7662338795529892,0.23376649123390736
CCTAAAGAGACCTAGGx-3,0.7020024558046445,0.29799792826360616
CGAACATGTCTGCGGTx-3,0.7612980266857396,0.23870234898851037
CCTTCGAGTTCGTCTCx-3,0.7623845429710331,0.23761583037737347
CCTCTGAAGCTACCGCx-3,0.7087811499076591,0.29121922615539414
CCTTCCCTCTATGTGGx-3,0.7707093358076,0.22929103319176145
CCTTCCCTCATCGCTCx-3,0.7629751235954255,0.23702524387931084
CCTACACCAAACTGTCx-3,0.7029451545007904,0.2970552245510229
CCTCTGAGTAGGCATGx-3,0.7608792784665288,0.23912109758391856
CCTTACGGTTATCGGTx-3,0.7619245740630888,0.23807580397541367
CCTTACGTCAGAAATGx-3,0.7617407108518373,0.23825966392477896
CCTTCGACATAAGACAx-3,0.7651608722714561,0.23483950049607946
CCTACACGTGCCTGGTx-3,0.7627450865550837,0.23725528634055187
CCTAGCTGTCGATTGTx-3,0.6528054703986997,0.3471948764546384
CCTTCGAAGTGGACGTx-3,0.763218564209067,0.23678181061585113
CGAACATGTTGAGTTCx-3,0.7140261764823905,0.2859742079281057
CCTTCGAAGGCACATGx-3,0.7620363463184865,0.23796402820049228
CCTTCGAGTACCGAGAx-3,0.7536843460993974,0.246316031013595
CGACTTCGTATATCCGx-3,0.7550788933978997,0.24492149208480907
CGATTGAAGCCAACAGx-3,0.7621409787055329,0.23785938857051275
CGCCAAGTCTCCAGGGx-3,0.7643316142974648,0.23566875908456503
CGAGAAGGTGAAGGCTx-3,0.8184620752888709,0.18153821490073083
CGCCAAGCAATCGAAAx-3,0.7025179086702529,0.29748246166000614
CGATGGCAGGTGATTAx-3,0.7618545013901032,0.23814586984842614
CGACCTTTCCCTAACCx-3,0.7624332810465588,0.23756709219464842
CGATGGCCAACACCTAx-3,0.7613635032602588,0.23863687120722585
CGATCGGGTTGAACTCx-3,0.7508476881202044,0.24915271833333807
CGATGGCGTACCGTTAx-3,0.7616761661106899,0.23832420795740092
CGATCGGTCGCACTCTx-3,0.7605068400443626,0.23949354144673368
CGATGTAGTACAAGTAx-3,0.7618640086776924,0.238136366661979
CGAGCACGTAACGCGAx-3,0.7571113495825433,0.24288902686635613
CGACCTTTCCCAAGTAx-3,0.7703848728940016,0.22961549100944328
CGAGAAGGTCGCCATGx-3,0.7374426110628172,0.26255752180234226
CGAGCACCATGCCTTCx-3,0.7115589097678416,0.28844147421612076
CGAGCCATCCGTAGGCx-3,0.750437621332418,0.24956280119269364
CGAATGTCACAAGACGx-3,0.7753144112859852,0.22468594505351933
CGAATGTAGATGAGAGx-3,0.6971364102422116,0.3028639189450897
CGAATGTTCAGGCAAGx-3,0.7588252287796224,0.24117514530705242
CGATGTAGTGTCAATCx-3,0.6949805269919734,0.30501984371180274
CGAGCACTCAGAGACGx-3,0.7049728045499277,0.2950275801269943
CGAGAAGGTAAGTAGTx-3,0.7608731158475642,0.23912725946038513
CGATGTACACACTGCGx-3,0.7737399904212678,0.22626037601504292
CGACTTCTCCTATGTTx-3,0.7633951265017941,0.23660524733124993
CGAGAAGGTACGACCCx-3,0.7626060269434384,0.2373943483551259
CGACCTTCACGGATAGx-3,0.7624681281764321,0.23753224613427987
CGACTTCCATTACCTTx-3,0.7642904961668122,0.2357098710721209
CGAGAAGCACTTAAGCx-3,0.7608715478457633,0.2391288243824544
CGAATGTTCATCATTCx-3,0.7025470224136603,0.29745336111595755
CGATGTACACGTGAGAx-3,0.7624279864394355,0.23757238840794245
CGATTGAAGATACACAx-3,0.7602887846346944,0.23971159124857777
CGATGGCCAGGAATGCx-3,0.7647968665657711,0.23520350947790794
CGACTTCCAAATACAGx-3,0.7616404809803548,0.23835989005239097
CGAGCACCACGTTGGCx-3,0.7610799774883577,0.23892036042268053
CGAATGTCAGTTCCCTx-3,0.7505192306179229,0.24948117152973098
CGAGAAGGTTGATTGCx-3,0.7618243234557436,0.23817605225390578
CGAGAAGCATAAAGGTx-3,0.7475502000218365,0.2524502043996966
CGATGGCTCGTCACGGx-3,1.0,0.0
CGAGCACAGGGATACCx-3,0.7616328314858846,0.238367543585101
CGATGTACATTCACTTx-3,0.7643315076015597,0.235668887393883
CGATGGCGTTAAGAACx-3,0.7504856021633939,0.24951480825805838
CGAATGTAGTTACGGGx-3,0.7024472081947666,0.2975531798207723
CGCCAAGCACCGATATx-3,0.7504858311310195,0.24951457944922875
CGAATGTGTAGAGTGCx-3,0.7622226497249861,0.23777771594020197
CGCGGTAAGATGCGACx-3,0.6987193640430583,0.3012810170761793
CGATGTATCCAAACTGx-3,0.7254780246485307,0.2745221463164819
CGACTTCTCGGAGGTAx-3,0.762934835987324,0.23706553863290275
CGAGCCACATGCATGTx-3,0.761775125196086,0.23822524221088803
CGATGGCCAACTGGCCx-3,0.763543342743398,0.23645701808841513
CGATGGCGTCAAAGCGx-3,0.7583053691326319,0.24169500769191996
CGACTTCTCATCGCTCx-3,0.7612413165404691,0.23875905774802003
CGATGTACACAACGTTx-3,0.7625324804518594,0.23746789391953627
CGAGAAGTCCCATTATx-3,0.7620972685329355,0.23790310695015462
CGAGCACGTATAGGTAx-3,0.7498677266002627,0.25013267932813976
CGAATGTAGAGACTATx-3,0.6784464778912285,0.32155390249868965
CGAACATTCCTGCAGGx-3,0.7710326961835738,0.22896766593630263
CGAATGTAGAGGTTATx-3,0.7001322341581597,0.2998681476463517
CGCCAAGGTCCAACTAx-3,0.754873026276253,0.24512733549481608
CGAGCACTCATTATCCx-3,0.7675191881377843,0.23248117758969497
CGATGTAGTTTCCACCx-3,0.7779102954273432,0.22209004970195675
CGACTTCGTCAACATCx-3,0.759722020793877,0.2402783047112249
CGATGGCTCTGGCGACx-3,0.763959048467976,0.23604132464745858
CGACTTCAGCTAGTTCx-3,0.7666768955233826,0.2333234731238169
CGAGCACCATGGTAGGx-3,0.7051924115177359,0.2948079676057903
CGAGCCATCAACACGTx-3,0.763018288475222,0.23698208747260688
CGACCTTTCGCGTAGCx-3,0.7503518563757013,0.249648546251542
CGACCTTGTTCGAATCx-3,0.7625877360158037,0.23741263844108337
CGACTTCGTGACGCCTx-3,0.7617392825109198,0.23826108764074933
CGAATGTTCTTCCTTCx-3,0.7057467193659738,0.2942536614887828
CGAGAAGGTAGCCTCGx-3,0.749994680991035,0.2500057224593653
CGACCTTTCCTCAATTx-3,0.758938988840098,0.24106138454761544
CGATGGCCAGTGAGTGx-3,0.7618777202617112,0.23812265604430033
CGAGAAGAGTACGATAx-3,0.759043390186542,0.24095699363798503
CGAGCCATCCGCGGTAx-3,0.69360512972824,0.3063952611976174
CGACCTTAGTCGATAAx-3,0.7649992377235242,0.23500113340017964
CGCCAAGGTTACGACTx-3,0.7478382326706189,0.2521621475163146
CGAACATTCTTCGAGAx-3,0.7619150860420797,0.23808528639054974
CGACTTCTCAGGTAAAx-3,0.7621474913621928,0.23785288233429414
CGCCAAGCAGTCGATTx-3,0.7627365289007846,0.23726383725997488
CGATCGGTCCCAACGGx-3,0.7637090294205189,0.23629134318366707
CGATGGCGTTCGCGACx-3,0.7594772270486867,0.24052314830802257
CGACTTCGTAGGAGTCx-3,0.6857187819213507,0.3142815926912386
CGAATGTGTTCCACAAx-3,0.7623356311008604,0.23766474372950416
CGATGTATCCAAAGTCx-3,0.7025788369181257,0.29742154944122695
CGAGCCAAGTGATCGGx-3,0.7751882083205194,0.22481214791888704
CGATGGCCAAGGCTCCx-3,0.7475485062634992,0.2524518911446152
CGAGAAGAGATCCCGCx-3,0.7607393895060844,0.2392609868936497
CGATCGGGTAGCGTGAx-3,0.7128478262289504,0.2871524392142782
CGATCGGGTGACTACTx-3,0.7066093332020765,0.29339104777209746
CGATTGAAGGAATCGCx-3,0.7081928256643019,0.29180755556544874
CGAATGTGTATATCCGx-3,0.6811703883618612,0.3188299953588545
CGAGCCATCCCAAGTAx-3,0.7616280005068702,0.23837236942635795
CGAATGTAGGCGCTCTx-3,0.7610604431498789,0.238939927977911
CGAGCACGTGGTAACGx-3,0.762705806931416,0.23729456737958055
CGCTATCAGAAGGTGAx-3,0.7118016767022912,0.2881985841735728
CGGAGCTTCTTGACGAx-3,0.7941302744930037,0.2058700511404142
CGCTGGAGTACACCGCx-3,0.7612053398209502,0.2387950360156882
CGGTTAAAGTTGCAGGx-3,0.7644882560998002,0.2355121096414929
CGCGGTATCTGTTTGTx-3,0.7615386165329067,0.23846175902024494
CGGAGTCGTGCTGTATx-3,0.774230940525291,0.22576941824599836
CGGGTCACATGTAGTCx-3,0.7602454200734823,0.23975495551819598
CGCGGTATCGTGTAGTx-3,0.7575078935708535,0.2424924964287657
CGCGGTAGTAGAGCTGx-3,0.7493755921536797,0.25062480227715533
CGCTATCCAAGCCATTx-3,0.762949644544651,0.23705073035930768
CGGAGTCCACGGTAGAx-3,0.7619574710351995,0.23804290810193623
CGGAGTCTCGCCTGTTx-3,0.761757344133615,0.2382430318607116
CGGACTGAGCGGATCAx-3,0.7087270243022299,0.2912732965575436
CGCGGTATCTGTCAAGx-3,0.7630219858062893,0.23697838737198273
CGCTATCCATCGGACCx-3,0.692462991351312,0.3075373899436697
CGCGTTTAGTACGTAAx-3,0.7640790376840442,0.23592133741475427
CGGTTAACAGGTCTCGx-3,0.7617917896623128,0.23820858560819244
CGGACGTAGTGCAAGCx-3,0.7050225091113025,0.29497787407352577
CGGGTCAGTTGGGACAx-3,0.7624724869891111,0.23752788345543172
CGTAGCGGTCAGCTATx-3,0.7014949859771611,0.2985053927535117
CGGACTGAGGATGTATx-3,0.6486132993076509,0.351387067170938
CGCGGTATCCGAACGCx-3,0.7647600115381257,0.23524036022739545
CGCGGTAGTGAACCTTx-3,0.7616688804411423,0.23833149353421118
CGCTTCATCTGGCGTGx-3,0.7672858987141472,0.23271446861859105
CGGAGTCTCTTTACGTx-3,0.7634067555833131,0.23659361333963705
CGGACACCATCGTCGGx-3,0.7065904158351767,0.29340996578197065
CGGAGCTTCCTTTACAx-3,0.7616949393396525,0.23830544124291994
CGGACGTAGAAACGAGx-3,0.7504527351931417,0.24954768365241572
CGGACGTTCCACGACGx-3,0.7625843829254793,0.23741600057178014
CGTAGCGGTTCCACTCx-3,0.7038202953015229,0.2961800983622008
CGGGTCAAGTGGTAATx-3,0.7045654008801344,0.2954349796601777
CGGACACGTTACGACTx-3,0.7652889409424938,0.23471143135572814
CGGAGCTCAAGAGGCTx-3,0.7604238942150378,0.23957648208291119
CGCGGTACATAACCTGx-3,0.7621728299554195,0.2378275463511272
CGCTATCCACACCGACx-3,0.7649873389304568,0.23501303952191718
CGGTTAAAGTGGACGTx-3,0.7643054425393295,0.23569493379412457
CGGAGTCGTACATCCAx-3,0.7607317918937456,0.23926858174201812
CGGCTAGAGTAGCGGTx-3,0.6937077818049744,0.306292595551638
CGGAGTCTCTACCAGAx-3,0.7605836495294901,0.23941669883273733
CGGCTAGGTAATAGCAx-3,0.7618550224191437,0.23814535213639468
CGGGTCACACCCATGGx-3,0.7619630935725537,0.23803727281761192
CGGCTAGTCGCAAACTx-3,0.7622991941481201,0.23770118057386747
CGGGTCAGTCTAAACCx-3,0.712963393689709,0.28703697411975987
CGGAGCTAGCCACGCTx-3,0.7022837667090661,0.2977166186373999
CGCGGTACAATCAGAAx-3,0.7609514282907667,0.2390489475857933
CGGGTCATCCCTCTTTx-3,0.7577155937452441,0.24228477934242956
CGTAGCGGTAGAGGAAx-3,0.7608375213087126,0.23916285427153153
CGCTATCGTTCCATGAx-3,0.7611273039632246,0.23887306980404355
CGCTATCTCCGCTGTTx-3,0.7614524656437608,0.23854791488365856
CGGGTCACACTATCTTx-3,0.7615838905024599,0.2384164835138317
CGTAGCGGTCAATGTCx-3,0.7550466880198693,0.24495370508675646
CGGACACGTAAGTGGCx-3,0.7493232412760145,0.2506771567600429
CGCTATCAGGTGATATx-3,0.7581699326354083,0.24183044388400976
CGCGTTTAGAATGTTGx-3,0.7608259325438573,0.2391744405930238
CGTAGCGAGCTTTGGTx-3,0.7618259062983158,0.23817446937330475
CGCTGGAAGGTCGGATx-3,0.7490405712601846,0.25095982684423346
CGGAGTCGTTAAGACAx-3,0.7621996265171112,0.23780075011247162
CGGCTAGAGCTTCGCGx-3,0.7504434989672891,0.24955691313348188
CGTAGCGCAATAGAGTx-3,0.7609600356980264,0.23904034063225982
CGGACTGTCAGCGATTx-3,0.7775295085018823,0.22247084588968305
CGTAGCGTCTGTCTATx-3,0.7597753127739316,0.24022506195582832
CGCTATCAGCTAGGCAx-3,0.6659009064939292,0.33409945902950944
CGGACTGTCCCGGATGx-3,0.7633490692649063,0.23665130361482373
CGGAGTCGTAGGGTACx-3,0.7620554663173184,0.23794490914385305
CGCTATCTCGAGGTAGx-3,0.7636832445973382,0.2363171284484586
CGGTTAATCAGAAATGx-3,0.762368241761581,0.2376321324558764
CGGCTAGGTGTCTGATx-3,0.7505933682771974,0.24940704296627147
CGGCTAGCAAGGTTCTx-3,0.7612570552460196,0.2387433209795414
CGGCTAGAGCAGCGTAx-3,0.7059464139207862,0.29405397031457775
CGGCTAGAGCGTGAGTx-3,0.7034796181613663,0.29652076676274025
CGGGTCAAGACGCAACx-3,0.7617965559853876,0.23820381973748883
CGGCTAGCAAGTTCTGx-3,0.7626123786939047,0.2373879958638317
CGGAGCTCAGTCGATTx-3,0.8118049563719171,0.18819533987581555
CGGACACAGGATTCGGx-3,0.6935383954775637,0.3064619784772205
CGGACTGCATCTGGTAx-3,0.7636537996974856,0.23634658097337072
CGCGGTACAGCCAGAAx-3,0.7622609149533409,0.2377394454893534
CGGTTAATCACCTCGTx-3,0.7630698644310403,0.23693050632580767
CGTAGCGAGTGGGCTAx-3,0.7050990115711977,0.29490136472108375
CGCGTTTCAGCCAATTx-3,0.7679844534449822,0.2320159229371546
CGGAGTCTCATAGCACx-3,0.7622714185056119,0.23772895691992657
CGGCTAGTCTCAAGTGx-3,0.7611904688362755,0.2388099070773573
CGGCTAGTCTCCTATAx-3,0.7655136042928615,0.23448676728688447
CGGACACAGGCGTACAx-3,0.7625464339183236,0.23745394060830785
CGGACGTCAGAGCCAAx-3,0.7618238386419373,0.23817653774600872
CGGAGTCGTCCTAGCGx-3,0.703735714819963,0.2962646714750726
CGGTTAAGTAATAGCAx-3,0.7054297749583784,0.29457060788445444
CGGACACGTGACGGTAx-3,0.7014049432220744,0.2985954433299674
CGGCTAGAGATGCGACx-3,0.7629190286679829,0.23708134593706962
CGGACGTAGCTATGCTx-3,0.7503936237959404,0.24960678328943595
CGCTATCGTTTGACTGx-3,0.7630033580038533,0.23699701491947753
CGGCTAGGTATCAGTCx-3,0.7171397593323646,0.2828604661136218
CGGGTCAAGGGAGTAAx-3,0.7523033389696663,0.24769706476147021
CGTAGCGTCTTCGAGAx-3,0.7043625116950409,0.2956378650208085
CGGCTAGGTCCGTTAAx-3,0.7659818881032759,0.23401848173214668
CGCGTTTCAGATCGGAx-3,0.7017378031374396,0.298262578879816
CGTCTACCATGGGACAx-3,0.7613809997698308,0.23861937733488967
CGTGTAAGTCCAACTAx-3,0.7681954397550601,0.2318049243815674
CGTAGGCCAAGCCGTCx-3,0.7922680044500323,0.20773232538129885
CGTCCATTCGAACTGTx-3,0.7579743208680845,0.24202605439404798
CGTCACTGTTCACCTCx-3,0.7024613004815675,0.2975390859300664
CGTGAGCAGCACACAGx-3,0.7620063302789123,0.23799404501261054
CGTGTAAGTAGGACACx-3,0.7610607628807904,0.23893961170500344
CGTGTCTAGTCTCGGCx-3,0.7184172594794508,0.2815830372968676
CGTGAGCAGATCGGGTx-3,0.7623782400040409,0.23762213506434812
CTAACTTGTACACCGCx-3,0.7616619584957474,0.2383384180172891
CGTAGGCAGTGTCTCAx-3,0.7529227159613946,0.24707767053814353
CGTTAGACACAAGCCCx-3,0.7620607214570368,0.2379396477093711
CGTCCATCATTTCAGGx-3,0.7612879327449705,0.23871245207266178
CGTTGGGAGCGTTCCGx-3,0.7619489739845147,0.23805139950911433
CGTTCTGGTTCACCTCx-3,0.7619669972984082,0.23803337774440822
CTAACTTCAACACCTAx-3,0.7039325578234975,0.29606782411385024
CGTGAGCGTGATGCCCx-3,0.759112456534318,0.24088792301677953
CGTGAGCCACACCGCAx-3,0.7632779022903243,0.2367224711874492
CGTGTCTAGGAGTCTGx-3,0.772321248700851,0.2276791115317928
CTAACTTGTCTTGATGx-3,0.7541284432759561,0.2458717271649236
CGTTGGGCAGGAATGCx-3,0.760943378354287,0.2390569927050006
CGTTGGGAGGGATCTGx-3,0.7626912309884223,0.237309143766665
CGTCTACAGAGTAAGGx-3,0.7665366594386466,0.23346371026141025
CGTCAGGTCGAATCCAx-3,0.7627571062624767,0.23724326764720932
CGTCACTTCGTACCGGx-3,0.7576935434111426,0.24230683328584662
CGTGTCTTCAGCGACCx-3,0.6516100696642311,0.348390285753018
CGTAGGCAGAGATGAGx-3,0.7037797062940371,0.2962206791105312
CGTGAGCAGTTCGCGCx-3,0.7720505232744018,0.2279498355645639
CGTCTACAGTGTTAGAx-3,0.7052205639809881,0.29477981627017447
CGTCCATTCCTGCAGGx-3,0.762807302576385,0.23719307020567934
CGTGTCTAGGAGTACCx-3,0.7068402849659521,0.29316009766673595
CTAACTTGTACCCAATx-3,0.7511705009028995,0.24882989979388473
CGTTGGGTCTCCGGTTx-3,0.7627261839933547,0.2372741903342005
CGTTAGATCATACGGTx-3,0.7614302950142839,0.23857007851764586
CGTAGGCTCGTGGACCx-3,0.7611384234286689,0.2388619517234448
CGTCACTGTTCTGGTAx-3,0.7586103688075495,0.24139005836228491
CGTGAGCCATACTCTTx-3,0.7612868020055867,0.23871357402337037
CGTGAGCTCCACGTGGx-3,0.7624410732118997,0.23755928672611823
CGTAGGCGTCCATCCTx-3,0.7622450551928682,0.23775531975051603
CGTCACTTCGTTACGAx-3,0.7116745666060869,0.28832581538147045
CGTTCTGTCCGAAGAGx-3,0.7618566110293803,0.23814376770065002
CGTAGGCCAAGCCCACx-3,0.7602337535073177,0.2397666137248903
CTAACTTTCCCTCAGTx-3,0.7627177194876235,0.23728265455662098
CGTCAGGAGCTGCAAGx-3,0.7609565811095458,0.239043792557209
CGTCCATTCAAACCGTx-3,0.7048766289381615,0.2951237571876683
CGTGTAAGTCCGTCAGx-3,0.7626697122364567,0.23733066240017525
CGTGAGCCAAGCGATGx-3,0.7652817632604608,0.2347186081584063
CGTTCTGGTGCAACTTx-3,0.7498633755670066,0.2501370238507744
CGTAGGCTCAAGGCTTx-3,0.7207115549810285,0.2792888189940686
CGTCAGGAGCCAGAACx-3,0.7594894583874519,0.2405109159995609
CGTGTAAGTCTCACCTx-3,0.7645724162024136,0.23542796415206824
CGTTCTGTCGTGGTCGx-3,0.7624656926330949,0.23753468316320053
CGTTCTGTCTGGTGTAx-3,0.7615550417929546,0.23844532553163109
CGTAGGCGTCTCTCTGx-3,0.7667015549992664,0.23329881306507902
CTAACTTTCACATACGx-3,0.7617868717631288,0.2382135029196346
CGTCAGGTCACATGCAx-3,0.7644597090908146,0.23554067193107034
CGTGTAAAGAGGGCTTx-3,0.763185221918446,0.2368151516258678
CTAACTTCAAGGTTCTx-3,0.7080032503713166,0.29199713200558997
CGTTGGGAGTAGGCCAx-3,0.762067048137951,0.23793332660423266
CGTGTAATCTTGACGAx-3,0.7609273939792492,0.23907298253444667
CGTCACTAGAAGAAGCx-3,0.761972076487987,0.2380282988123321
CGTCACTGTAAGAGGAx-3,0.7624674892088195,0.23753289133540498
CGTGAGCTCTCCAACCx-3,0.7080640603793815,0.29193631190348385
CGTAGGCTCCTGCTTGx-3,0.7615446803777598,0.2384556995528446
CGTTGGGTCTCGATGAx-3,0.7608781480101259,0.23912222925849574
CGTTGGGTCTGGTGTAx-3,0.7642433617665465,0.23575700412048758
CTAACTTTCGGCTACGx-3,0.7629674573241105,0.23703292157609818
CGTTGGGTCGTTTATCx-3,0.7653620314438443,0.2346383517749413
CGTCTACGTCAGCTATx-3,0.7026076848508575,0.29739270241885857
CGTGTCTTCTTTACGTx-3,0.7611756502146839,0.23882472620578138
CGTTCTGAGACATAACx-3,0.7739300351945185,0.22607032810868735
CGTCTACGTCTGATTGx-3,0.7628834094910073,0.23711695816191017
CGTGTAATCTACGAGTx-3,0.7610800181450624,0.23892035735248465
CGTTGGGGTATATCCGx-3,0.7054958015475289,0.2945045820714189
CGTAGGCCATGACGGAx-3,0.7064561991602658,0.2935441803276488
CGTTGGGTCCTCAATTx-3,0.7613582858119305,0.2386420690912219
CGTTGGGGTCAAAGCGx-3,0.7036356554699731,0.2963647298782853
CGTAGGCGTCGCTTCTx-3,0.7618021087462162,0.23819826465369784
CGTTGGGTCCGCGCAAx-3,0.7629646790269039,0.23703570148876493
CGTCACTAGTATGACAx-3,0.7614648360858691,0.23853553815785603
CTAACTTGTACCGAGAx-3,0.7619911829637839,0.23800918513262256
CGTCTACAGCATGGCAx-3,0.7827109174981601,0.21728942665639084
CGTTAGAAGCCCAATTx-3,0.7615499351964186,0.23845043701267765
CGTCAGGCAGGATTGGx-3,0.7072420095454267,0.2927583737912594
CGTAGGCAGAACTCGGx-3,0.7502816982018957,0.24971869783157366
CTAAGACGTAGTACCTx-3,0.7633637558209739,0.23663661907258163
CTAACTTCACTGTGTAx-3,0.7618202729688991,0.23818009286443975
CGTCACTTCTGTGCAAx-3,0.7622523352049394,0.2377480497560949
CTAACTTTCAGAGCTTx-3,0.7626944003061914,0.23730597485007016
CGTTGGGGTTATCACGx-3,0.7625385742606566,0.2374618015218261
CGTTAGATCCCTAATTx-3,0.7626752696817682,0.2373251044408556
CGTAGGCGTTCGGGCTx-3,0.7627849678502132,0.23721540742090444
CGTCTACGTCGAGATGx-3,0.7739198503784477,0.22608050877596306
CGTCACTCACTTCGAAx-3,0.6733863495964654,0.32661403080268436
CGTCCATTCGAATGCTx-3,0.7504325567381596,0.2495678542494241
CTACGTCGTCGGCTCAx-3,0.761863498547657,0.23813687681058274
CTAGAGTAGAGTAAGGx-3,0.7678876701453784,0.23211269776444174
CTACATTTCCCATTATx-3,0.7588329428435046,0.2411674185556541
CTCAGAACACGTGAGAx-3,0.7634609041102272,0.23653947075136444
CTACACCGTACTTCTTx-3,0.7615706481268267,0.23842972583611483
CTCAGAAAGTAGTGCGx-3,0.7613769968979835,0.23862337625863558
CTCCTAGAGAGGTAGAx-3,0.767093793472112,0.232906579045514
CTCATTATCTCTTATGx-3,0.7622992328758398,0.23770114302285866
CTACACCAGCGTGAACx-3,0.7506217037431044,0.24937870876972149
CTACGTCAGGGATCTGx-3,0.7059607285311327,0.294039612510843
CTCACACGTACTTAGCx-3,0.7617682079933571,0.23823216745425793
CTAATGGAGACTACAAx-3,0.7612654450106882,0.2387349284623027
CTACGTCAGATGTGGCx-3,0.7504811936774427,0.24951921514975337
CTAGAGTCACAAGACGx-3,0.7583929035691748,0.24160746300258676
CTCACACCATACTACGx-3,0.7607062120795354,0.23929416344294566
CTAGCCTAGGATGTATx-3,0.7930495421312717,0.20695079587366594
CTCACACCAATCTACGx-3,0.7674468725295087,0.2325534956939467
CTAATGGGTCACTGGCx-3,0.7616647044639236,0.23833565518846064
CTCAGAACAGGAATCGx-3,0.763283401391064,0.236716971505566
CTAGAGTCACAGATTCx-3,0.7614326656448683,0.23856782288942827
CTAGCCTCACAACGCCx-3,0.7513625098199019,0.2486378959986276
CTACGTCGTGCGAAACx-3,0.762145323637363,0.23785505660118791
CTCACACCATGAACCTx-3,0.7048830730539823,0.2951173132785142
CTAATGGAGGTGCACAx-3,0.7664752184526193,0.2335251495826556
CTAATGGAGCTAGTCTx-3,0.7653210632755151,0.2346793019859295
CTAATGGTCTTGTATCx-3,0.7503864058302326,0.2496140044735861
CTACATTCAACTTGACx-3,0.7619109672228108,0.23808940741168977
CTAGCCTTCACAATGCx-3,0.7045131526528897,0.29548723025134255
CTAGAGTGTTATCGGTx-3,0.7671686779878961,0.23283169387415906
CTAGAGTTCGAATGCTx-3,0.7620630751020302,0.2379373004227553
CTAGCCTCACATGGGAx-3,0.704960203273373,0.2950401773452109
CTCACACGTGTAAGTAx-3,0.7633909224354171,0.23660945248811888
CTCACACTCCTATGTTx-3,0.7609920194218431,0.23900835642717974
CTACCCAAGCTCCTCTx-3,0.6764555774108955,0.3235447897584084
CTCACACGTCTCACCTx-3,0.7641839752469696,0.23581640705081441
CTCCTAGAGCCAGAACx-3,0.7642846667849332,0.2357156992096093
CTCATTATCAGAAATGx-3,0.7618026207249246,0.2381977512082262
CTAGAGTAGGCTCAGAx-3,0.7624381561485023,0.23756221900853106
CTCACACTCAGCTTAGx-3,0.7624608742021197,0.23753950177263888
CTACCCAGTTCTCATTx-3,0.7667865126750353,0.23321385576664302
CTAAGACGTCAATACCx-3,0.7113157541194065,0.2886846069403194
CTACGTCTCCTTTCTCx-3,0.7685193032524456,0.23148106381593694
CTACCCAAGCACCGTCx-3,0.7693228864571583,0.2306774787964248
CTCAGAAAGGCTCTTAx-3,0.7671956255642408,0.23280475120739147
CTAGCCTAGAGATGAGx-3,0.706573503014401,0.29342687795830624
CTAATGGCAATGAAACx-3,0.765443493960465,0.2345568889330991
CTACCCACACTTAACGx-3,0.7613560528837572,0.23864431759796315
CTCATTATCGGATGTTx-3,0.7647570619637405,0.23524330688839667
CTACATTAGTCATCCAx-3,0.7616160656401059,0.23838431055391265
CTAGCCTAGGGCTTGAx-3,0.7616811099933948,0.23831926250463428
CTAGTGAGTCTGATTGx-3,0.7633763359246344,0.2366240359405595
CTAGCCTAGAGTCTGGx-3,0.7525025899317318,0.2474977411747462
CTACGTCCACGAAGCAx-3,0.7539188252162596,0.24608156513468427
CTAATGGTCACATACGx-3,0.7676922645422022,0.2323081018435014
CTCAGAATCTTATCTGx-3,0.7621695278672103,0.2378308456987322
CTAGTGATCAGCCTAAx-3,0.7616420148475516,0.23835836135893865
CTCAGAACACCCATGGx-3,0.7028934353619163,0.2971069515487296
CTCAGAAAGCACGCCTx-3,0.7621335011464426,0.23786687482373658
CTAGTGATCACCTCGTx-3,0.7613641456445497,0.23863622670377302
CTACATTGTTGATTGCx-3,0.7026987124545704,0.2973016720620842
CTAATGGTCACGACTAx-3,0.760502989736139,0.23949738448627922
CTCATTAAGGGTTTCTx-3,0.7603703816775581,0.23962999055214243
CTCACACAGCTAAACAx-3,0.7080187292703615,0.2919816503192034
CTAGAGTGTGGCGAATx-3,0.760738258196075,0.23926210152296937
CTACACCCACAGACTTx-3,0.7610583824004001,0.2389420002050122
CTACATTGTCTTGTCCx-3,0.7622474207117087,0.23775295587229814
CTACCCACAGCCTTTCx-3,0.7634552586353052,0.23654511225970645
CTACACCTCGCCTGTTx-3,0.7613049974381975,0.23869538055620174
CTCATTAGTTACCAGTx-3,0.7562627743951944,0.24373760222933102
CTACACCCAGTCAGCCx-3,0.7688761412727902,0.23112422582587547
CTACACCCACAACGCCx-3,0.767245410235949,0.23275495890150666
CTAATGGAGCTACCGCx-3,0.7606933828046898,0.23930699515006867
CTAATGGCACCATGTAx-3,0.7740438940210228,0.22595646439027914
CTAATGGAGTACTTGCx-3,0.7068457721595935,0.2931546106140251
CTACACCCATACAGCTx-3,0.7071957789721666,0.29280460300412486
CTCAGAATCAACGCTAx-3,0.7055339464004572,0.29446641431961207
CTACATTCAGTCGATTx-3,0.7612312927124686,0.23876908282424122
CTAGCCTAGCCACCTGx-3,0.7202658760036826,0.2797344999229935
CTCAGAACAGGTTTCAx-3,0.65936434793398,0.3406360044646518
CTCACACGTCATGCATx-3,0.7597138459105811,0.2402865287292099
CTACCCATCACTTACTx-3,0.7752248663804938,0.22477549074686484
CTACGTCGTGCCTTGGx-3,0.7620945488820307,0.23790582725823553
CTACGTCGTTACGTCAx-3,0.756251487293078,0.24374890851135367
CTACATTTCCTCAATTx-3,0.7508051970042232,0.2491951772811481
CTCAGAATCCCATTTAx-3,0.7637950836623645,0.23620528941226623
CTAGTGACATGGGACAx-3,0.763604844546291,0.23639552978251072
CTAGAGTTCAGTACGTx-3,0.7593246485700011,0.24067572594268277
CTAGTGAGTCTTGCGGx-3,0.763735233996388,0.2362651415233952
CTAATGGGTATCACCAx-3,0.7604622490922803,0.23953812912693115
CTAGAGTTCACGACTAx-3,0.7156225360074987,0.2843778459868987
CTCACACTCCACTGGGx-3,0.7607664020165456,0.2392339656504476
CTCCTAGAGGGCTTGAx-3,0.7595933179794909,0.24040705808514803
CTACATTAGTCTCCTCx-3,0.6875121905936841,0.3124881816138501
CTAGTGATCATGTGGTx-3,0.7063168043151167,0.29368358481379403
CTAGAGTTCCACGTGGx-3,0.7630241617583571,0.23697621538684321
CTAGCCTGTCAAGCGAx-3,0.7668732904446413,0.23312707958607304
CTCGAGGAGCAGACTGx-3,0.6963829632537379,0.3036174292675285
CTCGTCAGTCATGCCGx-3,0.7670952880895543,0.232905081221918
CTCGAAAAGAAGAAGCx-3,0.6973849304308595,0.30261545157077574
CTGAAACTCCAGGGCTx-3,0.7116214131845723,0.2883788606787827
CTCTGGTCATGGAATAx-3,0.7652557924619172,0.2347445790298962
CTCGTCAAGCTGTCTAx-3,0.7057859769521027,0.294214413652919
CTGAAACGTTCTCATTx-3,0.7504577641243296,0.24954265250465565
CTCCTAGGTAGCTAAAx-3,0.7728573133761135,0.2271430478550366
CTCGGAGGTTAAGACAx-3,0.7038191699341597,0.29618120052341856
CTCTAATGTGAAAGAGx-3,0.7611869491605656,0.23881342608483713
CTCGAGGGTATAATGGx-3,0.76050925441399,0.23949112126393818
CTCGAGGAGCGAGAAAx-3,0.7618623285331538,0.23813804791886534
CTGAAACTCGAATCCAx-3,0.7621143232608089,0.23788605178151268
CTCGGAGAGTACGACGx-3,0.7629108758190759,0.23708949805470333
CTCGAGGTCAGCTCTCx-3,0.7469214913886246,0.25307888399657563
CTCTAATAGTGGGATCx-3,0.7575337961382866,0.2424665873967592
CTCTAATTCTCAACTTx-3,0.7609079503790583,0.23909242449487816
CTCGGGAGTACCATCAx-3,0.7604117834100734,0.23958859176749922
CTCTAATCACCAGCACx-3,0.7604034932211252,0.23959688037484136
CTCGGGAGTTAGAACAx-3,0.7530386321666085,0.24696174761158723
CTCGAGGGTGCATCTAx-3,0.7610851935737033,0.238915181428498
CTCGTCACAGTCACTAx-3,0.7051990434007789,0.29480133867080477
CTCTGGTGTCACAAGGx-3,0.7711120364227241,0.2288883233270609
CTCGGAGCAGACGCTCx-3,0.7028821887529264,0.2971181969370099
CTCTAATAGCGTGAGTx-3,0.7632646869844384,0.23673568674626347
CTCTAATAGTAAGTACx-3,0.7076504741143474,0.29234990765519303
CTCTGGTGTAGCACGAx-3,0.7028950185456915,0.2971053669410654
CTCTACGTCGTTACGAx-3,0.7630066053316322,0.23699377751928202
CTCTACGCAATAGAGTx-3,0.7505934472635953,0.24940696206575108
CTCGGAGGTCTTCGTCx-3,0.7687104495160568,0.23128991814144362
CTCCTAGGTCTGATCAx-3,0.7468548385787367,0.25314555199208316
CTCGAGGAGCCCAATTx-3,0.7656612335296926,0.23433913718384888
CTCGTACCACACCGCAx-3,0.7503793939911659,0.24962101655419555
CTCTAATAGGTAGCCAx-3,0.7051029720381796,0.29489740286816873
CTCTACGGTGTATGGGx-3,0.7093519786294473,0.29064839015191973
CTCGAGGGTTCGAATCx-3,0.7619667216288109,0.23803365365741783
CTCCTAGCATTGGGCCx-3,0.7649156518767629,0.23508472214035972
CTCGAGGCACAAGACGx-3,0.756091829313463,0.2439085471762065
CTCGTCACAAGAGGCTx-3,0.7638801011328639,0.23612027143742334
CTCTAATTCTAACGGTx-3,0.749614393775004,0.2503860169415057
CTCCTAGAGTTAGGTAx-3,0.7606028732792482,0.23939750098331844
CTCGAAACAGTCGTGCx-3,0.7597283140598126,0.24027205061135154
CTCTGGTCATGTCGATx-3,0.7669236970636306,0.23307667151893555
CTCTGGTGTGTGCGTCx-3,0.7540322534569432,0.24596794617996204
CTCGTCATCTTCTGGCx-3,0.7051010394956986,0.29489934370060084
CTCTAATAGCGTTGCCx-3,0.7639770904442176,0.23602327750740604
CTCGTCATCACCCGAGx-3,0.7609206465594834,0.23907973008595954
CTGAAACTCATAGCACx-3,0.7655619658756575,0.23443840695814888
CTCTACGCAGCCTTGGx-3,0.7617195115529078,0.23828086387971598
CTCGGAGTCTGCTTGCx-3,0.7670596556328476,0.2329407095859193
CTCGAAAAGTACGATAx-3,0.7623090135495597,0.2376913504395661
CTGAAACTCCAAACACx-3,0.7619989915896442,0.2380013817138846
CTCGTCAAGGCATGTGx-3,0.7134077120220156,0.2865925692376231
CTCGGGAGTGCATCTAx-3,0.7076643380770542,0.2923360434462348
CTCGTCACACCACCAGx-3,0.7617709313991324,0.23822944389062806
CTCGGGACAGGCAGTAx-3,0.7493748782986054,0.25062551966290925
CTCGAAAGTAAGAGGAx-3,0.7048091863648811,0.2951911906467155
CTGAAACAGCGCTCCAx-3,0.7622189676869237,0.23778140802476222
CTCGGAGGTTTGCATGx-3,0.7642681342072947,0.23573223924125508
CTCGAAAAGGCGCTCTx-3,0.7658860775660468,0.23411429241458528
CTGAAACTCAACTCTTx-3,0.7695439718669996,0.23045639328465764
CTCTGGTCAAAGGTGCx-3,0.762402257332301,0.237598117863021
CTCGAAACATATACGCx-3,0.762962105535452,0.23703827640339248
CTCTGGTAGTGTACGGx-3,0.761561506042515,0.23843887057614271
CTCGGGACACGAAGCAx-3,0.7023296698243838,0.29767069918301864
CTGAAGTAGCCAACAGx-3,0.760554570765844,0.23944580243869104
CTCGAAATCGCAAGCCx-3,0.7577229692646347,0.24227731583493362
CTCGTCAAGTTATCGCx-3,0.706192849928804,0.2938075327240475
CTCGAAACATGAAGTAx-3,0.7619372553769267,0.23806312250803796
CTGAAACAGTGCCAGAx-3,0.7626622919020032,0.2373380818486911
CTCGAAATCATTGCGAx-3,0.7657368408694694,0.23426352994070068
CTGAAACTCTCCAACCx-3,0.7649290243467535,0.23507134862792523
CTCGTCATCCTCATTAx-3,0.7609671819466397,0.23903319378020427
CTCGAAACAAGCCCACx-3,0.7634539153585158,0.23654645882100978
CTCCTAGTCGTATCAGx-3,0.7614520581600096,0.2385483167762392
CTCGAGGTCTTCGAGAx-3,0.7498261480907997,0.25017424479492034
CTGAAACAGTACATGAx-3,0.7623089167880496,0.23769145794590654
CTCGAGGCAGACAAATx-3,0.7504442557171377,0.2495561579760219
CTGAAGTAGAATGTTGx-3,0.6735002649192563,0.32650006743903637
CTCGAGGTCTCACATTx-3,0.7628850504007876,0.23711532364465537
CTCTGGTTCAGTTAGCx-3,0.7635713696902103,0.23642900494317345
CTGAAACAGCTGATAAx-3,0.7505011802328833,0.24949923265095877
CTCTAATCAGACACTTx-3,0.7641920503410569,0.23580832277127775
CTCGAAAAGTGATCGGx-3,0.7619596036814605,0.2380407700449578
CTCGTACAGTCCGGTCx-3,0.7628455620574315,0.23715481959483178
CTGAAACAGAAACGAGx-3,0.7621680611294499,0.23783231531133503
CTCTGGTAGCTATGCTx-3,0.6648745951481675,0.3351257788877093
CTCGTCACACACCGCAx-3,0.7621849095892211,0.2378154655168593
CTCTGGTAGGCAGGTTx-3,0.7633063942880032,0.236693978535526
CTCTAATTCAGATAAGx-3,0.7646707012518508,0.23532967352257333
CTGCGGAAGCTACCGCx-3,0.7617618794366433,0.23823850234066854
CTGCCTAAGGTGCACAx-3,0.7450828819167516,0.25491749498622246
CTGGTCTCACCTTGTCx-3,0.7597608747493793,0.24023950161253882
CTGTGCTGTAAAGGAGx-3,0.7617704658847303,0.23822991797570534
CTGTGCTGTCAACTGTx-3,0.7483696954463543,0.25163065443839827
CTGCCTACATTGAGCTx-3,0.7620931107927285,0.23790726465588344
CTTCTCTTCTGCGACGx-3,0.7623962545383729,0.23760411973768747
CTGCTGTTCCCTCAGTx-3,0.7648047141090702,0.23519565817735014
CTTAACTCAGATAATGx-3,0.7682169055234831,0.23178345049977422
CTGATCCAGAAGAAGCx-3,0.7461377139064642,0.2538626118457005
CTGATCCCACGGCTACx-3,0.7624524236592776,0.23754795116101782
CTTAGGAGTGAAAGAGx-3,0.7641816066967964,0.23581876658145723
CTGGTCTGTGTAAGTAx-3,0.7142765008075174,0.28572373413984326
CTGTTTATCATATCGGx-3,0.7609493316474008,0.23905107926692554
CTTAACTTCAACGCTAx-3,0.7013821774561266,0.2986182116345682
CTGATCCGTGACTACTx-3,0.6842909216602864,0.3157094521167856
CTGTGCTAGATCCGAGx-3,0.76008815856551,0.23991220622624068
CTGATCCTCCCATTTAx-3,0.7082565989867814,0.29174378430250786
CTGGTCTCAGCTCGACx-3,0.7624778099814722,0.23752256720234566
CTTAGGAAGACAGACCx-3,0.7613873137417769,0.23861306571025914
CTTCTCTGTCCCGACAx-3,0.705089285039626,0.29491109849807773
CTGTGCTGTCATGCATx-3,0.7625324780102751,0.23746789478465707
CTGCCTACAAGCGATGx-3,0.7619226817042332,0.23807769841417853
CTGTTTATCTACTTACx-3,0.7586843982556806,0.24131594782113377
CTGATAGCATGATCCAx-3,0.69765822979003,0.3023421520615594
CTGATCCAGCGGATCAx-3,0.7067472835640072,0.29325310014680434
CTGTTTAAGGCATGGTx-3,0.7614881574683663,0.23851221731698677
CTTAACTTCGTCACGGx-3,0.7032280840626823,0.2967722995748898
CTGATAGTCTGTCTATx-3,0.7618479479282695,0.2381524261472819
CTTACCGTCCGTCATCx-3,0.7619560305948485,0.23804434407520983
CTGCTGTGTAGCAAATx-3,0.7636846108488222,0.23631576277511332
CTGCGGACATACTACGx-3,0.7627541288024698,0.23724624659743154
CTTAACTGTCCTCTTGx-3,0.7679847213259345,0.23201564304604397
CTGAAGTCAGCTGTATx-3,0.7100355849924989,0.28996479925347524
CTGCGGAGTTCGGGCTx-3,0.7617007693440526,0.2382996066277608
CTGTTTAGTCCGAAGAx-3,0.7641423890670153,0.23585797634112654
CTTAGGATCACGATGTx-3,0.7612563991420742,0.23874397582869583
CTGTGCTAGCCACGTCx-3,0.7680269210439093,0.23197344570242207
CTGGTCTTCTAACGGTx-3,0.7615560975747517,0.23844427671505103
CTGATAGCATCGATTGx-3,0.7640627460395325,0.2359376302042703
CTGCTGTGTTATGCGTx-3,0.761271776713569,0.23872859838791
CTTACCGTCGGTTAACx-3,0.7644322575407562,0.23556811632159375
CTGCTGTAGGAATTACx-3,0.7613146790409374,0.23868569678711693
CTGGTCTTCTTATCTGx-3,0.7627016164409234,0.2372987584087917
CTGTTTAAGAGTACCGx-3,0.7626494258916204,0.2373509535529345
CTTAACTTCGCTGATAx-3,0.762256187387839,0.23774418770401365
CTTAACTTCCGCGCAAx-3,0.7649585815183019,0.2350417918766596
CTGTTTACAATGACCTx-3,0.6175680527676073,0.3824323125243712
CTTCTCTTCCTAGAACx-3,0.7620038969412872,0.23799648150945288
CTTCTCTTCTCTGTCGx-3,0.7616111518429527,0.2383892233814815
CTGTTTAGTGACAAATx-3,0.7624888516553019,0.23751152425972966
CTGTTTACACTCAGGCx-3,0.7615726534695836,0.23842772064648643
CTGAAGTTCGTCTGCTx-3,0.7628539496526892,0.23714643092820653
CTTAGGAAGCCCAACCx-3,0.7522296825644811,0.24777047087322338
CTGCCTATCAAAGACAx-3,0.6929922065886649,0.3070081704791219
CTGAAGTCAGACAGGTx-3,0.7631208518158548,0.23687952197444762
CTGAAGTGTACCGGCTx-3,0.7612975802670321,0.23870279482937753
CTTAACTAGAGTCGGTx-3,0.7583304646742609,0.24166991044728448
CTGGTCTCAGCGATCCx-3,0.7095061547293074,0.29049422485930276
CTGAAGTTCTCTGTCGx-3,0.7594654534911655,0.24053492483209096
CTTAACTCAAGACGTGx-3,0.7616105708299383,0.2383898047810599
CTGAAGTTCGTAGATCx-3,0.7582170134701487,0.2417833632655851
CTGTGCTTCAACACTGx-3,0.7628799609053578,0.2371204076342782
CTGCGGATCAGCGATTx-3,0.7501923938638216,0.24980801252651558
CTTGGCTAGCCAGTAGx-3,0.709963343285817,0.2900370459979844
CTTCTCTGTCTAACGTx-3,0.762841100285,0.2371592736605919
CTGATAGAGGATATACx-3,0.7628156003251568,0.2371847746901153
CTTAGGAAGTGAAGAGx-3,0.7615871335050397,0.2384132405371412
CTGCTGTGTCGACTGCx-3,0.7670618532713013,0.2329385110353101
CTGATCCCACTAAGTCx-3,0.763123735082647,0.2368766398011382
CTTGGCTAGAGTCTGGx-3,0.7607553086055674,0.23924507177574
CTTAGGAAGAATTGTGx-3,0.7621927685813765,0.23780760248073082
CTGCCTATCTTGACGAx-3,0.7621803325887181,0.23782003681444372
CTGTGCTTCGGGAGTAx-3,0.7616599042485412,0.23834046810848838
CTGTTTAGTTCCTCCAx-3,0.7073776492106412,0.2926227369581933
CTGTTTACACGGACAAx-3,0.7626757992748291,0.2373245757503157
CTGCTGTGTCCGTTAAx-3,0.7632531548499005,0.23674721902255602
CTGGTCTTCACGCATAx-3,0.7640255676197185,0.23597480642575483
CTTCTCTCAATCTACGx-3,0.7618662873668454,0.23813408472096823
CTGATAGAGTCAATAGx-3,0.6995242370258203,0.30047614719435933
CTGAAGTGTTAGGGTGx-3,0.7621527773924047,0.23784759931866167
CTGCCTACACAACGTTx-3,0.7504522324395281,0.24954817864946002
CTTAGGAGTCCAGTTAx-3,0.7540341777852058,0.24596621406230132
CTGCGGATCAACGGCCx-3,0.7619361020059946,0.23806427038226577
CTGCGGATCGCGGATCx-3,0.7626729804675877,0.23732739880505427
CTTAACTAGTGTACTCx-3,0.7791629754694821,0.2208373664039328
CTGCCTACAGTGAGTGx-3,0.7614237251482568,0.23857661155278784
CTTCTCTGTATATGGAx-3,0.7642607674224363,0.23573959803683484
CTTAGGATCTGGAGCCx-3,0.7590711610857582,0.24092920440911028
CTGATAGTCCTAGGGCx-3,0.7059293980080642,0.29407098521324343
CTGCGGATCACAGTACx-3,0.7642708186703094,0.23572955136274146
CTGCCTAGTGCGGTAAx-3,0.7199883634172178,0.28001186634726805
CTTAGGACACGGCCATx-3,0.7032358041880057,0.296764577474063
CTGCCTACAGTATAAGx-3,0.703778509687667,0.29622187804121125
CTGATAGTCACAACGTx-3,0.7018870233066213,0.29811336247509684
CTGGTCTCAGGTCTCGx-3,0.7605395100456183,0.23946086606138978
GAAGCAGAGAGCTGCAx-3,0.7613336426850732,0.23866673307692324
GACCTGGCAACTGCGCx-3,0.7605690473830011,0.23943130519583594
GAACGGACAATAACGAx-3,0.7583942714581707,0.2416061104026926
GAACATCAGTTAAGTGx-3,0.7612291477104436,0.23877122754397404
GAATGAACAGCATACTx-3,0.7679025584727867,0.23209781008663435
GAATAAGGTCAAAGCGx-3,0.7611913949940593,0.2388089755439217
GAACATCAGTAGCCGAx-3,0.7650944097706577,0.23490595614157492
GAACCTAAGCACACAGx-3,0.7630611279415092,0.2369392401550558
GAAGCAGCAAGACACGx-3,0.7615881003285432,0.2384122743530968
GACACGCTCCCATTATx-3,0.763203167639359,0.236797209063102
GACAGAGAGTTCGCGCx-3,0.7617133510639406,0.23828702423313522
GAATGAAAGGTCGGATx-3,0.7064678251556209,0.2935325477931138
GAAACTCCATGAAGTAx-3,0.7628389704106996,0.237161404601626
GAATGAACAAGGTTTCx-3,0.7614029411429702,0.2385974335706811
GAACATCCAAAGGCGTx-3,0.7618936347854673,0.2381067411031341
GACACGCGTTCCATGAx-3,0.7531097763427168,0.24689061130742684
GAAGCAGGTGTGAATAx-3,0.7607727319602516,0.23922764162765783
GACCAATGTAGCGTGAx-3,0.7067538553518412,0.29324651798905776
GAATAAGGTGCTAGCCx-3,0.7614886906749009,0.23851168469967063
GACCAATCATGGGAACx-3,0.7611860530138923,0.23881432374158953
GAAATGATCGGTGTTAx-3,0.7658371070557403,0.2341632680317509
CTTTGCGGTCTTGATGx-3,0.7504043381988701,0.24959607329444844
GACCTGGTCTAGCACAx-3,0.761927042293628,0.23807333351752813
GAACGGACAAACCCATx-3,0.7032428550500515,0.2967575296196821
GACAGAGGTGACTACTx-3,0.7663904651294514,0.23360990348424188
CTTGGCTTCCTAGAACx-3,0.6397281264554564,0.3602722128553977
GACCTGGTCCGTACAAx-3,0.7610962583206292,0.2389041247461228
GAAACTCAGTAGCCGAx-3,0.7670289043129558,0.23297146356616302
GAAACTCTCCTAGTGAx-3,0.7635866309698488,0.2364137422660245
GAATGAAAGTGAACGCx-3,0.7617660239196405,0.23823435037003457
GAACCTATCGTGGTCGx-3,0.7506983527238069,0.24930205441284387
GACCTGGCATCGATTGx-3,0.7613478535215756,0.2386525206188714
GAATGAAAGCAGGCTAx-3,0.7066310011053037,0.293369383124608
GACAGAGGTCGGCATCx-3,0.7646279894698926,0.23537238278337072
GACGCGTAGTTCGATCx-3,0.7642814061644616,0.23571896668578077
GAATGAAAGGCGCTCTx-3,0.7010249608318336,0.29897541799564786
GAACGGAGTTCAGACTx-3,0.7658980893415934,0.2341022826917284
GAATGAACAGAAGCACx-3,0.7606054184258157,0.23939495756532742
GAATAAGTCTTCAACTx-3,0.7071641837108192,0.29283613038222567
GAAACTCCACAACGCCx-3,0.7633746731453289,0.23662570469578176
GAAACTCCACCTTGTCx-3,0.7030693650050913,0.2969310109458163
GAAACTCGTGTAAGTAx-3,0.7619345961367613,0.23806578070571002
GAACCTAAGGACAGAAx-3,0.7630387190284598,0.23696165488670975
GAAGCAGGTCTGATTGx-3,0.6941284922856472,0.3058718885415062
GAACCTACAAAGCGGTx-3,0.7619519767873963,0.23804839012082743
GACACGCCACAAGACGx-3,0.7617766598323028,0.23822371528592995
GAATGAAGTGTCCTCTx-3,0.7628375230680723,0.23716285012664423
GACCTGGCAAGAGTCGx-3,0.7502054413884706,0.2497949714260591
CTTTGCGCACCGAAAGx-3,0.7616615319923095,0.23833883427991148
CTTGGCTTCGGTTAACx-3,0.7672540761974881,0.2327462932781317
CTTGGCTGTACCGAGAx-3,0.717541131606752,0.28245905431496565
GAAGCAGAGTTTAGGAx-3,0.7032711139440398,0.296729262833628
GAAATGAAGGATGGAAx-3,0.7624617724102277,0.23753860787136977
GAAATGAAGGATGGTCx-3,0.7049182467501428,0.29508213422319707
CTTTGCGCACGGACAAx-3,0.7288595651816216,0.27114081349787733
GAACGGACAAAGTGCGx-3,0.7611255684802563,0.23887480697953495
GACAGAGGTATTCTCTx-3,0.7627613497155992,0.23723902490002982
GAATAAGTCCATGAGTx-3,0.7219875582195172,0.2780128298156766
GAACGGAGTTCGGCACx-3,0.7110356338436877,0.28896475706975383
CTTTGCGCATGCTAGTx-3,0.702788252320642,0.29721213181555717
CTTGGCTCAGGACGTAx-3,0.7599600148763513,0.24004036062098882
GACAGAGAGCCGGTAAx-3,0.7609502107191247,0.2390501693743004
GACCAATTCACTATTCx-3,0.7619736039774232,0.23802677149518583
GAAACTCGTTGTCGCGx-3,0.7730861377878784,0.2269142208952431
GAACCTACACGTCTCTx-3,0.7551902328523732,0.24480997799362075
GAAGCAGGTCTACCTCx-3,0.7780194641745373,0.22198089236908952
GAACGGAGTGGGTCAAx-3,0.7632070892225739,0.23679328635328256
CTTGGCTAGTGTGGCAx-3,1.0,0.0
CTTTGCGAGCAACGGTx-3,0.7618900516147978,0.23811033082802024
CTTGGCTCAGGGAGAGx-3,0.7267541135710017,0.27324603478964843
GAAACTCCAAGACACGx-3,0.7569546471451414,0.24304572402469302
GAAATGACATCACGTAx-3,0.7608810589615684,0.2391193170319467
GAAACTCTCAGCGACCx-3,0.7602686811531085,0.23973169358283827
GAAATGAGTCTGGTCGx-3,0.7617995638831881,0.23820081021640627
GAAATGATCGGAATCTx-3,0.7608175544813667,0.23918281997550103
GACCAATAGACGCTTTx-3,0.7255506732064222,0.2744497148714421
GAATAAGGTCATACTGx-3,0.7637059685243403,0.2362944127747944
GACCAATGTAGCTTGTx-3,0.7628565776111936,0.23714379779377937
CTTGGCTTCTTCGAGAx-3,0.7040984831723827,0.2959018905508687
GAAACTCTCTAACTGGx-3,0.7616291832375919,0.23837119206904409
GAAACTCGTCGCTTTCx-3,0.762187200033059,0.23781317333631694
GACACGCCATCGGTTAx-3,0.7631878308533617,0.2368125437928926
GACCAATTCTTTACACx-3,0.707336909023236,0.2926634715062764
GAAGCAGAGTGTTAGAx-3,0.7633079967239887,0.2366923812960901
GAACGGAAGATGTGTAx-3,0.7605852479416084,0.239415125908141
GACAGAGAGGGTCGATx-3,0.7602994842583586,0.23970089578948528
GACACGCTCTCTTATGx-3,0.7580802440067299,0.2419201270462561
GAACCTAGTCTAGTCAx-3,0.7641664779004433,0.23583389384858322
GAATAAGCAAACTGTCx-3,0.7599126188842809,0.24008775627311926
GAACATCCATGCCTAAx-3,0.7506506175878609,0.24934977279818046
GAACGGAAGGCAAAGAx-3,0.770095085337369,0.22990527949157127
GAACCTACAGATGGGTx-3,0.7644582021325251,0.2355421664197127
GACAGAGGTTCGTCTCx-3,0.7636007987569592,0.2363995744743405
GAACGGACATAGTAAGx-3,0.7612471473026027,0.2387532276117185
CTTTGCGGTGAGTGACx-3,0.7747205625404952,0.22527979632096443
GACCTGGTCTTCGGTCx-3,0.7619322775662066,0.23806809852204777
GAAACTCAGCATGGCAx-3,0.7625205775234812,0.23747979754030055
GAGTCCGCACAAGACGx-3,0.7621325668981198,0.23786780883884742
GATCTAGAGTAGATGTx-3,0.7621055684743648,0.2378948076783957
GACGCGTCATCGGACCx-3,0.7943455125466685,0.2056548118451678
GACGTTACAGCCAGAAx-3,0.7058512595599492,0.2941491244255485
GATCGTATCGTAGGTTx-3,0.7613554359284034,0.23864493973982653
GACGTTACAGGCTGAAx-3,0.7651771811403254,0.23482319783798922
GATCGTACACATCCGGx-3,0.781142347513739,0.21885800414210949
GACTGCGTCCGGCACAx-3,0.7638796783868781,0.23612068353913515
GACTACAAGGCGATACx-3,0.708346408022813,0.29165397503915136
GATCGATAGTACGTTCx-3,0.7614977335738439,0.23850263203198843
GATGAAAAGCTTTGGTx-3,0.759280482576151,0.24071989385331158
GAGGTGAGTAAATACGx-3,0.7717153645847404,0.22828498918007312
GATCTAGAGTTCGCGCx-3,0.7171789348438642,0.2828212771345342
GATCAGTTCGCCAAATx-3,0.7029648271220383,0.2970355394701634
GAGGTGAAGTGAATTGx-3,0.7033011340144355,0.29669924538252945
GACGTGCAGAGGTTATx-3,0.7648656249601063,0.23513473792141687
GATCGCGGTCATACTGx-3,0.7623377622108526,0.23766261272502812
GACGTGCAGCCGTCGTx-3,0.7643359403006789,0.23566443410846785
GAGGTGACACGAAATAx-3,0.7628627287573808,0.23713765619969096
GATCGATCAGACGCCTx-3,0.7610311493095262,0.23896922586049837
GAGCAGACAGTGGGATx-3,0.7596297339356873,0.2403706767002341
GAGGTGAAGCGCTCCAx-3,0.7820126615548189,0.21798768390857964
GATCGCGTCAAACCGTx-3,0.7583299115956216,0.24167046342750345
GACGTGCAGTGTACTCx-3,0.7312839321644443,0.26871644957515495
GACTACAAGCCGGTAAx-3,0.7616056252082284,0.2383947501835081
GACTACAAGATGAGAGx-3,0.7623612123689076,0.23763916372623803
GACTGCGTCACATGCAx-3,0.7606729911485828,0.23932735534659583
GAGTCCGTCACAAACCx-3,0.762751514299568,0.2372488595556877
GACGTTACAAGGACTGx-3,0.7511029361006015,0.24889746790256453
GACGGCTGTCCGAACCx-3,0.7626746270134231,0.2373257564559233
GACTACACACGGTTTAx-3,0.7629464810829153,0.2370538928102382
GAGCAGAGTGAACCTTx-3,0.7046815636170743,0.2953188189808331
GATCGTAGTCATGCCGx-3,0.7600602558701541,0.23994009306455044
GATCGCGTCCGGCACAx-3,0.7048068148687546,0.2951935692799911
GAGTCCGTCAAGGTAAx-3,0.7625601849272188,0.23744019300425936
GATCGTACAATCGAAAx-3,0.7658406931740778,0.2341596789134302
GACGTTAGTGACCAAGx-3,0.7023409883514035,0.2976593916316703
GACTAACGTCCCGACAx-3,0.7624479182953077,0.23755245664135094
GAGGTGAGTTTGGGCCx-3,0.7613953945346692,0.23860497470467396
GACTACAGTGTTCTTTx-3,0.7627830266511421,0.23721734793189636
GAGTCCGCAGGCGATAx-3,0.6624373782047098,0.3375629778957156
GATCGATCAAGTCTACx-3,0.7156804299409241,0.2843199473060798
GATCTAGCACTTCGAAx-3,0.7706700936987844,0.22933026887694669
GACGGCTCATCACGATx-3,0.7621618678142024,0.23783850434117343
GACTGCGCAATGAATGx-3,0.7600173122912321,0.23998306379860226
GATCTAGTCCGCATAAx-3,0.7624013195507128,0.23759905592578642
GACTAACAGAGATGAGx-3,0.7598663019702244,0.24013407115179675
GAGTCCGGTCTACCTCx-3,0.7060590267351883,0.2939413485851752
GATCGATGTTCTGTTTx-3,0.7066640772028623,0.2933363121691977
GATCGCGCATGGTTGTx-3,0.6984405749955604,0.3015598072299422
GAGGTGATCACGGTTAx-3,0.7618532176311478,0.23814715407976048
GAGGTGAGTAACGTTCx-3,0.7614653708233973,0.23853500457018917
GACGCGTCAAAGAATCx-3,0.761647173804935,0.23835319563739285
GATCAGTGTACCTACAx-3,0.7052103493478228,0.2947900360101718
GAGTCCGCATACGCCGx-3,0.6237152815502698,0.37628506362316144
GACGCGTCAATTGCTGx-3,0.7737100962152667,0.2262902566521423
GATCAGTCACATCTTTx-3,0.7594928811477235,0.24050749446670847
GAGGTGATCCCAAGATx-3,0.7590364415414796,0.2409639407659419
GACGGCTAGTGCTGCCx-3,0.7626162844729271,0.2373840915139832
GAGTCCGTCATACGGTx-3,0.7607315523271286,0.2392688269332147
GATCGATTCTCCCTGAx-3,0.7608035251648747,0.23919683747821885
GACTACACAAACCCATx-3,0.7046565025697109,0.2953438753746575
GACTAACCATAACCTGx-3,0.7464665649250444,0.25353381059631924
GATCTAGCAGCCTTTCx-3,0.7029844430477057,0.2970159408847158
GAGTCCGGTTGGGACAx-3,0.7647451245014776,0.23525524787604263
GATCGTAAGCTACCTAx-3,0.7617860395464845,0.23821433410832663
GACTACACAAGCGAGTx-3,0.7657362123388037,0.2342641490680521
GATCGATGTAGGACACx-3,0.7601326902716343,0.23986767246983118
GATCTAGAGTAATCCCx-3,0.7620608636741681,0.23793950393091634
GACTACATCGTAGGAGx-3,0.7610693539653778,0.23893100516909083
GACGCGTTCTACTCATx-3,0.7617847418402439,0.2382156345737586
GATGAAAAGAGTAAGGx-3,0.7516975162546826,0.2483028843751789
GACTGCGGTCCATCCTx-3,0.7564663356049728,0.24353404044220317
GAGGTGATCAGGCCCAx-3,0.6994440410288261,0.3005563407308074
GAGGTGAAGAGCCTAGx-3,0.7123308699555667,0.2876695153210831
GATCGTAAGGCTATCTx-3,0.760949982875559,0.2390503849329888
GATCGTAAGGCTAGGTx-3,0.7597499289256686,0.2402504482012799
GATCGTACATCTACGAx-3,0.7646487009678122,0.2353516744699184
GACGGCTCAGCGTCCAx-3,0.7625483153730427,0.23745205825779012
GATCGCGCAACTGCTAx-3,0.7636037983697039,0.23639657468686429
GATCAGTGTTTAGCTGx-3,0.760167775282024,0.23983259862449471
GACGCGTTCAAACGGGx-3,0.7618209023593085,0.23817947282144053
GACGTGCGTGTGCGTCx-3,0.7702053551459831,0.22979500960610091
GATCGTAAGTGGGCTAx-3,0.7550456085643334,0.24495476854259265
GACTACAGTTGATTGCx-3,0.7620918880842532,0.23790848568528675
GATCTAGGTCCGAACCx-3,0.7596013350904103,0.24039904152375394
GACTAACAGACAAAGGx-3,0.7554810134794158,0.2445193817629343
GAGCAGACATGTTGACx-3,0.7626337868434387,0.2373665886360354
GATCAGTCACCCATTCx-3,0.7753224792730978,0.22467787720869578
GAGCAGAGTTAAAGACx-3,0.7610904334467383,0.23890994320334086
GAGTCCGAGAGACTATx-3,0.7026195534942881,0.29738082951485467
GACGTGCAGCTAAGATx-3,0.7619687596335042,0.23803161681392673
GACGGCTTCGTTGCCTx-3,0.7528549825286387,0.2471451967461322
GATTCAGCAAGCCGCTx-3,0.7503957567583899,0.24960464908991656
GATGAAAGTGCGATAGx-3,0.7625206530061129,0.23747971213046654
GCATGTAGTTGTACACx-3,0.7617734938697248,0.23822688090935104
GCATGATAGCTAACTCx-3,1.0,0.0
GCAATCAGTGTCGCTGx-3,0.7614720695082489,0.2385283028346201
GCAAACTCACAGGTTTx-3,0.7767556950422521,0.22324466341115662
GCACTCTGTGTCGCTGx-3,0.7622540859552087,0.23774629086262808
GCAAACTAGAGCTGGTx-3,0.7648589469902076,0.235141425871693
GATGAGGTCAGCTGGCx-3,0.7572549710199821,0.24274541939436117
GATGAGGCACTCGACGx-3,0.7634086842242016,0.23659168610360626
GATGAGGAGAATTCCCx-3,0.7618531035662942,0.23814726373144085
GCCAAATAGCTATGCTx-3,0.7776097726874035,0.222390580143313
GATTCAGCACCAACCGx-3,0.7619813482416602,0.23801902821104948
GCATGCGGTTCAGACTx-3,0.6620989757607371,0.3379013827959383
GCACTCTTCCATGAACx-3,0.7023426594040354,0.29765772103634763
GATGAAACACGAGAGTx-3,0.7008300075404612,0.29917037000699415
GCACATACACGGCGTTx-3,0.5956612468563119,0.4043390946183377
GATGCTATCACTTCATx-3,0.7666020680620362,0.2333982918141666
GATGCTAGTTCTGGTAx-3,0.7609221605409756,0.23907818611750645
GCAGTTAAGAGAACAGx-3,0.7013468931994801,0.29865341879155716
GCAATCACACTGTTAGx-3,0.7709962666089959,0.22900408789281254
GCACTCTAGCGATCCCx-3,0.7636802272416803,0.23632014666438192
GCAGCCAGTTATCGGTx-3,0.7596198876618254,0.2403804827890607
GATTCAGCAAGTTGTCx-3,0.7632416746283602,0.23675870099230764
GCATACAAGAAACCATx-3,0.7617705132241638,0.23822986310579097
GCCAAATAGCACAGGTx-3,0.754883102639457,0.24511707921942325
GCAAACTCACATGACTx-3,0.5849578873340442,0.4150424355999549
GCAGTTAAGTATCGAAx-3,0.7620544860297036,0.2379458892116773
GCATGTACACCCATTCx-3,0.7600305081917876,0.23996986917048127
GATTCAGAGCCACCTGx-3,0.7566379551230971,0.24336229538297047
GATTCAGGTAATTGGAx-3,0.758644483149327,0.24135582906491784
GCAATCACATAGTAAGx-3,0.7622877522772131,0.237712623352449
GCAATCACATCCAACAx-3,0.7632532330866411,0.23674714266375857
GCACTCTTCCGTAGTAx-3,0.758878626415512,0.24112174925142632
GCAGTTATCATTATCCx-3,0.7587281789861252,0.24127216631594223
GCATACATCTGCCAGGx-3,0.7598741776949265,0.24012619518046402
GCATGCGCAAGCGCTCx-3,0.7635006412223365,0.2364997325200469
GCAGTTACACCGGAAAx-3,0.750450948290522,0.24954945967441297
GATGAAACACTGTTAGx-3,0.7636937585056874,0.23630660907881934
GCATGTAAGGGAAACAx-3,0.761419055349277,0.23858131916280823
GCATGTAAGATGTGGCx-3,0.7665934648825863,0.2334068996613457
GCAAACTCACGACGAAx-3,0.7611785194004123,0.23882185683329377
GATTCAGGTCGACTGCx-3,0.7638551210000784,0.23614525454618948
GATTCAGTCCTGTACCx-3,0.7061450954100641,0.2938552857767921
GCACATATCCAGTAGTx-3,0.7658005686405431,0.23419980216665057
GCATGTATCTTTACACx-3,0.7618274144843251,0.23817296216631936
GATGAGGAGGCCCGTTx-3,0.7092144333848034,0.29078593520348045
GCATGATTCCTCTAGCx-3,0.7643319238546401,0.2356684490188498
GCATGCGAGATATACGx-3,0.7616042217924577,0.23839615425873995
GCAGCCACATCTCGCTx-3,0.7611065844623571,0.2388937926068903
GCAAACTGTTCGTGATx-3,0.76127662727325,0.2387237391181023
GCACTCTCAAGCTGGAx-3,0.76370478511444,0.23629558991815358
GCACATAAGACTTGAAx-3,0.7123534943740757,0.28764688355264273
GCACATAAGGAATTACx-3,0.761946707837279,0.2380536695445235
GATTCAGCATAGTAAGx-3,0.7685890561203446,0.23141131575862406
GCAATCAGTGATGTCTx-3,0.7640427889188449,0.23595758435467004
GCAGTTATCATGTCCCx-3,0.7708705731029377,0.22912978952111818
GCACTCTGTAGCTTGTx-3,0.7612965189248208,0.23870385547158007
GATTCAGCAAGGACTGx-3,0.7604129290682943,0.2395874428379807
GATGAGGCAGGACCCTx-3,0.7624847751127419,0.23751560275025607
GATGAAACAAGCCTATx-3,0.7619075693497638,0.23809280561416066
GCATGCGGTCGTCTTCx-3,0.7104537801141264,0.2895465661046013
GCACTCTCAGATGGGTx-3,0.7472863673385663,0.2527140045209933
GCAGTTAGTATATCCGx-3,0.7569290502664111,0.24307132435289047
GCATGCGCAAAGCGGTx-3,0.7614407605199564,0.23855961455342264
GCCAAATAGGCATGGTx-3,0.7622276986901505,0.23777267780291772
GCATACAAGAGTCTGGx-3,0.7081425935823521,0.2918577892834401
GATGAAAGTTCCGTCTx-3,0.7502990423596122,0.24970136928991102
GCATGATCATTATCTCx-3,0.7276092210954754,0.27239096288017567
GATGAAATCGATCCCTx-3,0.701419366047114,0.2985810266232061
GCAAACTGTATCGCATx-3,0.7630116872372593,0.2369886883005453
GCACATACATTGGCGCx-3,0.7632792317656253,0.23672114185379733
GCAGCCATCTGTCTCGx-3,0.7051945352107442,0.29480584337483295
GCATGCGCATCCAACAx-3,0.7726294075794441,0.22737095371127633
GCACTCTCATCCTAGAx-3,0.7626089092904715,0.2373914638064087
GCACATACACACTGCGx-3,0.7215945342543795,0.2784057791005668
GCATGCGTCCTATTCAx-3,0.7691938383837015,0.23080653557463573
GCATACAAGACGACGTx-3,0.7057196403237292,0.2942807425569038
GCATGATTCACCAGGCx-3,0.7616653256785764,0.23833505041158184
GCAGTTATCAAAGTAGx-3,0.7059028232732428,0.2940975580755894
GCACTCTAGATCTGCTx-3,0.7038351358761892,0.2961652405656045
GCAGTTATCACTTCATx-3,0.7505482320916783,0.24945217979751758
GATGCTACAAGTACCTx-3,0.7623580001000021,0.2376423740629835
GATTCAGCACAAGACGx-3,0.7003732902701957,0.29962709085971995
GCACTCTGTTCAACCAx-3,0.7611234507214283,0.23887692562693866
GCATGCGAGCGTAGTGx-3,0.7507593274068345,0.24924107753408437
GATGAGGAGAGGTACCx-3,0.7596295414838311,0.2403708301570636
GATTCAGCACCGAATTx-3,0.7585478850752354,0.24145249201730806
GCATACACAGTTCCCTx-3,0.764720829600203,0.23527954161740128
GATGAAAGTTGTACACx-3,0.764773014994473,0.23522735748094556
GCATGATTCGATAGAAx-3,0.7620032086896135,0.23799716315238997
GATGCTAAGAGTCTGGx-3,0.7618055812305474,0.23819479277279124
GATGAAAGTAGCCTCGx-3,0.7051658224864304,0.2948345619120261
GCGCCAATCATCGGATx-3,0.7766366829066927,0.22336367141884222
GCGACCACAGACTCGCx-3,0.7634947846324658,0.23650558923732984
GCGCAACTCTCATTCAx-3,0.7054107435739921,0.2945896379826099
GCCTCTATCAGCTCGGx-3,0.7602074515639486,0.23979292155148035
GCGCAGTGTAGCTAAAx-3,0.7625125849359824,0.237487789986983
GCGAGAAGTAAATGTGx-3,0.7642155680962984,0.2357848029400583
GCGCAACTCTGTCCGTx-3,0.7629290772007147,0.23707129656197706
GCGGGTTAGTTGAGTAx-3,0.7055879795545767,0.29441239392047697
GCGCCAACAGGCTGAAx-3,0.7632309834718475,0.23676939212708703
GCGCGATAGTCCGTATx-3,0.7107305631852461,0.28926978539350445
GCTCCTAGTACAGACGx-3,0.7593262802352504,0.24067410427122637
GCTCCTATCATGTAGCx-3,0.7594899514058554,0.24051042514139967
GCGCGATTCACCGGGTx-3,0.7619314651110779,0.23806891186481072
GCGCGATCACTATCTTx-3,0.7640931452052545,0.23590723756282728
GCTCCTAAGGCTAGACx-3,0.7046364316165027,0.2953639525637083
GCGACCAGTAGAGTGCx-3,0.7634846682132881,0.23651570762322432
GCGACCATCCGAGCCAx-3,0.7653477568493628,0.23465262304097292
GCGAGAAAGGCAGGTTx-3,0.761780804430806,0.2382195713008874
GCGCAACTCGTCTGAAx-3,0.699796343318983,0.3002040381519448
GCGCGATCATCGGACCx-3,0.7626509375698016,0.23734943857104043
GCTCTGTCACCAGATTx-3,0.7629893350089798,0.2370110397539637
GCTCCTATCTCTGTCGx-3,0.7610907360345258,0.2389096435474353
GCGACCAGTGCTAGCCx-3,0.7626069997206679,0.23739338130284257
GCGAGAAGTGAAATCAx-3,0.7577597585071142,0.24224064673396103
GCGCAGTCAAGAAAGGx-3,0.7059055254737355,0.29409484479378023
GCGCAGTTCAAACGGGx-3,0.763121353083966,0.23687902206280562
GCGGGTTTCCGTAGGCx-3,0.7625125181538182,0.2374878553680845
GCTGCAGAGTCCCACGx-3,0.7045842797962832,0.29541609981497635
GCGGGTTTCGCATGGCx-3,0.7093362336171528,0.2906641445652185
GCCTCTAGTCGAAAGCx-3,0.7504767630527486,0.2495236579434311
GCGCAACGTCCCGACAx-3,0.7612685537442705,0.2387318213483905
GCGAGAAAGCCGCCTAx-3,0.7671838558868919,0.23281651296786368
GCGACCACATTCTCATx-3,0.6439271430244158,0.356073205954373
GCGACCAAGGGTGTTGx-3,0.7540534956236442,0.2459468830594832
GCGACCAGTTGGACCCx-3,0.7760394024535444,0.22396095302261146
GCTGCAGAGCCCTAATx-3,0.7689594263627181,0.23104093930007585
GCTCTGTGTCCGAATTx-3,0.7037576461376471,0.29624273873160145
GCCAAATGTACCGCTGx-3,0.7600422836617262,0.23995808235318872
GCGCAGTGTACATCCAx-3,0.7487988310781667,0.2512015598244379
GCTCCTATCTACCTGCx-3,0.7629604276060016,0.23703994670680767
GCCAAATCATCGTCGGx-3,0.7075483606280994,0.292452023724442
GCCAAATGTTCCACTCx-3,0.7585410453115544,0.24145933071135786
GCGCAGTAGCCACGTCx-3,0.7503086800693541,0.24969173161897534
GCGCCAAAGCGTGTCCx-3,0.760675737614117,0.23932464028585498
GCGGGTTCATCGGACCx-3,0.7058970153021146,0.2941033688846669
GCTGCAGAGCATCATCx-3,0.7608334644416039,0.2391669132960754
GCGAGAATCCGTCATCx-3,0.7611243386932944,0.2388760372401816
GCGAGAACAACCGCCAx-3,0.7050001922924078,0.2950001840678605
GCTCCTAAGGATCGCAx-3,0.7588534167724845,0.24114695861578186
GCGCAACAGCGATAGCx-3,0.7597522793862468,0.2402480969755977
GCCAAATCACCGCTAGx-3,0.7645506360411551,0.23544973661556853
GCCAAATAGGCTAGCAx-3,0.7710319506863504,0.22896841591144365
GCTCTGTTCACCACCTx-3,0.7085653554246368,0.29143502686230677
GCGCGATAGCGTGAGTx-3,0.761925568143754,0.23807480828676345
GCGCAGTCATCGGACCx-3,0.753686612571158,0.24631376208331537
GCGCAACCATCCTAGAx-3,0.7621189181896061,0.2378814550765974
GCCTCTAAGACGACGTx-3,0.7626510250199255,0.23734935233347995
GCTCCTATCACCAGGCx-3,0.7665874238208847,0.23341294011001418
GCTCCTAGTGTGCCTGx-3,0.7613235019936446,0.2386768740563713
GCCAAATTCTGGTTCCx-3,0.7621045967200797,0.23789577781176005
GCGCAACCAAACGTGGx-3,0.7032503691406807,0.2967500052202583
GCTCCTAAGGAGCGTTx-3,0.7040178523919792,0.29598253046538536
GCGCAGTAGTTAGCGGx-3,0.7613657463429352,0.23863462465525198
GCGCCAATCATATCGGx-3,1.0,0.0
GCGCCAACAATGTTGCx-3,0.7052916887559076,0.29470870099511404
GCGCAGTGTTACGCGCx-3,0.7427794123122311,0.2572209669772379
GCGCAACGTTAAGACAx-3,0.7614203746983932,0.23858000121201742
GCTCCTAAGACCCACCx-3,0.7503784312256621,0.24962197801048938
GCGCCAAAGGTGGGTTx-3,0.7637467533218109,0.23625362357780502
GCGACCAAGACATAACx-3,0.751388648425237,0.24861175203706837
GCTGCAGCATCCTAGAx-3,0.7609487083408405,0.23905166717437837
GCGACCAAGTGGGATCx-3,0.7615989652183659,0.23840141053197267
GCGCAGTAGCGCCTTGx-3,0.7539150201626952,0.2460853652367863
GCGACCAGTGCACCACx-3,0.7634733178437659,0.23652704870905814
GCGCAGTTCCCATTTAx-3,0.7060967420992997,0.29390363417776016
GCTCCTACACCTATCCx-3,0.7532618816229539,0.24673824177211995
GCTCCTAAGCTGCCCAx-3,0.7077627509543893,0.29223762706174156
GCGCGATCAGCCAGAAx-3,0.7048525733500418,0.2951478098103719
GCGCCAAGTTGATTCGx-3,0.7590969170193584,0.2409034562701826
GCGCAGTAGCTCTCGGx-3,0.7620890129749277,0.23791136207588584
GCTCTGTCAAGAAGAGx-3,0.7625469251564629,0.23745345116866912
GCGGGTTGTGCATCTAx-3,0.7634400414615069,0.23656033053609543
GCGGGTTCATGTTGACx-3,1.0,0.0
GCTCCTACACTGTTAGx-3,0.7630539550870071,0.23694641794483384
GCTCTGTGTATATGAGx-3,0.7630021983430865,0.23699817552938807
GCGCAACAGGCTAGCAx-3,0.7601581324413376,0.23984222126639845
GCCTCTACAATCGAAAx-3,0.7574910800156085,0.2425092956562113
GCGGGTTAGGGATCTGx-3,0.7068121112635769,0.2931882713238133
GCGAGAAAGAGATGAGx-3,0.7504712979168632,0.24952911410050724
GCGCCAATCAAACCGTx-3,0.7594599359862567,0.2405404407921967
GCGGGTTTCATTCACTx-3,0.7077597240393291,0.2922406625815489
GCTCTGTGTACCAGTTx-3,0.7545441866790807,0.24545620642588606
GCTGCAGAGGTGTTAAx-3,0.7635685267425418,0.23643184823606248
GCGCAACGTAAGGGCTx-3,0.7522488951398908,0.24775122271928715
GCGAGAATCCAGAGGAx-3,0.7635841674490057,0.23641619970254324
GCTGCAGGTACGAAATx-3,0.7600591825395886,0.23994116773639473
GCTGCAGGTCTCCATCx-3,0.7663368091894747,0.23366356215007267
GGAACTTTCTTACCTAx-3,0.7608818691082199,0.23911850553743322
GGACGTCTCCTCAATTx-3,0.701837595931041,0.29816279003428814
GGAGCAAGTCTAGTGTx-3,0.7626332923231569,0.23736707844734725
GCTGCGAAGGCCCTTGx-3,0.7512536390824259,0.24874675964404902
GGAAAGCTCCTATGTTx-3,0.7611317545859828,0.23886862106200824
GGAGCAAGTGCTGTATx-3,0.7638461919787839,0.23615419004761137
GGAACTTCATGCATGTx-3,0.7617238168060539,0.238276558549327
GCTTGAACACACGCTGx-3,0.7689732366809032,0.23102712359554856
GGAAAGCGTAAATACGx-3,0.7597528224757901,0.24024755364954148
GGAACTTGTAAACCTCx-3,0.7639068616341792,0.23609351215554059
GCTGCGAAGCCGTCGTx-3,0.7600884746214835,0.23991190191417835
GCTTCCAGTCTCCACTx-3,0.7055168724420448,0.2944835056390356
GCTGCTTGTCTTTCATx-3,0.6703251290095178,0.3296752274268693
GGAAAGCAGACAAGCCx-3,0.7043874229144843,0.29561295419419487
GGACGTCTCCGGCACAx-3,0.7532297427852828,0.2467704246399745
GCTTCCATCGTCCGTTx-3,0.7615295328726356,0.2384708430945449
GGATGTTAGAAACGCCx-3,0.7037014109816334,0.29629897123493154
GCTGCTTCATTAGGCTx-3,0.7264677174068292,0.273532428091712
GCTTGAACAATGAATGx-3,0.7616659234023333,0.23833445224083943
GGAAAGCTCTACTCATx-3,0.7660162742654796,0.23398409520821128
GCTGCTTAGTGGAGTCx-3,0.7615958491110417,0.23840452825154707
GGAAAGCCAGGGAGAGx-3,0.7630624965628762,0.23693787867447463
GGACGTCTCAGCTCGGx-3,0.7707871197735526,0.22921323946490332
GCTTCCACATGCCTAAx-3,0.7049010837417472,0.2950992934828293
GCTTCCAAGCAGACTGx-3,0.7626901506295616,0.23731022475391614
GCTGGGTGTATAGTAGx-3,0.7627140152034222,0.2372863548421902
GGAACTTTCAGCTCGGx-3,0.7582583187608543,0.2417420645968227
GGAAAGCGTCTCTCGTx-3,0.7625789899525407,0.23742138506851398
GGAATAACAACACGCCx-3,0.7663506272239767,0.2336497484831361
GCTGCAGGTAGATTAGx-3,0.7628121480168627,0.23718821899623962
GGACGTCGTATGAATGx-3,0.7075000347516056,0.29250034631967725
GGACGTCTCACAGTACx-3,0.7067182981848065,0.2932820805537704
GGAATAATCGTTGCCTx-3,0.7504128547679666,0.2495875605615808
GCTTGAAGTGCCTTGGx-3,0.7655299145334588,0.23447044750415907
GGACGTCGTTCGTCTCx-3,0.7642116050586686,0.23578876569571133
GCTGCTTCAGATCGGAx-3,0.7668572276630122,0.23314314210694925
GGAATAAAGCTCCTCTx-3,0.763119664993374,0.2368807090652415
GCTGGGTAGTCAATAGx-3,0.7640834673444533,0.2359169166065625
GCTTGAATCCAGAGGAx-3,0.7618431533679251,0.2381572219929302
GGACAGATCAGTGTTGx-3,0.7022710781049375,0.29772930897809796
GGAACTTCACATTAGCx-3,0.7510901264321228,0.24891027409470634
GCTGCTTTCGCAAGCCx-3,0.7621754760637646,0.23782489815482177
GCTTCCACACTAAGTCx-3,0.7626653318595523,0.2373350432529657
GCTGCTTTCGCCAAATx-3,0.7050627757054443,0.29493760557998727
GGACAAGGTTGGTTTGx-3,0.7069771404607869,0.29302324699159826
GGACAAGGTGTGAAATx-3,0.7554727697812263,0.24452761569290873
GGACATTTCTAGCACAx-3,0.7632254420226411,0.23677493278912207
GGACATTAGAGGTACCx-3,0.7525138689040877,0.24748652369269422
GGACGTCCACTAGTACx-3,0.7623381016194926,0.23766227300471165
GCTTGAATCATCATTCx-3,0.762823491104044,0.23717688436366566
GGACAAGAGCGCTTATx-3,0.7608863248527428,0.23911405162370652
GCTGCGAAGAGTAATCx-3,0.7037790249061125,0.2962213534213222
GGACGTCTCTTGTTTGx-3,0.6966471496301074,0.30335321053885467
GCTTCCAGTTTGGGCCx-3,0.7055023246303719,0.29449806897282116
GGACAGAAGGACAGCTx-3,0.7688180310977587,0.2311823350471174
GGACGTCCATATGCTGx-3,0.7040653029683,0.2959350833741187
GGAATAAGTTCGGCACx-3,0.7617294957164166,0.23827088042673952
GGAAAGCCAGTATAAGx-3,0.758449172315108,0.241551198004768
GGAAAGCTCCACGCAGx-3,0.7632509361633198,0.2367494385673187
GGAATAAAGATAGCATx-3,0.6774785515888614,0.32252182820385383
GCTTCCAAGTTAGCGGx-3,0.762452261015664,0.23754811229593445
GGACAGACAAGTAATGx-3,0.7546380278614175,0.2453623671154935
GCTGGGTAGGACACCAx-3,0.7630091056564801,0.2369912626792207
GCTTCCAGTCAGCTATx-3,0.7688157529217096,0.23118461986696615
GGAGCAAAGATCCCATx-3,0.7619567239519418,0.23804365116764023
GCTGCTTAGCTAACTCx-3,0.760834070137625,0.23916630492680552
GGAAAGCTCGGATGTTx-3,0.7640617554154058,0.23593861563723692
GCTGGGTTCGCGTTTCx-3,0.7627785030442272,0.23722187347223758
GGAATAACACCAGGTCx-3,0.7577787548370981,0.24222162862270882
GGACGTCAGTTCGCATx-3,0.7050015413289485,0.2949988388503286
GCTTGAAGTAGTACCTx-3,0.7625212506405914,0.2374791245211463
GGAAAGCCATGTTGACx-3,0.7615853121962838,0.23841506429459267
GCTTGAACAGTCCTTCx-3,0.7502810502653683,0.2497193608145824
GGACAAGTCACATGCAx-3,0.7053715903210923,0.2946287802181473
GCTGGGTAGCGATCCCx-3,0.752340363798477,0.24765977862880229
GGAATAATCAACGGGAx-3,0.7531759348693211,0.24682422867035492
GGACAAGCATCACAACx-3,0.7058578478156787,0.2941425309852025
GCTTGAACATCCAACAx-3,0.7504038768864368,0.24959653105632568
GCTTCCACATCCGCGAx-3,0.7625435847902784,0.23745678968749637
GCTTGAAAGAAAGTGGx-3,0.7615645342546683,0.23843584182236585
GCTTGAAAGTAGCGGTx-3,0.7055337613245805,0.2944666177002483
GCTGCTTAGGTGCTTTx-3,0.759173947540339,0.24082642763294887
GGATGTTGTCTGCGGTx-3,0.6989399753796885,0.30106040777948195
GGACAAGCAGGCAGTAx-3,0.7040144802265603,0.2959858911338629
GCTGCAGGTCGTTGTAx-3,0.7649234939094045,0.23507688192920378
GGACAAGTCTCGCATCx-3,0.7636557350400776,0.23634464130440985
GGACAAGTCGGCATCGx-3,0.7633664560236291,0.23663391861000155
GGAATAAAGACAAGCCx-3,0.7565083958899316,0.24349198047036072
GCTTCCAAGGTGCTAGx-3,0.7647787188906738,0.23522165775480303
GCTTGAATCATTCACTx-3,0.7610694347852928,0.23893093560348755
GCTGGGTTCTCCAGGGx-3,0.7041624231577239,0.2958379605271345
GGACAGAAGTGACATAx-3,0.7615675352855066,0.23843284171880408
GGAACTTCAGGTCCACx-3,0.7045127676837593,0.2954876112352244
GGCTGGTCAGATGGGTx-3,0.7766246794326336,0.22337567684142584
GGGCATCTCTTGACGAx-3,0.7613498003733895,0.2386505733837331
GGGTCTGTCAAGGCTTx-3,0.7675560134361961,0.23244435122731139
GGGTCTGAGAGACTTAx-3,0.7617066649016894,0.23829370688367318
GGATTACTCACAAACCx-3,0.7617395978752451,0.23826077720397543
GGCAATTGTATGAATGx-3,0.7629405907706778,0.23705978359448276
GGGTTGCAGATGCGACx-3,0.763136654798617,0.23686372506781078
GGCCGATGTGTCAATCx-3,0.7625657804285843,0.23743459420055252
GGGTTGCTCTGGTGTAx-3,0.7692630252658152,0.2307373404370547
GGATGTTTCCGCAGTGx-3,0.6974546959096374,0.30254568166243095
GGCGTGTGTTCGTCTCx-3,0.7601598973191206,0.2398404472086954
GGCAATTTCAATCACGx-3,0.7612888549513936,0.23871152225137907
GGCTCGAGTCGCTTCTx-3,0.7612503731533433,0.2387500035495182
GGGAATGCAGAGCCAAx-3,0.7618013206092518,0.2381990550499485
GGGTCTGAGAGCTATAx-3,0.7615876201464562,0.23841275564949907
GGCCGATAGGGTATCGx-3,0.7505879509961482,0.2494124581711931
GGCGACTCAAACGCGAx-3,0.7618565655106415,0.23814380969208657
GGCGTGTTCTATCGCCx-3,0.7718615980120905,0.22813876980472006
GGGTCTGCATCACGTAx-3,0.7058557937194662,0.29414459156505074
GGGTCTGGTATCACCAx-3,0.7598093462940215,0.24019102379804638
GGGTCTGAGAGGTACCx-3,0.764002596038742,0.23599777707811517
GGCCGATTCGTTGCCTx-3,0.7635980004291322,0.2364023748382747
GGGTCTGTCAAGGTAAx-3,0.7616254082857776,0.23837496062411476
GGGCACTAGCTGAAATx-3,0.7619111487350567,0.2380892268000804
GGCAATTCAGCAGTTTx-3,0.7686599599452324,0.23134040366978356
GGCAATTGTGGGTCAAx-3,0.7512844538187994,0.24871593731397632
GGGCATCGTAACGCGAx-3,0.7654885360785326,0.23451183679380472
GGGCATCCAGGGCATAx-3,0.7525006256388289,0.24749950986083
GGCAATTCACGGACAAx-3,0.7800618962919258,0.21993845302856296
GGCCGATGTCGTGGCTx-3,0.760430786222523,0.23956958637941708
GGGAGATTCAAGCCTAx-3,0.7597261572239894,0.2402742183410346
GGCGTGTTCAGAGACGx-3,0.7610218707484186,0.2389785047890337
GGGTCTGCAGCGTAAGx-3,0.7698791910205562,0.23012116850560446
GGCTGGTAGTGAACGCx-3,0.7061510407000091,0.29384934241541383
GGATTACGTAGCGCTCx-3,0.761087197413376,0.2389131776291818
GGGACCTAGTCTCGGCx-3,0.7568311333375064,0.2431692435686401
GGGCATCTCACAGGCCx-3,0.7041340238118584,0.29586635864429217
GGCAATTTCTTCCTTCx-3,0.6351420413067198,0.3648583271737315
GGGTCTGTCCTGCAGGx-3,0.7022736445258696,0.2977267402679548
GGGTCTGAGCAGCGTAx-3,0.7671140156955679,0.23288635345254374
GGGCATCAGTCTTGCAx-3,0.7598030071184447,0.24019736992426213
GGCTGGTAGACTGGGTx-3,0.7632989147034593,0.23670145364540565
GGATTACGTATAGGGCx-3,0.7602521702476678,0.23974820374921504
GGGTCTGTCAACGGCCx-3,0.7083361529993155,0.2916642294253089
GGGCATCGTCTTCTCGx-3,0.7515899220760112,0.24841047701390986
GGCTCGAAGAATTCCCx-3,0.7717883480811029,0.2282120205301462
GGGAGATCAGCCTTTCx-3,0.7612494854302123,0.2387508850868954
GGGAATGAGCACACAGx-3,0.7513767443548542,0.24862365071426995
GGCGTGTTCAAGATCCx-3,0.7069266658398686,0.2930737206416557
GGGTTGCCAAGCTGAGx-3,0.7028750602166624,0.29712532695050786
GGGATGATCGCCTGAGx-3,0.758329207271944,0.24167116797121577
GGGATGATCCAACCAAx-3,0.7646442034006022,0.23535616935518566
GGATTACAGTCGTTTGx-3,0.7735066708923979,0.2264936845370859
GGATGTTTCCTATTCAx-3,0.7048523759215097,0.2951480081776266
GGATTACAGTCTCAACx-3,0.7646178977658693,0.2353824756253356
GGGAATGGTTATCACGx-3,0.762091764321174,0.2379086076607385
GGGAGATTCCGCGCAAx-3,0.7635710621415055,0.23642931144353158
GGCTCGACAAGCCGTCx-3,0.7581807040311445,0.24181967279147473
GGCGACTCATCCCATCx-3,0.7610528822485317,0.238947493552728
GGGATGACACTCAGGCx-3,1.0,0.0
GGGACCTAGCTCTCGGx-3,0.7054437741979616,0.2945566085512288
GGGCATCCACTTACGAx-3,0.756251829784738,0.24374838269754087
GGCTCGACACACATGTx-3,0.7648619778367484,0.23513839547765897
GGGACCTCATTTCACTx-3,0.7721520466935464,0.22784831529171834
GGGTTGCCATAAGACAx-3,0.7649260428252606,0.23507432993103927
GGGACCTTCTGCGGCAx-3,0.7638019609229817,0.23619841340300848
GGGTTGCAGGTGGGTTx-3,0.7618586805643324,0.23814170056867523
GGGATGAGTTCCTCCAx-3,0.7106564842882904,0.2893438970578248
GGCTCGAAGTGTCCATx-3,0.6967206098640093,0.30327976349941
GGGATGATCATGCTCCx-3,0.6985733035729149,0.30142707909912947
GGGAGATCAAGAGGCTx-3,0.760696764636224,0.23930359664546072
GGCGTGTTCCCATTATx-3,0.7607266033089914,0.23927377183823065
GGGCACTGTTCAACCAx-3,0.7636802769864245,0.2363200976057947
GGCGTGTTCACGACTAx-3,0.7654326302116077,0.23456774730866917
GGCTCGAGTCATCCCTx-3,0.7265368168104841,0.2734635588403258
GGGCATCCAGACGCCTx-3,0.7622477684042128,0.23775260703804618
GGCTGGTCACATTAGCx-3,0.7602180017242287,0.239782375428218
GGGAATGCATCGTCGGx-3,0.7618659373071065,0.23813443807994578
GGGTTGCCAAGTCATCx-3,0.7634025955065216,0.23659777878678975
GGGAGATAGTGCGTGAx-3,0.7066743679275428,0.2933260176078833
GGGACCTAGTTGTCGTx-3,1.0,0.0
GGATTACTCTGTTTGTx-3,0.7635205832798869,0.23647978372458656
GGGAATGTCTGCCAGGx-3,0.7603851108926194,0.23961526478665157
GGCTGGTAGCACGCCTx-3,0.7000262504777828,0.29997412893288067
GGGTCTGGTCTCAACAx-3,0.7607622146787117,0.23923816156799652
GGCCGATGTCCCTTGTx-3,0.7644403705517561,0.23556000387608228
GGATTACTCTGCTGTCx-3,0.7070714960775945,0.29292887750041796
GGATGTTTCCGCTGTTx-3,0.7602591372484641,0.23974123913331025
GGGCATCTCCTCAATTx-3,0.7636951131378419,0.23630526158565554
GGGACCTTCCTAGAACx-3,0.7634837001358374,0.23651667644306082
GGCTGGTAGAAACGAGx-3,0.697766484640978,0.30223388899389375
GGATTACGTGTTCTTTx-3,0.758937782948776,0.24106256920923727
GGCTCGAGTCACCTAAx-3,0.7632830506707272,0.23671731816322444
GGGCATCGTTGGTTTGx-3,0.7056255186502948,0.2943748647844024
GGCCGATAGCTCAACTx-3,0.7619267236397816,0.23807364929684788
GGTGTTAAGGGATCTGx-3,0.7029591409127751,0.2970412367058352
GTATTCTAGTGCGATGx-3,0.7044843545696446,0.2955160308421451
GGTATTGCAAGCGATGx-3,0.75046562677385,0.24953478226379058
GTACTTTCATTCCTGCx-3,0.7609389455459604,0.23906142972526118
GTACTTTAGCAGCGTAx-3,0.7831268634871315,0.21687348100997406
GGTGCGTGTACCGTATx-3,0.6251482848687643,0.37485209580718376
GGTGAAGCAGTATAAGx-3,0.7057739449909013,0.2942264317152938
GGTATTGGTGCAGTAGx-3,0.7630317359713863,0.23696863655411413
GTACTCCCATGATCCAx-3,0.7611948656279951,0.23880551710903533
GTAGTCAAGACACTAAx-3,1.0,0.0
GTCAAGTAGGTGCTAGx-3,0.763329857660591,0.23667051723101615
GTAACTGTCATCATTCx-3,0.7661817768050355,0.23381859366592422
GGTGCGTTCCGTAGTAx-3,0.6987335153558015,0.3012668626480432
GGTGTTAGTAAGAGGAx-3,0.7614929342407843,0.23850743969637622
GTATTCTTCACCTCGTx-3,0.759073747502428,0.24092659311407855
GTAACTGTCGGTTCGGx-3,0.7610308534949366,0.2389695211212978
GTAACGTGTATATCCGx-3,0.7651613778127082,0.23483899537737665
GTATTCTTCCACGTTCx-3,0.7639766161292368,0.23602375777183604
GTATTCTTCTGCGACGx-3,0.7631167537847591,0.23688362362464058
GTCAAGTAGGCAGGTTx-3,0.7602657238947298,0.23973465212413864
GGTGAAGCATACGCTAx-3,0.7695182401706371,0.23048212515148855
GTACTTTTCGAACGGAx-3,0.762590188091458,0.23741018731746588
GGTGTTATCTTCGAGAx-3,0.7626966718989787,0.23730370355333108
GGTATTGTCATAAAGGx-3,0.7670048545264139,0.23299551442175784
GGTGAAGGTTTAGGAAx-3,0.7619486948134391,0.23805167208567038
GGTGCGTTCTTGAGACx-3,0.7635618888363499,0.2364384899861597
GTAGTCACACATGACTx-3,0.7626259355668202,0.2373744400374567
GTATTCTTCCCTTGTGx-3,0.7509757157713456,0.24902467963943287
GGTATTGTCTGATTCTx-3,0.7617427191445968,0.23825765677613767
GTATCTTGTACCGTATx-3,0.7631868654355239,0.236813510832209
GTAGTCAGTGCGCTTGx-3,0.7633008780958225,0.23669949877516958
GTCAAGTGTACAGCAGx-3,0.7617900492012039,0.23821032753211768
GGTGCGTTCGAGGTAGx-3,0.7575518301122621,0.24244853830844137
GTACTCCTCGCGGATCx-3,0.7629235263058325,0.23707684808710883
GTAGTCAGTCACTTCCx-3,0.7493858947485733,0.25061451205781987
GTACTCCTCACGGTTAx-3,0.7032028467978331,0.2967975390786005
GGTATTGCAGGAATGCx-3,0.752606710164941,0.2473936909261993
GTACTTTGTAACGTTCx-3,0.7646839399703897,0.23531642726592397
GTATTCTCAGTTTACGx-3,0.7614816594071241,0.2385187160898848
GTATCTTCAATACGCTx-3,0.7504592779395077,0.249541129440642
GGTATTGCATACTACGx-3,0.76129790056346,0.23870247564356045
GTAGGCCAGGATATACx-3,0.7609483208246868,0.23905204821153
GTAACGTTCAACACCAx-3,0.762800411772093,0.2371999597265107
GGTGAAGCAGACGCTCx-3,0.7630275091855014,0.23697286505903303
GTAACGTTCAGGATCTx-3,0.7045773192082785,0.29542302338392284
GTCAAGTGTGACGCCTx-3,0.7615194001706678,0.23848097707530574
GTCAAGTGTGATAAACx-3,0.7618283165889401,0.2381720587172364
GGTATTGTCCGATATGx-3,0.7616335100275676,0.2383668673085749
GGTGTTACAGATCCATx-3,0.7602091994992285,0.23979119756300366
GTAGTCACAGATTGCTx-3,0.7560476347613598,0.24395273502180417
GTCAAGTAGGAGCGTTx-3,0.7640084921827922,0.23599188184951567
GTCAAGTCAGGTGCCTx-3,0.7625298216545703,0.23747055363259184
GGTGCGTGTCGAGATGx-3,0.6304084207510992,0.3695919224449376
GTACTCCGTTCCACAAx-3,0.7635150663017324,0.23648530891542477
GTATTCTAGGACTGGTx-3,0.7057503140327263,0.2942500344691238
GGTGCGTGTCATATGCx-3,0.7057645098871157,0.29423587516692634
GTCAAGTCAGCTGCTGx-3,0.7625606925252332,0.2374396816143564
GTACTCCAGTCGCCGTx-3,0.7729453012432016,0.22705506690061392
GGTATTGAGCTGGAACx-3,0.7608090450985985,0.2391913306375513
GTATCTTAGGCCATAGx-3,0.7613988641325655,0.238601511621439
GGTATTGGTACCGCTGx-3,0.761987240067337,0.23801312893885207
GTAGGCCAGTCCGGTCx-3,0.7617272409096884,0.23827312974454345
GGTGAAGAGAACTGTAx-3,0.7636904863371531,0.2363098853871298
GTAACTGGTTGGACCCx-3,0.7629097900015586,0.2370905852023587
GTATTCTAGCTTTGGTx-3,0.7631424550609303,0.23685791970034237
GTACTTTGTATTACCGx-3,0.7042966236671622,0.29570376106422086
GGTGCGTAGATGTAACx-3,0.7670398748921988,0.2329604935819755
GTACTTTTCTCCTATAx-3,0.7628947829581264,0.23710559233630174
GTATTCTGTAGAGGAAx-3,0.7611023978856964,0.2388979730797845
GTACTTTGTACCGTTAx-3,0.7627144057295697,0.2372859699548814
GGTATTGAGAATGTTGx-3,0.7657726542085733,0.23422771577052112
GTACGTAGTTCGGGCTx-3,0.7613912804379306,0.23860909502888147
GGTGAAGCAAGACGTGx-3,0.7686648243720487,0.23133554162464467
GTCAAGTGTGGTGTAGx-3,0.7060400630151524,0.2939603218618705
GTAGGCCGTTCTCATTx-3,0.7510564745672904,0.24894391137575464
GTAACTGAGCTACCTAx-3,0.7631589059454986,0.2368414691867465
GTATCTTAGGAATTACx-3,0.7646625576090015,0.23533781489019512
GTATCTTAGTCACGCCx-3,0.7074459838845104,0.2925543960801442
GGTATTGGTAGATTAGx-3,0.7615350328995925,0.23846534251206863
GGTGCGTTCCCTAATTx-3,0.7699247758281618,0.23007558818200496
GTAGGCCAGAACAATCx-3,0.7631756632828377,0.23682471231612995
GTAACTGGTACGCTGCx-3,0.762023160542273,0.23797721112032255
GTAGGCCGTAGCCTATx-3,0.7500752283464123,0.24992514830828716
GTACTCCGTCATATCGx-3,0.7620384243300172,0.23796195129239506
GTACGTAAGGCTCATTx-3,0.7657393810722967,0.23426098347471652
GTCAAGTCAAAGGAAGx-3,0.7604445903922158,0.23955578341466657
GTCAAGTGTTCGGCACx-3,0.73738634301949,0.2626140493979319
GTACGTAAGGGAAACAx-3,0.7660295776621101,0.23397079455471828
GGTGCGTTCCTTGGTCx-3,0.7730866122097586,0.2269137495417104
GTATCTTTCGAGAACGx-3,0.7052194206556048,0.29478096187102604
GTAGTCATCGGTGTCGx-3,0.7625409097622227,0.23745946638257143
GTACGTATCTCCTATAx-3,0.7086952113623717,0.2913051569046104
GTATCTTGTAGCGCAAx-3,0.7688712265054024,0.23112913983072583
GTATTCTCACGAAATAx-3,0.7622129953360407,0.23778738046630712
GTATCTTCAGTGACAGx-3,0.7650882394831584,0.23491213137276284
GTACTCCGTCTCACCTx-3,0.7617035526383137,0.23829682317108586
GTGCATACACCCAGTGx-3,0.7639264151220453,0.23607394434279969
GTCTCGTAGTACGCGAx-3,0.7652361419779216,0.23476422912643222
GTCGTAACAAGTAATGx-3,1.0,0.0
GTCATTTCAGTAACGGx-3,0.7641888347098309,0.23581153931940324
GTGAAGGCATGGTAGGx-3,0.7608492669020374,0.23915106257158572
GTCTTCGAGCTTATCGx-3,0.7771519314097853,0.22284842240133643
GTCATTTGTCTCTCTGx-3,0.7623724816865444,0.23762789403565787
GTGAAGGCATTCACTTx-3,0.7541999615241508,0.24580028031453277
GTGCGGTTCCGCAAGCx-3,0.7692118901076441,0.2307884764606299
GTGTGCGGTCAAAGATx-3,0.7246805932984167,0.27531977817123715
GTGCGGTTCCGGCACAx-3,0.7636486813477734,0.2363516927290432
GTGTGCGAGATCTGCTx-3,0.761707396429411,0.23829297806466407
GTGCGGTAGGTAGCCAx-3,0.761523492157328,0.23847688380849635
GTCATTTCAAAGCAATx-3,0.7505079061291987,0.24949249317266997
GTCTCGTTCAGTACGTx-3,0.7643465330346748,0.23565383916173602
GTGCTTCCAACGATGGx-3,0.7608898673207217,0.2391105080518377
GTGCTTCCAGTAAGATx-3,0.7625085633639406,0.23749181236982353
GTCTTCGAGCCAGAACx-3,0.7527621538149005,0.2472382365176458
GTGGGTCTCGGAATCTx-3,0.7039514485459205,0.29604893777903263
GTCAAGTTCATACGGTx-3,0.7503336476386553,0.24966676373229507
GTCCTCACAGATCGGAx-3,0.7624805280666629,0.23751984748892466
GTGTGCGCATGCCTAAx-3,0.7697348563289971,0.23026550494795217
GTGAAGGAGTGAACGCx-3,0.7614506671161257,0.23854969705739257
GTCACAACATGTAAGAx-3,0.7545183930268251,0.24548199020158123
GTGGGTCGTAGCGCTCx-3,0.703646977782078,0.2963534031514374
GTCTTCGAGGATTCGGx-3,0.7761380625232579,0.2238622946887061
GTCCTCACACGGATAGx-3,0.7518006375876732,0.24819954584777498
GTCACGGCATTCTCATx-3,0.7024158743116147,0.29758450844724255
GTCCTCATCGTCACGGx-3,0.7035152818465371,0.2964851018339927
GTCACAAGTAAACACAx-3,0.7632338573379672,0.2367665231852901
GTCTCGTCAGATCTGTx-3,0.7051101181504622,0.2948902651184985
GTCAAGTTCTAACTCTx-3,0.7045950051633071,0.2954053785887953
GTCTTCGCATACCATGx-3,0.7662463189772346,0.2337540519798583
GTCATTTTCTTATCTGx-3,0.7642955701788553,0.2357048045423299
GTCACGGGTGCGCTTGx-3,0.7601923305004189,0.239808053762482
GTCACGGAGCTAACTCx-3,0.698273743976364,0.30172663475680345
GTCGTAAAGATCGGGTx-3,0.7618299897457557,0.2381703860773178
GTCAAGTTCTCGCTTGx-3,0.7650431710050207,0.23495719973701282
GTCGGGTCAGTATGCTx-3,0.6565987862175813,0.34340159630990985
GTGCAGCAGAGATGAGx-3,0.7605772139417506,0.23942315916597925
GTGGGTCTCGATGAGGx-3,0.7650409923938476,0.23495937507037842
GTCTCGTCAGGCTCACx-3,0.7606351890714533,0.23936518398115794
GTGCGGTAGCACGCCTx-3,0.704130535391482,0.29586985069587807
GTGTGCGCAGGGCATAx-3,0.7606774434559497,0.23932293241393143
GTCTTCGTCTGTCTCGx-3,0.7555057604708388,0.24449464525186743
GTCACGGTCAGGATCTx-3,0.7618911035706631,0.2381092715703478
GTCGTAAGTACGACCCx-3,0.7640421870875219,0.2359581869764495
GTCGTAAAGTACACCTx-3,0.7618038718895742,0.2381965044357512
GTCGTAAGTCTCCCTAx-3,0.6948515366137583,0.30514884380651075
GTCACAAAGAAACCGCx-3,0.7642096702993292,0.23579070583126946
GTGCATAAGAGGTTATx-3,0.7628447496927223,0.23715562121355183
GTCACGGCACTCAGGCx-3,0.7611924135991764,0.23880796319299327
GTCTTCGAGGCTCATTx-3,0.7630842333643415,0.23691613988858334
GTCTCGTCACCGAAAGx-3,0.7621614445987932,0.23783893132571154
GTGCAGCGTTGGTAAAx-3,0.7609515490037579,0.23904880949368573
GTCTCGTAGCTATGCTx-3,0.7068668076521832,0.29313357292361863
GTGAAGGCACTAGTACx-3,0.7548844603044286,0.24511593475767948
GTCGTAACACGGCTACx-3,0.7654102261067586,0.23459014535471576
GTCGTAATCGCGGATCx-3,0.7944168159285585,0.20558351896951932
GTCACGGCATGGTCATx-3,0.7602237034428301,0.2397766733228379
GTCATTTGTAGTAGTAx-3,0.7649034834518142,0.23509689471026185
GTCACAATCAGCGATTx-3,0.7587462672283851,0.2412540489185587
GTCTTCGCAAATTGCCx-3,0.7631711961595656,0.23682917868184797
GTGCGGTTCCTGCAGGx-3,0.7715318869230229,0.22846847927233985
GTCACAAAGAGTAAGGx-3,0.6967994851280147,0.30320089210656526
GTCCTCAAGTACACCTx-3,0.7609077093852172,0.2390926582630794
GTGAAGGTCCAAACACx-3,0.7626776810401321,0.2373226944346334
GTCACAAAGTAGTGCGx-3,0.7607750542274146,0.23922532268393634
GTGCAGCTCCTCCTAGx-3,0.7612463674194011,0.23875400821171697
GTGCTTCGTTTGTGTGx-3,0.748794512381005,0.2512055999481489
GTCATTTTCCATGAACx-3,0.7118193204678456,0.28818097112277047
GTGCGGTAGAGCAATTx-3,0.7659716177475813,0.23402874427831305
GTGCGGTTCGCACTCTx-3,0.7626701853843171,0.23733019796913107
GTGCATAGTACGACCCx-3,0.7640635151612513,0.23593685966086034
GTCTTCGCAGTGGAGTx-3,0.7648190454663888,0.23518132259130667
GTCTTCGCATCCGTGGx-3,0.761709096112793,0.2382912787480827
GTGCAGCCAAGAAGAGx-3,0.750145709924603,0.24985469761722304
GTGCTTCTCGTAGGAGx-3,0.624442659219679,0.37555768919100563
GTCCTCATCTAACCGAx-3,0.7625262945741355,0.23747414510011086
GTGAAGGTCGATAGAAx-3,0.7765131418499439,0.22348721012935857
GTGTGCGAGCTAGTGGx-3,0.7636794239359235,0.2363209500886966
GTGCATATCACTTCATx-3,0.7511915269150735,0.24880887143044644
GTGCGGTGTACTCTCCx-3,0.7625382349861023,0.23746214127426613
GTGCAGCAGAGCCTAGx-3,0.7614234427439854,0.2385769412685485
GTGCGGTTCGGATGTTx-3,0.7658824912355396,0.23411788470902495
GTGCTTCAGATTACCCx-3,0.6788721090649464,0.32112825201082135
GTCATTTAGGCATGTGx-3,0.7505207060965982,0.24947969840855536
GTCATTTCACCATCCTx-3,0.7633226157639585,0.23667776152608005
GTGAAGGGTCGATTGTx-3,0.7051581888185373,0.2948421956305415
GTCTCGTTCACGATGTx-3,0.69832678553189,0.30167354183094597
GTCACAATCCTTAATCx-3,0.6954098339155502,0.30459054530887897
GTCCTCATCGGCATCGx-3,0.7498851181109543,0.2501152896333031
GTCTCGTGTCGGCTCAx-3,0.7036787094170139,0.2963216735358355
GTGGGTCCACGTTGGCx-3,0.7615442448057995,0.23845613126390855
GTGCATATCCCTAACCx-3,0.7629390542219935,0.2370613201760639
GTCTCGTGTTGATTCGx-3,0.7646961872913597,0.23530418766006847
GTTCATTAGCGTCTATx-3,0.760859379016988,0.23914099703270006
TAAGTGCCACAGGTTTx-3,0.761940490397464,0.23805988249924953
GTTCATTTCAGATAAGx-3,0.7063406154557336,0.2936597709228862
TAAGCGTCAGCCTTGGx-3,0.7640735367837159,0.2359268292720951
GTGTTAGGTCTAGCGCx-3,0.7052776921826672,0.2947226914249664
TAAGTGCAGTGTCCATx-3,0.761108635059214,0.23889173965845775
GTTAAGCCAGCCTTTCx-3,0.7626709013373849,0.2373294698154922
GTTCGGGTCCCTAATTx-3,0.7509223826008282,0.24907801411965982
GTTTCTAGTCACACGCx-3,0.7625200935649596,0.23748028022307488
GTGTTAGAGCTCTCGGx-3,0.7624499416582887,0.23755043452276872
GTTAAGCGTGCAACGAx-3,0.7626471921227074,0.2373531832487894
GTTCGGGGTACGACCCx-3,0.7608636593087605,0.23913672079705064
GTTAAGCTCAACGGCCx-3,0.7650638597026816,0.23493651382768485
GTTTCTAAGCCACGTCx-3,0.7619741192041232,0.23802625704377364
GTTCTCGGTTGTGGCCx-3,0.7039144571146707,0.2960859259388159
GTTTCTACAAACAACAx-3,0.7617036497711245,0.23829672362548138
GTTAAGCCAGTAACGGx-3,0.7617249276296776,0.23827544860542094
GTTAAGCAGAAGGTGAx-3,1.0,0.0
GTGTGCGTCAAACCACx-3,0.7642418156690742,0.23575855828030284
GTGTTAGCAGTTCATGx-3,0.7661662055062423,0.23383416317727235
TAAACCGCATTCACTTx-3,0.7521370886406014,0.2478633130800051
GTTCGGGGTCGAACAGx-3,0.7517609722585268,0.24823941707940947
GTTAAGCAGGGTATCGx-3,0.7591963605485619,0.240804015489707
GTTCTCGAGACTCGGAx-3,0.7644501834751048,0.23555018902001382
GTTTCTAAGGCAGGTTx-3,0.7610784083310731,0.23892195684440284
TAAGTGCAGGTGCACAx-3,0.7065239470433574,0.2934764214833282
GTTTCTAAGTACATGAx-3,0.7632584137109129,0.23674195932625341
GTTTCTAGTGAGGGTTx-3,0.6166744614412707,0.38332590346370643
TAAGAGAGTGTGCGTCx-3,0.7604323257826016,0.23956804570961518
TAAACCGGTCCGAGTCx-3,0.7643589008356716,0.2356414722007296
GTTCGGGTCCCAGGTGx-3,0.762101088875004,0.23789928434485832
TAAGAGAGTTTGACTGx-3,0.7055435292898322,0.29445685562803414
GTTTCTAGTATAAACGx-3,0.7686776256570186,0.23132274678772916
GTTCTCGGTGGTCCGTx-3,0.715071498370462,0.28492876838476267
GTTAAGCAGGGTGTTGx-3,0.7608500471613557,0.23915032622717147
GTTTCTAAGAACTCGGx-3,0.7618728148733753,0.2381275590671636
GTTCATTAGATCGGGTx-3,1.0,0.0
TACACGAAGGGTCGATx-3,0.7616601676277611,0.2383402095728761
GTTCATTCATGTCTCCx-3,0.7641642381488691,0.2358361322313581
GTGTTAGGTAGGAGTCx-3,0.7624818457232819,0.23751853140726784
GTGTTAGGTGCAACGAx-3,0.7622202623017771,0.2377801188835763
GTTACAGCACATTTCTx-3,0.762744261381437,0.23725611406947492
GTTCGGGTCTGCAGTAx-3,0.7613993580774899,0.23860101732722788
TAAGCGTAGTCCATACx-3,0.7641031518486948,0.2358972182255068
GTTTCTACACTGCCAGx-3,0.7103098726705512,0.2896905115840563
GTTACAGGTCCTAGCGx-3,0.7608203006833562,0.23918006633154612
GTGTTAGCACCAGGTCx-3,0.7494232584070082,0.2505771441122508
GTTCTCGGTGTATGGGx-3,0.7599314501212641,0.2400689312819934
GTTCGGGAGGGATCTGx-3,0.7610508463479274,0.23894952903106972
GTGTTAGTCCTATGTTx-3,0.7604044770036997,0.23959589978918583
GTTCATTGTCGCGAAAx-3,0.7605755535704334,0.23942482315889094
GTTTCTATCACCGTAAx-3,0.7730855912232363,0.22691476847515696
TAAGAGATCGCGATCGx-3,0.7635887375998983,0.23641163505935356
GTTACAGGTGTCAATCx-3,0.7517287329027045,0.24827167286068633
TAAACCGTCTCATTCAx-3,0.6989873902671857,0.30101298220594047
GTTCATTTCACCTTATx-3,0.7585721028939162,0.24142827523864055
GTTCGGGTCGGTTAACx-3,0.7651346950319625,0.23486567644637862
TAAACCGTCTGCTGTCx-3,0.7039688416127521,0.2960315383378444
TAAGTGCTCAAGCCTAx-3,0.7510702581104819,0.24893014801069224
GTTCGGGGTTTGGGCCx-3,0.7710027033384002,0.22899766050279047
GTTCTCGCAGACGCCTx-3,0.7150415197762356,0.28495886079429344
GTTCTCGCATCATCCCx-3,0.5809784514189755,0.4190218797749287
TAAGAGAAGGAATTACx-3,0.7648684224125376,0.23513194793348507
TAAGCGTGTCTGCAATx-3,0.7639476581033414,0.2360527163667411
GTTAAGCCAAGCTGGAx-3,0.7628847873770442,0.23711558830845442
TAAGTGCAGCAGCCTCx-3,0.7236010356981966,0.2763993335471993
GTTCTCGTCATTCACTx-3,0.7615319954699692,0.23846838053459052
GTGTTAGAGTAAGTACx-3,0.7605732994992791,0.23942707618772816
GTTACAGAGGCATGGTx-3,0.7597129635241454,0.24028741285852703
GTTCGGGCATATGCTGx-3,0.750477859177188,0.24952254959999387
GTTCGGGAGGCAAAGAx-3,0.7764691535304727,0.22353120643512378
GTTCGGGCAAAGAATCx-3,0.6841197149126804,0.3158806582395974
GTTAAGCGTTTCGCTCx-3,0.7554167171785743,0.24458367702182457
TAAGAGAAGTCAATAGx-3,0.7622396286178517,0.23776074640989683
GTGTGCGGTGAAATCAx-3,0.7646952491548358,0.23530512492786634
TAAACCGGTGTTGAGGx-3,0.763554382921437,0.23644599215163548
TACACGAAGTAGATGTx-3,0.7599371063406596,0.24006326288544944
GTGTTAGGTAAGCACGx-3,0.7505129978730509,0.24948741411847283
GTGTTAGCACTTAACGx-3,0.7608634750440075,0.23913690334098328
TAAACCGGTGGTTTCAx-3,0.7557454109879799,0.24425494065312944
GTTCGGGTCCTGTAGAx-3,0.7627464006610433,0.2372539788304512
GTGTGCGTCTGTTGAGx-3,0.7654143583749906,0.23458601456499947
GTTCTCGTCAAAGTAGx-3,0.749415449071381,0.25058495594665686
GTTAAGCTCATTGCCCx-3,0.7629369395968258,0.2370634364831175
TAAGCGTTCGTGGACCx-3,0.7617790283781816,0.23822134598116332
GTTCATTAGCCATCGCx-3,0.7688245756079353,0.23117579786519143
TAAGAGAGTCGCATCGx-3,0.7595976699234788,0.24040270819963083
TAAGTGCGTCAGTGGAx-3,0.7572692020508014,0.2427311645240207
TAAGTGCCACTTAAGCx-3,0.7620932267088276,0.23790714375013003
GTGTTAGAGACAGACCx-3,0.7586448161654465,0.24135555966529817
GTGTTAGTCATGCTCCx-3,0.7600075953713529,0.23999278227330198
GTTACAGTCGTGGTCGx-3,0.7142548362067953,0.28574541630839395
GTTTCTAGTTTAAGCCx-3,0.7646952676753326,0.23530510413925873
GTGTGCGGTGTGGCTCx-3,0.7040117658058052,0.29598861407605004
TAAGAGAAGTGGGCTAx-3,0.7504340194958272,0.24956639094957375
TAAACCGGTCAAAGATx-3,0.7681638647826166,0.2318365035089637
TAGGCATCACCGAATTx-3,0.751245274094999,0.24875512978461634
TACGGTACACGGACAAx-3,0.760940417649409,0.2390599226563085
TACCTTAGTCGCGAAAx-3,0.7612125021942563,0.238787857314502
TACCTATCAAGTAATGx-3,0.7619344022198435,0.2380659740778991
TACTCATAGGCAAAGAx-3,0.7045622627544932,0.2954381218893266
TAGACCATCACTGGGCx-3,0.7685054788705925,0.23149488880889824
TACGGATAGCTAACTCx-3,0.7400069077409654,0.2599934560254167
TACGGGCTCGAGGTAGx-3,0.7624138488538795,0.23758652031592012
TAGGCATTCTTCGGTCx-3,0.7617090653467986,0.23829131101718662
TAGACCACACCAGGCTx-3,0.7616766149073373,0.23832374311722737
TAGCCGGCAGGTGCCTx-3,0.7605157183283058,0.23948465713278308
TACAGTGAGCAATCTCx-3,0.7647596430895353,0.23524073059742057
TACTCGCCACTCAGGCx-3,0.7059646283546036,0.2940357486367734
TACTTGTCAGTAGAGCx-3,0.7623104451528623,0.23768993082161888
TACTTGTTCTACCAGAx-3,0.7611824283405538,0.23881793996676215
TACTTACGTGAGGCTAx-3,0.7625369973242421,0.23746337799334866
TACAGTGGTACCATCAx-3,0.7079766477275699,0.2920237251508208
TAGTGGTAGAGTTGGCx-3,0.7622882306195948,0.2377121413838094
TACCTATAGCATCATCx-3,0.7634221905017347,0.2365781851264198
TACCTATCACCAGGTCx-3,0.6741260235592685,0.3258743448394724
TACCTATTCAAACGGGx-3,0.7546575556081271,0.24534282769674998
TACTTGTTCGGACAAGx-3,0.7720371884561075,0.22796317416697723
TACTCGCAGCGTGTCCx-3,0.7643584643202042,0.23564190927679507
TAGACCAAGATGTGGCx-3,0.7612279971015298,0.2387723786939835
TACGGGCCAAAGTCAAx-3,0.7649344819879268,0.23506589129262276
TACGGGCGTCGCATCGx-3,0.7627776585695684,0.2372227116716914
TACGGGCCAGCCTTTCx-3,0.7629369025738875,0.237063474123376
TACCTTAGTGGTGTAGx-3,0.757713627392587,0.24228670107678185
TAGTGGTAGCTAAACAx-3,0.7622338318636774,0.23776654362452523
TACACGACAATGAATGx-3,0.762222367256514,0.23777800873361854
TACTTGTAGGATGTATx-3,0.703764665645485,0.29623571902423773
TAGCCGGAGATGTAACx-3,0.7644822791563997,0.23551808811908498
TACCTATGTACCATCAx-3,0.7617379729819955,0.23826240311436736
TAGAGCTCAGGATTGGx-3,0.7605059826920204,0.23949439431280228
TAGTGGTAGCTGGAACx-3,0.7613040839698555,0.23869628771627882
TACTTGTAGGCAATTAx-3,0.7630761864347552,0.23692419077000157
TACTTACGTTACGACTx-3,0.760176135000914,0.23982424037974392
TAGACCAAGGCAGGTTx-3,0.7621674179451344,0.23783295639755506
TACTCATAGATAGTCAx-3,0.7605557531379,0.23944461940010026
TAGACCAGTTGCGTTAx-3,0.7610640948108146,0.23893627964470252
TACTTACGTATGAATGx-3,0.7633765446384331,0.23662383018248404
TAGACCACAGGGCATAx-3,0.7016878867768386,0.29831249002962335
TAGACCATCCTCAATTx-3,0.7595120954856676,0.24048828309286283
TACCTTAGTTACGGAGx-3,0.7600148885580649,0.23998548701672667
TAGTGGTAGGGCACTAx-3,0.7124222458824214,0.28757813497976764
TACCTTAAGAGTACCGx-3,0.7607330065348591,0.23926736590377448
TACGGGCAGCAGCCTCx-3,0.760214028537367,0.23978634591296252
TACTCGCTCATAACCGx-3,0.7637159637743357,0.23628441015909638
TACCTATCACTCTGTCx-3,0.7678393172028101,0.2321610511505975
TAGTGGTCAGTCAGCCx-3,0.7633471235655437,0.23665324682104444
TACACGAGTCGGATCCx-3,0.762345785422333,0.2376545896943133
TAGTGGTGTAGCAAATx-3,0.711700408429027,0.28829985956167886
TAGACCAGTAACGCGAx-3,0.7632733070840132,0.23672706701645987
TAGACCAGTACCATCAx-3,0.7605580502918703,0.2394423255359499
TAGCCGGAGTGAATTGx-3,0.7108274389469565,0.2891729399752591
TAGACCATCAACGGCCx-3,0.7600848481880916,0.2399155087425012
TACTCGCGTCCGAAGAx-3,0.7624983367979731,0.23750203905183875
TACGGGCCAAGACGTGx-3,0.7614920143353606,0.2385083599559586
TACCTTACATTGCGGCx-3,0.7613254231364086,0.2386749521807735
TACTCGCTCTGCTGTCx-3,0.7052346650545562,0.294765712694144
TACCTTAGTCTCTTATx-3,0.7046020726065342,0.2953983177510566
TAGAGCTCATCACGATx-3,0.7079687999356874,0.29203158665143336
TACTTACCAAGTTGTCx-3,0.7505580748641376,0.24944233388880177
TACGGATTCGGCGGTTx-3,0.7506111865677811,0.24938891794163498
TACTTACCATAGGATAx-3,0.760480918994027,0.23951946518405032
TACCTATAGCAGGTCAx-3,0.7487340098636878,0.2512663728375469
TACGGGCGTCTGCAATx-3,0.7633225569526259,0.23667782860804934
TAGCCGGGTTAGATGAx-3,0.7636718566954082,0.2363285184939151
TACGGGCTCAACACCAx-3,0.7486003718477615,0.25139973955727624
TACGGTATCTTTCCTCx-3,0.7642637829097874,0.23573659142779332
TACGGGCGTGATGTGGx-3,0.762225066646436,0.23777530876641717
TACGGGCAGTACTTGCx-3,0.7605418480025815,0.2394585280491784
TACGGATAGTTGAGTAx-3,0.7654684600737935,0.2345319147306123
TAGTGGTAGTACGACGx-3,0.7369221775165526,0.26307820496149675
TACTTACGTAACGTTCx-3,0.7629160563674083,0.23708431842891453
TAGTGGTCATGCTAGTx-3,0.7619218135806096,0.23807855902654743
TACGGATGTCCGCTGAx-3,0.7637238341044419,0.2362765466773037
TACCTTACAAAGTGCGx-3,0.7637566483820608,0.23624372326170637
TACAGTGCAGGCTCACx-3,0.7709039621464476,0.22909640033292578
TACGGATAGGGTCGATx-3,0.7500337969564163,0.24996660205139562
TACCTTAGTACCGGCTx-3,0.7635965114789279,0.23640386229231458
TAGCCGGTCAGCAACTx-3,0.7604566748172019,0.23954370264781302
TACTCATGTTGTACACx-3,0.7612031452964251,0.23879722936974887
TACGGTAAGATCGGGTx-3,0.7906100479839291,0.20939028536455548
TACTCGCAGACACGACx-3,0.769373482765503,0.23062689376586853
TACACGATCTCCAGGGx-3,0.7618510467044012,0.23814932475918266
TAGTGGTCATACCATGx-3,0.7621840322970443,0.2378163457140318
TAGACCACATCATCCCx-3,0.7608615310902388,0.2391388442258869
TACAGTGAGCTCCTCTx-3,0.7023692930002327,0.29763108983421643
TACTCGCCAGACAGGTx-3,0.7607056097844633,0.239294763093948
TAGACCACAGGACCCTx-3,0.7630709439862908,0.23692942912684334
TACGGATGTATCACCAx-3,0.6927595785274582,0.30724080314645286
TACTCGCTCAGCGACCx-3,0.7625786696110012,0.2374217054815792
TAGCCGGGTAGCTGCCx-3,0.7620185903796904,0.2379817786325309
TAGAGCTGTCGGCATCx-3,0.7518554764949669,0.24814493036161842
TATCTCATCCTATTCAx-3,0.7491133478194818,0.25088705107303566
TAGTTGGGTAATCGTCx-3,0.7046365296798127,0.2953638437471851
TAGTGGTTCAACACGTx-3,0.7601629676182953,0.2398373977515372
TATCAGGGTAAATGACx-3,0.706054316738235,0.29394606257160555
TATGCCCAGGCAAAGAx-3,0.7596479866309535,0.24035238278692808
TAGTTGGGTAAATACGx-3,0.7612895136397522,0.23871086134537303
TATTACCAGAAGGGTAx-3,0.7057713299107875,0.29422905321335835
TCAGCAATCCGCTGTTx-3,0.7640715043427079,0.23592886885644967
TATCTCAGTGTCTGATx-3,0.7630830683422077,0.23691730723824417
TCAGCAACATGGTTGTx-3,1.0,0.0
TCACAAGGTGTAATGAx-3,0.7648093879459696,0.23519099066398746
TATCTCATCTCTGCTGx-3,0.7599675934585649,0.24003278208358844
TATCTCAGTATAGGTAx-3,0.7606011880165805,0.2393991869959918
TCAATCTAGTGAACGCx-3,1.0,0.0
TATCAGGAGCCACCTGx-3,0.6970881804913598,0.302912201109388
TATTACCTCTCAAGTGx-3,0.7059391901892335,0.294061190053262
TCACGAAAGTTCGATCx-3,0.7633127008554751,0.23668767320521023
TCAATCTAGGAGTCTGx-3,0.7614821639960477,0.23851821283806104
TATCTCACACGTCAGCx-3,0.7048036925939302,0.2951966824336429
TCACGAAGTCAAAGATx-3,0.710394535615336,0.2896057743794126
TCAACGACACATCCGGx-3,0.761502370692192,0.2384980043017393
TCAGATGGTTACCAGTx-3,0.7613429510311065,0.2386574193547048
TAGTTGGGTCACTTCCx-3,0.762480052771783,0.23752032179779278
TCAACGACAAGCTGAGx-3,0.7646451503054831,0.23535521678492766
TATGCCCCAGATGGCAx-3,0.7202479449917676,0.27975243719264536
TATCTCATCATTGCCCx-3,0.7619798689678668,0.2380205082726852
TATTACCGTCCGACGTx-3,0.7618210952412976,0.23817927996240124
TCACAAGTCTTGTATCx-3,0.7068430547687116,0.2931573268484341
TATGCCCAGGCTCTTAx-3,0.7629717413066686,0.2370286355487496
TCACGAAGTCCAGTATx-3,0.764055317749498,0.2359450556102371
TCACAAGGTTTGGCGCx-3,0.7605452772759633,0.2394550988190703
TCAATCTCAAGTAGTAx-3,0.7656183346446654,0.2343820291866245
TCAACGATCAGCCTAAx-3,0.7612566517411361,0.23874372258041077
TCAGATGCATATACGCx-3,0.7608792511769658,0.23912112624195744
TAGTTGGAGCTAGTTCx-3,0.7612620991118061,0.2387382773531642
TAGTTGGGTCATCGGCx-3,0.7053083170946686,0.29469206682968796
TCAACGATCCATGAACx-3,0.7662522916681624,0.23374807860225802
TAGTTGGTCACCGTAAx-3,0.750257708003609,0.24974269914039265
TCACGAAAGAATTCCCx-3,0.7634922061115244,0.23650817876700553
TCAGATGTCCCATTATx-3,0.7660120279546395,0.23398833786291967
TCAGCAACATCACGTAx-3,0.7623802368288115,0.23762013733630058
TATCTCAAGATGGGTCx-3,0.7627473443084283,0.23725303076038184
TCACGAACACGTCTCTx-3,0.7612848152793127,0.2387155436221021
TCAGCAATCATCGGATx-3,0.7592635497537146,0.24073681755658355
TCAATCTTCCGTAGTAx-3,0.6602546470414237,0.33974571296084294
TCAATCTTCAGAAATGx-3,0.7069361233522603,0.29306425691936294
TATTACCGTGGGTCAAx-3,0.7627298349615675,0.23727053667021475
TCAGCTCCAGTGGGATx-3,0.7613460422185853,0.2386543255344126
TCAGCTCAGAATAGGGx-3,0.7072394935401953,0.2927608952292118
TCACAAGTCCGCTGTTx-3,0.7618572759873287,0.23814309723619687
TCAGCTCGTGAGTATAx-3,0.6939256642309374,0.3060747142268583
TATCTCAAGCTTTGGTx-3,0.7604449161914668,0.23955545929124086
TCACGAACACGCTTTCx-3,0.7590645590835744,0.24093581933366273
TCAGCTCAGATGCCTTx-3,0.7064247570037998,0.29357562904295764
TCAGATGAGACAATACx-3,0.7651104406796874,0.23488993048804147
TAGTTGGTCGGCTACGx-3,0.7078674784889762,0.29213290119063623
TAGTGGTTCGGTGTCGx-3,0.7648460188471079,0.23515434775262778
TCAGCTCCAGTAACGGx-3,0.7634434764127512,0.23655689832334828
TAGTGGTTCCTCATTAx-3,0.7605848423174768,0.23941554241376525
TCAGATGGTTTACTCTx-3,0.757749558499272,0.24225081664543158
TAGTGGTTCACAATGCx-3,0.7618422072161999,0.2381581693882322
TCAATCTTCCGTTGCTx-3,0.7037388410174056,0.29626153741046185
TCAGCAAAGTCTCGGCx-3,0.7046023634399656,0.2953980102853773
TATGCCCCATCAGTACx-3,0.7050002567493523,0.2950001289436658
TAGTTGGCAGCTTAACx-3,0.7585894317807865,0.241410914060622
TATCTCACAAAGAATCx-3,0.6032012050596962,0.3967991526638361
TCAACGAAGTCGTACTx-3,0.7640088092496109,0.23599156468338006
TATGCCCCAGTATGCTx-3,0.7616728622158716,0.23832749384957916
TCAATCTGTAGCTGCCx-3,0.7074277846854032,0.2925725892671547
TCACGAACACTCAGGCx-3,0.7640981952798934,0.23590217364160884
TCAGATGTCAGTTCGAx-3,0.7598322280544592,0.24016814994530034
TCAGATGAGATCCGAGx-3,0.7558556612156171,0.2441445337089072
TCACGAATCAGTGTTGx-3,0.7632560331928492,0.23674433846336335
TCAGATGTCAGCATGTx-3,0.7552104334035072,0.24478995366985085
TCAGATGTCGGACAAGx-3,0.7059115710931146,0.29408880955331157
TATCAGGGTTGGTTTGx-3,0.7635253496968644,0.23647502434574919
TCAGCAAGTGAGCGATx-3,0.7618016084394491,0.23819876782098628
TCAGATGAGTGAAGAGx-3,0.6988341876281253,0.30116619721423166
TAGTGGTTCTTGCCGTx-3,0.7636047580372278,0.23639561670506856
TAGTTGGTCTGCTTGCx-3,0.7668613715518647,0.2331389934861439
TATCAGGCACAACGTTx-3,0.7648390736327465,0.2351612981875825
TCACAAGTCTTCGAGAx-3,0.7636120785418916,0.23638829321941926
TATGCCCTCAGCTGGCx-3,0.7504925082862531,0.24950790271836415
TCAGCAAAGCGTAATAx-3,0.7614255004532122,0.23857487541119327
TCAACGAAGAGTACATx-3,0.7631470671515749,0.23685330768605864
TATCTCAAGAATTCCCx-3,0.7630768856132734,0.23692348233530872
TCAATCTGTTTGGGCCx-3,0.7593395891066425,0.2406607855138082
TCACGAATCAACACGTx-3,0.7618788137242576,0.23812156178679744
TATCTCAAGTCTCCTCx-3,0.7061587757551203,0.2938416151647114
TATCAGGGTCTAAAGAx-3,0.7618892707062127,0.23811110392915566
TCACGAACAAACGCGAx-3,0.775465733792413,0.22453462276531813
TATCAGGGTCAGGACAx-3,0.7628677670019586,0.23713259792584634
TATTACCGTCACCCAGx-3,0.7037776801542014,0.2962227035956702
TCAACGAGTGAGGCTAx-3,0.7638312964130578,0.2361690783834994
TCACGAAAGTCCCACGx-3,0.7612456942643283,0.23875467841292242
TATGCCCGTTACAGAAx-3,0.750420283932991,0.24958012058678394
TATCAGGTCTTCCTTCx-3,0.7655618937597628,0.23443847867687503
TCACAAGAGGAACTGCx-3,0.7630523713544461,0.23694800367016733
TCTATTGGTGACGGTAx-3,0.7067661198927196,0.29323424336225395
TCAGGATCAATGGACGx-3,0.7526631514326184,0.24733696229376034
TCAGGATAGCAGATCGx-3,0.7632820550556979,0.23671831957708492
TCGGTAAGTCTAGGTTx-3,0.7620347071437504,0.23796566768328944
TCATTTGGTTAAGGGCx-3,0.7653360002055067,0.23466438421036614
TCGGTAAGTATAAACGx-3,0.7631267358178464,0.23687363983639637
TCGGGACCAGTACACTx-3,0.7050277452897308,0.29497263907921617
TCAGGATTCTCGCTTGx-3,0.7616384911393003,0.23836188201821432
TCAGGATGTCTTCAAGx-3,0.7504997245381851,0.2495006835335667
TCATTTGAGCTACCGCx-3,0.7664315374824866,0.23356883340955464
TCGCGTTCATGCAATCx-3,0.7594915013950301,0.24050888846238214
TCATTACCAATCTGCAx-3,0.7612691000741895,0.2387312771314141
TCATTACAGTTAGCGGx-3,1.0,0.0
TCGTAGAAGCTTCGCGx-3,0.7615954504097145,0.23840492581904665
TCAGGTACAAGCCGCTx-3,0.763034988716902,0.23696538124470845
TCGTAGAGTCTAGCCGx-3,0.7610417727176919,0.23895860377982267
TCAGGTATCTTTACACx-3,0.7054789152917711,0.2945214692802128
TCCCGATCAGCTTAACx-3,0.7632219670650113,0.23677840722258003
TCGTACCAGATTACCCx-3,0.7609692650236282,0.23903110221443272
TCTATTGAGATCGGGTx-3,0.7618359688046068,0.2381644061256668
TCGTAGACATCGGACCx-3,0.7702548475890548,0.2297455163065072
TCAGGATTCAAAGACAx-3,0.76025207496876,0.23974830143954487
TCAGGATAGTGACATAx-3,0.7504151672188094,0.2495852466606576
TCGCGTTCAAAGTCAAx-3,0.7631655318710897,0.23683484371135752
TCGGGACCACGGCCATx-3,0.7629961707578138,0.2370042064383205
TCGTAGACACACCGCAx-3,0.7628818692971082,0.2371185049726345
TCGTACCAGTCGTACTx-3,0.7523086097199047,0.2476917793044348
TCGTAGATCGTGGGAAx-3,0.7058513266402656,0.2941490558850501
TCGCGTTAGCTGCGAAx-3,0.7632158049118594,0.23678457116890336
TCGAGGCGTCGGATCCx-3,0.7628395332969047,0.23716083495638857
TCAGGATTCAACGAAAx-3,0.7506966697446006,0.24930373892809207
TCGGGACAGTGGAGAAx-3,0.7084153272350809,0.29158505071940705
TCATTTGTCAACACTGx-3,0.7621716706166755,0.23782870620264795
TCGTAGAGTAGAGGAAx-3,0.7500340529457036,0.24996635256115668
TCAGGATAGGCTCATTx-3,0.7625874787073182,0.23741289992521833
TCGGGACAGCTGCAAGx-3,0.7642910643180105,0.23570931009309065
TCGGGACTCCCAAGTAx-3,0.7635945049082392,0.23640586837402405
TCGCGAGGTACCGAGAx-3,0.7649644410980553,0.23503592108328247
TCTATTGGTCATGCATx-3,0.7617169315006154,0.2382834424817835
TCGGTAACACATAACCx-3,0.760792902665612,0.23920747304395815
TCGGTAAGTAGCACGAx-3,0.7622535461654388,0.2377468300788679
TCGGTAATCTTTCCTCx-3,0.7642596442439601,0.23574072731309464
TCCCGATCAAGTTCTGx-3,0.7542958078041064,0.24570460064223718
TCGCGTTTCAGGCAAGx-3,0.7613722608341504,0.23862811442350915
TCATTTGCATGTTGACx-3,0.77306703309744,0.22693332698403104
TCTATTGGTCAATGTCx-3,0.6765493538398586,0.32345101930457504
TCGCGTTGTGTCGCTGx-3,0.7624687177331592,0.2375316655150541
TCATTACCACAGGTTTx-3,0.7614370052042969,0.23856336815678267
TCAGGTAGTGGTAACGx-3,0.7652716421484466,0.23472873093082255
TCATTTGCATGGTCTAx-3,0.7593581290284734,0.2406422450704145
TCCCGATTCTAAGCCAx-3,0.698857403784438,0.30114297571395143
TCGTACCGTTAAGATGx-3,0.7619083586328707,0.23809201143770783
TCATTTGGTTCTGGTAx-3,0.6201821642772739,0.3798181825202791
TCGAGGCCACACGCTGx-3,0.7629734839333668,0.2370268898264462
TCAGGATAGTGTCTCAx-3,0.7634673509623977,0.23653302388467792
TCCACACAGAAGATTCx-3,0.7625325866153884,0.23746779157268902
TCCCGATGTGACGGTAx-3,0.6940088560068104,0.30599152961037995
TCGAGGCAGTGCCAGAx-3,0.7656123419219266,0.23438803019561957
TCAGGTAGTTAAAGACx-3,0.7593978115573022,0.2406025203364525
TCCACACAGGTGGGTTx-3,0.7505556564523819,0.24944474996659177
TCCCGATCACCTATCCx-3,1.0,0.0
TCGTACCTCGCTTGTCx-3,0.7651773242453926,0.23482305447328916
TCCACACCATACTACGx-3,0.7510851935479615,0.24891521689719492
TCAGGATGTACATGTCx-3,0.7687525715668947,0.23124779520178507
TCGCGTTAGCACACAGx-3,0.7643605215068657,0.23563985187089237
TCCCGATAGACAGGCTx-3,0.7524947370468209,0.2475056397887835
TCGTACCTCATAGCACx-3,0.7619044639547179,0.23809591189779586
TCCACACTCTGATTCTx-3,0.684520531424342,0.3154798480084378
TCATTTGCAAAGGTGCx-3,0.7071229682885496,0.29287741330874173
TCAGGTAAGCGTGTCCx-3,0.7050651682505618,0.2949352131516885
TCGGGACGTGTGCCTGx-3,0.7623922036863362,0.23760817080083327
TCGGTAAAGGCCATAGx-3,0.7633564372690924,0.2366439363380654
TCGAGGCAGGCATGTGx-3,0.7580138643114231,0.24198649351161983
TCAGGATTCTCAAGTGx-3,0.7672827749983847,0.23271759500780936
TCGCGAGTCTACGAGTx-3,0.7504627582332049,0.2495376554490262
TCATTACGTACATGTCx-3,0.7667427333261885,0.23325763678269293
TCATTTGGTCAGAAGCx-3,0.7029832222062679,0.2970171470185366
TCGTAGAGTCCGAGTCx-3,0.7045072719521657,0.29549310952928565
TCCCGATGTTCTCATTx-3,0.7626454014433328,0.23735497539621164
TCGGGACGTCCGAACCx-3,0.7765421869447571,0.22345815796079055
TCGCGTTGTTATCCGAx-3,1.0,0.0
TCGGGACGTCTCTCGTx-3,0.7611008200091358,0.2388995528967471
TCCACACCACAGCGTCx-3,0.7732118016265718,0.22678855845572637
TCCACACCATCCAACAx-3,0.7612267123114967,0.2387736533377141
TCAGGATCAAGACGTGx-3,0.7066281958008508,0.2933721852947948
TCATTTGGTATCACCAx-3,0.7631090045657832,0.23689136904752583
TCTATTGAGGCAGGTTx-3,0.7618852252644341,0.23811515076305806
TCGTAGACACCTGGTGx-3,0.7705459030241901,0.22945446074374262
TCGAGGCCACGGATAGx-3,0.7781542237400119,0.2218461360023376
TCGCGAGCATGCATGTx-3,0.7362057911439784,0.26379458618208446
TCATTTGCAGGCTGAAx-3,0.7625933004535633,0.23740707327095464
TCGCGTTCACGTCAGCx-3,0.7615368475735449,0.23846352146195424
TCAGGTACAGCGAACAx-3,0.7062697479601701,0.2937306315717559
TCGGGACGTTTGACTGx-3,0.7616842642662708,0.23831611222137286
TCCACACAGCCTTGATx-3,0.7688842717897562,0.23111609407231276
TCGCGAGAGCGAGAAAx-3,0.7102148822950923,0.2897855000058891
TCTTCGGTCCGCGGTAx-3,0.7059998452433145,0.2940005289262043
TGACGGCAGGCGTACAx-3,0.7624034688456387,0.23759691375587647
TCTGGAAAGGATGCGTx-3,0.7614198466796279,0.238580538870803
TGAGCCGGTAGTGAATx-3,0.7614018212135092,0.2385985488165012
TGAGAGGGTTGTGGCCx-3,0.7076500679219143,0.29235030926582817
TGAGAGGAGTCTCGGCx-3,0.7594428904950301,0.24055748432450827
TCTTTCCCACAGCGTCx-3,0.7026003776154686,0.2974000089593408
TGAGCCGTCTAACGGTx-3,0.7629042515688446,0.23709612340377537
TCTGGAATCGCTTGTCx-3,0.7603188153508489,0.23968155981788236
TCTCATAGTCTCCACTx-3,0.7650159143284709,0.2349844557580371
TCTGAGACAGGTGGATx-3,0.7624210296443009,0.2375793455113999
TCTGGAAAGATATGCAx-3,0.7609080387379882,0.2390923363168322
TCTGGAATCGTCCGTTx-3,0.7042786898617213,0.29572169758544103
TGACTTTCATGCAATCx-3,0.7615792115572823,0.23842116298013388
TCTCATAAGGCATGGTx-3,0.7616208481638465,0.2383795393603261
TCTCTAAGTGACTCATx-3,0.7028421980700794,0.2971581569006405
TGACTAGGTCGGGTCTx-3,0.7038707854260379,0.2961296004011938
TCTATTGTCCGAACGCx-3,0.7612976999879826,0.23870267429517186
TCTCATATCGCTGATAx-3,0.7057505039050717,0.29424987667181757
TCTATTGTCCCATTATx-3,0.7665159751613597,0.23348438570054852
TGAAAGATCTGGCGTGx-3,0.6459918569398271,0.35400850643245685
TGACGGCCAGGTGGATx-3,0.7065897069615185,0.29341067594547326
TCTCTAACAAGTAGTAx-3,0.7597266034375385,0.2402737733112496
TGAGCCGTCTGGGCCAx-3,0.7614708772976182,0.2385295004579831
TGAGCATAGGACTGGTx-3,0.7049928986024697,0.2950074841118859
TCTCTAAGTTAGTGGGx-3,0.7613661357864621,0.23863424036423278
TCTTTCCCATGGAATAx-3,0.762491322496161,0.23750905203856357
TCTCTAAGTAAGCACGx-3,0.7625517159056276,0.2374486576218248
TCTGGAATCCACGCAGx-3,0.7795759572378695,0.22042439169189063
TGAAAGATCAGTCAGTx-3,0.760746892762029,0.23925347828704033
TCTCATACACCAACCGx-3,0.6976191810609216,0.3023811875348725
TGAGAGGAGTCCGTATx-3,0.7659569573457233,0.2340434123156089
TCTTTCCAGTGTCCATx-3,0.7610991319132256,0.23890124417245978
TGAGCCGCATCAGTCAx-3,0.6930814081560288,0.3069188981806335
TGACGGCAGATCCCATx-3,0.7626911039584807,0.23730927549689937
TGAGCATCAGCTGTGCx-3,0.6970509716146397,0.3029494120103092
TGAGAGGCACGAGAGTx-3,0.7065975405815752,0.2934027980925706
TGAGCCGCAATGAATGx-3,0.7638233455352704,0.23617702772827007
TCTCATAGTAAATGACx-3,0.7616220911875282,0.23837828432214603
TGAGAGGGTAAGGATTx-3,0.7616441268446542,0.23835624870048377
TCTCTAAGTTTGACTGx-3,0.7623077673788757,0.23769260802613368
TCTCTAAGTGTTCTTTx-3,0.7590321609081119,0.2409682149099322
TGAGCATCACCCTATCx-3,0.7618414814376568,0.23815889362087259
TGACTTTGTCCATGATx-3,0.7702332227708091,0.22976713707221139
TGAGCATCAGATGGCAx-3,0.7627002884073488,0.23730008208775585
TGAGAGGAGGACATTAx-3,0.7037452405120977,0.29625514564762956
TCTCATAAGTATCTCGx-3,0.7706790957260888,0.22932125974438225
TGACGGCAGGACACCAx-3,0.7066119570666782,0.2933884222828566
TCTGAGACAAGGCTCCx-3,0.6996115861913601,0.3003887936298285
TGAGCCGAGATGGGTCx-3,0.7568349847460198,0.24316538691834017
TCTCTAAAGGTCGGATx-3,0.7611278465545803,0.23887253117299864
TCTGGAATCCAAACACx-3,0.7598158690656729,0.2401845148867511
TCTCTAAGTAGAGTGCx-3,1.0,0.0
TCTTCGGTCCTGCCATx-3,0.7633505688519925,0.236649804948979
TGAGCATTCCGAACGCx-3,0.702298149404487,0.2977022295062362
TGAGCCGGTCTACCTCx-3,0.7003874198929257,0.2996129607810778
TGAGAGGGTCATATGCx-3,0.7050004925913373,0.29499988839433383
TGAAAGAGTCAGAAGCx-3,0.7065035425985974,0.2934968423459199
TCTTTCCCACGAAATAx-3,0.771408696325935,0.22859166699756703
TGAGAGGCATAGTAAGx-3,0.7633503597820974,0.23665000552200452
TGAGAGGGTGTAAGTAx-3,0.7521586784277132,0.24784170566155758
TGAGAGGCATCATCCCx-3,0.7608502904341935,0.2391500852200834
TGAGCCGGTCTCTCGTx-3,0.7652933846827306,0.2347069932723314
TCTGGAAAGCTACCGCx-3,1.0,0.0
TGACTAGGTGGCGAATx-3,0.7695255558111085,0.2304748112380381
TGACAACCAGGCAGTAx-3,0.7587756494284056,0.2412247245841259
TGAGCATTCTTGACGAx-3,0.7608997195221301,0.23910065674735728
TCTGAGACATCCTTGCx-3,0.758373816707598,0.24162656399069174
TCTCTAAGTCCTCCATx-3,0.7613584384137982,0.2386419356470551
TGAGCATAGCTTCGCGx-3,0.7643570687184364,0.23564330986498266
TCTCTAAGTTGTGGCCx-3,0.7621541078496992,0.23784626939356185
TCTTTCCAGGCCCTTGx-3,0.7569741144708415,0.24302626109215628
TCTGAGACAGGTCCACx-3,0.7632214784407231,0.23677889726916004
TGACAACCAAATTGCCx-3,0.7212204689042369,0.27877990812668113
TGAGCATCATAGTAAGx-3,0.7612441939950552,0.2387561833643586
TCTTCGGTCCGAGCCAx-3,0.7070775287409309,0.2929228479318897
TGAGAGGAGGGATCTGx-3,0.773300254074464,0.22670010394998916
TGACAACAGGGTGTGTx-3,0.7648010966315251,0.2351992709290821
TGAGAGGCATCGATGTx-3,0.762190458003467,0.23780991747119254
TGAAAGACATGGTCTAx-3,0.7048252448964939,0.29517514133183814
TGACAACTCATTATCCx-3,0.7592940233059089,0.24070634524688986
TGACTAGAGACAAGCCx-3,0.7540455058917132,0.24595486946917522
TGAGGGAAGAATCTCCx-3,0.7600500832097324,0.23995028824603112
TGACTAGCAAATACAGx-3,0.7633496331121425,0.23665073983277163
TGAGAGGCAGGGATTGx-3,0.7649583764429377,0.23504199559575206
TGACTTTTCATTATCCx-3,0.7616740633663052,0.23832631041330749
TGAAAGACAGGAATGCx-3,0.750410023128431,0.24959037999743808
TCTTCGGAGGTGACCAx-3,0.7631422863081723,0.23685808900356756
TGACGGCTCGTGGTCGx-3,0.7613561906653622,0.23864418361364853
TCTATTGGTTGATTCGx-3,0.7132504006495868,0.2867499826377956
TGACTAGTCAGCTTAGx-3,0.7643599986001935,0.23564037037592586
TGAAAGAGTTGTGGCCx-3,0.7608653195253603,0.2391350558288139
TGACAACGTAAACCTCx-3,0.7584194259161227,0.24158094847944714
TCTTCGGAGTTACGGGx-3,0.7621709930027778,0.23782938247145924
TGACTAGTCAACACACx-3,0.7628386183670036,0.23716175801764325
TCTTCGGGTCGGCTCAx-3,0.762986756986437,0.23701361857700623
TCTGAGAGTACTTAGCx-3,0.7064124077203707,0.2935879777699179
TGAAAGAAGAACAACTx-3,0.7647345055434356,0.2352658672402211
TCTCATAGTTTGTTTCx-3,0.7813953483727664,0.21860499806832698
TGCTACCGTCTAGCGCx-3,0.7060994140768967,0.2939009733976026
TGCCCTAGTGATGCCCx-3,0.7649629981280905,0.2350373784236929
TGGACGCGTTAAGAACx-3,0.7617978778487597,0.23820249834481008
TGCGGGTGTATAGGTAx-3,0.7616061224394056,0.23839424667484574
TGCCCATAGTGGGCTAx-3,0.7505907080871396,0.24940970307633936
TGCCCATTCCAAACTGx-3,0.7635308052437955,0.23646957450087858
TGCGCAGGTCACTGGCx-3,0.7505136409364664,0.24948676808487125
TGATTTCCATATGAGAx-3,0.7611539468012003,0.2388464259235986
TGAGGGATCCGTCAAAx-3,0.7613768041956189,0.23862356328800646
TGAGGGAGTGTTCTTTx-3,0.7624331715190408,0.23756720525939623
TGCCCATGTGTGTGCCx-3,0.7617735475608328,0.23822681085591674
TGCTACCCATCGGTTAx-3,0.6979293238220603,0.3020710563899408
TGCGTGGGTACAGACGx-3,0.7653163525504181,0.23468401774282738
TGCCCTAAGAATCTCCx-3,0.6977583744139627,0.30224200275087615
TGCCCATAGTTGAGTAx-3,0.7504281987148069,0.24957222065168483
TGCCCATCAGATCCATx-3,0.7046253289852237,0.29537505027436073
TGCGTGGCATTCTTACx-3,0.7626030941364715,0.2373972812128856
TGCTACCCATGGGACAx-3,0.7626154208570916,0.23738495483721347
TGGACGCCATGGGACAx-3,0.7744585799387355,0.2255417773406435
TGCCCTAAGACTAAGTx-3,0.7589484192421064,0.24105195343297584
TGCTGCTGTTAAAGACx-3,0.7647007725843646,0.23529960160123334
TGCGCAGAGAGTGAGAx-3,0.7617076865719846,0.23829268280653107
TGCCCATGTTCCTCCAx-3,0.7634655515793681,0.2365348239372652
TGCGTGGTCGCTTGTCx-3,0.7596874561656142,0.24031291944672178
TGCCCATCATATGGTCx-3,0.7611765904737133,0.23882378612554506
TGCGTGGAGTTCGCATx-3,0.7112069352518096,0.28879343035394345
TGCCCATGTTAAGACAx-3,0.761700233096336,0.23830014307898723
TGCGCAGTCTCCCTGAx-3,0.7620851764346158,0.2379151998279368
TGCACCTGTCCAAGTTx-3,0.764507220474388,0.23549316159440722
TGAGGGATCTGGCGTGx-3,0.705441461757186,0.29455892183974836
TGCCAAAGTGAGCGATx-3,0.7603301841189389,0.2396701905422925
TGCGTGGAGCCCAATTx-3,0.76124399221589,0.23875638390295673
TGCGTGGGTTGTGGAGx-3,0.761759695029143,0.23824068246841038
TGCACCTCATAAGACAx-3,0.771393709666429,0.22860665816826997
TGCTACCAGCTACCTAx-3,0.7621352914332733,0.23786508366453715
TGCTGCTCATAAAGGTx-3,0.5928300964627249,0.4071702603734553
TGCGCAGCACGGTAAGx-3,0.7872845187493416,0.21271581911420917
TGAGGGACATTGCGGCx-3,0.7333048774002484,0.26669522102444937
TGCCCATGTCATCCCTx-3,0.7029643547740887,0.2970360276570614
TGATTTCAGAAGGCCTx-3,0.7622576708547845,0.23774270289407537
TGCGGGTTCAACACTGx-3,0.7618024651848455,0.2381979056492047
TGCCAAATCTCTGAGAx-3,0.7622050500960061,0.23779533359913765
TGCGTGGAGGTCGGATx-3,0.7602300743958933,0.2397703012751806
TGGACGCGTCATATGCx-3,0.7647918035693366,0.23520856127688225
TGCCCATTCAATACCGx-3,0.7703337482911478,0.22966661568039057
TGCCCATGTCCTAGCGx-3,0.7596704949223569,0.24032988034420633
TGCGGGTGTCTACCTCx-3,0.7613301864694637,0.23867019040275542
TGCCCTAAGTAGGTGCx-3,0.7598657149955207,0.2401346608997929
TGCACCTGTAGCTTGTx-3,0.762906740200533,0.23709363531875702
TGCCCTACATGCAATCx-3,0.7671271927067058,0.23287317729569926
TGCTACCAGTCCCACGx-3,0.7617573596914243,0.23824301245527066
TGGCCAGTCTACCTGCx-3,0.7608802633746933,0.23912011369656044
TGCCAAATCACAGTACx-3,0.7607087060413932,0.23929166912257985
TGGACGCGTTCGGGCTx-3,0.7629232624997931,0.23707710947948724
TGCGCAGGTTGCGCACx-3,0.7620807432187863,0.23791963313179085
TGGCGCAAGACGCAACx-3,0.7611713963255403,0.23882897959474853
TGATTTCAGGCAAAGAx-3,0.7037738214192774,0.2962265570225966
TGGACGCTCCGTTGTCx-3,0.7619808561846363,0.23801951924001197
TGCGGGTCAGCCAATTx-3,0.762256289129901,0.23774408468654168
TGAGGGATCAGTTTGGx-3,0.762783112867273,0.23721726151820052
TGAGGGAGTCCAGTATx-3,0.765374406593205,0.23462596524710083
TGCCCATCAGCATACTx-3,0.7537308760175896,0.2462695145975822
TGCCCATGTCTTCTCGx-3,0.76056331525135,0.23943704261599402
TGCGGGTTCACAACGTx-3,0.7583694641802305,0.24163091304967377
TGCGTGGGTCTTCAAGx-3,0.7614333236084228,0.23856705177198018
TGCCCTAGTTGGTAAAx-3,0.7092682386002744,0.2907321450301214
TGCGCAGGTACCGTATx-3,0.6969739604859966,0.3030264154655684
TGCCAAAAGAACTCGGx-3,0.6318599568072151,0.36814039319769454
TGGACGCGTTCGCTAAx-3,0.7618812976166582,0.2381190785173682
TGATTTCGTACTTGACx-3,0.7565894619503757,0.24341091427686437
TGGACGCTCCGCTGTTx-3,0.7736835025541726,0.22631685985645048
TGCTGCTGTGGTTTCAx-3,0.7617468661009658,0.23825350923013006
TGCGTGGGTGTTAAGAx-3,0.7017761111785243,0.2982242756816229
TGCGGGTAGATAGGAGx-3,0.7050014555904924,0.2949989263065474
TGCGCAGCACAGACTTx-3,0.7628892713894155,0.2371110997811974
TGCCCTATCCCAGGTGx-3,0.7626396202963837,0.2373607553301101
TGATTTCTCAACACCAx-3,0.7622651744145413,0.2377351997226627
TGCTACCAGGAGCGAGx-3,0.7617789463015651,0.23822142501228472
TGGCCAGCATTCTTACx-3,0.7613401250710167,0.2386602487794015
TGCGGGTGTTGCGTTAx-3,0.7688057974257642,0.23119456940236732
TGCCCTATCTGTCTATx-3,0.7627494671110396,0.2372509070174035
TGGCCAGTCACTTACTx-3,0.7621065762227206,0.23789379945161926
TGCACCTCACAGCCCAx-3,0.7604666457541512,0.23953373019550933
TGCGCAGAGGAGTTTAx-3,0.7631002693769731,0.23690010669552433
TGGACGCCAGGCAGTAx-3,0.7621834739993997,0.23781689241963477
TGGCCAGTCCAGTATGx-3,0.7701561046064643,0.22984426536960592
TGAGGGATCGGAATCTx-3,0.7679919269467725,0.23200844107793847
TGCTGCTGTACCCAATx-3,0.7062907803865589,0.29370959878670155
TGCGCAGGTGCACGAAx-3,0.6934426084935558,0.3065577737764099
TGATTTCCATGGTCTAx-3,0.7744545619571992,0.22554579705449865
TGCGCAGCAAGTACCTx-3,0.759466775422585,0.24053360679397717
TGGCCAGCACCTCGGAx-3,0.7618406668387426,0.23815970656660349
TGATTTCCAAGCCATTx-3,0.7617738908034901,0.2382264847221167
TGCCCTATCCTGCAGGx-3,0.7616655858228907,0.23833479060011145
TGCCAAACACCAGTTAx-3,0.762714637990689,0.23728573782237553
TGGGCGTCAAAGTGCGx-3,0.7630264521654867,0.23697392232000541
TGTTCCGGTCGGCATCx-3,0.7592301851812067,0.2407701913999954
TGTTCCGGTCGGCACTx-3,0.7610124757820899,0.23898790066045894
TGTCCCATCATCTGCCx-3,0.7618849684318278,0.23811540835234524
TGTCCCATCAGCATGTx-3,0.7598709215194498,0.2401294533382284
TTAACTCAGATGTGTAx-3,0.7615400758602329,0.23846030093680387
TGTGGTAGTAATCACCx-3,0.6894662567873281,0.3105340787196577
TGTATTCAGACAGAGAx-3,0.7585404695483943,0.24145988684463263
TGTTCCGGTGCACCACx-3,0.7617261120762263,0.23827426177442138
TGGGAAGCACATCCAAx-3,0.7617523253867856,0.23824805037391233
TGTCCCAAGTTGTAGAx-3,0.705086961032729,0.294913430196195
TGTATTCTCATAAAGGx-3,0.7727287926774639,0.22727156584032351
TGGTTCCAGGGTATCGx-3,0.7084711961813682,0.29152918569449005
TTAACTCTCACCATAGx-3,0.7620023723201748,0.2379980032347977
TTAGGACGTTAAGTAGx-3,0.7504653083581808,0.24953510489752354
TGGTTCCGTCGATTGTx-3,0.7649588290521445,0.2350415343693697
TGGTTCCCATCTGGTAx-3,0.7630749007685819,0.23692547413851572
TGGTTAGCAGCTCCGAx-3,0.7631244767157278,0.23687589893699879
TGTCCCACAGGGCATAx-3,0.7613896077194626,0.238610767269124
TGTGGTAGTCTTGATGx-3,0.7546747785841967,0.2453255143625933
TTAGGACGTGGTAACGx-3,0.7638332788605507,0.23616709499550206
TGGGAAGAGTGGGTTGx-3,0.7643631858217824,0.23563718982262769
TGGCTGGGTTTGTGTGx-3,0.761268934377164,0.23873144063506313
TGGGAAGCAAGGTTCTx-3,0.7500613132134006,0.249939087408431
TGGGAAGAGCTAAGATx-3,0.7621137764950962,0.23788659945806992
TGGGAAGTCACGCGGTx-3,0.7696168741516703,0.23038348811439197
TGGGCGTTCTTCTGGCx-3,0.7715701392342141,0.2284302223141531
TGGGCGTCATTGGTACx-3,0.7516825983421944,0.2483177721133364
TTAACTCAGAGTACCGx-3,0.7034339440945934,0.2965664382621831
TTAACTCCACCGCTAGx-3,0.7635130871950137,0.23648728704169816
TGGGCGTCAGCGATCCx-3,0.7714861994823788,0.22851415568130798
TGTATTCGTCTGCGGTx-3,0.7456412247397921,0.25435915281581145
TGGGAAGGTAAGTGGCx-3,0.7485086288165429,0.2514916962548465
TGGTTCCAGGGATACCx-3,0.7319835700252458,0.26801681382030373
TGGGCGTCACGGATAGx-3,0.7602324924325335,0.23976786838266517
TGTATTCGTGACTACTx-3,0.7605376498220635,0.23946278832192072
TGTGTTTAGCGTTGCCx-3,0.7590632822662285,0.2409370936664366
TTAGGACAGACTAGATx-3,0.7623447936101825,0.237655616863857
TGGGAAGAGCAACGGTx-3,0.7611521696827249,0.23884820581403435
TGGCGCAGTTACTGACx-3,0.7628638117616874,0.23713657117261122
TGTATTCCACAGATTCx-3,0.7031193076254678,0.29688108101668415
TGGCTGGTCTTCATGTx-3,0.7060764514497083,0.29392393370349973
TTAACTCGTTACTGACx-3,0.7535947988515059,0.246405597543511
TGTCCCATCGTCACGGx-3,0.7622710568741287,0.23772930453807797
TGGGCGTTCCTCAACCx-3,0.7631259119431554,0.23687446339624482
TGGTTAGCACAGAGGTx-3,0.7662748702051262,0.2337254996856932
TGTGTTTAGACATAACx-3,0.762382826117237,0.23761754901203858
TGTGTTTGTATAGGGCx-3,0.7628380880246461,0.2371622480149966
TGGTTCCTCCGCTGTTx-3,0.761449583393774,0.23855079026852835
TGTGGTATCGTACCGGx-3,0.7625898302578726,0.23741054623677174
TGTATTCAGGACAGCTx-3,0.7619707738177512,0.23802960278722765
TGTTCCGTCAGGCAAGx-3,0.7060945120248313,0.2939058657555377
TGGGCGTCACCAGATTx-3,0.7054250856243298,0.2945752959247454
TGGGCGTTCTGCCAGGx-3,0.7540076485276123,0.24599275986409683
TGTTCCGCAATGTTGCx-3,0.7613173388954283,0.23868303688290574
TGGGAAGAGATCCCGCx-3,0.7065909243686995,0.29340941009367055
TGGGCGTCAGATTGCTx-3,0.7633386469772793,0.23666172826002488
TGGGCGTCAGCCTTGGx-3,0.7182218284841405,0.2817785584837405
TTAACTCAGTCGCCGTx-3,0.7503729332101602,0.24962745517879129
TGTCCCAGTCCAGTGCx-3,0.7624561970661553,0.2375441794309577
TTAACTCTCGCCAAATx-3,0.7545152386170455,0.2454848788316098
TGGGAAGAGTCGTACTx-3,0.7619185948385162,0.23808178159378376
TGTTCCGCAACGATCTx-3,0.7679146118574955,0.23208575690143374
TTAGGACGTAGTACCTx-3,0.7626503856179075,0.23734998971382615
TGTTCCGTCCCTTGTGx-3,0.7625670592659999,0.23743331739834536
TGTTCCGTCTCGTATTx-3,0.6879620866861331,0.3120382870024258
TGTTCCGTCTGAGGGAx-3,0.7624512323980691,0.2375491437362997
TGTGGTAGTTTCCACCx-3,0.7623824781004261,0.23761789628660263
TTAACTCTCTGCCAGGx-3,0.7622973355258205,0.2377030357892066
TGTTCCGTCTTGTATCx-3,0.7625600521852921,0.23744032068871943
TGGTTAGCATGGTCATx-3,0.7599765426477174,0.24002383984630027
TGGGCGTTCCTATGTTx-3,0.6963947650800927,0.30360561707027256
TGGGCGTAGCTTCGCGx-3,0.7622559159344898,0.23774445900361635
TGGTTCCAGTCCAGGAx-3,0.7667146663894256,0.23328570286252528
TGTGTTTCAGTGAGTGx-3,0.706989486311808,0.2930107211524317
TGGGAAGTCTCATTCAx-3,0.7510735710270646,0.2489268159777861
TGGTTCCTCTTATCTGx-3,0.7632083541968337,0.2367920208966456
TGGCTGGAGTTTCCTTx-3,0.7619583007509229,0.2380420740332402
TGGCTGGAGTAACCCTx-3,0.758534920956032,0.24146549109093718
TGTCCCACATGCGCACx-3,0.7609816563348906,0.2390187184378587
TGTATTCAGCGGCTTCx-3,0.7625177261231646,0.2374826482688642
TGTGTTTGTACAGCAGx-3,0.7344564965934739,0.2655438832441543
TGTGGTAAGTTGAGATx-3,0.7609422522771332,0.239058112835643
TGTTCCGTCACCAGGCx-3,0.7093212446222334,0.2906790469160414
TGTATTCAGCGCTCCAx-3,0.7074907515646891,0.2925096170141039
TGGTTCCCATGTCCTCx-3,0.761553904956317,0.23844646767697394
TGTGGTAGTATGAAACx-3,0.7049597375694119,0.2950406483299508
TGGTTAGGTTGTCTTTx-3,0.7608944561234366,0.2391059137195804
TGTGTTTAGGTGCTTTx-3,0.7619156289136472,0.23808474566697418
TGGTTCCCAGTAGAGCx-3,0.7567534096204478,0.24324697193009867
TGTGGTAAGAAAGTGGx-3,0.7622968979113603,0.2377034811229188
TTAGGACTCACTCCTGx-3,0.7594432904264915,0.24055707973247592
TTCTACATCTAACCGAx-3,0.7623485557481727,0.23765180916015005
TTCTCAATCATTGCGAx-3,0.7023981493882702,0.2976022312676758
TTAGTTCCAATGGAATx-3,0.7633063292495376,0.23669404870530228
TTGCGTCAGTACGCGAx-3,0.761992462827249,0.23800791301912827
TTAGTTCTCGCGTTTCx-3,0.7614232367456749,0.23857713912456388
TTCTCAACAACAACCTx-3,0.7785102584516052,0.22149009282794146
TTCGGTCGTCCTCCATx-3,0.7617769520563769,0.23822342396927587
TTCCCAGGTCACTGGCx-3,0.7053575290659175,0.2946428458479212
TTGAACGAGCATCATCx-3,0.7051440307029743,0.2948563503228317
TTCTCAAAGGTGCTTTx-3,0.760486574339832,0.23951380170714143
TTCTCCTCAAGTAGTAx-3,0.7623691595451337,0.23763122402116021
TTCGGTCAGTTTCCTTx-3,0.7605072203666934,0.23949312844763054
TTGAACGCAGGTCTCGx-3,0.7608047814044365,0.23919559684912384
TTGAACGTCTCAAACGx-3,0.7498011659378282,0.250199244932715
TTCTACATCCAAAGTCx-3,0.7620990926063956,0.23790128120630644
TTCTCCTTCCTAGAACx-3,0.75981507744092,0.24018530291217507
TTAGTTCAGAAACGAGx-3,0.7692801163648079,0.23072024331175509
TTATGCTCAATAAGCAx-3,0.7634251205763365,0.23657525338016233
TTGAACGCATGACGGAx-3,0.7061434614402106,0.29385692094623883
TTCTCCTTCCCTAATTx-3,0.761890413850222,0.2381099596396767
TTGAACGGTACTTAGCx-3,0.7619587733964264,0.23804160486228626
TTCGAAGCAACGATCTx-3,0.7628257169289102,0.23717465280274652
TTCTCAACATCTATGGx-3,0.7612786011155861,0.2387217741669371
TTCGGTCAGGGATACCx-3,0.7646104626650484,0.2353899103259474
TTCTCAAAGGACAGAAx-3,0.7563417403020364,0.24365863975866517
TTATGCTAGTGGTAGCx-3,0.7674700734450736,0.23253030107842168
TTGCGTCCACCGCTAGx-3,0.7642400163802635,0.23576035859530253
TTAGTTCCAGGTCCACx-3,0.7679921372793217,0.2320082303783821
TTAGGCAAGAAGGGTAx-3,0.7640151809551065,0.2359851939278717
TTCTTAGTCCGGCACAx-3,0.7633001911551383,0.23670018372253174
TTGCCGTAGCTGCGAAx-3,0.7621867004514922,0.2378136768793249
TTCTCCTAGCGTAGTGx-3,0.7569136646330018,0.24308670978344993
TTCTTAGTCCCGGATGx-3,0.7753386730367308,0.22466168293577743
TTCTCAACATGAAGTAx-3,0.7496323422951986,0.25036806183396476
TTCTTAGTCCTCAACCx-3,0.7274607556751079,0.2725393865146242
TTAGGCAGTCGGCATCx-3,0.7596465359127815,0.24035384013659217
TTATGCTCAGATGGGTx-3,0.7619484900628914,0.23805188347643286
TTCTCAAAGGTGATATx-3,0.7048881434916442,0.29511224116857876
TTCCCAGAGTGCTGCCx-3,0.7140391537796421,0.28596109953118837
TTAGTTCGTCTGGTCGx-3,0.7634299786733716,0.23657039545460656
TTATGCTCACAACGTTx-3,0.7627720490330331,0.2372283277043832
TTAGTTCCAGCCTTTCx-3,0.7728484701564802,0.22715189054634574
TTGACTTAGCGATCCCx-3,0.7620138981269255,0.23798647767188597
TTCTCAAAGTGAAGTTx-3,0.7592477246543687,0.240752650245343
TTGCCGTTCACGCATAx-3,0.7613134147389468,0.23868696086235114
TTGACTTAGGGTGTTGx-3,0.7452804069072688,0.2547199705154618
TTCTCCTTCATGTCCCx-3,0.7636403476447121,0.2363600261015923
TTCGGTCCACCTATCCx-3,0.7677882446603834,0.23221212318938364
TTCGGTCTCTATCGCCx-3,0.7056873148610927,0.29431306997987905
TTCCCAGGTAACGTTCx-3,0.7058187542834242,0.2941816305462524
TTATGCTAGCGTGAACx-3,0.7612683973121787,0.23873197809180222
TTGCCGTAGACTTGAAx-3,0.704049829511306,0.29595055463275677
TTATGCTCATTGGGCCx-3,0.7716034669723721,0.2283968959916367
TTCTACAGTGGTAACGx-3,0.7621353743992464,0.23786500037766348
TTGACTTTCTGGTGTAx-3,0.7624048907751564,0.23759548618535975
TTCGGTCAGCGTAATAx-3,0.762821868559296,0.23717848045696135
TTCTCCTCAGTAAGATx-3,0.7792547596562928,0.22074559265939792
TTCCCAGGTTTCCACCx-3,0.7635685675077979,0.23643180639040864
TTCGGTCCAGGGATTGx-3,0.7473829925654228,0.25261738432445685
TTCTACATCCCACTTGx-3,0.7032805676985829,0.29671981364256406
TTGACTTTCACGGTTAx-3,0.761515738443919,0.23848463625210578
TTAGGCACAGCGAACAx-3,0.7058431997579454,0.2941571761618798
TTAGGCAGTTACGGAGx-3,0.7576136435087794,0.24238673046813633
TTAGTTCAGCAAATCAx-3,0.7518907931464619,0.2481096016911153
TTGAACGTCATTATCCx-3,0.7617021501637327,0.23829819012993603
TTCTTAGGTGCCTTGGx-3,0.7047040359953428,0.2952963474528768
TTCGAAGAGAATTCCCx-3,0.7040381069756466,0.2959622724156531
TTGACTTGTAGCGTCCx-3,0.7605200609323494,0.23948031067680722
TTCTCCTCAGAGCCAAx-3,0.7627689664010758,0.23723140848842783
TTGCCGTTCCTAGTGAx-3,0.7595534055366724,0.2404469656924921
TTGAACGGTCTGGAGAx-3,0.7765683681574876,0.2234319865945313
TTCGGTCAGAGGTTATx-3,0.7652777384508884,0.23472263306413513
TTCCCAGCATCACAACx-3,0.7613415794020499,0.23865888422560574
TTGCCGTTCACATACGx-3,0.750224916481784,0.24977546297459835
TTCTTAGAGCTAGTGGx-3,0.7639752412111316,0.23602512431781042
TTCGGTCAGAGCCCAAx-3,0.7554857748030807,0.24451463587460448
TTGCCGTAGGCTCTTAx-3,0.7640432547097398,0.23595712386754972
TTCTACATCGAATGCTx-3,0.7059102616748916,0.2940901125815054
TTCGAAGCAGCCAATTx-3,0.7624867659936764,0.2375136082909573
TTGAACGCAAGCCGTCx-3,0.7626880072719339,0.23731236760018246
TTAGGCAGTACTCTCCx-3,0.7602862060096288,0.23971417531097727
TTCCCAGCAGGGTACAx-3,0.722098310081678,0.27790208486244744
TTAGTTCGTAAGGGCTx-3,0.7632914968715819,0.23670887829662543
TTCTTAGTCTGATACGx-3,0.7609420919010834,0.2390582912505923
TTCGGTCGTCTCTCTGx-3,0.7635320145587208,0.23646835890394088
TTAGTTCCATGCCTTCx-3,0.7646205040661442,0.23537986775585906
TTCTCCTCAATAAGCAx-3,0.7645362112756995,0.2354641609929766
TTAGTTCTCAGAGACGx-3,0.7053834417322355,0.2946169367799566
TTCTTAGGTCATGCATx-3,0.7033578343489035,0.29664253705263427
TTAGGACTCCGAATGTx-3,0.7626443376016462,0.23735603793421642
TTGCCGTCAGATGAGCx-3,0.7055517423506186,0.2944486315321178
TTCCCAGCAGATGAGCx-3,0.7636461861091121,0.23635419061581445
TTCTCAATCATTTGGGx-3,0.7619981069663104,0.23800226702031296
TTTACTGAGCTGGAACx-3,0.7655878963330045,0.234412474767808
TTGCGTCTCTTTAGTCx-3,0.7733861556622186,0.2266142064711632
TTTGCGCCACACCGACx-3,0.7020475743607405,0.2979528112166627
TTTCCTCTCCACGCAGx-3,0.7047317149975134,0.2952686605691659
TTTACTGTCTGAGTGTx-3,0.7067926407723555,0.293207743064568
TTGCGTCGTTAAAGTGx-3,0.7639366276495465,0.23606374717770567
TTTGGTTAGCAGGTCAx-3,0.7652448224457342,0.2347555507261624
TTTGGTTGTCGCGGTTx-3,0.7630424384439075,0.2369579342546199
TTTATGCAGGCACATGx-3,0.7628498784307126,0.23715049688333883
TTTATGCGTTCTGTTTx-3,0.7627228879594912,0.23727749488338581
TTTGGTTGTGTCCTCTx-3,0.761135166520589,0.2388652092510125
TTGGAACAGAGGTTGCx-3,0.7074276459619772,0.2925727374039479
TTTATGCGTAGTAGTAx-3,0.746570671774165,0.25342970637476786
TTGGCAATCGTACCGGx-3,0.7025777135595007,0.2974226728859779
TTTACTGAGACACGACx-3,0.7738001458612771,0.2262002099674134
TTTGGTTAGGAATTACx-3,0.7674116776622367,0.2325886924463883
TTTGGTTAGAGTACATx-3,0.7727161513760741,0.22728420580149575
TTGGCAAAGTCCCACGx-3,0.7649676443789025,0.23503272327864322
TTGGAACAGACTAGGCx-3,0.7683865445189555,0.23161382334139655
TTGTAGGAGTGTACTCx-3,0.767244622060078,0.23275574350904693
TTTATGCCAGCCAATTx-3,0.683912381169093,0.3160879966277327
TTTGCGCAGTCCTCCTx-3,0.713535381548711,0.28646499857395247
TTTATGCGTAGAGGAAx-3,0.7613843842876169,0.23861599090828056
TTTGCGCCAAGGTTTCx-3,0.7671416421915315,0.23285872048157555
TTGGAACTCACTTACTx-3,0.7623158873146162,0.23768448119881302
TTTACTGTCTAACTGGx-3,0.7617778973899587,0.23822247896403087
TTTATGCCATGCATGTx-3,0.7056665038087178,0.29433387905785846
TTTCCTCTCTTTAGGGx-3,0.7658906095737773,0.2341097530115331
TTTGCGCGTATATGAGx-3,0.7630184683572536,0.23698190621161472
TTGGCAAAGTTCGATCx-3,0.7675896505072412,0.23241071707954386
TTTCCTCTCGGTCTAAx-3,0.7632873577203874,0.23671300952591698
TTTGCGCCACTCAGGCx-3,0.7631230188949499,0.23687735763191745
TTTGGTTCACAGAGGTx-3,0.7619489494177779,0.2380514252380784
TTTGGTTGTCCAGTATx-3,0.7048646003911773,0.29513578362913484
TTGGAACGTCCTCCATx-3,0.6372091656437274,0.36279118880717676
TTTACTGGTACAGTGGx-3,0.762941331595632,0.2370590512308383
TTTGCGCCAGTCAGAGx-3,0.7047986513793447,0.2952017334241005
TTTCCTCCACATAACCx-3,0.7709639241367731,0.22903644074553683
TTTCCTCAGAAACCTAx-3,0.7086623330695133,0.2913380289782519
TTGCGTCCATGGTCATx-3,0.7600815194354825,0.23991885256550344
TTGCGTCTCACGAAGGx-3,1.0,0.0
TTTGTCAGTCGCCATGx-3,0.7588921852371416,0.24110813627260275
TTGCGTCGTCTTTCATx-3,0.7605878136483285,0.23941256261623392
TTTATGCAGTGGAGAAx-3,0.7790961275512748,0.2209042213346607
TTGGCAATCCAATGGTx-3,0.7697571657238746,0.23024320524761613
TTTCCTCCACACTGCGx-3,0.7662635765482549,0.23373679324933513
TTGCGTCGTTGTCTTTx-3,0.7616918063803774,0.23830856825232555
TTTGCGCTCCACTCCAx-3,0.7652228123110068,0.23477755791208235
TTTGGTTAGGACATTAx-3,0.7604779453545848,0.2395224157617205
TTTGTCAAGTATTGGAx-3,0.7630835899343094,0.23691680237493457
TTGCGTCGTGACGGTAx-3,0.7647233767121995,0.2352769939955891
TTTCCTCAGAGCTGGTx-3,0.7635347709380278,0.23646559990967114
TTTGTCACAAGCGAGTx-3,0.7638044484216782,0.23619592717927893
TTGTAGGCAGATCTGTx-3,0.7561132609087005,0.243887125420766
TTTGTCATCACTTATCx-3,0.7686616241806745,0.23133874213269265
TTGGCAAGTCCGAGTCx-3,0.7624342368507676,0.23756613851883743
TTTGTCATCTGTCTATx-3,0.7008042295884643,0.2991961589618706
TTTACTGAGATGCGACx-3,0.7858665158979196,0.21413382486018817
TTTATGCGTAAACACAx-3,0.765375527936251,0.2346248437124211
TTTGCGCTCTGGTTCCx-3,0.7613694916823842,0.23863096417074797
TTTCCTCCAGACACTTx-3,0.7002516705297503,0.2997487129801174
TTGGCAATCCTATGTTx-3,0.7128686925051475,0.2871316650717148
TTTCCTCAGAAACCATx-3,0.7622952973049468,0.23770507765021232
TTTCCTCGTCCGCTGAx-3,0.7498746350763741,0.2501257748227036
TTGGCAACAGATCTGTx-3,0.7629911626340166,0.23700922027514848
TTTACTGTCCCGACTTx-3,0.7607471751519868,0.2392532038260843
TTTACTGTCGCAAGCCx-3,0.7156160400791219,0.28438432840523853
TTTGGTTCATCCAACAx-3,0.7046988407206073,0.2953015321369487
TTTATGCTCTGGCGACx-3,0.7505417728176005,0.24945863842729338
TTTATGCTCCGAACGCx-3,0.7227712103914,0.27722897366083465
TTTGCGCGTGGCAAACx-3,0.7040377599079598,0.29596261857338496
TTTACTGTCCTTTCGGx-3,0.7621633407919334,0.23783703565582565
TTGTAGGGTTCTGTTTx-3,0.7522608774384035,0.24773951842429287
TTTATGCTCAATACCGx-3,0.6982400284830228,0.3017603545321328
TTGGCAAGTCTTCTCGx-3,0.7611807180716942,0.23881966027577203
