index,0
AACTCTTCACGAGAGTx-0,0.04859483144916518
AAGACCTAGCGTGTCCx-0,0.06535196475304404
AAACCTGAGCAGACTGx-0,0.04859483144916518
AACTGGTTCGTCCAGGx-0,0.16241177257645678
AACGTTGGTCAGAATAx-0,0.04859483144916518
AACTCTTAGTCACGCCx-0,0.04859483144916518
AACACGTAGGGTTCCCx-0,0.3605039624414425
AACTCCCGTCCTGCTTx-0,0.04859483144916518
AACTGGTCACCTCGTTx-0,0.04859483144916518
AAAGTAGGTATCTGCAx-0,0.05418054255045813
AACCATGAGAGTCGGTx-0,0.16241177257645678
AAAGATGAGCTAACTCx-0,0.04859483144916518
AAATGCCAGCGCCTCAx-0,0.16241177257645678
AACTCCCAGAGTGAGAx-0,0.04859483144916518
AAAGCAATCGTTTATCx-0,0.16241177257645678
AAGACCTGTAGAGCTGx-0,0.06535196475304404
AAAGTAGTCACATGCAx-0,0.04859483144916518
AAATGCCAGGGTCTCCx-0,0.04859483144916518
AAACCTGAGTTATCGCx-0,0.06535196475304404
AAATGCCCATGCATGTx-0,0.06535196475304404
AACTTTCTCCGCAGTGx-0,0.06535196475304404
AACCATGCAATCGAAAx-0,0.04859483144916518
AAAGATGTCCACGCAGx-0,0.04859483144916518
AAGCCGCCACATCTTTx-0,0.16241177257645678
AACGTTGAGAGTGACCx-0,0.04859483144916518
AAGCCGCAGAAACGCCx-0,0.06535196475304404
AACGTTGAGATCGGGTx-0,0.0
AAAGCAACATTAGGCTx-0,0.04859483144916518
AACTGGTGTAAATGACx-0,0.06535196475304404
AACTCTTTCTTGCATTx-0,0.04859483144916518
AAATGCCTCTGACCTCx-0,0.04859483144916518
AAAGTAGAGGCCATAGx-0,0.16241177257645678
AAGACCTAGAGTTGGCx-0,0.16241177257645678
AAATGCCAGCAGGCTAx-0,0.04859483144916518
AAACGGGCAGCGATCCx-0,0.05418054255045813
AAACGGGAGGCTAGGTx-0,0.04859483144916518
AAATGCCGTTCACCTCx-0,0.04859483144916518
AAACCTGGTCTCTTTAx-0,0.04859483144916518
AAAGTAGGTTGAGGTGx-0,0.16241177257645678
AAAGTAGTCGGCGCATx-0,0.16241177257645678
AACTGGTTCGCTTAGAx-0,0.1244727922006929
AAATGCCAGGCTAGCAx-0,0.04859483144916518
AAACGGGGTCTAGTGTx-0,0.04859483144916518
AACCATGGTGCGCTTGx-0,0.16241177257645678
AAGACCTTCGTCCAGGx-0,0.04859483144916518
AACTCCCGTAGGAGTCx-0,0.06535196475304404
AAAGTAGGTCAAGCGAx-0,0.16241177257645678
AACTGGTGTTTGTTTCx-0,0.06535196475304404
AACACGTGTCCAACTAx-0,0.04859483144916518
AAACGGGCATCGGAAGx-0,0.06535196475304404
AAGACCTAGCTAAACAx-0,0.16241177257645678
AACCATGAGCAGGCTAx-0,0.04859483144916518
AACTCAGTCCATGAACx-0,0.04859483144916518
AACTGGTCACGTGAGAx-0,0.04859483144916518
AACACGTTCTTAACCTx-0,0.16241177257645678
AAACCTGTCCTAAGTGx-0,0.04859483144916518
AACGTTGTCAGCTGGCx-0,0.04859483144916518
AACTTTCCACGGCGTTx-0,0.08653381182492904
AAACGGGGTAAAGGAGx-0,0.04859483144916518
AAACCTGTCTTGAGACx-0,0.04859483144916518
AAGACCTAGTCACGCCx-0,0.06535196475304404
AACCGCGGTATCAGTCx-0,0.16241177257645678
AACGTTGAGCGTAGTGx-0,0.05418054255045813
AACTCAGGTTCGCGACx-0,0.06535196475304404
AAATGCCAGATACACAx-0,0.04859483144916518
AACTCCCCAATCGGTTx-0,0.04859483144916518
AACTTTCGTCTTGTCCx-0,0.092119522926222
AACCATGGTCGAATCTx-0,0.06535196475304404
AAAGATGGTCTAGAGGx-0,0.04859483144916518
AAAGATGAGCTAGTGGx-0,0.04859483144916518
AAAGATGAGGTAAACTx-0,0.06535196475304404
AAACCTGCAATCGGTTx-0,0.04859483144916518
AACTCAGCACTTGGATx-0,0.04859483144916518
AAAGTAGTCAAGGTAAx-0,0.06535196475304404
AAAGCAACACGGTAAGx-0,0.06535196475304404
AACTTTCTCTCCAACCx-0,0.04859483144916518
AAGACCTTCTGTCAAGx-0,0.04859483144916518
AACCGCGGTGTTTGTGx-0,0.04859483144916518
AAACCTGGTCCAAGTTx-0,0.04859483144916518
AAACGGGAGATCCGAGx-0,0.04859483144916518
AACCATGTCATAACCGx-0,0.06535196475304404
AACTCCCTCTTGACGAx-0,0.04859483144916518
AACTGGTTCTTACCTAx-0,0.08653381182492904
AACTCCCCAGCTGTGCx-0,0.04859483144916518
AAAGATGTCGCACTCTx-0,0.04859483144916518
AACCGCGGTCAGATAAx-0,0.16241177257645678
AAGCCGCCAGAGTGTGx-0,0.04859483144916518
AACTGGTCACCCAGTGx-0,0.16241177257645678
AAACGGGTCGAATGGGx-0,0.16241177257645678
AAGCCGCCACGGACAAx-0,0.06535196475304404
AACCGCGAGCAGGTCAx-0,0.16241177257645678
AAACCTGGTCATTAGCx-0,0.04859483144916518
AAGACCTAGGAATTACx-0,0.16241177257645678
AACGTTGGTCGCGGTTx-0,0.16241177257645678
AACTTTCAGCGATCCCx-0,0.04859483144916518
AAGGCAGAGTGGGTTGx-0,0.08653381182492904
AATCGGTCAAAGCGGTx-0,0.0
ACATCAGCATTGCGGCx-0,0.04859483144916518
ACCAGTAAGTGTCCCGx-0,0.04859483144916518
ACACCCTAGGTAGCTGx-0,0.06535196475304404
ACAGCCGGTTACCGATx-0,0.06535196475304404
ACCGTAAGTGCTGTATx-0,0.04859483144916518
ACCAGTAGTAGAGTGCx-0,0.04859483144916518
AAGGCAGTCTACTCATx-0,0.04859483144916518
AATCGGTGTCTTCAAGx-0,0.06535196475304404
ACCGTAAGTAGCGCTCx-0,0.1244727922006929
AAGGCAGGTCAAAGCGx-0,0.06535196475304404
ACACTGAAGGGTTCCCx-0,0.04859483144916518
ACGAGCCCAAGTCTGTx-0,0.06535196475304404
ACACCGGCAGATGGGTx-0,0.04859483144916518
ACCTTTAGTTCCAACAx-0,0.16241177257645678
ACCCACTTCGTTGCCTx-0,0.04859483144916518
ACACTGAAGCACAGGTx-0,0.16241177257645678
ACCCACTAGACTACAAx-0,0.06535196475304404
AATCGGTTCGCCAGCAx-0,0.04859483144916518
ACATCAGGTTCTCATTx-0,0.04859483144916518
ACATACGCATTGTGCAx-0,0.06535196475304404
ACCTTTACAATAGAGTx-0,0.04859483144916518
AATCGGTCACGAAATAx-0,0.04859483144916518
ACCTTTATCGGTTAACx-0,0.16241177257645678
ACCCACTAGGCTAGACx-0,0.04859483144916518
ACAGCTAAGGACATTAx-0,0.04859483144916518
ACCAGTAAGATGTCGGx-0,0.05418054255045813
ACACTGAGTAGCGCTCx-0,0.04859483144916518
AATCGGTTCGGTTCGGx-0,0.04859483144916518
ACACCAAGTCCAAGTTx-0,0.06535196475304404
ACAGCTAAGTTCGCATx-0,0.04859483144916518
ACACCCTGTGGTGTAGx-0,0.06535196475304404
ACATGGTTCGAATGCTx-0,0.04859483144916518
ACACCCTCACAGACAGx-0,0.06535196475304404
ACATGGTGTTTCCACCx-0,0.06535196475304404
AAGTCTGGTACTCGCGx-0,0.06535196475304404
AAGGAGCGTAATAGCAx-0,0.04859483144916518
ACCTTTACAAGCCGCTx-0,0.04859483144916518
ACACTGAAGGCGTACAx-0,0.04859483144916518
ACACCCTTCTACCAGAx-0,0.06535196475304404
ACACTGAGTGAACCTTx-0,0.06535196475304404
ACATGGTGTACCTACAx-0,0.16241177257645678
ACGAGCCAGTGGGATCx-0,0.04859483144916518
ACCGTAATCCACGCAGx-0,0.06535196475304404
AAGTCTGGTGAGGCTAx-0,0.04859483144916518
AAGGAGCTCGCAAGCCx-0,0.16241177257645678
AATCCAGTCACTGGGCx-0,0.16241177257645678
ACGAGCCAGAACTGTAx-0,0.1244727922006929
ACCTTTACATCGGAAGx-0,0.16241177257645678
ACATGGTTCGTCTGAAx-0,0.04859483144916518
ACCCACTGTTCCAACAx-0,0.04859483144916518
ACCCACTGTCCATGATx-0,0.16241177257645678
ACATGGTGTGACAAATx-0,0.04859483144916518
AAGGAGCGTCTCCACTx-0,0.0
ACAGCCGGTCTAAACCx-0,0.04859483144916518
ACACCGGGTGATGATAx-0,0.16241177257645678
AAGGCAGTCCGCTGTTx-0,0.04859483144916518
ACACCCTGTAAGGGAAx-0,0.06535196475304404
ACAGCCGTCGTGACATx-0,0.04859483144916518
ACACTGATCTTGTACTx-0,0.06535196475304404
ACACCCTTCGTATCAGx-0,0.04859483144916518
ACCCACTTCGGTTCGGx-0,0.04859483144916518
ACATACGAGAACTGTAx-0,0.04859483144916518
ACATCAGTCACGAAGGx-0,0.06535196475304404
AAGGCAGCACGTGAGAx-0,0.04859483144916518
ACATCAGGTGATGTGGx-0,0.06535196475304404
ACAGCCGAGGCCCTTGx-0,0.04859483144916518
ACCGTAATCAGGCCCAx-0,0.16241177257645678
AAGGCAGCACAACTGTx-0,0.06535196475304404
AATCGGTGTAAGGATTx-0,0.04859483144916518
ACATCAGGTTGCGCACx-0,0.04859483144916518
ACGAGCCAGGTAGCCAx-0,0.16241177257645678
AAGGTTCCATGCCTTCx-0,0.04859483144916518
ACACTGAGTAGAAAGGx-0,0.16241177257645678
AATCCAGGTCGCGGTTx-0,0.06535196475304404
ACACTGAGTTAGTGGGx-0,0.04859483144916518
ACACCAAGTCGGCATCx-0,0.04859483144916518
ACACCGGCACCGGAAAx-0,0.08653381182492904
ACCTTTAAGATGCGACx-0,0.16241177257645678
ACCCACTTCCGGCACAx-0,0.04859483144916518
ACACCGGAGTGCGATGx-0,0.04859483144916518
ACACCCTCATTGGTACx-0,0.04859483144916518
ACGAGCCAGACAAAGGx-0,0.0
ACACCGGTCTTGAGACx-0,0.16241177257645678
ACACTGATCTCCAACCx-0,0.04859483144916518
AATCCAGAGCTTATCGx-0,0.04859483144916518
ACCGTAAAGCGATCCCx-0,0.16241177257645678
ACATGGTGTCCAAGTTx-0,0.06535196475304404
ACACTGAAGCGTCTATx-0,0.16241177257645678
AAGCCGCTCAGGTAAAx-0,0.16241177257645678
ACATACGAGTGTCTCAx-0,0.16241177257645678
ACATCAGTCGCCTGTTx-0,0.16241177257645678
ACCAGTATCATCATTCx-0,0.04859483144916518
ACTGTCCGTTAAGTAGx-0,0.04859483144916518
ACGATGTTCGGCTTGGx-0,0.04859483144916518
ACTGTCCCACAGACTTx-0,0.04859483144916518
ACTGTCCTCCCTAACCx-0,0.04859483144916518
ACGGGTCAGGGAACGGx-0,0.04859483144916518
ACGCCAGTCTGCTGCTx-0,0.04859483144916518
ACTGATGGTTGTGGCCx-0,0.06535196475304404
ACGTCAATCAGCGACCx-0,0.24748160469447586
ACGATACCACGCTTTCx-0,0.13005850330198587
ACTGATGTCACATAGCx-0,0.38876247500226374
ACTGAGTCATCCTAGAx-0,0.06535196475304404
ACGATGTAGGTACTCTx-0,0.04859483144916518
ACGGGCTAGCCAGTAGx-0,0.04859483144916518
ACGTCAACACAGTCGCx-0,0.04859483144916518
ACGATGTAGGGCTTGAx-0,0.04859483144916518
ACTGAGTTCTGCCCTAx-0,0.04859483144916518
ACGGGCTCATCGTCGGx-0,0.16241177257645678
ACGATGTTCTGGAGCCx-0,0.3605039624414425
ACGCAGCAGTTGCAGGx-0,0.16241177257645678
ACGGGCTGTAGCGTAGx-0,0.04859483144916518
ACTATCTTCTGATTCTx-0,0.4918176621306598
ACTTACTTCCGCAAGCx-0,0.16241177257645678
ACTGCTCAGTAGATGTx-0,0.0
ACGTCAATCGCCCTTAx-0,0.1244727922006929
ACGCAGCTCAATCACGx-0,0.06535196475304404
ACTGAGTAGAGTCTGGx-0,0.16241177257645678
ACGATACTCCTCAACCx-0,0.06535196475304404
ACGCCGATCGGACAAGx-0,0.04859483144916518
ACGATGTAGAGAGCTCx-0,0.16241177257645678
ACTTACTCACTAAGTCx-0,0.04859483144916518
ACGCCAGCATCTCGCTx-0,0.3101463814497511
ACGTCAAGTGAGTATAx-0,0.04859483144916518
ACGGGTCCACGGCTACx-0,0.16241177257645678
ACGGGCTCACAAGTAAx-0,0.06535196475304404
ACTGCTCTCTCTGCTGx-0,0.06535196475304404
ACGCCGAGTCCAGTGCx-0,0.04859483144916518
ACGCAGCTCGTCCGTTx-0,0.04859483144916518
ACGAGGATCTCACATTx-0,0.04859483144916518
ACTGATGCAACTGCTAx-0,0.04859483144916518
ACGATACGTTATCCGAx-0,0.06535196475304404
ACTATCTCATATACCGx-0,0.04859483144916518
ACTGCTCAGACTTGAAx-0,0.04859483144916518
ACGGAGACACATGGGAx-0,0.06535196475304404
ACGTCAAAGAGCCTAGx-0,0.05976625365175108
ACGAGGATCTGGTGTAx-0,0.16241177257645678
ACGGGTCAGCCACTATx-0,0.06535196475304404
ACTGATGGTACAGCAGx-0,0.04859483144916518
ACTGCTCAGCGATAGCx-0,0.04859483144916518
ACTGAACAGCTAGCCCx-0,0.04859483144916518
ACTGAGTTCTAACCGAx-0,0.06535196475304404
ACTGAACTCTAAGCCAx-0,0.16241177257645678
ACGCAGCCAAACGTGGx-0,0.04859483144916518
ACGATACGTACTTGACx-0,0.04859483144916518
ACGGGCTGTCGCATATx-0,0.16241177257645678
ACGTCAAAGCGCCTCAx-0,0.16241177257645678
ACTGTCCCAATCCGATx-0,0.04859483144916518
ACTGCTCAGGCAGGTTx-0,0.04859483144916518
ACGGGCTTCTTATCTGx-0,0.04859483144916518
ACGTCAATCTCAAACGx-0,0.2116566422008882
ACGATACTCCCTGACTx-0,0.04859483144916518
ACGGGCTCATCTGGTAx-0,0.06535196475304404
ACGCAGCTCTACTCATx-0,0.04859483144916518
ACGCCGATCGGTCTAAx-0,0.04859483144916518
ACGGGCTCAACGATGGx-0,0.16241177257645678
ACTGAGTGTATCTGCAx-0,0.04859483144916518
ACGCCAGGTGATAAGTx-0,0.16241177257645678
ACGGAGATCCCTCTTTx-0,0.08653381182492904
ACGCCGACAATAGCGGx-0,0.06535196475304404
ACTGCTCTCCTTGGTCx-0,0.04859483144916518
ACTGAACTCGGCGCATx-0,0.06535196475304404
ACTGAGTAGGCATGGTx-0,0.04859483144916518
ACTGAACTCAGCCTAAx-0,0.2116566422008882
ACGCCAGTCCAGAGGAx-0,0.04859483144916518
ACGGAGACACGGATAGx-0,0.06535196475304404
ACTATCTCAGTATGCTx-0,0.16241177257645678
ACGATGTGTGTCGCTGx-0,0.1244727922006929
ACTGATGCAGCGAACAx-0,0.04859483144916518
ACGCCGACAGCTGTATx-0,0.04859483144916518
ACGGCCAGTCCCGACAx-0,0.16241177257645678
ACGATGTAGGATGTATx-0,0.06535196475304404
ACGATACAGTCACGCCx-0,0.04859483144916518
ACGATACCATGCATGTx-0,0.04859483144916518
ACTGAACAGCTGTTCAx-0,0.04859483144916518
ACGGCCAGTACCGTATx-0,0.16241177257645678
ACGAGCCGTCTAAAGAx-0,0.16241177257645678
ACGATGTCACCACGTGx-0,0.04859483144916518
ACTGAACAGCTAGTCTx-0,0.16241177257645678
ACTATCTCATTGCGGCx-0,0.16241177257645678
ACTGATGGTACAAGTAx-0,0.04859483144916518
ACGATACAGCGCCTCAx-0,0.1244727922006929
ACGATACGTCTTTCATx-0,0.04859483144916518
ACGATGTGTCCGCTGAx-0,0.04859483144916518
ACGTCAAGTACTCAACx-0,0.04859483144916518
ACTGATGTCTGGCGTGx-0,0.06535196475304404
ACGGGCTCACAGCGTCx-0,0.09770523402751495
ACGATACAGCTGGAACx-0,0.09770523402751495
AGGCCACTCGCCTGAGx-0,0.04859483144916518
AGAGCTTGTTGACGTTx-0,0.16241177257645678
AGCATACTCATCTGTTx-0,0.04859483144916518
AGACGTTAGATAGTCAx-0,0.04859483144916518
AGCAGCCAGGAGTAGAx-0,0.04859483144916518
AGATCTGGTGGAAAGAx-0,0.04859483144916518
AGAGCGAGTTCTCATTx-0,0.2116566422008882
ACTTTCACACCGGAAAx-0,0.04859483144916518
ACTTTCATCGGCGCATx-0,0.06535196475304404
AGCGTATAGAGGTTGCx-0,0.06535196475304404
AGGCCACCAATCGAAAx-0,0.04859483144916518
AGCGTCGAGATAGTCAx-0,0.04859483144916518
AGCGGTCTCCCTCTTTx-0,0.0
AGGCCGTAGTTCGATCx-0,0.04859483144916518
AGATTGCGTTGTGGAGx-0,0.04859483144916518
AGCGGTCGTACAGCAGx-0,0.04859483144916518
AGACGTTCAACAACCTx-0,0.1244727922006929
AGCCTAACAGCATGAGx-0,0.06535196475304404
AGAATAGTCAGTCAGTx-0,0.04859483144916518
AGAGTGGTCATGCTCCx-0,0.16241177257645678
AGAGCGAGTAGCGCTCx-0,0.16241177257645678
AGCTCCTTCCTTGACCx-0,0.16241177257645678
AGACGTTCAGTTAACCx-0,0.04859483144916518
ACTTTCATCAGTACGTx-0,0.16241177257645678
AGACGTTCAAGTCTACx-0,0.04859483144916518
AGCGGTCCATATACGCx-0,0.04859483144916518
AGCCTAATCCGTTGCTx-0,0.04859483144916518
AGCGGTCGTGCAACTTx-0,0.06535196475304404
AGCGTATAGGTGATTAx-0,0.06535196475304404
AGCTTGAAGTCATCCAx-0,0.04859483144916518
AGCTCTCAGTAACCCTx-0,0.06535196475304404
ACTTGTTAGGCAGTCAx-0,0.04859483144916518
ACTTTCATCCGCATCTx-0,0.04859483144916518
AGCGTCGGTTTGGCGCx-0,0.04859483144916518
ACTTTCAGTATCTGCAx-0,0.16241177257645678
AGCATACAGTGGACGTx-0,0.16241177257645678
AGAGTGGTCACCTTATx-0,0.06535196475304404
AGCATACGTGATGTGGx-0,0.06535196475304404
AGCAGCCTCAGGATCTx-0,0.04859483144916518
AGCGTCGTCTCCGGTTx-0,0.05418054255045813
AGCTCTCCATGCTGGCx-0,0.04859483144916518
AGATCTGTCAGCGATTx-0,0.08653381182492904
AGGCCGTAGTGCGTGAx-0,0.06535196475304404
ACTTTCAGTATTCGTGx-0,0.04859483144916518
AGCTCTCGTTCAGGCCx-0,0.04859483144916518
ACTTGTTAGTACATGAx-0,0.06535196475304404
ACTTGTTCACCGCTAGx-0,0.16241177257645678
AGACGTTGTTGATTGCx-0,0.04859483144916518
AGCTCCTTCGGCGCTAx-0,0.04859483144916518
AGGCCGTGTGTTTGTGx-0,0.16241177257645678
AGAGCGAAGTCCCACGx-0,0.04859483144916518
AGCGTATCAACACCCGx-0,0.0
AGACGTTCACGTCAGCx-0,0.04859483144916518
AGCGGTCCATGGTCATx-0,0.04859483144916518
AGAGCGACATGAAGTAx-0,0.16241177257645678
AGCCTAACAGTTAACCx-0,0.06535196475304404
AGCAGCCCACACCGACx-0,0.16241177257645678
ACTTTCACACAGCCCAx-0,0.04859483144916518
AGACGTTCACCGATATx-0,0.38568275293728826
AGGGAGTAGTGTACCTx-0,0.16241177257645678
AGCTTGACACTTACGAx-0,0.04859483144916518
AGAATAGAGCGGATCAx-0,0.16241177257645678
AGCATACAGCCTTGATx-0,0.04859483144916518
ACTTTCAAGCAGATCGx-0,0.04859483144916518
AGATCTGTCTCCAACCx-0,0.04859483144916518
AGCGGTCTCCTGTAGAx-0,0.08653381182492904
AGAATAGAGGGAAACAx-0,0.16241177257645678
AGAGCTTTCCATGAGTx-0,0.06535196475304404
AGCATACCACCACCAGx-0,0.04859483144916518
AGCATACAGGGTTCCCx-0,0.1244727922006929
AGCAGCCCATGGGACAx-0,0.23683543269673393
AGCGTCGGTCATCCCTx-0,0.04859483144916518
AGAGTGGGTTACGACTx-0,0.04859483144916518
AGATCTGGTCGCGAAAx-0,0.04859483144916518
AGCTCTCTCGTTACAGx-0,0.16241177257645678
AGGCCACGTGCAACGAx-0,0.06535196475304404
AGAATAGTCACATAGCx-0,0.1244727922006929
AGATCTGAGATGCCTTx-0,0.1244727922006929
AGATCTGGTCCAACTAx-0,0.04859483144916518
AGAGTGGTCACCTCGTx-0,0.04859483144916518
AGCTCCTGTTGATTCGx-0,0.04859483144916518
AGACGTTGTTACAGAAx-0,0.04859483144916518
AGAGCGACAAAGGTGCx-0,0.04859483144916518
AGCGGTCCAAGCTGAGx-0,0.06535196475304404
ACTTGTTAGAGCTGGTx-0,0.06535196475304404
AGGCCGTCAAAGGAAGx-0,0.04859483144916518
AGCAGCCAGACGACGTx-0,0.16241177257645678
AGAATAGGTTCTGTTTx-0,0.04859483144916518
AGCTCCTGTAAGAGAGx-0,0.04859483144916518
AGCGGTCTCTGGCGTGx-0,0.06535196475304404
AGCAGCCAGACAATACx-0,0.04859483144916518
AGCCTAAAGATCCCATx-0,0.16241177257645678
AGGCCACGTGTAACGGx-0,0.16241177257645678
ACTTGTTCAAGCCATTx-0,0.04859483144916518
AGATCTGGTTAAGACAx-0,0.16241177257645678
AGACGTTGTCGCGTGTx-0,0.04859483144916518
ACTTTCAAGCTGCGAAx-0,0.04859483144916518
ATGCGATAGATAGTCAx-0,0.38201569894592546
ATCTACTAGTGCTGCCx-0,0.06535196475304404
AGGGTGAAGCATCATCx-0,0.06535196475304404
AGTGGGAAGCGTGAACx-0,0.04859483144916518
ATCATGGTCTCAAGTGx-0,0.1244727922006929
ATCTACTAGATGTCGGx-0,0.04859483144916518
AGTGAGGTCAATAAGGx-0,0.04859483144916518
ATCGAGTCACATGGGAx-0,0.06535196475304404
ATAACGCAGCTAGTGGx-0,0.06535196475304404
AGGTCCGGTCAAAGCGx-0,0.04859483144916518
ATGAGGGCAGGGCATAx-0,0.04859483144916518
ATCACGATCAGCAACTx-0,0.04859483144916518
AGGTCATTCGCCTGTTx-0,0.16241177257645678
ATGAGGGAGCCATCGCx-0,0.04859483144916518
AGTGTCATCATTCACTx-0,0.04859483144916518
ATGAGGGAGGTGACCAx-0,0.04859483144916518
ATCACGACAGACACTTx-0,0.06535196475304404
ATCGAGTCAAGTCTACx-0,0.16241177257645678
ATAGACCGTTGAGGTGx-0,0.04859483144916518
AGTCTTTTCTTTACACx-0,0.05976625365175108
AGGTCATTCAACACACx-0,0.16241177257645678
AGTAGTCCAAGCCGTCx-0,0.16241177257645678
ATCATCTTCCGTACAAx-0,0.04859483144916518
AGTTGGTCACAGCGTCx-0,0.04859483144916518
AGTTGGTTCTCCAACCx-0,0.04859483144916518
ATCATGGCAGGACGTAx-0,0.04859483144916518
AGGTCATTCTGTTGAGx-0,0.16241177257645678
ATCATCTAGAATAGGGx-0,0.16241177257645678
ATAAGAGAGCAGGTCAx-0,0.04859483144916518
ATGAGGGCAAAGGCGTx-0,0.04859483144916518
AGGTCCGAGGATGTATx-0,0.16241177257645678
AGGTCCGTCTTTAGGGx-0,0.04859483144916518
ATCATGGTCTGTTGAGx-0,0.16241177257645678
AGGTCCGGTAAACACAx-0,0.04859483144916518
AGGGTGATCTTTACACx-0,0.06535196475304404
ATGAGGGCATCACGTAx-0,0.04859483144916518
ATCATGGTCGCTTAGAx-0,0.16241177257645678
ATAGACCGTAGATTAGx-0,0.04859483144916518
AGGGTGATCGTCGTTCx-0,0.04859483144916518
AGGTCATGTCTAGAGGx-0,0.04859483144916518
AGTGTCAAGCGTGAACx-0,0.06535196475304404
AGTCTTTTCTTTAGTCx-0,0.06535196475304404
ATAAGAGCATGGGACAx-0,0.16241177257645678
AGTGAGGAGGGCATGTx-0,0.16241177257645678
AGGGTGATCAGCACATx-0,0.04859483144916518
ATCATCTCAGTCCTTCx-0,0.16241177257645678
ATGAGGGAGTCATCCAx-0,0.06535196475304404
ATAACGCTCTGGCGTGx-0,0.04859483144916518
ATAACGCAGGTGTGGTx-0,0.04859483144916518
ATCATGGAGATGTGGCx-0,0.06535196475304404
ATGAGGGGTGCTTCTCx-0,0.04859483144916518
ATGCGATAGATATACGx-0,0.04859483144916518
AGGTCCGCAGTCAGAGx-0,0.06535196475304404
ATCGAGTCAGGAACGTx-0,0.16241177257645678
AGGGATGTCCAGGGCTx-0,0.16241177257645678
AGGGATGTCATCACCCx-0,0.16241177257645678
AGTGAGGAGGGTCGATx-0,0.04859483144916518
AGTGGGATCGGACAAGx-0,0.04859483144916518
ATCGAGTGTATATGGAx-0,0.04859483144916518
ATAGACCGTTTACTCTx-0,0.04859483144916518
ATCCGAAAGCAACGGTx-0,0.16241177257645678
AGGTCATTCATTGCCCx-0,0.04859483144916518
ATCATGGTCTAGCACAx-0,0.04859483144916518
AGGTCCGTCTCCGGTTx-0,0.04859483144916518
AGTAGTCGTTCGTGATx-0,0.16241177257645678
AGTGGGAGTCTAACGTx-0,0.04859483144916518
AGTAGTCGTTTGACTGx-0,0.04859483144916518
ATCACGAAGTGACATAx-0,0.16241177257645678
ATCGAGTCATGGTCTAx-0,0.41762126893051404
AGTAGTCGTCAGAAGCx-0,0.08653381182492904
ATGAGGGAGGCGCTCTx-0,0.04859483144916518
AGGTCATTCGGAGGTAx-0,0.04859483144916518
ATAAGAGTCGTCGTTCx-0,0.02178398825101468
AGGTCATCACTACAGTx-0,0.16241177257645678
AGTGGGACAACACGCCx-0,0.06535196475304404
ATCTGCCTCGCGCCAAx-0,0.1244727922006929
AGTTGGTTCCCAACGGx-0,0.2609015118253196
ATCATGGCAACCGCCAx-0,0.08653381182492904
ATCTACTTCTCAACTTx-0,0.04859483144916518
AGTTGGTTCGTCGTTCx-0,0.04859483144916518
AGGTCCGCATAACCTGx-0,0.04859483144916518
AGTTGGTCACACGCTGx-0,0.16241177257645678
ATCATCTGTCCGTTAAx-0,0.04859483144916518
ATAACGCAGTCAAGGCx-0,0.16241177257645678
ATCGAGTTCTATCCCGx-0,0.06535196475304404
AGTGAGGCATTCTTACx-0,0.06535196475304404
AGGTCATAGACTAGGCx-0,0.04859483144916518
AGGTCATTCAAGGCTTx-0,0.04859483144916518
ATCGAGTGTACTTCTTx-0,0.04859483144916518
AGTCTTTAGTATCTCGx-0,0.04859483144916518
ATAGACCAGCACCGCTx-0,0.04859483144916518
ATCTGCCCACCGAATTx-0,0.04859483144916518
ATCATCTAGCTAACTCx-0,0.06535196475304404
AGTCTTTTCTGCAAGTx-0,0.04859483144916518
AGTGGGATCAGTTAGCx-0,0.04859483144916518
ATGTGTGCACCAGATTx-0,0.04859483144916518
CAACTAGTCAACGCTAx-0,0.04859483144916518
ATTCTACGTGATAAACx-0,0.04859483144916518
CAAGATCAGTGTACCTx-0,0.2116566422008882
ATTATCCGTACTCAACx-0,0.06535196475304404
CAACTAGTCTCTTGATx-0,0.3112590928170111
ATTGGACTCTTTCCTCx-0,0.06535196475304404
CAACCTCTCCTGCAGGx-0,0.05976625365175108
CAAGAAAGTCCGACGTx-0,0.06535196475304404
ATTTCTGGTAAGGGAAx-0,0.06535196475304404
CAAGGCCCAAGCGCTCx-0,0.06535196475304404
CACACTCTCAAACAAGx-0,0.04859483144916518
CAACCAAGTAAGTGTAx-0,0.16241177257645678
CAACTAGGTCCAAGTTx-0,0.04859483144916518
ATGCGATGTGTAATGAx-0,0.04859483144916518
ATGGGAGGTTCCACGGx-0,0.04859483144916518
ATTGGTGTCGGCGGTTx-0,0.04859483144916518
CACACTCAGAGTGACCx-0,0.16241177257645678
CACACTCGTCATCCCTx-0,0.04859483144916518
ATTGGACGTCGTTGTAx-0,0.04859483144916518
CAACTAGGTTCTGAACx-0,0.04859483144916518
ATGGGAGGTACGCTGCx-0,0.04859483144916518
CAACCAAGTCGGCACTx-0,0.06535196475304404
ATGTGTGAGGCTAGACx-0,0.16241177257645678
CAAGATCGTTAGATGAx-0,0.16241177257645678
CAAGTTGGTTGCCTCTx-0,0.08653381182492904
CACACTCTCGGTTAACx-0,0.16241177257645678
ATGTGTGAGGTAAACTx-0,0.2609015118253196
CACAGGCCATAAAGGTx-0,0.037982265400736404
CACACAATCGCTTGTCx-0,0.04859483144916518
CACACCTTCTGCTTGCx-0,0.04859483144916518
ATGCGATCACTACAGTx-0,0.05976625365175108
ATTTCTGCAGGGATTGx-0,0.04859483144916518
ATTACTCCAGGTCTCGx-0,0.06535196475304404
ATTTCTGTCACCTCGTx-0,0.16241177257645678
ATTACTCCATCTGGTAx-0,0.06535196475304404
ATTCTACGTTTGTTTCx-0,0.16241177257645678
ATGCGATGTGAACCTTx-0,0.06535196475304404
CAAGAAACACACTGCGx-0,0.04859483144916518
ATTGGTGCAGTGGGATx-0,0.04859483144916518
CACACAACACATCCGGx-0,0.0
CAAGATCCAGCTCCGAx-0,0.04859483144916518
ATTTCTGAGTGTTGAAx-0,0.06535196475304404
CACAAACGTGGGTCAAx-0,0.16241177257645678
CAAGATCAGCGTAATAx-0,0.06535196475304404
CACACTCGTTGTACACx-0,0.06535196475304404
ATTGGTGTCGAATGCTx-0,0.16241177257645678
CAACCTCTCTTAACCTx-0,0.04859483144916518
CAACTAGCACTTCTGCx-0,0.08653381182492904
ATTCTACCACTTCGAAx-0,0.06535196475304404
CACACAATCGCAAACTx-0,0.1244727922006929
CAAGATCAGCTAGCCCx-0,0.16241177257645678
ATGCGATCAAACCCATx-0,0.04859483144916518
CACAAACAGCATCATCx-0,0.05418054255045813
CAAGTTGGTTCGTGATx-0,0.04859483144916518
ATTTCTGTCACTATTCx-0,0.04859483144916518
CAAGATCAGTTACCCAx-0,0.16241177257645678
CAACTAGAGTGGTAATx-0,0.04859483144916518
CAACCAAAGTGGAGTCx-0,0.05418054255045813
CACACTCAGGGAAACAx-0,0.04859483144916518
CAAGATCGTAAATGACx-0,0.23683543269673393
CACAGTAAGAACTCGGx-0,0.04859483144916518
CAAGGCCAGTACTTGCx-0,0.06535196475304404
CACAGTAAGTAACCCTx-0,0.04859483144916518
CACACCTAGCTCCTCTx-0,0.04859483144916518
CAAGTTGTCTTACCGCx-0,0.04859483144916518
ATGCGATGTAGCTGCCx-0,0.04859483144916518
CACAGTAAGGTTACCTx-0,0.38179630643692636
ATGTGTGGTCGAATCTx-0,0.04859483144916518
CAACTAGTCAGCTCTCx-0,0.06535196475304404
ATTATCCAGGGCACTAx-0,0.16241177257645678
ATTGGTGCACAGGAGTx-0,0.04859483144916518
CAACTAGAGGATGGAAx-0,0.23683543269673393
CACACCTCAATAGCAAx-0,0.06535196475304404
CACACAACACACGCTGx-0,0.06535196475304404
CACACAAAGCACCGTCx-0,0.16241177257645678
CACACAAGTTACGTCAx-0,0.04859483144916518
CACACCTAGCCCAACCx-0,0.1244727922006929
CAACTAGTCAGCTTAGx-0,0.04859483144916518
ATTGGACAGATAGCATx-0,0.04859483144916518
CAAGAAAGTAGAGTGCx-0,0.04859483144916518
CAAGATCCACACTGCGx-0,0.04859483144916518
ATTGGTGAGGTGCACAx-0,0.04859483144916518
ATTACTCCAGTATGCTx-0,0.04859483144916518
ATTTCTGGTGTTCGATx-0,0.04859483144916518
ATGCGATTCTGGTGTAx-0,0.06535196475304404
ATGGGAGGTAAGAGGAx-0,0.05976625365175108
CAAGTTGCAGCTCGCAx-0,0.04859483144916518
CACACTCTCCCTAATTx-0,0.04859483144916518
CACAAACAGTACGTTCx-0,0.04859483144916518
ATGTGTGAGTTAGGTAx-0,0.04859483144916518
CAAGAAACATATACGCx-0,0.16241177257645678
CAACCTCCAAGGTTTCx-0,0.16241177257645678
ATTCTACTCTGCTGTCx-0,0.16241177257645678
ATTCTACTCACCGTAAx-0,0.1244727922006929
ATTATCCCAGTGACAGx-0,0.04859483144916518
ATTTCTGAGTGGACGTx-0,0.04859483144916518
CAACCTCTCCTTTCGGx-0,0.04859483144916518
CATGCCTTCAAACGGGx-0,0.04859483144916518
CAGATCAGTTCTCATTx-0,0.04859483144916518
CATCCACTCAAACAAGx-0,0.16241177257645678
CAGCGACGTGTTTGGTx-0,0.04859483144916518
CAGCGACAGTACGCCCx-0,0.06535196475304404
CACCTTGCATATGCTGx-0,0.04859483144916518
CATCAGAGTAAGTAGTx-0,0.16241177257645678
CATCGGGGTTCAGGCCx-0,0.06535196475304404
CATGACACAGGTCGTCx-0,0.2116566422008882
CAGCTGGAGGCTACGAx-0,0.04859483144916518
CAGCATATCGTTGACAx-0,0.04859483144916518
CATCCACAGTCCTCCTx-0,0.04859483144916518
CACAGTATCATCTGTTx-0,0.04859483144916518
CATCCACTCTCTGTCGx-0,0.13005850330198587
CACCACTTCGTCTGAAx-0,0.2116566422008882
CATATTCCATAGACTCx-0,0.04859483144916518
CATATTCGTTTCGCTCx-0,0.04859483144916518
CACATTTTCTGTTGAGx-0,0.05418054255045813
CACTCCAAGGCTAGGTx-0,0.06535196475304404
CACCACTCATGTTGACx-0,0.04859483144916518
CATCAGACAGTCACTAx-0,0.04859483144916518
CACAGTAAGTGTGAATx-0,0.16241177257645678
CATATTCCATTCGACAx-0,0.04859483144916518
CACCAGGAGGAATTACx-0,0.04859483144916518
CACCTTGTCGCCCTTAx-0,0.16241177257645678
CACATTTGTCAATACCx-0,0.0
CATCAGAAGTGCTGCCx-0,0.04859483144916518
CACCTTGGTCTAACGTx-0,0.0
CATATTCCAAAGTCAAx-0,0.06535196475304404
CAGTAACCACGAAGCAx-0,0.33255143681249494
CAGAATCGTTAAGGGCx-0,0.05418054255045813
CACATAGTCACCCTCAx-0,0.16241177257645678
CATCAAGAGATCCGAGx-0,0.06535196475304404
CATCAAGAGCTAACTCx-0,0.04859483144916518
CAGCATACACAGAGGTx-0,0.16241177257645678
CACCACTAGTAGATGTx-0,0.06535196475304404
CACCTTGTCCGCATCTx-0,0.04859483144916518
CATGACACAAGGTGTGx-0,0.16241177257645678
CACAGTACAGACAGGTx-0,0.04859483144916518
CATGACACACGGTAGAx-0,0.05976625365175108
CATATTCGTCTCACCTx-0,0.38568275293728826
CACAGTAGTTATGTGCx-0,0.04859483144916518
CATCGAACAAGTAGTAx-0,0.04859483144916518
CATCGAACACCGGAAAx-0,0.04859483144916518
CATATGGAGAGAACAGx-0,0.04859483144916518
CAGAATCCATGCTAGTx-0,0.16241177257645678
CAGTCCTAGATCTGCTx-0,0.04859483144916518
CAGCGACAGCCTCGTGx-0,0.1244727922006929
CATCGAAAGACTGTAAx-0,0.04859483144916518
CAGCTAAAGCAGCCTCx-0,0.04859483144916518
CATCAAGCATAAGACAx-0,0.3605039624414425
CACCTTGGTACACCGCx-0,0.16241177257645678
CAGCCGAAGGTGATTAx-0,0.06535196475304404
CAGCTGGAGCGCCTCAx-0,0.04859483144916518
CAGCAGCGTCTTGATGx-0,0.05418054255045813
CAGCATATCTCTTATGx-0,0.16241177257645678
CAGAATCAGACCCACCx-0,0.04859483144916518
CAGCTGGTCTCAACTTx-0,0.16241177257645678
CACATAGGTAAGAGAGx-0,0.04859483144916518
CATCGAATCACAGTACx-0,0.04859483144916518
CAGAATCCAATGTAAGx-0,0.06535196475304404
CAGCCGACAGTAAGATx-0,0.16241177257645678
CAGGTGCAGACTAAGTx-0,0.16241177257645678
CACATAGGTGGGTATGx-0,0.0
CAGCAGCGTCGCGAAAx-0,0.04859483144916518
CACCAGGCATCATCCCx-0,0.04859483144916518
CATCCACAGAGGGCTTx-0,0.04859483144916518
CAGCATATCAGTTGACx-0,0.16241177257645678
CAGCATAGTAATCGTCx-0,0.16241177257645678
CAGCAGCCACGGCTACx-0,0.04859483144916518
CACATAGGTTCCACAAx-0,0.16241177257645678
CATCGGGAGCACAGGTx-0,0.06535196475304404
CATCCACAGTGTGGCAx-0,0.04859483144916518
CAGCGACCAAACGCGAx-0,0.04859483144916518
CAGCAGCGTTCAGTACx-0,0.04859483144916518
CACCAGGAGGATTCGGx-0,0.06535196475304404
CAGCCGACATCCGGGTx-0,0.16241177257645678
CATATGGTCTCTAAGGx-0,0.16241177257645678
CATCGGGTCTGATACGx-0,0.06535196475304404
CAGATCATCGCCCTTAx-0,0.16241177257645678
CAGCATACAATGGAGCx-0,0.16241177257645678
CACTCCAGTGCAGTAGx-0,0.05418054255045813
CAGTAACCACCACCAGx-0,0.04859483144916518
CAGGTGCGTCCGTTAAx-0,0.04859483144916518
CACATTTGTTACGACTx-0,0.321905264814753
CATCAGAGTCGTTGTAx-0,0.04859483144916518
CAGTCCTAGTGGGCTAx-0,0.13005850330198587
CAGCAGCTCCGTCATCx-0,0.16241177257645678
CATCAGAGTATGGTTCx-0,0.04859483144916518
CATATGGAGAAGGACAx-0,0.04859483144916518
CCACGGATCACTGGGCx-0,0.04859483144916518
CCATGTCAGACAGAGAx-0,0.04859483144916518
CCACTACAGCTGCAAGx-0,0.04859483144916518
CCATTCGGTATAGTAGx-0,0.0
CCAATCCTCTTAGAGCx-0,0.04859483144916518
CCGGTAGCAGCTATTGx-0,0.04859483144916518
CCCAATCGTTCGTCTCx-0,0.16241177257645678
CCGGGATCAGACGCCTx-0,0.16241177257645678
CCCAATCAGTTAAGTGx-0,0.06535196475304404
CCCTCCTTCGTTGACAx-0,0.08653381182492904
CCACTACAGAGGTTGCx-0,0.16241177257645678
CATTATCGTATTACCGx-0,0.04859483144916518
CCACCTACAAAGTGCGx-0,0.1244727922006929
CCACTACTCCTCAATTx-0,0.04859483144916518
CCACTACAGATGTTAGx-0,0.04859483144916518
CCGGTAGAGTTGTAGAx-0,0.08653381182492904
CCCTCCTTCTCTGTCGx-0,0.04859483144916518
CCAATCCTCACTGGGCx-0,0.04859483144916518
CCACTACCATGTAAGAx-0,0.04859483144916518
CCCAATCCAAGAGTCGx-0,0.04859483144916518
CCATTCGTCACATACGx-0,0.16241177257645678
CCAATCCTCTTCATGTx-0,0.06535196475304404
CCACCTATCGATAGAAx-0,0.16241177257645678
CCACGGAAGGTGTTAAx-0,0.05418054255045813
CCATGTCTCACCCGAGx-0,0.06535196475304404
CCCAATCGTGTGAATAx-0,0.06535196475304404
CATTCGCTCGGAAATAx-0,0.16241177257645678
CATGGCGAGGTCGGATx-0,0.06535196475304404
CATTCGCTCATGTCTTx-0,0.04859483144916518
CCCTCCTGTAGAGCTGx-0,0.06535196475304404
CCACTACTCATACGGTx-0,0.1244727922006929
CCGTGGACACGGCTACx-0,0.16241177257645678
CCGGGATTCGCTAGCGx-0,0.04859483144916518
CCCATACCAAGAAAGGx-0,0.04859483144916518
CCAATCCAGCTGTCTAx-0,0.04859483144916518
CCCAGTTGTACCAGTTx-0,0.04859483144916518
CATTATCAGTTCGCATx-0,0.16241177257645678
CCAGCGATCCCTAACCx-0,0.16241177257645678
CATTCGCTCAACCATGx-0,0.16241177257645678
CCGTGGAAGGCTATCTx-0,0.16241177257645678
CCATGTCAGTTCCACAx-0,0.04859483144916518
CATTATCCATCACGATx-0,0.16241177257645678
CCATTCGTCGTTTGCCx-0,0.04859483144916518
CCAGCGAGTAAACGCGx-0,0.05976625365175108
CCGTGGACATGGGACAx-0,0.04859483144916518
CCCATACTCGGAGGTAx-0,0.05976625365175108
CCGTGGAAGAAGGGTAx-0,0.06535196475304404
CCATGTCCAGGCAGTAx-0,0.16241177257645678
CCACGGACATCGTCGGx-0,0.16241177257645678
CCAGCGAGTACACCGCx-0,0.06535196475304404
CCCATACCATTAGCCAx-0,0.04859483144916518
CCCAGTTTCGGATGGAx-0,0.04859483144916518
CCACCTATCAAGAAGTx-0,0.08653381182492904
CCCTCCTCACGCGAAAx-0,0.04859483144916518
CATGGCGAGGACGAAAx-0,0.05418054255045813
CCGTTCAAGTCTCAACx-0,0.04859483144916518
CATTATCCAATCGGTTx-0,0.04859483144916518
CATTATCCATTATCTCx-0,0.03239655429944345
CCCATACAGAAGATTCx-0,0.04859483144916518
CATTCGCGTAAGAGAGx-0,0.04859483144916518
CCGTACTTCCGGGTGTx-0,0.04859483144916518
CCACCTATCTTGTTTGx-0,0.38876247500226374
CATTCGCGTCGTCTTCx-0,0.04859483144916518
CCACCTAAGGTAGCCAx-0,0.04859483144916518
CCACCTATCAACGGGAx-0,0.04859483144916518
CCCAATCCACAACTGTx-0,0.04859483144916518
CCGTGGAAGCACAGGTx-0,0.04859483144916518
CCACGGACATGTCGATx-0,0.04859483144916518
CCAGCGAAGTGGGATCx-0,0.0
CATGGCGGTAAGAGAGx-0,0.06535196475304404
CATTATCGTCCATGATx-0,0.04859483144916518
CATTCGCCATGCTGGCx-0,0.04859483144916518
CCACTACAGTTACCCAx-0,0.04859483144916518
CCACTACGTATGGTTCx-0,0.06535196475304404
CATGGCGCAGATCGGAx-0,0.16241177257645678
CCGTACTAGGAATCGCx-0,0.06535196475304404
CCATTCGTCGGCTTGGx-0,0.06535196475304404
CCACGGAAGCCAGTAGx-0,0.16241177257645678
CATGGCGAGTCGTACTx-0,0.16241177257645678
CCGTGGACACACAGAGx-0,0.06535196475304404
CATGCCTTCCTGTAGAx-0,0.04859483144916518
CCACCTACAGCGATCCx-0,0.1244727922006929
CCAATCCCAGACAAATx-0,0.04859483144916518
CCAGCGAGTCATCCCTx-0,0.06535196475304404
CCGGGATAGGGTGTGTx-0,0.16241177257645678
CATTATCAGTATTGGAx-0,0.06535196475304404
CCACTACAGAGTAAGGx-0,0.04859483144916518
CCACTACCATCACGTAx-0,0.06535196475304404
CCCAGTTGTGACTACTx-0,0.04859483144916518
CCACCTAGTCTCGTTCx-0,0.04859483144916518
CCGTGGAAGGCCATAGx-0,0.04859483144916518
CCATGTCTCAGATAAGx-0,0.06535196475304404
CCAGCGATCTATGTGGx-0,0.06535196475304404
CCGTTCAGTCGCGGTTx-0,0.04859483144916518
CGAATGTGTGGTCTCGx-0,0.06535196475304404
CGAGCACGTTTAGGAAx-0,0.16241177257645678
CGAGCCAAGGCTAGCAx-0,0.04859483144916518
CGAGCACGTCATATCGx-0,0.16241177257645678
CGACCTTTCCGAATGTx-0,0.08653381182492904
CGAGCCAAGGCATGGTx-0,0.37115013443918443
CGACTTCGTCTCTTTAx-0,0.16241177257645678
CCTTTCTGTAAGTAGTx-0,0.04859483144916518
CCTCTGATCTCGTATTx-0,0.06535196475304404
CCTACCACACGTCTCTx-0,0.04859483144916518
CCTTCCCCATTCTCATx-0,0.3112590928170111
CCTAAAGCATTCGACAx-0,0.06535196475304404
CGACTTCCACCAACCGx-0,0.04859483144916518
CCTACCAGTGGGTCAAx-0,0.04859483144916518
CCTTACGCAACGCACCx-0,0.16241177257645678
CCTACACCAAGAGGCTx-0,0.16241177257645678
CGAACATAGGTGACCAx-0,0.04859483144916518
CCTAAAGAGCCTATGTx-0,0.16241177257645678
CCTATTAGTATCGCATx-0,0.08653381182492904
CGAGAAGGTGGCCCTAx-0,0.16241177257645678
CCTACACCAAGCGATGx-0,0.04859483144916518
CCTAGCTTCCAGTATGx-0,0.06535196475304404
CCTATTACAAAGGTGCx-0,0.04859483144916518
CGACCTTAGAGCTGGTx-0,0.06535196475304404
CCGTTCATCTACTTACx-0,0.04859483144916518
CGATCGGTCGTACGGCx-0,0.16241177257645678
CGACTTCGTGATGTGGx-0,0.41762126893051404
CCTCTGAGTCCGTCAGx-0,0.04859483144916518
CGATCGGCACGTTGGCx-0,0.04859483144916518
CGATGGCTCCTGTACCx-0,0.04859483144916518
CCTAAAGCATTTCACTx-0,0.06535196475304404
CGATCGGAGTTCGCGCx-0,0.04859483144916518
CGATGGCCAGACAAATx-0,0.04859483144916518
CCTACACCAGATTGCTx-0,0.04859483144916518
CCTCTGACACCGCTAGx-0,0.04859483144916518
CGAGAAGCAGTGGAGTx-0,0.16241177257645678
CCTTCCCGTCGGGTCTx-0,0.04859483144916518
CGAACATTCTGTTGAGx-0,0.04859483144916518
CGATGGCCACGAGGTAx-0,0.08653381182492904
CCTTCGAAGGGCATGTx-0,0.06535196475304404
CCTTCCCAGCAGGTCAx-0,0.06535196475304404
CGACTTCTCGTTTGCCx-0,0.04859483144916518
CCGTTCACAGTAAGATx-0,0.04859483144916518
CGAGCACCAACCGCCAx-0,0.04859483144916518
CCTTCCCCAGGGATTGx-0,0.04859483144916518
CGACTTCTCTGGCGACx-0,0.06535196475304404
CCGTTCAGTCACAAGGx-0,0.04859483144916518
CGAGCCACAGCGTTCGx-0,0.04859483144916518
CGAGCCAGTGTCGCTGx-0,0.04859483144916518
CGACTTCTCCTATGTTx-0,0.16241177257645678
CCTCAGTGTTTGACACx-0,0.38568275293728826
CCTTTCTCATACTCTTx-0,0.23683543269673393
CGACTTCCATTCCTCGx-0,0.16241177257645678
CCGTTCAAGTGCTGCCx-0,0.06535196475304404
CCTCTGAGTAATTGGAx-0,0.06535196475304404
CCTCTGAGTCCCGACAx-0,0.04859483144916518
CCTTACGTCGCACTCTx-0,0.1244727922006929
CCTCTGAAGAACTGTAx-0,0.04859483144916518
CCTTCCCTCTTAGAGCx-0,0.16241177257645678
CGAATGTCATCCTTGCx-0,0.16241177257645678
CGAGCACTCTCGTTTAx-0,0.04859483144916518
CGACTTCAGTTAACGAx-0,0.1244727922006929
CGAGCACTCCCTCAGTx-0,0.02178398825101468
CCTACACGTCTGATCAx-0,0.06535196475304404
CGACTTCGTATATGAGx-0,0.05976625365175108
CGAACATGTTGTTTGGx-0,0.16241177257645678
CGAGCCAAGAGCTGGTx-0,0.16241177257645678
CCTAGCTCAGACACTTx-0,0.06535196475304404
CGAACATTCTGGTATGx-0,0.0
CCGTTCACAGCCTATAx-0,0.08653381182492904
CCTTCCCGTCGGCTCAx-0,0.04859483144916518
CCTACACTCTGTCCGTx-0,0.16241177257645678
CCTTACGTCACAGGCCx-0,0.0
CGATGGCCACATAACCx-0,0.04859483144916518
CCTAAAGGTCAATACCx-0,0.04859483144916518
CCTTACGAGATGTTAGx-0,0.06535196475304404
CGAGCCATCGTATCAGx-0,0.0
CCTACCATCATGGTCAx-0,0.04859483144916518
CGAATGTTCTTCCTTCx-0,0.06535196475304404
CCTTTCTAGGGCTTCCx-0,0.06535196475304404
CCTTCGATCACCCTCAx-0,0.04859483144916518
CGATGGCAGATAGCATx-0,0.04859483144916518
CCTTCCCGTATAGGTAx-0,0.16241177257645678
CGATCGGCAGTCGATTx-0,0.08653381182492904
CCTTACGTCCACGCAGx-0,0.08653381182492904
CCTCTGACAAGACACGx-0,0.04859483144916518
CCTATTATCGTACCGGx-0,0.04859483144916518
CGATGGCCAGTCAGCCx-0,0.04859483144916518
CGACCTTGTCCTGCTTx-0,0.16241177257645678
CCTAAAGCAAAGAATCx-0,0.06535196475304404
CGACTTCGTCACTGGCx-0,0.04859483144916518
CCTTCGACAGCTGTGCx-0,0.09770523402751495
CGATCGGCAGCCACCAx-0,0.06535196475304404
CCTATTAAGACATAACx-0,0.04859483144916518
CCTCTGATCTAACTCTx-0,0.16241177257645678
CGTCCATAGTGAAGTTx-0,0.16241177257645678
CGGTTAAGTCATGCATx-0,0.06535196475304404
CGCTGGATCCTTTACAx-0,0.16241177257645678
CGGGTCACACCAGGTCx-0,0.04859483144916518
CGGGTCAGTACAGCAGx-0,0.06535196475304404
CGCTGGAGTATGAATGx-0,0.04859483144916518
CGTCCATAGCGATGACx-0,0.04859483144916518
CGGACACTCATGCAACx-0,0.04859483144916518
CGCTATCGTCCGAATTx-0,0.16241177257645678
CGGACGTAGGGTGTTGx-0,0.16241177257645678
CGGAGCTAGTATTGGAx-0,0.16241177257645678
CGATTGACAACTGCTAx-0,0.16241177257645678
CGATGGCTCTGCCCTAx-0,0.06535196475304404
CGCTGGACAAACTGCTx-0,0.04859483144916518
CGGCTAGCACATCTTTx-0,0.04859483144916518
CGCTTCACACCGAAAGx-0,0.04859483144916518
CGTCACTTCTGCTGCTx-0,0.24748160469447586
CGGAGTCTCTTCGAGAx-0,0.2789058235425402
CGTAGGCGTGGTGTAGx-0,0.06535196475304404
CGTAGCGTCAACGAAAx-0,0.06535196475304404
CGATTGATCGTTGACAx-0,0.04859483144916518
CGGACGTGTTGCCTCTx-0,0.16241177257645678
CGTAGCGGTTGGGACAx-0,0.06535196475304404
CGTCAGGCACGAGAGTx-0,0.04859483144916518
CGGAGCTCAGACACTTx-0,0.04859483144916518
CGATGGCTCTATCGCCx-0,0.04859483144916518
CGTAGCGGTCGATTGTx-0,0.04859483144916518
CGGAGTCAGGTCATCTx-0,0.06535196475304404
CGGTTAACAGCTGTATx-0,0.06535196475304404
CGGACACCACACCGACx-0,0.04859483144916518
CGCTATCAGGAGTTTAx-0,0.04859483144916518
CGTCCATCAAAGCGGTx-0,0.04859483144916518
CGGAGCTAGAGCAATTx-0,0.04859483144916518
CGTCCATTCCGTTGCTx-0,0.04859483144916518
CGCTATCTCCCACTTGx-0,0.09770523402751495
CGTCCATTCACGCGGTx-0,0.04859483144916518
CGCCAAGGTTAAGTAGx-0,0.04859483144916518
CGCGGTATCAAGGTAAx-0,0.04859483144916518
CGTCTACAGCTAGTGGx-0,0.04859483144916518
CGTAGCGGTTATGTGCx-0,0.04859483144916518
CGCGTTTCAGGATTGGx-0,0.16241177257645678
CGCTGGATCCAGTATGx-0,0.16241177257645678
CGGGTCACAATAGCGGx-0,0.05418054255045813
CGGTTAATCTGCTTGCx-0,0.06535196475304404
CGGACGTCAGTGGGATx-0,0.0
CGCCAAGCAGTTCCCTx-0,0.04859483144916518
CGTCACTGTGCCTGTGx-0,0.06535196475304404
CGGAGTCTCTCAAACGx-0,0.04859483144916518
CGGTTAAAGTTCGCGCx-0,0.16241177257645678
CGATGTAGTCGCTTCTx-0,0.05976625365175108
CGCTGGAGTGGTAACGx-0,0.04859483144916518
CGTCCATTCATTATCCx-0,0.04859483144916518
CGATTGACATTGAGCTx-0,0.19334434716899027
CGGTTAAGTCACCTAAx-0,0.04859483144916518
CGCTTCACAGATTGCTx-0,0.06535196475304404
CGCGGTATCAGAAATGx-0,0.04859483144916518
CGCGTTTGTAAGTGGCx-0,0.16241177257645678
CGATGTATCCTCATTAx-0,0.06535196475304404
CGGGTCAAGCTAGGCAx-0,0.04859483144916518
CGGTTAATCTGTACGAx-0,0.06535196475304404
CGCTGGAGTAAGCACGx-0,0.4918176621306598
CGGAGTCTCCATTCTAx-0,0.05976625365175108
CGTCCATTCCCATTTAx-0,0.04859483144916518
CGGACTGTCCAGAGGAx-0,0.06535196475304404
CGTCAGGAGTGTCCATx-0,0.05418054255045813
CGTAGCGGTAATAGCAx-0,0.06535196475304404
CGGAGTCAGATCACGGx-0,0.04859483144916518
CGGAGTCAGCTACCTAx-0,0.06535196475304404
CGGAGCTCAAGCTGGAx-0,0.04859483144916518
CGCCAAGAGAATTGTGx-0,0.38568275293728826
CGATTGATCTATCCTAx-0,0.04859483144916518
CGGACACCACAAGTAAx-0,0.04859483144916518
CGTAGGCGTTTGTTTCx-0,0.08653381182492904
CGGACGTAGTCTCGGCx-0,0.04859483144916518
CGCTGGATCCGTTGTCx-0,0.04859483144916518
CGGGTCAAGCCTCGTGx-0,0.06535196475304404
CGATGTAAGTGGGATCx-0,0.06535196475304404
CGGACGTTCATCTGCCx-0,0.2116566422008882
CGGACTGAGTACGCGAx-0,0.04859483144916518
CGGAGCTAGATCGATAx-0,0.04859483144916518
CGTCCATGTCCTGCTTx-0,0.06535196475304404
CGTAGCGTCAGAGACGx-0,0.04859483144916518
CGCTGGATCACCGGGTx-0,0.16241177257645678
CGATTGATCCAACCAAx-0,0.06535196475304404
CGGACTGTCGAGCCCAx-0,0.04859483144916518
CGCTGGACACGGTAAGx-0,0.13005850330198587
CGGACACTCGAGAACGx-0,0.06535196475304404
CGTAGCGTCACGATGTx-0,0.04859483144916518
CGCGTTTGTATGAAACx-0,0.04859483144916518
CGTAGGCTCCGCATCTx-0,0.06535196475304404
CGATTGATCCTGTACCx-0,0.16241177257645678
CGGAGCTGTGTGACGAx-0,0.08653381182492904
CGCGTTTTCTCAACTTx-0,0.04859483144916518
CGGGTCATCGAGGTAGx-0,0.16241177257645678
CGTCCATCAGCCTTGGx-0,0.06535196475304404
CTCATTAAGAGTCTGGx-0,0.04859483144916518
CGTTCTGGTAATAGCAx-0,0.1244727922006929
CGTTGGGGTAGATTAGx-0,0.16241177257645678
CTAGAGTAGGTGCTAGx-0,0.04859483144916518
CTCACACGTTCCACAAx-0,0.04859483144916518
CTCACACTCCGGGTGTx-0,0.08653381182492904
CTACGTCCATGACATCx-0,0.04859483144916518
CGTCTACTCGCTGATAx-0,0.1244727922006929
CGTTCTGAGGCTAGCAx-0,0.05976625365175108
CTAGCCTCACAGGCCTx-0,0.08653381182492904
CGTGTAAAGCTCTCGGx-0,0.16241177257645678
CTACACCGTTATCCGAx-0,0.06535196475304404
CTAAGACGTCAGAGGTx-0,0.04859483144916518
CTAACTTTCGTGGTCGx-0,0.08653381182492904
CTACGTCCAAGTCTACx-0,0.04859483144916518
CTAACTTAGCATGGCAx-0,0.04859483144916518
CTACACCTCACATGCAx-0,0.04859483144916518
CTCCTAGGTCCTCCATx-0,0.16241177257645678
CGTTGGGCATAGTAAGx-0,0.06535196475304404
CGTGTCTGTTCCGGCAx-0,0.04859483144916518
CTACACCTCTCCGGTTx-0,0.06535196475304404
CTACACCTCTCTGCTGx-0,0.04859483144916518
CGTTAGAAGCTTTGGTx-0,0.0
CTAATGGTCCTCATTAx-0,0.04859483144916518
CTAGAGTAGAAACCTAx-0,0.06535196475304404
CTAAGACCATGGTTGTx-0,0.05976625365175108
CTCACACGTCCTGCTTx-0,0.7412516707803916
CTCACACGTGGCGAATx-0,0.16241177257645678
CGTGTCTCACCACCAGx-0,0.06535196475304404
CGTGAGCGTTCGTGATx-0,0.16241177257645678
CTAGTGAGTTTGCATGx-0,0.06535196475304404
CGTGTCTAGAAACCATx-0,0.1244727922006929
CTACCCAGTATTAGCCx-0,0.04859483144916518
CGTTAGAAGAGCTTCTx-0,0.0
CTAGCCTCACGGATAGx-0,0.04859483144916518
CTAGAGTTCGCCGTGAx-0,0.04859483144916518
CTAGAGTCAGTCGATTx-0,0.06535196475304404
CGTGAGCGTTATGCGTx-0,0.16241177257645678
CTCAGAACAGATTGCTx-0,0.04859483144916518
CTCATTACATCCCATCx-0,0.0
CTACCCACAGTTCCCTx-0,0.06535196475304404
CGTTCTGCACAAGACGx-0,0.04859483144916518
CTAATGGGTCCAGTATx-0,0.04859483144916518
CTCACACAGATATACGx-0,0.04859483144916518
CTACATTCAGACAAATx-0,0.04859483144916518
CGTTCTGCAAACTGTCx-0,0.04859483144916518
CGTGTAAGTCCTCTTGx-0,0.04859483144916518
CTACATTGTAGCTCCGx-0,0.04859483144916518
CTACACCCACGACGAAx-0,0.0
CTACACCAGATGAGAGx-0,0.04859483144916518
CGTTGGGAGAAACGCCx-0,0.04859483144916518
CTAACTTCATGGTTGTx-0,0.08653381182492904
CGTGAGCGTCTTCGTCx-0,0.08653381182492904
CGTGAGCTCAACGCTAx-0,0.04859483144916518
CGTGTCTCAAGCTGAGx-0,0.16241177257645678
CTAACTTGTGTGCCTGx-0,0.08653381182492904
CTACACCAGTAGTGCGx-0,0.04859483144916518
CTAATGGCAGTGGAGTx-0,0.04859483144916518
CTCAGAAAGGGTCTCCx-0,0.06535196475304404
CTACGTCCAAGCTGGAx-0,0.04859483144916518
CTACACCGTTCCACGGx-0,0.05418054255045813
CTAGTGATCTCATTCAx-0,0.06535196475304404
CTCACACTCACGAAGGx-0,0.04859483144916518
CGTTCTGAGTGAACATx-0,0.06535196475304404
CTACATTAGGTGACCAx-0,0.06535196475304404
CTACGTCAGCGTGTCCx-0,0.04859483144916518
CGTGTAACACCTCGTTx-0,0.04859483144916518
CTCAGAATCGTATCAGx-0,0.04859483144916518
CGTGTAAAGGTGATATx-0,0.04859483144916518
CTACCCATCTCTTGATx-0,0.04859483144916518
CTAGAGTAGAGACTTAx-0,0.04859483144916518
CTACATTAGATCGATAx-0,0.06535196475304404
CTAGAGTTCTGCGGCAx-0,0.04859483144916518
CTCATTATCGGTGTCGx-0,0.1244727922006929
CTAGAGTTCAAACCGTx-0,0.04859483144916518
CTACGTCGTCTAGCCGx-0,0.16241177257645678
CTAGCCTCAATCACACx-0,0.05418054255045813
CTAGCCTCATGACGGAx-0,0.05976625365175108
CGTTAGACATGCCTAAx-0,0.04859483144916518
CTCCTAGTCGGAGCAAx-0,0.06535196475304404
CTACACCGTCTTCTCGx-0,0.06535196475304404
CTAAGACGTACACCGCx-0,0.2722137357611911
CTAAGACAGTACGTTCx-0,0.04859483144916518
CTACGTCCATCGGACCx-0,0.04859483144916518
CTAGAGTCAGCTGTGCx-0,0.06535196475304404
CTAAGACGTTCTGGTAx-0,0.04859483144916518
CGTTAGAAGATGTGTAx-0,0.1244727922006929
CGTGTCTCATCACAACx-0,0.04859483144916518
CTACACCGTCGGATCCx-0,0.04859483144916518
CTCCTAGCAAGAAAGGx-0,0.06535196475304404
CTACACCCACGCATCGx-0,0.0
CTAGCCTCAGTGGGATx-0,0.16241177257645678
CGTGTCTAGGCGACATx-0,0.06535196475304404
CTAGAGTCATCAGTACx-0,0.06535196475304404
CTCACACGTAGTGAATx-0,0.04859483144916518
CTCACACCATCGGAAGx-0,0.06535196475304404
CTTAACTGTACTCAACx-0,0.16241177257645678
CTGATCCAGACCGGATx-0,0.04859483144916518
CTGAAGTTCTGATTCTx-0,0.04859483144916518
CTCTGGTAGTGCTGCCx-0,0.06535196475304404
CTCGTACTCGCATGATx-0,0.06535196475304404
CTCTAATCATTACCTTx-0,0.04859483144916518
CTGCTGTAGAAACGAGx-0,0.04859483144916518
CTCGAGGGTAATAGCAx-0,0.0
CTCTACGGTCTGCCAGx-0,0.04859483144916518
CTCTACGGTACATCCAx-0,0.16241177257645678
CTGAAACTCCTCAACCx-0,0.04859483144916518
CTCTACGTCAAACGGGx-0,0.1244727922006929
CTGATAGAGGCGACATx-0,0.16241177257645678
CTGGTCTTCGGAAATAx-0,0.04859483144916518
CTGAAGTTCGTTTAGGx-0,0.04859483144916518
CTTACCGTCGGCCGATx-0,0.04859483144916518
CTGTTTACAGCGTTCGx-0,0.04859483144916518
CTGAAGTAGGTGCACAx-0,0.04859483144916518
CTCTAATGTAGCGATGx-0,0.05418054255045813
CTCGGGATCGGCGGTTx-0,0.04859483144916518
CTGCCTATCTCTAGGAx-0,0.16241177257645678
CTCTAATAGAAACCATx-0,0.04859483144916518
CTTAGGAAGAAACCGCx-0,0.04859483144916518
CTGAAGTTCTTGTATCx-0,0.16241177257645678
CTCGAGGTCACCCTCAx-0,0.16241177257645678
CTCTGGTGTCTCAACAx-0,0.04859483144916518
CTGCCTAAGGGTGTGTx-0,0.16241177257645678
CTCGTACGTTTGGCGCx-0,0.06535196475304404
CTCGTCACACAAGTAAx-0,0.31433881488198656
CTCTGGTGTCCGTCAGx-0,0.0
CTCGGAGCATTCACTTx-0,0.16241177257645678
CTGATAGGTTCGTTGAx-0,0.23683543269673393
CTTAACTAGCGAGAAAx-0,0.16241177257645678
CTGGTCTGTCGGGTCTx-0,0.06535196475304404
CTCGAAACACCCAGTGx-0,0.2609015118253196
CTTACCGCAATGGAGCx-0,0.04859483144916518
CTGAAACGTTTACTCTx-0,0.04859483144916518
CTCTACGTCCAATGGTx-0,0.16241177257645678
CTGTTTAAGCCAGGATx-0,0.16241177257645678
CTTAACTCACTGAAGGx-0,0.16241177257645678
CTGTTTAAGTCCGTATx-0,0.04859483144916518
CTGCCTAGTCCCTACTx-0,0.41762126893051404
CTGCTGTCATCTACGAx-0,0.04859483144916518
CTGCCTACATCTGGTAx-0,0.04859483144916518
CTGGTCTTCATTCACTx-0,0.16241177257645678
CTTACCGGTCGGGTCTx-0,0.04859483144916518
CTGTTTACATTCTCATx-0,0.04859483144916518
CTTACCGAGGGCACTAx-0,0.04859483144916518
CTCGAAAGTCTTCTCGx-0,0.04859483144916518
CTGTTTAGTCCAAGTTx-0,0.16241177257645678
CTCTAATCAGTATCTGx-0,0.04859483144916518
CTGGTCTCAAACAACAx-0,0.04859483144916518
CTGATCCGTTCAGGCCx-0,0.05418054255045813
CTGATAGAGGAGTACCx-0,0.08653381182492904
CTTACCGAGTAGGTGCx-0,0.04859483144916518
CTTACCGCAATGCCATx-0,0.04859483144916518
CTCGTCATCTTGCCGTx-0,0.1244727922006929
CTCGGAGGTACCTACAx-0,0.05976625365175108
CTGATAGAGTTCGCGCx-0,0.04859483144916518
CTCTAATTCTTTACACx-0,0.06535196475304404
CTCGTACCAGACTCGCx-0,0.2116566422008882
CTGAAGTAGGGATACCx-0,0.16241177257645678
CTGCCTATCGCGCCAAx-0,0.04859483144916518
CTGTGCTAGTTGAGTAx-0,0.16241177257645678
CTGGTCTTCGTGGACCx-0,0.04859483144916518
CTGTTTATCACAGGCCx-0,0.04859483144916518
CTCTAATCACGAGAGTx-0,0.06535196475304404
CTTAGGAAGGTGATATx-0,0.06535196475304404
CTCTAATGTGCAACTTx-0,0.04859483144916518
CTCTACGCAATGCCATx-0,0.41762126893051404
CTCTGGTAGCGTTGCCx-0,0.04859483144916518
CTCGGAGAGGCAGGTTx-0,0.06535196475304404
CTGAAACGTATGCTTGx-0,0.16241177257645678
CTCGAGGCATGCGCACx-0,0.16241177257645678
CTGATCCAGTGGACGTx-0,0.04859483144916518
CTCTAATAGCTGGAACx-0,0.06535196475304404
CTTAACTAGACTCGGAx-0,0.04859483144916518
CTGATAGTCACAAACCx-0,0.2116566422008882
CTTAACTAGTGGTAATx-0,0.1244727922006929
CTTACCGCAAGAAAGGx-0,0.04859483144916518
CTGAAACAGAGCTATAx-0,0.08653381182492904
CTTACCGTCTTCGAGAx-0,0.16241177257645678
CTCTGGTGTGGTCTCGx-0,0.04859483144916518
CTCGGGAGTCGACTATx-0,0.16241177257645678
CTCGGAGGTTCAGTACx-0,0.05976625365175108
CTGTGCTTCGCAAACTx-0,0.04859483144916518
CTCGAAATCGGTGTCGx-0,0.04859483144916518
CTGTGCTAGTGTCCCGx-0,0.16241177257645678
CTTAGGAAGCTAGGCAx-0,0.24748160469447586
CTCGAAAGTCTTGTCCx-0,0.04859483144916518
CTGAAACGTAGCACGAx-0,0.06535196475304404
CTCGAGGGTCTCCCTAx-0,0.04859483144916518
CTCGTCAAGAGTACCGx-0,0.06535196475304404
CTCTAATGTAAAGGAGx-0,0.04859483144916518
CTGTTTATCGGCGCATx-0,0.04859483144916518
CTCGAAACAATGCCATx-0,0.04859483144916518
GAATAAGCATGAAGTAx-0,0.2116566422008882
GAACCTAAGATCTGCTx-0,0.04859483144916518
GAATAAGCACCTGGTGx-0,0.06535196475304404
GAAATGACATGGTTGTx-0,0.06535196475304404
GAATGAAGTTCCGGCAx-0,0.08653381182492904
CTTCTCTTCGCCAGCAx-0,0.04859483144916518
CTTGGCTTCACGGTTAx-0,0.16241177257645678
GACGCGTGTGCGAAACx-0,0.2116566422008882
GACGTGCCAATAGCAAx-0,0.06535196475304404
CTTCTCTGTCGTGGCTx-0,0.06535196475304404
CTTCTCTCAATCTGCAx-0,0.33255143681249494
CTTGGCTGTGTGTGCCx-0,0.06535196475304404
CTTTGCGAGGAGTCTGx-0,0.04859483144916518
GACGTTATCGTCCGTTx-0,0.06535196475304404
GAACATCGTAAGAGGAx-0,0.04859483144916518
GACGTGCAGTACTTGCx-0,0.04859483144916518
GAAACTCCAGGGTTAGx-0,0.16241177257645678
GACGTTATCACGATGTx-0,0.16241177257645678
GACACGCTCCATGAGTx-0,0.06535196475304404
GACCTGGCAATAGCGGx-0,0.16241177257645678
GAACGGACACGGCGTTx-0,0.06535196475304404
GACAGAGGTCTAGAGGx-0,0.16241177257645678
GAACCTAAGCTAGTCTx-0,0.16241177257645678
GACCTGGGTAAGGATTx-0,0.16241177257645678
CTTGGCTCAAAGCAATx-0,0.08653381182492904
GACACGCCAGATGAGCx-0,0.04859483144916518
CTTGGCTGTGTTGAGGx-0,0.04859483144916518
GAACGGATCCATGAACx-0,0.04859483144916518
GAAATGACACGCTTTCx-0,0.16241177257645678
GAACATCCATTCCTCGx-0,0.439521575246669
GAAACTCGTTACGTCAx-0,0.6406749722691507
GAAGCAGAGAAAGTGGx-0,0.08653381182492904
GACGGCTAGTGCCAGAx-0,0.08653381182492904
GAAACTCCAAAGGCGTx-0,0.06535196475304404
GAATGAACATATGAGAx-0,0.04859483144916518
GAACGGACAGCTGGCTx-0,0.04859483144916518
CTTGGCTTCCGTACAAx-0,0.04859483144916518
GACGGCTCATGTCGATx-0,0.16241177257645678
GACACGCGTAAATGTGx-0,0.04859483144916518
GACTAACAGTCGCCGTx-0,0.16241177257645678
GACAGAGGTCCGAACCx-0,0.06535196475304404
GAATAAGAGCAATATGx-0,0.04859483144916518
GAAATGAAGAAGGACAx-0,0.04859483144916518
GAATAAGCAGGGATTGx-0,0.04859483144916518
GAAGCAGGTTACGCGCx-0,0.04859483144916518
GAATAAGAGGTGCAACx-0,0.16241177257645678
GAAACTCTCTGAGGGAx-0,0.04859483144916518
GAACCTAGTAAGTGGCx-0,0.04859483144916518
CTTGGCTGTCACTGGCx-0,0.04859483144916518
GACGGCTCATACCATGx-0,0.05976625365175108
CTTGGCTCACGGACAAx-0,0.04859483144916518
GACGTTAGTTTAGGAAx-0,0.04859483144916518
GACCAATAGGATATACx-0,0.06535196475304404
GAACGGATCGCCTGTTx-0,0.05976625365175108
GACTACAAGAAAGTGGx-0,0.06535196475304404
GAAACTCAGAAACGCCx-0,0.16241177257645678
CTTAGGACAGCATGAGx-0,0.04859483144916518
GACGCGTCATAGAAACx-0,0.16241177257645678
GACAGAGAGTGGCACAx-0,0.04859483144916518
GAATAAGAGCCTCGTGx-0,0.04859483144916518
GAAACTCCAATCCGATx-0,0.04859483144916518
GACCTGGAGCGATCCCx-0,0.16241177257645678
GACGTGCCATGGTCATx-0,0.04859483144916518
CTTTGCGAGTTCGCGCx-0,0.04859483144916518
GACCAATTCGTTTAGGx-0,0.04859483144916518
CTTCTCTAGTACATGAx-0,0.04859483144916518
GAAATGAAGAGGTTATx-0,0.04859483144916518
GACCTGGGTCGTTGTAx-0,0.06535196475304404
GACAGAGGTCAGATAAx-0,0.04859483144916518
CTTCTCTTCCATGAACx-0,0.04859483144916518
GAACGGATCTTGCATTx-0,0.16241177257645678
GAACGGATCTTGCAAGx-0,0.06535196475304404
GACCTGGGTATAATGGx-0,0.41762126893051404
GACACGCGTACCAGTTx-0,0.1244727922006929
GACTAACTCAAACCGTx-0,0.08653381182492904
GAAATGAGTACGAAATx-0,0.06535196475304404
GAACATCGTCGCTTTCx-0,0.05976625365175108
GAAACTCGTCCGAACCx-0,0.04859483144916518
GAACCTAAGTCCGTATx-0,0.04859483144916518
GACCTGGGTAGGAGTCx-0,0.06535196475304404
CTTGGCTCAGGGTTAGx-0,0.04859483144916518
GACGTGCCAGCATACTx-0,0.04859483144916518
GAACGGAGTGACGGTAx-0,0.016198277149721725
GAAGCAGTCTTGGGTAx-0,0.06535196475304404
GAACCTAAGCGATATAx-0,0.2116566422008882
GACGGCTTCGGATGGAx-0,0.16241177257645678
GAACATCTCCATGAGTx-0,0.04859483144916518
GACGTGCGTCCTCTTGx-0,0.04859483144916518
CTTTGCGCAAGTTCTGx-0,0.06535196475304404
GAATGAAGTAGAAGGAx-0,0.08653381182492904
GACACGCTCATGTCTTx-0,0.04859483144916518
GAACGGATCTTGTTTGx-0,0.04859483144916518
GATCGTACACAGACAGx-0,0.06535196475304404
GAGCAGAAGTTACCCAx-0,0.04859483144916518
GATCGTATCATTCACTx-0,0.04859483144916518
GATCGTAGTATCACCAx-0,0.16241177257645678
GCAGCCATCATGTGGTx-0,0.06535196475304404
GATGCTAGTGAACCTTx-0,0.08653381182492904
GATCAGTCACAGGTTTx-0,0.04859483144916518
GCAGCCATCGATGAGGx-0,0.16241177257645678
GATGAAATCGATCCCTx-0,0.04859483144916518
GATCAGTAGTTACGGGx-0,0.04859483144916518
GAGGTGACAAGGTTCTx-0,0.06535196475304404
GATGCTAGTGTTCTTTx-0,0.04859483144916518
GAGTCCGAGGCGACATx-0,0.06535196475304404
GACTACATCAACCAACx-0,0.04859483144916518
GCAATCAAGGCTCAGAx-0,0.04859483144916518
GCACTCTAGCTACCTAx-0,0.04859483144916518
GATCGTAAGTAGGCCAx-0,0.04859483144916518
GAGGTGATCGGCATCGx-0,0.16241177257645678
GCAGTTACAGAGTGTGx-0,0.04859483144916518
GATCGTACATTGGGCCx-0,0.06535196475304404
GCACATACATAGGATAx-0,0.06535196475304404
GCAAACTTCAGCGACCx-0,0.04859483144916518
GATGAAAGTTCAGACTx-0,0.16241177257645678
GATGAGGAGGGCTTCCx-0,0.04859483144916518
GACTACAGTGAGGGTTx-0,0.04859483144916518
GAGGTGATCGGAAATAx-0,0.06535196475304404
GACTGCGAGTAGCCGAx-0,0.16241177257645678
GCACATACAGATGAGCx-0,0.04859483144916518
GATCTAGGTTCCGTCTx-0,0.06535196475304404
GATGAAAAGGTTCCTAx-0,0.16241177257645678
GAGCAGACAAGCCCACx-0,0.06535196475304404
GACTGCGCAATTGCTGx-0,0.13005850330198587
GCACTCTTCGGCATCGx-0,0.38568275293728826
GATGAAAAGATGTCGGx-0,0.04859483144916518
GCACTCTAGAAGGCCTx-0,0.04859483144916518
GATTCAGAGATGTCGGx-0,0.04859483144916518
GATTCAGAGATGGCGTx-0,0.16241177257645678
GATGAAAGTTTGTGTGx-0,0.06535196475304404
GATGAGGTCGTTTATCx-0,0.04859483144916518
GCAGCCATCATGGTCAx-0,0.06535196475304404
GACTGCGAGTGCAAGCx-0,0.04859483144916518
GACTACATCGTGACATx-0,0.16241177257645678
GATCGTACACTAGTACx-0,0.16241177257645678
GCAAACTGTCGAAAGCx-0,0.04859483144916518
GCAGTTAAGATAGCATx-0,0.04859483144916518
GATGAAACAGGCGATAx-0,0.04859483144916518
GAGCAGATCTAGAGTCx-0,0.04859483144916518
GATCGCGAGTGTCCCGx-0,0.06535196475304404
GCACTCTAGAGAACAGx-0,0.16241177257645678
GCAGTTAAGGAACTGCx-0,0.06535196475304404
GAGTCCGTCGCGATCGx-0,0.04859483144916518
GCAAACTAGCCAACAGx-0,0.06535196475304404
GAGGTGAAGTACGATAx-0,0.04859483144916518
GATCGTAGTGCACCACx-0,0.16241177257645678
GATCAGTAGACCACGAx-0,0.04859483144916518
GACTACATCTGAAAGAx-0,0.09770523402751495
GATGCTAAGGCGTACAx-0,0.16241177257645678
GAGCAGAAGCGACGTAx-0,0.16241177257645678
GATGAAAAGACTAAGTx-0,0.16241177257645678
GATCGTATCAAAGTAGx-0,0.16241177257645678
GATCGCGAGTACGTAAx-0,0.1244727922006929
GATCGATTCGGTGTCGx-0,0.16241177257645678
GCAATCAAGGGTCTCCx-0,0.16241177257645678
GATCGCGGTACTTGACx-0,0.16241177257645678
GATCGATGTGGTCTCGx-0,0.16241177257645678
GATCGCGAGACACGACx-0,0.16241177257645678
GATCAGTGTCACAAGGx-0,0.04859483144916518
GACTGCGCACGGCTACx-0,0.06535196475304404
GAGCAGACAAAGCGGTx-0,0.0
GCACTCTGTTCCACTCx-0,0.04859483144916518
GAGCAGAAGCCTCGTGx-0,0.06535196475304404
GATCTAGTCGGAGCAAx-0,0.16241177257645678
GCAGCCAGTAAGTAGTx-0,0.04859483144916518
GATCGATCATGGGACAx-0,0.04859483144916518
GATCTAGTCCGAGCCAx-0,0.06535196475304404
GATGAGGCATGATCCAx-0,0.04859483144916518
GATGAGGGTGCGAAACx-0,0.16241177257645678
GATCGTACAGATGGCAx-0,0.04859483144916518
GCAATCATCAAACCACx-0,0.06535196475304404
GATGAGGCATTGTGCAx-0,0.04859483144916518
GCACATAAGGGCTCTCx-0,0.04859483144916518
GACTGCGGTTCGTCTCx-0,0.0
GAGTCCGAGGGTGTGTx-0,0.0
GCAGCCAAGTGTTGAAx-0,0.16241177257645678
GCACATACATTCACTTx-0,0.06535196475304404
GCAATCATCTCTAAGGx-0,0.08653381182492904
GAGCAGAGTTCCAACAx-0,0.04859483144916518
GATGAAAAGCGATAGCx-0,0.04859483144916518
GACTACATCAGAGCTTx-0,0.16241177257645678
GACTGCGCATCACGTAx-0,0.04859483144916518
GATCGTAGTGTTGGGAx-0,0.16241177257645678
GATGCTAAGTCTCGGCx-0,0.04859483144916518
GCAAACTCATGCTAGTx-0,0.08653381182492904
GCCAAATTCTTAGCCCx-0,0.13005850330198587
GGAAAGCCATCTATGGx-0,0.06535196475304404
GCATGTAGTTGGTTTGx-0,0.04859483144916518
GCTGCAGCACTGTCGGx-0,0.06535196475304404
GGAAAGCTCCCAAGTAx-0,0.04859483144916518
GGAACTTTCTTAACCTx-0,0.8275011138535944
GCCAAATTCATGTCTTx-0,0.05976625365175108
GCGAGAAAGACACTAAx-0,0.04859483144916518
GCTGCGATCAGAGACGx-0,0.16241177257645678
GCATGCGCAACACGCCx-0,0.04859483144916518
GCCTCTATCCACTCCAx-0,0.1244727922006929
GCTCTGTAGCTGATAAx-0,0.33255143681249494
GCGCGATAGGTGATTAx-0,0.3101463814497511
GCGGGTTTCCGATATGx-0,0.06535196475304404
GCTGCTTAGGCTCTTAx-0,0.1244727922006929
GCTTCCAGTCGGCACTx-0,0.04859483144916518
GCAGTTAGTCACACGCx-0,0.04859483144916518
GCGCAACGTCCGCTGAx-0,0.04859483144916518
GCTCTGTAGTGAAGTTx-0,0.16241177257645678
GCTGCTTAGGTGCTAGx-0,0.16241177257645678
GCGCGATGTCCCTTGTx-0,0.04859483144916518
GCGACCATCAGATAAGx-0,0.04859483144916518
GCATGCGGTATTAGCCx-0,0.06535196475304404
GCTCTGTAGCCATCGCx-0,0.2609015118253196
GGAATAAAGACACTAAx-0,0.04859483144916518
GCGCAGTCACCTCGTTx-0,0.04859483144916518
GCGCCAATCGGATGGAx-0,0.16241177257645678
GCATGCGCATCGACGCx-0,0.04859483144916518
GCGCAACGTCTCTTATx-0,0.3963289249350302
GCGGGTTGTAGCGTCCx-0,0.05976625365175108
GCGGGTTGTTCGTGATx-0,0.06535196475304404
GCTCCTAAGATCGGGTx-0,0.06535196475304404
GGAAAGCCAGAGCCAAx-0,0.06535196475304404
GCTTCCAAGGACAGAAx-0,0.06535196475304404
GCCAAATAGATCGATAx-0,0.04859483144916518
GCTTCCACAAGAAAGGx-0,0.04859483144916518
GCTGCGATCAATACCGx-0,0.16241177257645678
GCATGATAGGCAGTCAx-0,0.1244727922006929
GCGCAGTGTCCGAAGAx-0,0.16241177257645678
GGAAAGCCAAGCGAGTx-0,0.04859483144916518
GCAGTTAGTCTTGTCCx-0,0.04859483144916518
GCGACCAAGTGTGAATx-0,0.16241177257645678
GCATGCGGTTCATGGTx-0,0.06535196475304404
GCATGATCATCCGTGGx-0,0.06535196475304404
GCATACATCTTGTATCx-0,0.06535196475304404
GCATGTAAGGTCATCTx-0,0.04859483144916518
GGAACTTCAATGTTGCx-0,0.08653381182492904
GCGACCAAGGACACCAx-0,0.06535196475304404
GCTTGAATCTCGCTTGx-0,0.06535196475304404
GCATGCGAGGGAGTAAx-0,0.04859483144916518
GCTGGGTGTAGCGCTCx-0,0.06535196475304404
GCTGGGTAGTGTTAGAx-0,0.16241177257645678
GCTGCGAGTCCGACGTx-0,0.06535196475304404
GCTTCCAAGTGGTCCCx-0,0.1244727922006929
GCGGGTTCACATTAGCx-0,0.04859483144916518
GCGCAGTTCGTTTGCCx-0,0.06535196475304404
GCGCAACAGTCAATAGx-0,0.0
GCGACCACACCTGGTGx-0,0.04859483144916518
GCTGCAGAGTCCGTATx-0,0.04859483144916518
GCGAGAATCACTCTTAx-0,0.16241177257645678
GCTCTGTGTTACGCGCx-0,0.16241177257645678
GCGACCAAGCTAACAAx-0,0.06535196475304404
GCTGCAGAGAGTTGGCx-0,0.06535196475304404
GCGGGTTGTGCAGTAGx-0,0.04859483144916518
GCCTCTAAGCGCCTTGx-0,0.04859483144916518
GCAGTTAGTTCTGTTTx-0,0.0
GCGCCAAGTATATGGAx-0,0.1244727922006929
GCATGTAAGCATCATCx-0,0.04859483144916518
GCGAGAATCCGTAGGCx-0,0.06535196475304404
GCCTCTAGTGCCTGTGx-0,0.08653381182492904
GCATGCGGTGCGGTAAx-0,0.16241177257645678
GCTTGAAGTATAGGTAx-0,0.04859483144916518
GCCTCTACACAGGCCTx-0,0.04859483144916518
GCATGCGGTACAGCAGx-0,0.38568275293728826
GCTGGGTGTCTCATCCx-0,0.16241177257645678
GCGCCAAGTTCCCGAGx-0,0.16241177257645678
GGAACTTTCCTAAGTGx-0,0.04859483144916518
GCATGATAGTCGAGTGx-0,0.04859483144916518
GCAGTTATCAGGCCCAx-0,0.16241177257645678
GCATGATCAGCGAACAx-0,0.16241177257645678
GCGCAGTAGATCCTGTx-0,0.03239655429944345
GGAATAAAGACATAACx-0,0.04859483144916518
GCTGGGTAGCTGCAAGx-0,0.08653381182492904
GCTCTGTTCGAATGCTx-0,0.04859483144916518
GCGCGATAGGCCCTTGx-0,0.08653381182492904
GGAACTTTCCGGCACAx-0,0.04859483144916518
GCATACACATCCTTGCx-0,0.04859483144916518
GCGACCAAGATGCCAGx-0,0.16241177257645678
GCATGATGTTAAGATGx-0,0.09770523402751495
GCTGCGACATCTCGCTx-0,0.16241177257645678
GCCAAATGTCCAACTAx-0,0.06535196475304404
GCGACCACACATCCAAx-0,0.41762126893051404
GCGGGTTCATAGAAACx-0,0.06535196475304404
GCTTGAAAGGTGGGTTx-0,0.04859483144916518
GCTGGGTAGACAGGCTx-0,0.05418054255045813
GCATGATTCTTCGAGAx-0,0.38568275293728826
GGACGTCGTGCAACGAx-0,0.04859483144916518
GGCCGATTCGGAAATAx-0,0.04859483144916518
GGCGTGTTCAGGTTCAx-0,0.04859483144916518
GGCGACTAGTCAAGGCx-0,0.16241177257645678
GGAATAATCTCTAAGGx-0,0.04859483144916518
GGACGTCAGGACACCAx-0,0.04859483144916518
GGGTTGCAGTACGTAAx-0,0.16241177257645678
GGCGACTGTCGGCTCAx-0,0.04859483144916518
GGATTACCACGGCGTTx-0,0.06535196475304404
GGAGCAATCTTGAGGTx-0,0.05976625365175108
GGGCACTCATGGTTGTx-0,0.04859483144916518
GGCAATTAGAAACCATx-0,0.1244727922006929
GGCCGATGTAAGTGTAx-0,0.16241177257645678
GGGAGATGTACCATCAx-0,0.08653381182492904
GGGACCTAGAGGTTGCx-0,0.04859483144916518
GGCGTGTGTCGCGAAAx-0,0.04859483144916518
GGACAGACATGCCTAAx-0,0.04859483144916518
GGCTGGTCAGTTAACCx-0,0.16241177257645678
GGGTCTGTCGCCCTTAx-0,0.16241177257645678
GGAATAATCTGGCGTGx-0,0.06535196475304404
GGGAATGTCACGGTTAx-0,0.06535196475304404
GGACGTCAGGGTGTTGx-0,0.04859483144916518
GGCTGGTAGGTGTGGTx-0,0.06535196475304404
GGCGACTGTAGGGTACx-0,0.04859483144916518
GGGTTGCCACGCCAGTx-0,0.04859483144916518
GGGAGATCAGGGAGAGx-0,0.04859483144916518
GGGCATCTCGCAAGCCx-0,0.16241177257645678
GGATGTTAGTGGGCTAx-0,0.04859483144916518
GGATTACGTAACGACGx-0,0.04859483144916518
GGACGTCGTCTGGAGAx-0,0.06535196475304404
GGCTCGAGTTATCCGAx-0,0.41762126893051404
GGCTCGAGTCATATGCx-0,0.16241177257645678
GGCCGATGTGTGACGAx-0,0.05976625365175108
GGACATTTCACTGGGCx-0,0.04859483144916518
GGATGTTGTCGAACAGx-0,0.16241177257645678
GGCAATTGTCGAATCTx-0,0.04859483144916518
GGGAATGCAAGCCGCTx-0,0.06535196475304404
GGGACCTCAGCTGCTGx-0,0.04859483144916518
GGGAATGCAGACGCCTx-0,0.04859483144916518
GGGATGACAGGGTTAGx-0,0.06535196475304404
GGGTCTGCATAGTAAGx-0,0.09770523402751495
GGACATTCACGGACAAx-0,0.5749623316805703
GGATGTTGTACCAGTTx-0,0.04859483144916518
GGCAATTGTTCGTCTCx-0,0.06535196475304404
GGCCGATCAGGAATGCx-0,0.04859483144916518
GGAATAAAGCGGCTTCx-0,0.04859483144916518
GGAATAACATGTCTCCx-0,0.04859483144916518
GGACAGAAGGATCGCAx-0,0.06535196475304404
GGACAAGGTACCATCAx-0,0.04859483144916518
GGGCACTTCTCAAGTGx-0,0.04859483144916518
GGGAATGTCATGTCTTx-0,0.16241177257645678
GGGTCTGGTAAACCTCx-0,0.1244727922006929
GGGAGATAGTCTCGGCx-0,0.16241177257645678
GGATTACCACCACGTGx-0,0.16241177257645678
GGACATTGTCTCCATCx-0,0.04859483144916518
GGGACCTAGAAGGGTAx-0,0.04859483144916518
GGCGACTAGCATCATCx-0,0.04859483144916518
GGCCGATTCCTGCTTGx-0,0.04859483144916518
GGCGACTTCATAACCGx-0,0.04859483144916518
GGAGCAAAGTAGGCCAx-0,0.16241177257645678
GGCTCGACACATAACCx-0,0.0
GGCCGATGTAACGTTCx-0,0.04859483144916518
GGGTCTGCACGACGAAx-0,0.09770523402751495
GGACAAGTCAACACGTx-0,0.06535196475304404
GGGCATCAGTGACTCTx-0,0.16241177257645678
GGATGTTCACGTTGGCx-0,0.04859483144916518
GGCAATTCACCGAATTx-0,0.06535196475304404
GGAATAATCCTGCTTGx-0,0.04859483144916518
GGAATAAGTATGGTTCx-0,0.16241177257645678
GGGTTGCAGGCTAGCAx-0,0.06535196475304404
GGGATGAGTATCTGCAx-0,0.06535196475304404
GGACAAGTCGTCGTTCx-0,0.04859483144916518
GGCAATTCAGTTTACGx-0,0.38568275293728826
GGGATGAGTGGTCTCGx-0,0.04859483144916518
GGGCATCAGCCCAATTx-0,0.0
GGCGTGTTCACTTCATx-0,0.06535196475304404
GGGAGATAGACAAAGGx-0,0.16241177257645678
GGGAATGAGAATTGTGx-0,0.06535196475304404
GGATGTTAGTCAAGCGx-0,0.04859483144916518
GGCGACTCAGATGGCAx-0,0.04859483144916518
GGGATGACAGTTCCCTx-0,0.06535196475304404
GGAATAATCACCCTCAx-0,0.04859483144916518
GGACATTCAGAAGCACx-0,0.06535196475304404
GGGAGATAGCGCTCCAx-0,0.08653381182492904
GGCTCGAGTCTAGCGCx-0,0.06535196475304404
GGCGACTCAACGATGGx-0,0.04859483144916518
GGGCACTCAATACGCTx-0,0.04859483144916518
GGCTCGACATCTATGGx-0,0.04859483144916518
GGCTGGTGTAACGCGAx-0,0.06535196475304404
GGGATGACAGATCGGAx-0,0.04859483144916518
GGCTCGAGTGCAGGTAx-0,0.04859483144916518
GGGAGATAGAAACGAGx-0,0.06535196475304404
GGGATGAAGGCTCATTx-0,0.04859483144916518
GGACAAGCATCAGTACx-0,0.16241177257645678
GGAGCAACATAACCTGx-0,0.04859483144916518
GTAACGTTCCATGCTCx-0,0.04859483144916518
GTACTCCTCACCCGAGx-0,0.16241177257645678
GTACTCCGTCTCATCCx-0,0.0
GTACTCCAGGGATACCx-0,0.06535196475304404
GGTGCGTCAAGCCATTx-0,0.08653381182492904
GTACTCCCACATGTGTx-0,0.04859483144916518
GTAGTCATCACAGGCCx-0,0.04859483144916518
GTATTCTCAGCTGCACx-0,0.04859483144916518
GGTATTGCATCCGCGAx-0,0.16241177257645678
GTAACGTCACAACTGTx-0,0.16241177257645678
GTAACGTTCAACACTGx-0,0.06535196475304404
GTATTCTTCAGCCTAAx-0,0.092119522926222
GTAGTCATCTGCGGCAx-0,0.16241177257645678
GTATTCTAGATGCCAGx-0,0.16241177257645678
GTATTCTAGGAATCGCx-0,0.0
GTAGTCATCACCAGGCx-0,0.06535196475304404
GTACTTTGTACCGAGAx-0,0.16241177257645678
GTCACGGGTAACGCGAx-0,0.04859483144916518
GTAACGTGTTCGGCACx-0,0.06535196475304404
GTAGGCCTCAGTCCCTx-0,0.16241177257645678
GGTGCGTCAGCGTAAGx-0,0.04859483144916518
GGGTTGCTCCCTCTTTx-0,0.04859483144916518
GTATCTTAGTTGTCGTx-0,0.04859483144916518
GTACTCCGTAAATACGx-0,0.04859483144916518
GTACTCCTCTGTGCAAx-0,0.06535196475304404
GGTATTGAGTATTGGAx-0,0.1244727922006929
GTATTCTAGCCAGTAGx-0,0.04859483144916518
GGTGTTATCACATGCAx-0,0.16241177257645678
GTAGGCCAGGAATTACx-0,0.04859483144916518
GGTGTTACACCCATTCx-0,0.16241177257645678
GTACGTAAGTGCCATTx-0,0.06535196475304404
GTACTTTTCTTGTATCx-0,0.16241177257645678
GTCACAATCGCCATAAx-0,0.16241177257645678
GTATTCTCACACGCTGx-0,0.04859483144916518
GTCACGGAGGCGATACx-0,0.06535196475304404
GTCAAGTTCAACGGGAx-0,0.06535196475304404
GGTGCGTTCGCGTAGCx-0,0.06535196475304404
GTACGTACAGCCTGTGx-0,0.06535196475304404
GTAGTCAGTACTCGCGx-0,0.16241177257645678
GTAGGCCCATACTCTTx-0,0.04859483144916518
GTAACGTCAATAGCAAx-0,0.41762126893051404
GGTGTTAAGGGCACTAx-0,0.0
GTAACTGTCTAACTTCx-0,0.06535196475304404
GTCACAACAGCTCCGAx-0,0.04859483144916518
GTACTTTTCAAGATCCx-0,0.06535196475304404
GTCACGGAGGAACTGCx-0,0.04859483144916518
GTACGTATCTTAGCCCx-0,0.06535196475304404
GTCAAGTCAACCGCCAx-0,0.04859483144916518
GTATTCTCACGTCTCTx-0,0.04859483144916518
GTAACTGGTGTTTGGTx-0,0.04859483144916518
GTACTTTGTTCGTCTCx-0,0.04859483144916518
GTACGTATCATAACCGx-0,0.0
GTACTCCTCAATACCGx-0,0.06535196475304404
GGTGCGTCATGGTAGGx-0,0.06535196475304404
GGTATTGGTGAGGGTTx-0,0.16241177257645678
GGGTTGCTCACATGCAx-0,0.04859483144916518
GTACTTTGTCTGCGGTx-0,0.16241177257645678
GTACGTATCATTATCCx-0,0.06535196475304404
GGTGCGTTCGAACTGTx-0,0.04859483144916518
GTAACTGCAAGGACACx-0,0.04859483144916518
GTACGTAGTCTGCGGTx-0,0.04859483144916518
GGTATTGTCCAGTAGTx-0,0.04859483144916518
GTAACTGCAAAGTGCGx-0,0.06535196475304404
GTACTTTGTCAGGACAx-0,0.04859483144916518
GTCACAAGTCTAGCGCx-0,0.04859483144916518
GTATTCTCAGTCGTGCx-0,0.06535196475304404
GGTGCGTAGGATGCGTx-0,0.04859483144916518
GTAGTCAGTACCATCAx-0,0.06535196475304404
GTATCTTAGTACACCTx-0,0.16241177257645678
GGTGCGTGTACATGTCx-0,0.04859483144916518
GTACTCCTCCATGCTCx-0,0.04859483144916518
GGTATTGGTAAGAGAGx-0,0.06535196475304404
GTATCTTAGGGAAACAx-0,0.16241177257645678
GGTGCGTCAGCTGTGCx-0,0.16241177257645678
GGTGCGTTCAAACCACx-0,0.16241177257645678
GGTATTGGTCAGAGGTx-0,0.04859483144916518
GTAGTCAAGTACTTGCx-0,0.06535196475304404
GTCACAATCATGTCTTx-0,0.04859483144916518
GGTGAAGGTTCCCGAGx-0,0.06535196475304404
GGTGAAGAGTAACCCTx-0,0.04859483144916518
GGTGAAGCATATACCGx-0,0.06535196475304404
GGTATTGGTCTAAAGAx-0,0.16241177257645678
GGTGAAGAGATGTGTAx-0,0.04859483144916518
GGTGTTATCATGTCCCx-0,0.1244727922006929
GTAGGCCAGGCAGTCAx-0,0.04859483144916518
GTACTTTGTAAATACGx-0,0.06535196475304404
GTATCTTGTCGCATATx-0,0.04859483144916518
GTAACGTCAGCTATTGx-0,0.16241177257645678
GTAGGCCTCTACGAGTx-0,0.04859483144916518
GTCAAGTCACAGTCGCx-0,0.05976625365175108
GTATTCTAGGCAGGTTx-0,0.04859483144916518
GGTGCGTAGCAATCTCx-0,0.04859483144916518
GTATCTTCATTGGGCCx-0,0.04859483144916518
GTAGTCACAGTCGTGCx-0,0.04859483144916518
GTGCATATCCGCGTTTx-0,0.24748160469447586
GTCTCGTAGAGCTGGTx-0,0.06535196475304404
TAAACCGTCTTGTTTGx-0,0.04859483144916518
GTGCAGCTCAAGAAGTx-0,0.16241177257645678
GTGTGCGCATATGAGAx-0,0.06535196475304404
GTTACAGGTAGCCTATx-0,0.04859483144916518
GTGTGCGTCCACGACGx-0,0.04859483144916518
GTGCGGTTCACCTTATx-0,0.06535196475304404
GTTTCTATCTTGTCATx-0,0.04859483144916518
GTCGTAAAGGCGCTCTx-0,0.16241177257645678
GTGAAGGAGCGCCTCAx-0,0.41762126893051404
GTCATTTCAAGTAATGx-0,0.7412516707803916
GTGTGCGGTCTCGTTCx-0,0.05418054255045813
GTGGGTCCACAAGTAAx-0,0.04859483144916518
GTGTTAGCAGATAATGx-0,0.06535196475304404
TAAACCGCAGTCGTGCx-0,0.0
GTCTCGTAGTTAGGTAx-0,0.16241177257645678
GTGCATACATTTGCCCx-0,0.0
GTCTTCGCATCACAACx-0,0.04859483144916518
GTTTCTACATCGGGTCx-0,0.06535196475304404
GTGTTAGCATGCCACGx-0,0.06535196475304404
GTCGTAAGTCTCTCTGx-0,0.42465502320851756
GTGGGTCCATTAGCCAx-0,0.06535196475304404
GTTCATTCAATGAAACx-0,0.16241177257645678
GTGGGTCTCGCTTAGAx-0,0.04859483144916518
GTCCTCAGTCAGCTATx-0,0.04859483144916518
GTCTTCGAGTCGCCGTx-0,0.08653381182492904
GTTCATTGTACGCACCx-0,0.04859483144916518
GTGGGTCGTGTCAATCx-0,0.08653381182492904
GTGAAGGAGACTTTCGx-0,0.16241177257645678
GTCCTCACAGTCTTCCx-0,0.06535196475304404
GTCTTCGGTATGAAACx-0,0.04859483144916518
GTCGTAAGTACTTCTTx-0,0.04859483144916518
GTTTCTAAGCGCCTTGx-0,0.16241177257645678
GTTTCTAAGCTGCAAGx-0,0.04859483144916518
GTGAAGGTCGCGCCAAx-0,0.16241177257645678
GTGCTTCAGTCTCGGCx-0,0.04859483144916518
GTCTCGTAGTCATCCAx-0,0.04859483144916518
GTTCATTAGAGACTATx-0,0.04859483144916518
GTGAAGGGTTGTGGCCx-0,0.04859483144916518
GTGAAGGGTGCACGAAx-0,0.06535196475304404
GTTCTCGAGGAATCGCx-0,0.16241177257645678
GTGTTAGGTCGCCATGx-0,0.04859483144916518
GTTAAGCAGGAGCGAGx-0,0.04859483144916518
GTCTTCGAGGTAGCTGx-0,0.04859483144916518
GTGTTAGGTTTGACTGx-0,0.04859483144916518
GTTAAGCTCGAACGGAx-0,0.06535196475304404
GTCTCGTTCCGGGTGTx-0,0.04859483144916518
GTCGGGTAGAATAGGGx-0,0.16241177257645678
GTTAAGCGTCTGCCAGx-0,0.16241177257645678
GTTTCTACACGTGAGAx-0,0.04859483144916518
TAAACCGCACTAAGTCx-0,0.04859483144916518
GTCTCGTGTAAGCACGx-0,0.04859483144916518
GTTCTCGGTCTGATCAx-0,0.04859483144916518
GTTAAGCCACCGTTGGx-0,0.16241177257645678
GTTAAGCCACCAACCGx-0,0.04859483144916518
GTGTGCGTCTACTTACx-0,0.04859483144916518
GTCTTCGGTTGAGTTCx-0,0.04859483144916518
GTGTGCGGTATAATGGx-0,0.06535196475304404
GTTTCTAAGGATATACx-0,0.04859483144916518
GTGTTAGAGAGTTGGCx-0,0.04859483144916518
GTCTTCGAGTCTCGGCx-0,0.06535196475304404
GTGTTAGAGGCTACGAx-0,0.04859483144916518
GTGCGGTTCTGCAAGTx-0,0.05418054255045813
TAAACCGGTCTTTCATx-0,0.06535196475304404
GTCATTTAGTAGGTGCx-0,0.1793033729264173
GTTCTCGAGTGTGGCAx-0,0.16241177257645678
TAAACCGGTCAAAGATx-0,0.04859483144916518
GTGCTTCAGGCAATTAx-0,0.16241177257645678
GTGAAGGAGATGCCAGx-0,0.04859483144916518
GTGGGTCTCAGCTTAGx-0,0.16241177257645678
GTGCGGTAGTGTTGAAx-0,0.06535196475304404
GTTAAGCAGAAGGGTAx-0,0.1244727922006929
GTCATTTGTAGCGCAAx-0,0.06535196475304404
GTGCAGCAGCTTCGCGx-0,0.08653381182492904
GTCATTTGTCTACCTCx-0,0.04859483144916518
GTGAAGGGTAGCTAAAx-0,0.092119522926222
GTGCAGCCACAAGTAAx-0,0.04859483144916518
GTGTGCGAGATATACGx-0,0.2116566422008882
GTGCATAAGAGACTATx-0,0.16241177257645678
GTCCTCACAATCGAAAx-0,0.04859483144916518
GTGAAGGTCAAACGGGx-0,0.04859483144916518
GTCGGGTAGTACGATAx-0,0.04859483144916518
GTGAAGGAGAAGGACAx-0,0.16241177257645678
GTGTGCGTCTCCCTGAx-0,0.04859483144916518
GTGTGCGTCAAACAAGx-0,0.16241177257645678
GTGCATACACAACTGTx-0,0.06535196475304404
GTTACAGTCCCGACTTx-0,0.0
GTGTTAGGTGTGGTTTx-0,0.16241177257645678
GTCATTTTCGCTTAGAx-0,0.06535196475304404
GTTAAGCGTTTGCATGx-0,0.04859483144916518
GTTACAGTCTGGGCCAx-0,0.16241177257645678
GTGAAGGTCTGAGTGTx-0,0.092119522926222
TAGACCAGTTCGGCACx-0,0.04859483144916518
TACTTACTCCGAACGCx-0,0.04859483144916518
TAGTGGTCACAACTGTx-0,0.04859483144916518
TAAGAGACAAGACACGx-0,0.16241177257645678
TAAGAGATCGCAAGCCx-0,0.04859483144916518
TACAGTGAGACACGACx-0,0.04859483144916518
TAGTTGGCATACAGCTx-0,0.16241177257645678
TACGGGCGTCGGCATCx-0,0.04859483144916518
TAGACCACACCGAAAGx-0,0.04859483144916518
TACCTTATCGGACAAGx-0,0.06535196475304404
TACGGGCAGCTGATAAx-0,0.16241177257645678
TAGGCATGTGAGCGATx-0,0.06535196475304404
TACTTGTGTGTCCTCTx-0,0.16241177257645678
TACCTTAGTCATGCCGx-0,0.04859483144916518
TAAGTGCAGAGATGAGx-0,0.06535196475304404
TAAGCGTAGATGTCGGx-0,0.16241177257645678
TACCTTACAGCTGTGCx-0,0.1244727922006929
TAAGAGACATAAAGGTx-0,0.04859483144916518
TAAGCGTTCAAACCACx-0,0.04859483144916518
TACACGATCAGGCCCAx-0,0.06535196475304404
TAGTTGGGTAATCGTCx-0,0.04859483144916518
TATCAGGAGCAGACTGx-0,0.06535196475304404
TACCTATAGCGGCTTCx-0,0.04859483144916518
TACACGACAGGTTTCAx-0,0.16241177257645678
TACAGTGGTTCGCTAAx-0,0.06535196475304404
TACTCATCATCACGATx-0,0.04859483144916518
TAGAGCTTCAGCGACCx-0,0.04859483144916518
TAGAGCTAGCATCATCx-0,0.04859483144916518
TACACGACAATAAGCAx-0,0.0
TACTTACAGAGCTGGTx-0,0.04859483144916518
TACTTACCAGCCAATTx-0,0.04859483144916518
TAGAGCTAGGATTCGGx-0,0.06535196475304404
TAAGAGACAGTGACAGx-0,0.08653381182492904
TACTTGTCAGGATTGGx-0,0.3101463814497511
TACTTACAGGAATTACx-0,0.04859483144916518
TACACGAGTTCACGGCx-0,0.06535196475304404
TACACGAAGACACGACx-0,0.04859483144916518
TAAGTGCCATTCGACAx-0,0.16241177257645678
TACGGATGTCCCTACTx-0,0.04859483144916518
TACAGTGGTCTTCTCGx-0,0.06535196475304404
TAGTTGGCATTGAGCTx-0,0.04859483144916518
TACTTGTAGAAGCCCAx-0,0.04859483144916518
TACTCGCGTGCTGTATx-0,0.04859483144916518
TAGGCATAGTCCCACGx-0,0.16241177257645678
TAAGTGCAGATCGGGTx-0,0.05418054255045813
TACGGATTCTCAAACGx-0,0.06535196475304404
TAAGCGTAGGAACTGCx-0,0.16241177257645678
TAGAGCTTCACAATGCx-0,0.0
TAAGAGACAAAGGAAGx-0,0.16241177257645678
TACCTATAGTGAACGCx-0,0.06535196475304404
TACTTACGTCGCCATGx-0,0.16241177257645678
TACGGTACACCCTATCx-0,0.06535196475304404
TACACGACATGAGCGAx-0,0.06535196475304404
TACTTGTTCTAACTCTx-0,0.06535196475304404
TAGTTGGGTGAGGCTAx-0,0.06535196475304404
TACTCGCCACCAGATTx-0,0.04859483144916518
TACGGGCCAGACAAGCx-0,0.04859483144916518
TAGCCGGCAGCGATCCx-0,0.06535196475304404
TAAGAGACATATGGTCx-0,0.0
TACACGATCACAATGCx-0,0.05418054255045813
TAAGTGCTCACTTCATx-0,0.05976625365175108
TAGAGCTGTAAGTTCCx-0,0.16241177257645678
TAAGAGAAGAAACCATx-0,0.06535196475304404
TACGGATAGGCCCTTGx-0,0.04859483144916518
TACTCATTCATGTCCCx-0,0.16241177257645678
TACGGATAGCTGCGAAx-0,0.04859483144916518
TACCTATCATTGTGCAx-0,0.04859483144916518
TACGGATTCCAAACACx-0,0.05418054255045813
TACGGTACAGGTCGTCx-0,0.16241177257645678
TAGACCAAGGGTGTGTx-0,0.06535196475304404
TACAGTGTCGGACAAGx-0,0.04859483144916518
TACCTATTCGTCGTTCx-0,0.04859483144916518
TAGCCGGCACATGTGTx-0,0.06535196475304404
TACTCATCACACTGCGx-0,0.1244727922006929
TAGCCGGAGTAAGTACx-0,0.0
TAGTTGGAGACTAGGCx-0,0.1244727922006929
TACGGATTCTACTATCx-0,0.16241177257645678
TACCTATTCCGCGGTAx-0,0.06535196475304404
TACCTTATCTGAGGGAx-0,0.06535196475304404
TACGGGCTCTATGTGGx-0,0.04859483144916518
TACTTACTCCTGCCATx-0,0.04859483144916518
TAAGTGCCACCGTTGGx-0,0.08653381182492904
TACAGTGGTCTCACCTx-0,0.06535196475304404
TACTTGTCACCACCAGx-0,0.04859483144916518
TACCTATAGAAACGAGx-0,0.16241177257645678
TACGGATTCAGGATCTx-0,0.16241177257645678
TACGGGCTCATTGCGAx-0,0.04859483144916518
TAGACCAAGAGCAATTx-0,0.16241177257645678
TACCTTATCCCTCAGTx-0,0.16241177257645678
TACGGTACACCGTTGGx-0,0.04859483144916518
TAGTTGGTCGGTTCGGx-0,0.16241177257645678
TATCTCAAGCTGCCCAx-0,0.04859483144916518
TACGGTATCACTTACTx-0,0.16241177257645678
TATCAGGGTCTCAACAx-0,0.04859483144916518
TAGACCATCCCTTGTGx-0,0.06535196475304404
TAAGCGTTCGGTGTTAx-0,0.04859483144916518
TACGGGCGTCAAGCGAx-0,0.38568275293728826
TACGGATCATGACGGAx-0,0.04859483144916518
TAAGAGACACGGATAGx-0,0.06535196475304404
TCATTTGAGTGTTTGCx-0,0.04859483144916518
TCAATCTTCCACTCCAx-0,0.04859483144916518
TATCTCACAAGTAATGx-0,0.06535196475304404
TCAGGTATCTTCTGGCx-0,0.04859483144916518
TCACAAGTCCTCTAGCx-0,0.04859483144916518
TCAGCTCCAATTCCTTx-0,0.04859483144916518
TCGGGACCACTACAGTx-0,0.06535196475304404
TATGCCCTCGGAAACGx-0,0.04859483144916518
TCAACGAGTGTTGAGGx-0,0.3101463814497511
TCACGAATCAATCTCTx-0,0.04859483144916518
TCGAGGCGTTAAAGACx-0,0.04859483144916518
TATCTCAGTATTAGCCx-0,0.04859483144916518
TCGCGTTGTCCGTGACx-0,0.38568275293728826
TCGTAGACAGTAACGGx-0,0.06535196475304404
TCGGTAAAGGCTAGACx-0,0.04859483144916518
TCGCGAGTCATGTAGCx-0,0.06535196475304404
TCAGGATTCATCATTCx-0,0.06535196475304404
TCGCGAGCACCTATCCx-0,0.04859483144916518
TCAATCTAGAGCAATTx-0,0.16241177257645678
TCGCGAGAGTTACGGGx-0,0.06535196475304404
TCGCGAGGTCTTTCATx-0,0.05418054255045813
TCAATCTCATCCGCGAx-0,0.04859483144916518
TCAGCTCCACATGGGAx-0,0.06535196475304404
TATCTCAGTCTAGCGCx-0,0.04859483144916518
TCAGCTCTCTTGTTTGx-0,0.04859483144916518
TCACAAGGTGACGGTAx-0,0.06535196475304404
TCGCGAGCACGAAGCAx-0,0.04859483144916518
TCAGCAATCTCTGCTGx-0,0.16241177257645678
TCACGAAGTTCAGGCCx-0,0.06535196475304404
TCGTACCGTAACGACGx-0,0.04859483144916518
TCAGCTCCATCATCCCx-0,0.16241177257645678
TATCTCACACTGTGTAx-0,0.06535196475304404
TATCTCAGTAAAGGAGx-0,0.06535196475304404
TATCTCACACCACGTGx-0,0.38876247500226374
TCAGCAATCACCGTAAx-0,0.04859483144916518
TATGCCCTCAGGATCTx-0,0.16241177257645678
TCAGGTAGTCTAAACCx-0,0.04859483144916518
TCGGTAATCGGTCTAAx-0,0.08653381182492904
TATGCCCTCTCTTATGx-0,0.04859483144916518
TATGCCCTCCATGAGTx-0,0.16241177257645678
TCAACGATCAGTGCATx-0,0.04859483144916518
TCAATCTTCTTAGAGCx-0,0.04859483144916518
TCACAAGCATACTACGx-0,0.04859483144916518
TCCCGATCACCGGAAAx-0,0.04859483144916518
TCGCGAGTCGCCCTTAx-0,0.16241177257645678
TCACGAACACAACGTTx-0,0.16241177257645678
TCAGCAAGTGTGGTTTx-0,0.06535196475304404
TCGTAGACATCCTTGCx-0,0.13005850330198587
TATTACCCACTCAGGCx-0,0.06535196475304404
TCAACGAAGGCTACGAx-0,0.04859483144916518
TCGCGTTCATCACGATx-0,0.16241177257645678
TCGGTAAAGAGGTACCx-0,0.05976625365175108
TCAGATGTCTCTTATGx-0,0.16241177257645678
TCAGGTACAGTGGAGTx-0,0.16241177257645678
TCAGCAAAGCCCTAATx-0,0.16241177257645678
TCACGAAGTCAGAGGTx-0,0.04859483144916518
TCGTACCTCAAGAAGTx-0,0.38568275293728826
TCATTTGCAAGTACCTx-0,0.16241177257645678
TCGGTAAGTGACCAAGx-0,0.04859483144916518
TCACAAGAGTCCATACx-0,0.16241177257645678
TCACAAGTCTGCGTAAx-0,0.04859483144916518
TCAGCAAAGAAACCTAx-0,0.06535196475304404
TCCACACAGCGCTTATx-0,0.04859483144916518
TCAATCTTCCGTCAAAx-0,0.16241177257645678
TCGTACCAGGCTAGACx-0,0.16241177257645678
TCATTACCAACGCACCx-0,0.04859483144916518
TCATTTGTCCAGTAGTx-0,0.05418054255045813
TCACAAGCACCGCTAGx-0,0.04859483144916518
TCAGGATGTACGAAATx-0,0.04859483144916518
TCCACACCACCACGTGx-0,0.2116566422008882
TCACAAGAGCCATCGCx-0,0.04859483144916518
TCAGCAAAGTCCCACGx-0,0.1244727922006929
TCAATCTCAAGTCTGTx-0,0.04859483144916518
TCAGCTCCAGTGGGATx-0,0.16241177257645678
TCGTAGAAGGCAATTAx-0,0.16241177257645678
TCGCGAGGTCATGCATx-0,0.16241177257645678
TCGGGACGTGATAAACx-0,0.05976625365175108
TCATTACGTATTCTCTx-0,0.1244727922006929
TCGCGAGCAAGCTGTTx-0,0.2116566422008882
TCATTACGTACCCAATx-0,0.04859483144916518
TATCTCATCACCCGAGx-0,0.04859483144916518
TCGTACCCATTCTTACx-0,0.04859483144916518
TCGGTAAAGTAGCCGAx-0,0.16241177257645678
TCACAAGCATGGTTGTx-0,0.04859483144916518
TATGCCCAGGGTTCCCx-0,0.0
TCCCGATTCTAACGGTx-0,0.16241177257645678
TATGCCCCAATGGATAx-0,0.16241177257645678
TCAGATGAGAATGTTGx-0,0.06535196475304404
TCCCGATTCTGAAAGAx-0,0.06535196475304404
TCGAGGCCAAGGACTGx-0,0.06535196475304404
TCAACGACATGACGGAx-0,0.05418054255045813
TCAATCTAGGTGCTAGx-0,0.16241177257645678
TCGTACCCAATCAGAAx-0,0.04859483144916518
TCGCGTTAGTACGACGx-0,0.06535196475304404
TCATTACAGACCTTTGx-0,0.06535196475304404
TATTACCCATGCCTTCx-0,0.06535196475304404
TCAGATGCAAGCCTATx-0,0.16241177257645678
TGAGCATCAGGCAGTAx-0,0.04859483144916518
TGACGGCTCTCGGACGx-0,0.16241177257645678
TGAGCATAGACTTGAAx-0,0.04859483144916518
TGATTTCTCCTACAGAx-0,0.04859483144916518
TGAAAGAAGCCAGGATx-0,0.04859483144916518
TGAGCATCAATGAAACx-0,0.1244727922006929
TGATTTCCATTAGCCAx-0,0.08653381182492904
TCTTTCCAGCCACGTCx-0,0.04859483144916518
TGAGCATTCGTACCGGx-0,0.0
TCTTTCCCAGGAATCGx-0,0.16241177257645678
TCTCTAAGTATAATGGx-0,0.04859483144916518
TCTCATACAACACGCCx-0,0.08653381182492904
TCTCTAAAGTGATCGGx-0,0.16241177257645678
TCTGGAAAGTCTCAACx-0,0.3101463814497511
TCTCATACATGAACCTx-0,0.04859483144916518
TGACTTTGTCTCTTTAx-0,0.16241177257645678
TGACTTTCATACCATGx-0,0.16241177257645678
TGACGGCAGACAAAGGx-0,0.04859483144916518
TGAAAGATCAGCGACCx-0,0.05418054255045813
TCGTAGATCGCCCTTAx-0,0.04859483144916518
TGAAAGACAATCCAACx-0,0.16241177257645678
TGAGAGGGTATGAAACx-0,0.04859483144916518
TCTGAGATCAGCTCGGx-0,0.04859483144916518
TCTTCGGTCGCCTGAGx-0,0.06535196475304404
TCTCATAAGACGACGTx-0,0.04859483144916518
TCTGAGAGTGGCGAATx-0,0.06535196475304404
TCTTTCCAGGCATGGTx-0,0.16241177257645678
TGACAACGTGACGCCTx-0,0.04859483144916518
TCTGGAACAGATCCATx-0,0.16241177257645678
TCTTCGGGTATTACCGx-0,0.2116566422008882
TCTTTCCCAAGCGAGTx-0,0.16241177257645678
TGACAACGTGCACCACx-0,0.04859483144916518
TCTTTCCCATTTCACTx-0,0.04859483144916518
TCTATTGTCATTGCGAx-0,0.4069750969327721
TGAGCATCACCTCGTTx-0,0.04859483144916518
TCGTAGAGTGTGTGCCx-0,0.04859483144916518
TGCACCTTCGGTTCGGx-0,0.06535196475304404
TCTGGAACACGACGAAx-0,0.16241177257645678
TCTTTCCTCTTACCGCx-0,0.06535196475304404
TGACTAGCATGAGCGAx-0,0.1244727922006929
TGAGGGATCAGGCAAGx-0,0.04859483144916518
TCTTTCCGTCTCCATCx-0,0.04859483144916518
TGAGAGGCATCCCATCx-0,0.06535196475304404
TGACGGCTCTCACATTx-0,0.04859483144916518
TCTATTGCAATGGTCTx-0,0.04859483144916518
TGAGCATCAGGGATTGx-0,0.06535196475304404
TCTGAGATCAACGAAAx-0,0.04859483144916518
TGCACCTTCAGCGATTx-0,0.06535196475304404
TCTCTAAAGCTCTCGGx-0,0.16241177257645678
TGACTTTTCTCGAGTAx-0,0.04859483144916518
TGACGGCCATAACCTGx-0,0.16241177257645678
TCTCATAAGTCTCAACx-0,0.04859483144916518
TCTGGAAGTCCGTCAGx-0,0.16241177257645678
TCTTTCCCACATGACTx-0,0.16241177257645678
TGACTAGTCTTATCTGx-0,0.04859483144916518
TGAGCCGGTGGTTTCAx-0,0.16241177257645678
TCTCTAAAGGACATTAx-0,0.05976625365175108
TGACTAGCATATGAGAx-0,0.06535196475304404
TCTTTCCGTAGAAAGGx-0,0.16241177257645678
TCTCTAAGTCTCCCTAx-0,0.04859483144916518
TGAGGGAAGAGTACCGx-0,0.04859483144916518
TGACAACGTCATCGGCx-0,0.04859483144916518
TGAGAGGTCATTCACTx-0,0.04859483144916518
TCTCTAACATCACCCTx-0,0.04859483144916518
TGAGAGGCAGCGTCCAx-0,0.16241177257645678
TCTGGAACACTAAGTCx-0,0.3353251719455968
TCGTAGAGTCCAGTATx-0,0.04859483144916518
TGAGAGGAGGGATGGGx-0,0.16241177257645678
TCTGAGATCAATCACGx-0,0.04859483144916518
TGACTTTAGTCATGCTx-0,0.16241177257645678
TCGTAGATCCGCGGTAx-0,0.06535196475304404
TGATTTCCAAAGAATCx-0,0.06535196475304404
TGACTAGTCCAGGGCTx-0,0.0
TCTCATAGTCTCGTTCx-0,0.04859483144916518
TGAGCATAGGCTATCTx-0,0.16241177257645678
TGAAAGATCTCCTATAx-0,0.2609015118253196
TGAAAGAGTCTAGTGTx-0,0.04859483144916518
TGAGGGATCTACGAGTx-0,0.08653381182492904
TGACAACGTAAAGTCAx-0,0.06535196475304404
TGACTAGAGTGTACCTx-0,0.04859483144916518
TGACTTTGTCGTCTTCx-0,0.16241177257645678
TGATTTCTCCCAGGTGx-0,0.04859483144916518
TCTTCGGAGTCTTGCAx-0,0.04859483144916518
TCTTTCCAGCACCGCTx-0,0.06535196475304404
TGACGGCGTCACCCAGx-0,0.06535196475304404
TGACGGCGTTCCGGCAx-0,0.04859483144916518
TGCACCTGTCTTCAAGx-0,0.06535196475304404
TGCACCTAGTTGTCGTx-0,0.06535196475304404
TCTTCGGTCAGTCCCTx-0,0.1244727922006929
TGCACCTGTGCACCACx-0,0.16241177257645678
TCTCATAAGTGTACCTx-0,0.06535196475304404
TGACGGCCATTGGGCCx-0,0.06535196475304404
TGACTTTTCGTCGTTCx-0,0.16241177257645678
TGAGCATTCCTTGCCAx-0,0.04859483144916518
TGCCAAAAGGCCCGTTx-0,0.16241177257645678
TGCGGGTAGTGCAAGCx-0,0.16241177257645678
TGGGAAGCAAGCTGGAx-0,0.04859483144916518
TGTGGTATCATTTGGGx-0,0.06535196475304404
TGGCGCAGTGCAGGTAx-0,0.04859483144916518
TGTATTCCATAGTAAGx-0,0.06535196475304404
TGGACGCAGCCAGTTTx-0,0.04859483144916518
TGTCCCACAGATCCATx-0,0.1244727922006929
TGCTGCTAGATGTAACx-0,0.04859483144916518
TGTGTTTAGGTTACCTx-0,0.16241177257645678
TGGACGCCATCACCCTx-0,0.04859483144916518
TGGCGCAAGAATGTTGx-0,0.04859483144916518
TGCGGGTTCAGAGGTGx-0,0.09770523402751495
TGCGTGGTCACCATAGx-0,0.04859483144916518
TGCTGCTAGACTGTAAx-0,0.04859483144916518
TGTGTTTCAATGACCTx-0,0.016198277149721725
TGTATTCTCTTCCTTCx-0,0.0
TGGGCGTAGTGAACGCx-0,0.08653381182492904
TGGTTCCCATGGTCTAx-0,0.06535196475304404
TGCGGGTGTCGAACAGx-0,0.04859483144916518
TGGCCAGGTCAGGACAx-0,0.04859483144916518
TGGACGCGTCTAAAGAx-0,0.05976625365175108
TGCCAAAGTTATTCTCx-0,0.7412516707803916
TGGTTCCTCAGCGACCx-0,0.06535196475304404
TGGCGCACACATCCGGx-0,0.04859483144916518
TGCGCAGGTTTAGGAAx-0,0.16241177257645678
TGCCCATCAGCTCGACx-0,0.13005850330198587
TGTGGTAGTCATGCATx-0,0.04859483144916518
TGCCCATCAGCCAGAAx-0,0.06535196475304404
TGGGCGTAGAAGAAGCx-0,0.05418054255045813
TGGGAAGAGAGGGATAx-0,0.04859483144916518
TGGTTAGTCCCTTGTGx-0,0.04859483144916518
TGCGTGGCATCGATTGx-0,0.06535196475304404
TGTGGTAAGACTCGGAx-0,0.06535196475304404
TGCGGGTCACTAAGTCx-0,0.16241177257645678
TGCCAAATCGGCGGTTx-0,0.06535196475304404
TGTGGTAGTCGGCTCAx-0,0.16241177257645678
TGGTTCCTCTGTTGAGx-0,0.06535196475304404
TGGGCGTGTAAATGTGx-0,0.04859483144916518
TGGTTCCCACAGCGTCx-0,0.04859483144916518
TGGTTCCTCGTCCGTTx-0,0.06535196475304404
TGCCAAATCCAGAAGGx-0,0.16241177257645678
TGGGCGTCAGCCAATTx-0,0.04859483144916518
TGGCCAGGTTACGCGCx-0,0.16241177257645678
TGCCCATAGGTCGGATx-0,0.04356797650202936
TGTCCCAAGATGAGAGx-0,0.06535196475304404
TGCCAAAGTGCAACGAx-0,0.04859483144916518
TGGGAAGCAGTCGATTx-0,0.04859483144916518
TGCCCATAGGGCTCTCx-0,0.04859483144916518
TGGGAAGTCATGGTCAx-0,0.04859483144916518
TGGTTAGTCGTTTATCx-0,0.04859483144916518
TGCCCTATCTGGTGTAx-0,0.33255143681249494
TGGTTAGCAAGCCGTCx-0,0.0
TGGGAAGGTCACCTAAx-0,0.04859483144916518
TGTGTTTAGGCACATGx-0,0.16241177257645678
TGCGTGGCAAGTTAAGx-0,0.16241177257645678
TGTCCCAAGATACACAx-0,0.04859483144916518
TGGCCAGGTCTGCCAGx-0,0.16241177257645678
TGGTTAGCAAAGTGCGx-0,0.04859483144916518
TGGGAAGTCGATCCCTx-0,0.16241177257645678
TGGCTGGGTCCGTTAAx-0,0.16241177257645678
TGCGTGGGTTTAAGCCx-0,0.04859483144916518
TGCGTGGAGCGTGAGTx-0,0.16241177257645678
TGCGCAGCACAGGTTTx-0,0.04859483144916518
TGTCCCATCGTTTGCCx-0,0.05976625365175108
TGGGAAGAGAAGGACAx-0,0.04859483144916518
TGCTGCTCATGGGACAx-0,0.04859483144916518
TGGGCGTAGTGACATAx-0,0.06535196475304404
TGCTACCGTATGAAACx-0,0.04859483144916518
TGGCTGGAGTTAGCGGx-0,0.06535196475304404
TGGGCGTGTAAGGGCTx-0,0.16241177257645678
TGGACGCTCTTCAACTx-0,0.06535196475304404
TGGTTAGCATCGGTTAx-0,0.04859483144916518
TGCTGCTGTCGGCATCx-0,0.06535196475304404
TGCTGCTTCACATACGx-0,0.04859483144916518
TGCGTGGCACCAGGTCx-0,0.16241177257645678
TGGGCGTAGTCAAGGCx-0,0.04859483144916518
TGCCCATTCCGGCACAx-0,0.04859483144916518
TGGTTCCGTCGATTGTx-0,0.04859483144916518
TGGTTCCCATGAAGTAx-0,0.1244727922006929
TGCCAAAGTCTGCCAGx-0,0.06535196475304404
TGGCGCATCTTGCCGTx-0,0.04859483144916518
TGCGCAGGTAGAAGGAx-0,0.04859483144916518
TGCTACCGTACATCCAx-0,0.04859483144916518
TGCTGCTGTGTGGCTCx-0,0.04859483144916518
TGGGAAGAGATGTTAGx-0,0.04859483144916518
TGCTGCTAGATGTCGGx-0,0.1244727922006929
TGGCCAGGTTTGGCGCx-0,0.04859483144916518
TGCCCTACATATGCTGx-0,0.04859483144916518
TGTCCCATCGCTTAGAx-0,0.06535196475304404
TGGGAAGAGCGATATAx-0,0.06535196475304404
TGGACGCCATCTATGGx-0,0.04859483144916518
TGCTACCTCTAGAGTCx-0,0.06535196475304404
TGCTACCGTAGAGGAAx-0,0.04859483144916518
TGGCCAGCATCCTTGCx-0,0.04859483144916518
TGCTACCTCTAACTGGx-0,0.16241177257645678
TGGGCGTTCCACGTGGx-0,0.04859483144916518
TGTTCCGGTATGGTTCx-0,0.4918176621306598
TGTGTTTTCTCGATGAx-0,0.04859483144916518
TTCCCAGGTCGAACAGx-0,0.04859483144916518
TTAGGCATCTGCGTAAx-0,0.04859483144916518
TTCTTAGTCAGCGATTx-0,0.16241177257645678
TTGACTTCAGATAATGx-0,0.04859483144916518
TTCTTAGAGATCCCGCx-0,0.04859483144916518
TTAGTTCGTTTGGGCCx-0,0.16241177257645678
TTAGGCAGTAACGTTCx-0,0.06535196475304404
TTCGGTCTCCTTTCTCx-0,0.04859483144916518
TTGCGTCCAGTCACTAx-0,0.2116566422008882
TTGAACGAGAAAGTGGx-0,0.16241177257645678
TTCTCAACACATCCGGx-0,0.04859483144916518
TTGCGTCGTGGAAAGAx-0,0.04859483144916518
TTCCCAGGTACAGACGx-0,0.3101463814497511
TTGGAACAGACTTGAAx-0,0.16241177257645678
TTCTTAGAGACTAAGTx-0,0.04859483144916518
TTCGAAGTCTACGAGTx-0,0.05976625365175108
TTCGGTCCACCTCGGAx-0,0.06535196475304404
TTCTTAGGTTCAGGCCx-0,0.06535196475304404
TTAGGACCATATGGTCx-0,0.04859483144916518
TTCTACAGTGACGCCTx-0,0.04859483144916518
TTGCCGTTCGATAGAAx-0,0.04859483144916518
TTGCGTCTCCTCAACCx-0,0.04859483144916518
TTCTACAAGATCCGAGx-0,0.05976625365175108
TTAGGACTCTTGAGACx-0,0.04859483144916518
TTCTACATCATTCACTx-0,0.2116566422008882
TTCGGTCGTCTTCTCGx-0,0.04859483144916518
TTATGCTCAGGAATGCx-0,0.04859483144916518
TTAGTTCCAAGTTGTCx-0,0.04859483144916518
TTAGGCACATATGCTGx-0,0.06535196475304404
TTCTCCTGTAATCGTCx-0,0.16241177257645678
TTGACTTCATGGTTGTx-0,0.16241177257645678
TTCTTAGAGTGTACTCx-0,0.04859483144916518
TTCGGTCTCAAAGTAGx-0,0.16241177257645678
TTCTCCTTCAAGATCCx-0,0.04859483144916518
TTCTCAAGTCCAGTATx-0,0.06535196475304404
TTGCCGTAGTTGCAGGx-0,0.06535196475304404
TTCGGTCGTGTTCTTTx-0,0.04859483144916518
TTGCCGTCAATAGCAAx-0,0.09770523402751495
TTATGCTGTGATGTGGx-0,0.04859483144916518
TTCTCCTGTAAACGCGx-0,0.04859483144916518
TTCGGTCTCTGCTGCTx-0,0.06535196475304404
TTGCGTCAGTGACATAx-0,0.04859483144916518
TTAGTTCCATACGCCGx-0,0.16241177257645678
TTCTCAATCTGCGTAAx-0,0.16241177257645678
TTCTACATCACGACTAx-0,0.04859483144916518
TTCTCAAGTCTCGTTCx-0,0.04859483144916518
TTGCCGTCACCACCAGx-0,0.04859483144916518
TTAGGACGTTCAGGCCx-0,0.04859483144916518
TTGCGTCCATACGCCGx-0,0.16241177257645678
TTCTCCTTCTTGTACTx-0,0.04859483144916518
TTGCCGTGTATCTGCAx-0,0.04859483144916518
TTCTTAGAGACAGGCTx-0,0.1244727922006929
TTCCCAGAGAGTGAGAx-0,0.05418054255045813
TTCTACACACATCTTTx-0,0.16241177257645678
TTAGGCATCTAAGCCAx-0,0.16241177257645678
TTGACTTGTGATAAACx-0,0.16241177257645678
TGTTCCGCAACTTGACx-0,0.04859483144916518
TTAACTCCACGGATAGx-0,0.04859483144916518
TTCTTAGTCCGCATAAx-0,0.16241177257645678
TTAACTCGTGCCTTGGx-0,0.0
TTATGCTTCAGCCTAAx-0,0.16241177257645678
TGTGTTTCAGTGGGATx-0,0.04859483144916518
TTAGGACCACTTAAGCx-0,0.04859483144916518
TGTTCCGAGGAGCGAGx-0,0.16241177257645678
TTCTACATCACCTTATx-0,0.04859483144916518
TTCTCAAGTTCAGACTx-0,0.06535196475304404
TTGCCGTTCGTACCGGx-0,0.04859483144916518
TTCTCCTTCCCTAATTx-0,0.04859483144916518
TTGCGTCGTTCAACCAx-0,0.06535196475304404
TTGAACGGTAGATTAGx-0,0.05976625365175108
TTCTTAGGTCCGTTAAx-0,0.04859483144916518
TTCCCAGTCCGAACGCx-0,0.0
TTCCCAGTCGTGGTCGx-0,0.04859483144916518
TTGCGTCAGAGGGCTTx-0,0.16241177257645678
TTCGGTCCATGACGGAx-0,0.06535196475304404
TTAGTTCAGAGCTGGTx-0,0.04859483144916518
TTCGAAGCACACCGCAx-0,0.06535196475304404
TTCGAAGTCACCGTAAx-0,0.06535196475304404
TGTGTTTGTTACTGACx-0,0.2850652676724912
TTAGGCAAGAGTAATCx-0,0.04859483144916518
TTAACTCTCTCGATGAx-0,0.06535196475304404
TTCCCAGAGGATTCGGx-0,0.2609015118253196
TTCTCAATCATACGGTx-0,0.04859483144916518
TGTTCCGCAACGATCTx-0,0.16241177257645678
TTAACTCCAAGCGAGTx-0,0.04859483144916518
TTGCGTCCACCTGGTGx-0,0.04859483144916518
TTAGTTCCATATACGCx-0,0.037982265400736404
TTGCCGTGTTCCCTTGx-0,0.06535196475304404
TTATGCTGTCGGCTCAx-0,0.04859483144916518
TTGAACGAGCCCAGCTx-0,0.16241177257645678
TTAGGCAGTAGAAAGGx-0,0.06535196475304404
TTCGGTCAGGTGCACAx-0,0.06535196475304404
TTCGGTCAGAGGTTATx-0,0.04859483144916518
TTGAACGTCCAGTATGx-0,0.04859483144916518
TTTGGTTGTCTCTCTGx-0,0.16241177257645678
TTGGCAATCGGTGTTAx-0,0.0
TTTCCTCAGGGTATCGx-0,0.16241177257645678
TTTGGTTGTGTCAATCx-0,0.16241177257645678
TTGGAACTCTGGCGACx-0,0.04859483144916518
TTTGCGCAGATATACGx-0,0.06535196475304404
TTGGCAACAGCAGTTTx-0,0.04859483144916518
TTTGGTTCAAGAGGCTx-0,0.06535196475304404
TTTACTGTCTGCAAGTx-0,0.16241177257645678
TTTCCTCGTCTTCAAGx-0,0.04859483144916518
TTTCCTCGTGATAAACx-0,0.04859483144916518
TTTGTCACAGCCACCAx-0,0.04859483144916518
TTTGTCAGTACCAGTTx-0,0.04859483144916518
TTGTAGGCAATCTGCAx-0,0.1244727922006929
TTTACTGTCGGAAACGx-0,0.04859483144916518
TTTCCTCAGGACTGGTx-0,0.04859483144916518
TTGTAGGGTTAGATGAx-0,0.04859483144916518
TTTATGCAGCACCGCTx-0,0.06535196475304404
TTTATGCTCTGCTGTCx-0,0.04859483144916518
TTTGTCATCACAATGCx-0,0.04859483144916518
TTTGTCAGTTTGGCGCx-0,0.04859483144916518
TTTGGTTGTCCTAGCGx-0,0.04859483144916518
TTTCCTCAGGCATGTGx-0,0.04859483144916518
TTGTAGGTCGTGGTCGx-0,0.05418054255045813
TTGTAGGCAAGTTCTGx-0,0.04859483144916518
TTTGTCAAGGGTATCGx-0,0.06535196475304404
TTTGTCATCTGCTTGCx-0,0.04859483144916518
TTTCCTCTCTCGATGAx-0,0.04859483144916518
TTGGCAAAGTGTTTGCx-0,0.16241177257645678
TTTGGTTAGTACGTTCx-0,0.04859483144916518
TTGGAACCATGAAGTAx-0,0.016198277149721725
TTTGTCATCCCACTTGx-0,0.16241177257645678
TTTGTCACATAGAAACx-0,0.16241177257645678
TTTGCGCGTCCTAGCGx-0,0.09770523402751495
TTGTAGGGTTAGGGTGx-0,0.04859483144916518
TTGGAACAGAGTACATx-0,0.04859483144916518
TTTCCTCCAATGTTGCx-0,0.04859483144916518
TTTCCTCAGTAATCCCx-0,0.7412516707803916
TTTGTCACACGGCGTTx-0,0.1244727922006929
TTTATGCGTAAGCACGx-0,0.16241177257645678
TTGTAGGGTGGAAAGAx-0,0.16241177257645678
TTTACTGTCGTTACAGx-0,0.04859483144916518
AACTCCCTCATCACCCx-1,0.38568275293728826
AAACGGGAGCGTTCCGx-1,0.3101463814497511
AACACGTGTCTCCCTAx-1,0.7412516707803916
AAAGCAAGTGGTTTCAx-1,0.7412516707803916
AACTCCCAGTGTGAATx-1,0.4918176621306598
AACTCTTAGCCTATGTx-1,0.38568275293728826
AAAGCAACATATGCTGx-1,0.38568275293728826
AACACGTAGCCACGCTx-1,0.39492191913221475
AAACCTGGTTATTCTCx-1,0.42465502320851756
AAACGGGCATCCTTGCx-1,0.38568275293728826
AAAGTAGTCCTATGTTx-1,0.3101463814497511
AACCATGAGGGCTTCCx-1,0.7412516707803916
AAACCTGGTCTAGCCGx-1,0.38568275293728826
AACCATGTCATAAAGGx-1,0.40978847117036615
AACTCCCTCCCTAACCx-1,0.5749623316805703
AAAGTAGGTCATTAGCx-1,0.4918176621306598
AACCGCGAGAATGTTGx-1,0.38179630643692636
AACTCAGAGCGATAGCx-1,0.4215753011435421
AACCATGTCGGCATCGx-1,0.4215753011435421
AACTCTTAGATATGCAx-1,0.4918176621306598
AAATGCCCAAACGCGAx-1,0.41762126893051404
AAAGTAGTCCGTCATCx-1,0.7412516707803916
AACGTTGGTCGCCATGx-1,0.38568275293728826
AAAGTAGGTTCGTTGAx-1,0.4649634295571679
AACCGCGCAAGTAATGx-1,0.3101463814497511
AAACGGGTCGCGATCGx-1,0.40362902704041514
AACACGTCAGCATACTx-1,0.38568275293728826
AACTCTTGTCCAAGTTx-1,0.38568275293728826
AACTCAGGTTAGTGGGx-1,0.40362902704041514
AAAGTAGGTCACTGGCx-1,0.38568275293728826
AACTCCCTCACTCCTGx-1,0.39492191913221475
AACCGCGCATGCTAGTx-1,0.38568275293728826
AAAGCAATCGAGAGCAx-1,0.40978847117036615
AACGTTGTCCGTTGCTx-1,0.7412516707803916
AACTCAGGTAAGCACGx-1,0.3963289249350302
AAACGGGCACCGAATTx-1,0.7412516707803916
AACTCCCGTTGTTTGGx-1,0.39492191913221475
AACGTTGCAAACCCATx-1,0.439521575246669
AACTCCCAGCTTATCGx-1,0.767903467779237
AAACGGGAGGATTCGGx-1,0.439521575246669
AAAGCAACATGTCTCCx-1,0.38568275293728826
AAACCTGCAGTAACGGx-1,0.3101463814497511
AACTCCCCAAGTCATCx-1,0.3101463814497511
AAAGCAAGTATGAATGx-1,0.7412516707803916
AACTCTTGTCTCCCTAx-1,0.7412516707803916
AAATGCCGTACCGCTGx-1,0.42465502320851756
AAAGTAGTCCTTCAATx-1,0.439521575246669
AAACCTGAGAAGGGTAx-1,0.7412516707803916
AACCATGAGAATGTTGx-1,0.38568275293728826
AACCATGGTAGCGTAGx-1,0.38568275293728826
AAATGCCAGATGAGAGx-1,0.3666634065713935
AAAGCAATCAGGATCTx-1,0.7412516707803916
AACTCAGAGAAACCTAx-1,0.5400982737579099
AACACGTCAAGCGATGx-1,0.3101463814497511
AAAGTAGCACCGTTGGx-1,0.7412516707803916
AAAGCAAAGTATTGGAx-1,0.38568275293728826
AAATGCCGTCATATCGx-1,0.7412516707803916
AAACGGGAGAGAGCTCx-1,0.38568275293728826
AAAGTAGCATGGATGGx-1,0.42722050013169643
AACGTTGCAAGCGCTCx-1,0.38568275293728826
AACCATGGTTCGGGCTx-1,0.39492191913221475
AACCGCGCACTCGACGx-1,0.38568275293728826
AACACGTGTAAGTGGCx-1,0.39492191913221475
AAACGGGAGTGTACTCx-1,0.38568275293728826
AACTCAGCAGTATAAGx-1,0.7412516707803916
AACTCTTTCCAGATCAx-1,0.39492191913221475
AAACCTGAGCTACCTAx-1,0.7412516707803916
AACCGCGCACTTCGAAx-1,0.38568275293728826
AAACCTGTCCAACCAAx-1,0.3101463814497511
AACACGTCAAACTGCTx-1,0.6263477168311127
AACGTTGTCCGGCACAx-1,0.3918421970672392
AAACCTGCAATAGCGGx-1,0.7412516707803916
AACGTTGAGCGATTCTx-1,0.41762126893051404
AACGTTGAGGTAGCCAx-1,0.9137505569267972
AAACCTGCATCCGCGAx-1,0.439521575246669
AAAGATGGTCGGATCCx-1,0.38568275293728826
AAATGCCAGACCACGAx-1,0.38568275293728826
AACCGCGAGGAGCGTTx-1,0.40978847117036615
AACTCTTGTGCCTGCAx-1,0.439521575246669
AAACCTGGTCTCCACTx-1,0.42465502320851756
AAAGCAATCTACGAGTx-1,0.39492191913221475
AACGTTGTCTGTCCGTx-1,0.42465502320851756
AACTCAGAGAAGAAGCx-1,0.5400982737579099
AAACCTGGTGAGTGACx-1,0.439521575246669
AACCATGAGATATGCAx-1,0.7412516707803916
AACTCCCTCCGCGCAAx-1,0.39492191913221475
AACTCCCGTTGACGTTx-1,1.0
AAAGATGTCTCTGAGAx-1,0.3101463814497511
AACCGCGAGAAACGCCx-1,0.40978847117036615
AAACGGGAGTGCCAGAx-1,0.40978847117036615
AACCGCGGTAGCGCAAx-1,0.439521575246669
AAAGATGAGCCAGGATx-1,0.38876247500226374
AAACGGGTCCGTCATCx-1,0.40978847117036615
AAAGTAGTCCTTGACCx-1,0.439521575246669
AAATGCCTCACAACGTx-1,0.7412516707803916
AAAGCAAAGATCCGAGx-1,0.3101463814497511
AACCGCGCAAAGGCGTx-1,0.38568275293728826
AACCGCGAGCTGTTCAx-1,0.439521575246669
AATCCAGTCGTCGTTCx-1,0.3101463814497511
AAGCCGCAGCGTTGCCx-1,0.7412516707803916
ACAGCCGCAGATCTGTx-1,0.439521575246669
AACTGGTAGTACGCGAx-1,0.3101463814497511
ACACTGAGTTACCAGTx-1,0.7412516707803916
AACTCTTTCCCTAACCx-1,0.6584428369350477
ACACCAAGTACGAAATx-1,0.38568275293728826
AAGGAGCAGAAACCGCx-1,0.38568275293728826
ACAGCCGCACATGTGTx-1,0.5489822060908583
AAGGTTCCAATTGCTGx-1,0.38568275293728826
AACTTTCCACGGATAGx-1,0.39492191913221475
AAGTCTGAGACGCACAx-1,0.3101463814497511
ACACCGGGTACGCTGCx-1,0.439521575246669
AAGCCGCAGTCATGCTx-1,0.39492191913221475
ACACCGGGTAAGGGCTx-1,0.38568275293728826
ACACTGATCTTCGGTCx-1,0.9137505569267972
AATCGGTTCGAGAACGx-1,0.7398361237311784
AAGGAGCGTACCCAATx-1,0.3605039624414425
ACACTGAAGTCCTCCTx-1,0.39492191913221475
AACTTTCTCCATTCTAx-1,0.7412516707803916
ACAGCCGCAAGTTGTCx-1,0.439521575246669
AAGGAGCCACAGCCCAx-1,0.439521575246669
AATCCAGTCTTAACCTx-1,0.439521575246669
AATCGGTAGCACACAGx-1,0.439521575246669
AACTGGTTCCAGGGCTx-1,0.42465502320851756
AAGTCTGTCATTGCGAx-1,0.3101463814497511
AAGCCGCAGCGTAATAx-1,0.39492191913221475
AATCCAGAGCCACGTCx-1,0.439521575246669
ACACCCTAGCCCTAATx-1,0.5749623316805703
ACAGCCGCATTTCAGGx-1,0.38876247500226374
AACTGGTGTTTAGGAAx-1,0.439521575246669
ACACCAAGTTGGGACAx-1,0.39492191913221475
ACACCAAGTTCGGCACx-1,0.42465502320851756
AACTGGTTCGTCCAGGx-1,0.38568275293728826
AAGGTTCTCGTACGGCx-1,0.40978847117036615
AAGACCTGTCTCTCTGx-1,0.40978847117036615
AATCCAGAGATGTGGCx-1,0.4918176621306598
AAGGCAGAGGCCGAATx-1,0.3101463814497511
ACACCAAAGTACGTAAx-1,0.439521575246669
AACTTTCAGTAGATGTx-1,0.3666634065713935
AAGTCTGAGAGACTTAx-1,0.38568275293728826
AAGACCTGTTGGGACAx-1,0.3666634065713935
AATCCAGAGAGTACATx-1,0.4918176621306598
AACTGGTGTGGCTCCAx-1,0.3101463814497511
AAGCCGCGTCATGCATx-1,0.39492191913221475
AAGGTTCCATGCCACGx-1,0.39492191913221475
AAGACCTAGGGAAACAx-1,0.39492191913221475
ACACCAAAGTGTCCCGx-1,0.4403354459724395
AAGGCAGTCCGCATAAx-1,0.439521575246669
AAGGCAGCATACAGCTx-1,0.7412516707803916
AACTTTCAGCGGATCAx-1,0.5489822060908583
ACACCAATCGTTTATCx-1,0.439521575246669
AACTGGTTCATAACCGx-1,0.3101463814497511
ACACCAAGTCGAGTTTx-1,0.439521575246669
ACACCCTGTCTTCGTCx-1,0.39492191913221475
AAGGAGCTCCGTCAAAx-1,0.3918421970672392
ACACCGGCACACATGTx-1,0.38568275293728826
ACAGCCGCAGATGGGTx-1,0.3918421970672392
ACACCAAAGATCGATAx-1,0.39492191913221475
ACACTGACAGGGTACAx-1,0.38568275293728826
AAGGAGCCACGTAAGGx-1,0.39492191913221475
AAGGCAGCACACGCTGx-1,0.439521575246669
AATCGGTAGCCCAACCx-1,0.439521575246669
ACACCCTTCGGAAACGx-1,0.39492191913221475
ACACTGACAAGAGGCTx-1,0.40978847117036615
AATCCAGTCCCAACGGx-1,0.439521575246669
ACACCAAAGAGGGATAx-1,0.42465502320851756
AATCGGTAGCTAACTCx-1,0.6122526979717859
AATCGGTTCTGTCAAGx-1,0.42465502320851756
ACACCCTTCCCATTTAx-1,0.439521575246669
AACTCTTTCTTCCTTCx-1,0.6581070012304809
ACACCGGCACCACCAGx-1,0.439521575246669
AATCGGTGTCGTGGCTx-1,0.7412516707803916
ACACCGGTCACTTACTx-1,0.7412516707803916
AATCGGTGTAGAGCTGx-1,0.40978847117036615
AAGGCAGAGTACGACGx-1,0.3101463814497511
AAGTCTGTCCCAAGATx-1,0.39492191913221475
AATCGGTGTGAAGGCTx-1,0.39492191913221475
AAGGCAGAGACTTTCGx-1,0.39492191913221475
AATCGGTGTACAGCAGx-1,0.3666634065713935
AATCCAGGTATCGCATx-1,0.3101463814497511
AACTGGTTCGCCGTGAx-1,0.439521575246669
AAGACCTCAAAGAATCx-1,0.4649634295571679
ACACTGATCTATCGCCx-1,0.439521575246669
AACTTTCTCGCATGATx-1,0.439521575246669
AAGGTTCAGCGTTCCGx-1,0.38568275293728826
AATCGGTAGAATGTGTx-1,0.40978847117036615
AAGACCTAGGTGCAACx-1,0.38568275293728826
ACACTGACAGCTGTTAx-1,0.38568275293728826
AAGCCGCAGTTCCACAx-1,0.7391283502065717
ACACCAATCGGAGCAAx-1,0.3101463814497511
AACTGGTAGGACACCAx-1,0.3353251719455968
AAGACCTTCCAAATGCx-1,0.41762126893051404
ACACTGACAATAAGCAx-1,0.38568275293728826
AACTCTTTCGGAAATAx-1,0.439521575246669
ACACCAAAGTGGTCCCx-1,0.439521575246669
ACATGGTTCTCCAACCx-1,0.7412516707803916
ACAGCTAAGTGCGATGx-1,0.7412516707803916
ACAGCCGTCCTTTACAx-1,0.439521575246669
ACATACGTCTGTTTGTx-1,0.3384048940105723
ACATCAGTCTCACATTx-1,0.5749623316805703
ACGCAGCGTGAAGGCTx-1,0.38568275293728826
ACCGTAACAGCATACTx-1,0.38568275293728826
ACCTTTACAAAGAATCx-1,0.6406749722691507
ACCTTTAAGGGAGTAAx-1,0.38568275293728826
ACGAGGAGTCACCCAGx-1,0.7412516707803916
ACATGGTTCGTACCGGx-1,0.39492191913221475
ACATACGCACAGAGGTx-1,0.3353251719455968
ACAGCCGGTGGTACAGx-1,0.3101463814497511
ACGAGCCAGAGTTGGCx-1,0.439521575246669
ACATACGCAATAGCGGx-1,0.3918421970672392
ACATGGTCACTCAGGCx-1,0.38568275293728826
ACGATGTTCACTGGGCx-1,0.7412516707803916
ACATACGTCAGTCCCTx-1,0.4918176621306598
ACGCAGCCAACACGCCx-1,0.39492191913221475
ACGAGGAGTTTGGGCCx-1,0.3101463814497511
ACGATGTGTGATAAACx-1,0.3918421970672392
ACCGTAAAGGCTAGGTx-1,0.7412516707803916
ACATGGTAGCCAGAACx-1,0.3101463814497511
ACGATGTGTCTAAAGAx-1,0.3101463814497511
ACCGTAAGTTGGGACAx-1,0.439521575246669
ACAGCTACAATAGCGGx-1,0.3666634065713935
ACGCCAGTCACGAAGGx-1,0.40978847117036615
ACATCAGGTTGAGTTCx-1,0.3605039624414425
ACATCAGTCGGCGCTAx-1,0.38568275293728826
ACATCAGGTAGTAGTAx-1,0.3605039624414425
ACGATACGTCCGAGTCx-1,0.39492191913221475
ACGATGTTCGGCGGTTx-1,0.3353251719455968
ACCGTAAGTCCCGACAx-1,0.3101463814497511
ACGATACTCCTCATTAx-1,0.439521575246669
ACAGCCGGTGCACTTAx-1,0.38568275293728826
ACCGTAAGTGGCAAACx-1,0.38568275293728826
ACGCAGCCAAAGGTGCx-1,0.41762126893051404
ACGCCAGCACATAACCx-1,0.3353251719455968
ACGATACCAATAGCAAx-1,0.39492191913221475
ACGATGTCAACGCACCx-1,0.39492191913221475
ACGATGTTCCATGAACx-1,0.38568275293728826
ACGCCAGGTAGATTAGx-1,0.39492191913221475
ACATGGTGTAAAGGAGx-1,0.6263477168311127
ACGATACTCCTTAATCx-1,0.439521575246669
ACAGCTAGTACCGTATx-1,0.38568275293728826
ACCAGTATCCGTCATCx-1,0.38568275293728826
ACGAGCCTCATTATCCx-1,0.3101463814497511
ACCGTAAGTCTAGAGGx-1,0.38568275293728826
ACCAGTACATCAGTCAx-1,0.439521575246669
ACGCCAGGTTAAGACAx-1,0.42465502320851756
ACCCACTTCACTCCTGx-1,0.39492191913221475
ACGAGGACAGCCACCAx-1,0.363583684506418
ACATCAGCAGAAGCACx-1,0.5749623316805703
ACCTTTATCTTGACGAx-1,0.439521575246669
ACGATGTCATTACGACx-1,0.439521575246669
ACGATGTTCCGTTGCTx-1,0.38568275293728826
ACATCAGCAGTCACTAx-1,0.39492191913221475
ACCCACTCACAACGTTx-1,0.740543897255785
ACGCAGCCACTTAACGx-1,0.38568275293728826
ACGCCAGCAAGTACCTx-1,0.7412516707803916
ACCGTAAGTTCCACAAx-1,0.7412516707803916
ACAGCTAAGTAATCCCx-1,0.39492191913221475
ACGAGCCCAGCGATCCx-1,0.38568275293728826
ACGATGTAGGCTCATTx-1,0.38568275293728826
ACAGCTACAAGTACCTx-1,0.38568275293728826
ACCGTAATCCTACAGAx-1,0.38876247500226374
ACATACGAGTCTCGGCx-1,0.38568275293728826
ACCCACTCACACAGAGx-1,0.3918421970672392
ACGAGGAAGGTCATCTx-1,0.3101463814497511
ACAGCCGGTGACGCCTx-1,0.3101463814497511
ACGAGCCTCTGCAAGTx-1,0.38568275293728826
ACGCAGCTCCTTAATCx-1,0.439521575246669
ACATGGTTCTTGAGACx-1,0.39492191913221475
ACGCAGCGTAGCACGAx-1,0.39492191913221475
ACGAGCCCAGTATAAGx-1,0.439521575246669
ACGATGTTCAGTGCATx-1,0.5252317217197584
ACATACGTCTCCTATAx-1,0.38568275293728826
ACATGGTAGATGTTAGx-1,0.4918176621306598
ACGCCAGCACAGGAGTx-1,0.6581070012304809
ACCGTAAGTCGAGATGx-1,0.439521575246669
ACAGCCGGTAGAAAGGx-1,0.3101463814497511
ACATGGTCACGAAAGCx-1,0.39492191913221475
ACGATGTCACCCTATCx-1,0.3918421970672392
ACGATGTAGCTAGTCTx-1,0.439521575246669
ACATACGCATACTACGx-1,0.3101463814497511
ACCCACTGTCTTGCGGx-1,0.7412516707803916
ACGAGGAGTCAGAAGCx-1,0.40978847117036615
ACATGGTGTGATAAACx-1,0.38568275293728826
ACATCAGAGTTAACGAx-1,0.38568275293728826
ACGATGTTCCACGACGx-1,0.439521575246669
ACATACGCAGCGTAAGx-1,0.3918421970672392
ACCAGTAAGTACATGAx-1,0.7412516707803916
ACAGCTACACAGTCGCx-1,0.439521575246669
ACATCAGAGGCGATACx-1,0.7412516707803916
ACATGGTGTGTTTGTGx-1,0.7412516707803916
ACGAGGAAGTAGATGTx-1,0.439521575246669
ACATCAGTCTTTACACx-1,0.40978847117036615
ACTGTCCTCACGAAGGx-1,0.40978847117036615
ACGGAGACAGGCGATAx-1,0.41762126893051404
ACGGGCTAGCACACAGx-1,0.38568275293728826
ACGGGCTTCTCCCTGAx-1,0.38568275293728826
ACGGGCTCAAGTAGTAx-1,0.4215753011435421
ACTGAACCAACACCCGx-1,0.3101463814497511
ACGGAGAAGCTAGCCCx-1,0.439521575246669
ACGGAGATCACCCGAGx-1,0.38568275293728826
ACGGCCACAAAGTGCGx-1,0.38568275293728826
ACGGGTCTCTGGAGCCx-1,0.38568275293728826
ACGCCGAGTTTGGGCCx-1,0.38568275293728826
ACGGAGACACGGCTACx-1,0.39492191913221475
ACTGATGTCGTCTGAAx-1,0.439521575246669
ACTGATGTCACGAAGGx-1,0.4918176621306598
ACTGAGTAGAAACCGCx-1,0.439521575246669
ACGGGTCAGACTAAGTx-1,0.38568275293728826
ACTGAACTCATTATCCx-1,0.4918176621306598
ACTGAGTGTGTGACCCx-1,0.40978847117036615
ACGGGCTGTATATCCGx-1,0.439521575246669
ACTGTCCTCCGCAGTGx-1,0.3384048940105723
ACTGTCCAGTTGTCGTx-1,0.39492191913221475
ACGTCAAGTTCAGGCCx-1,0.40978847117036615
ACGGCCATCCCTTGTGx-1,0.38568275293728826
ACTGATGTCGTCCGTTx-1,0.5008559777634217
ACGGAGACACGCTTTCx-1,0.41762126893051404
ACTGATGAGTCCCACGx-1,0.439521575246669
ACGGAGACACCCATGGx-1,0.39492191913221475
ACGGCCAAGGGCTTCCx-1,0.38568275293728826
ACTGAGTTCATCGATGx-1,0.4918176621306598
ACGGCCAGTTGGGACAx-1,0.7412516707803916
ACGGGCTAGATGGGTCx-1,0.4918176621306598
ACTGAGTAGCCGCCTAx-1,0.439521575246669
ACTTACTCACGTGAGAx-1,0.7412516707803916
ACGCCGAGTTCAGCGCx-1,0.3101463814497511
ACGGAGATCCAAACTGx-1,0.4595190811311781
ACGGGCTAGACTGGGTx-1,0.39492191913221475
ACTATCTAGCTACCTAx-1,0.6584428369350477
ACTATCTGTATAATGGx-1,0.439521575246669
ACTGTCCCAGGGTTAGx-1,0.38568275293728826
ACGGCCATCCTCTAGCx-1,0.42465502320851756
ACTGTCCGTTGCGTTAx-1,0.41762126893051404
ACGGCCACAGCTGTTAx-1,0.439521575246669
ACGGAGACATCGACGCx-1,0.439521575246669
ACTGAACGTGTGAAATx-1,0.3101463814497511
ACGGAGATCCCTCAGTx-1,0.439521575246669
ACTGAGTGTTATGTGCx-1,0.3101463814497511
ACTTACTGTAAAGTCAx-1,0.46804315162214344
ACGGAGACAGGATTGGx-1,0.39492191913221475
ACGGCCAAGGGCATGTx-1,0.39492191913221475
ACTGATGCAGTACACTx-1,0.40978847117036615
ACTGATGAGGCCCGTTx-1,0.439521575246669
ACGTCAATCGGCGCTAx-1,0.439521575246669
ACGTCAAGTTATGCGTx-1,0.40978847117036615
ACTGCTCAGTGGTAATx-1,0.439521575246669
ACTGCTCGTTTAGGAAx-1,0.4918176621306598
ACTATCTAGGTCGGATx-1,0.7412516707803916
ACTGTCCGTATCAGTCx-1,0.42465502320851756
ACGGGCTAGAAACGAGx-1,0.439521575246669
ACGGAGATCAGTTCGAx-1,0.39492191913221475
ACTATCTTCAGTGCATx-1,0.46804315162214344
ACTGCTCGTTTCGCTCx-1,0.3353251719455968
ACTATCTTCGTTGACAx-1,1.0
ACTGCTCCAAGCCTATx-1,0.5749623316805703
ACGGGTCGTCAAACTCx-1,0.41762126893051404
ACGGAGAAGTTAGCGGx-1,0.3605039624414425
ACTGTCCTCCTTGACCx-1,0.42465502320851756
ACGGCCAGTGCAGACAx-1,0.48290970366029484
ACTGTCCCACATGTGTx-1,1.0
ACGTCAAAGTTAACGAx-1,0.40978847117036615
ACGGGTCAGTCCGTATx-1,0.6406749722691507
ACTGTCCTCATAGCACx-1,0.439521575246669
ACGTCAAAGAAGGGTAx-1,0.439521575246669
ACGGAGATCGGATGTTx-1,0.40978847117036615
ACGCCGAGTAAGTAGTx-1,0.4649634295571679
ACGCCGAAGGGTTCCCx-1,0.38568275293728826
ACGCCGAGTCGTCTTCx-1,0.4918176621306598
ACTGAGTAGCGTGAGTx-1,0.7412516707803916
ACGGGTCTCTTACCGCx-1,0.39492191913221475
ACGCCGAAGCTCCTCTx-1,0.39492191913221475
ACTGTCCGTTGTGGCCx-1,0.40978847117036615
ACGGGCTCACGGCGTTx-1,0.439521575246669
ACGGGTCAGGACGAAAx-1,0.38568275293728826
ACTGAGTGTCGACTGCx-1,0.3918421970672392
ACGGCCACATTGAGCTx-1,0.38568275293728826
ACGGAGAAGTGGTAGCx-1,0.3353251719455968
ACTGTCCAGCTGCGAAx-1,0.3101463814497511
ACGGGTCAGAAGCCCAx-1,0.38568275293728826
ACTGAACTCGCATGGCx-1,0.439521575246669
ACGTCAAAGTACGCGAx-1,0.7398361237311784
ACGGGTCGTAAAGGAGx-1,0.7412516707803916
ACTATCTAGCGAGAAAx-1,0.38568275293728826
ACGGGCTAGTTACGGGx-1,0.39492191913221475
ACTGAGTTCCTATGTTx-1,0.39492191913221475
ACGGAGAAGAGCCCAAx-1,0.7412516707803916
ACTGATGAGAGCTATAx-1,0.39492191913221475
AGCCTAACATGGTCATx-1,0.38876247500226374
ACTTTCAAGTGGGATCx-1,0.38568275293728826
AGATCTGAGGGAAACAx-1,0.439521575246669
AGAATAGCAAGCCTATx-1,0.39492191913221475
AGAATAGAGTCTCAACx-1,0.3384048940105723
ACTTACTTCCTTTCGGx-1,0.5749623316805703
AGATTGCCATTTCAGGx-1,0.38568275293728826
AGCCTAACATACAGCTx-1,0.4918176621306598
AGCAGCCCACGGACAAx-1,0.39492191913221475
AGAGTGGTCGCACTCTx-1,0.39492191913221475
AGCCTAAAGTGTGGCAx-1,0.38568275293728826
ACTTTCACAAGTACCTx-1,0.38568275293728826
AGCATACGTAAAGTCAx-1,0.42465502320851756
AGCAGCCAGCCCTAATx-1,0.38568275293728826
AGCAGCCTCGATAGAAx-1,0.38568275293728826
ACTTGTTCATCCGCGAx-1,0.4918176621306598
ACTTACTGTCTAACGTx-1,0.38568275293728826
AGAGCGAAGTTGCAGGx-1,0.38568275293728826
AGAGCTTCATTTGCTTx-1,0.3605039624414425
ACTTGTTCACAAGTAAx-1,0.39492191913221475
ACTTGTTTCCAAGTACx-1,0.39492191913221475
AGACGTTAGTGTACCTx-1,0.38568275293728826
AGAGTGGCATGAACCTx-1,0.40978847117036615
AGAGCGATCGCCAGCAx-1,0.42465502320851756
AGAATAGTCGTACGGCx-1,0.439521575246669
AGATCTGAGTTACGGGx-1,0.439521575246669
AGCAGCCAGAGATGAGx-1,0.39492191913221475
AGAATAGAGGACATTAx-1,0.38568275293728826
AGCAGCCAGACTAGGCx-1,0.4711228736871189
AGATTGCAGCTAGGCAx-1,0.7412516707803916
ACTTACTTCACGCATAx-1,0.4403354459724395
AGCAGCCAGCAACGGTx-1,0.38568275293728826
AGCATACCACGAAACGx-1,0.42722050013169643
AGACGTTTCCCTTGTGx-1,0.4649634295571679
AGACGTTGTACTTCTTx-1,0.7412516707803916
AGAGCGACACGGCTACx-1,0.40978847117036615
AGATTGCAGTAGTGCGx-1,0.39492191913221475
AGCCTAACACGGTTTAx-1,0.439521575246669
AGCATACAGAGCTGCAx-1,0.38568275293728826
AGATCTGGTGCAGGTAx-1,0.7412516707803916
AGCCTAACAGACTCGCx-1,0.38568275293728826
AGAGCGACAGCTTAACx-1,0.439521575246669
AGAGCGACATGTTGACx-1,0.439521575246669
AGATCTGAGGACAGAAx-1,0.38568275293728826
AGAATAGCACGGTAGAx-1,0.38876247500226374
AGAGTGGCACGAAATAx-1,0.7412516707803916
AGAGCTTAGGATGGTCx-1,0.5310359319877315
AGAATAGTCCGAATGTx-1,0.38568275293728826
AGAGCTTGTCCGTGACx-1,0.42465502320851756
AGCAGCCAGGCCCTTGx-1,0.39492191913221475
AGAATAGAGTACCGGAx-1,0.39492191913221475
AGATTGCCACTAAGTCx-1,0.39492191913221475
ACTTTCAAGTTAGGTAx-1,0.439521575246669
AGAGCGAGTGCACCACx-1,0.3963289249350302
AGATTGCGTCCGTGACx-1,0.439521575246669
AGAGTGGGTCAACTGTx-1,0.4918176621306598
AGCAGCCCATGACGGAx-1,0.41762126893051404
AGCATACAGAAGGACAx-1,0.38568275293728826
AGAGTGGAGAATTGTGx-1,0.363583684506418
AGATCTGTCGTCTGAAx-1,0.38568275293728826
AGCATACGTCAATGTCx-1,0.7412516707803916
AGAGTGGAGATAGCATx-1,0.3101463814497511
AGAGTGGTCGAGGTAGx-1,0.439521575246669
AGCATACGTACCGGCTx-1,0.38568275293728826
ACTTGTTTCGGGAGTAx-1,0.3353251719455968
AGAGTGGGTGCATCTAx-1,0.38568275293728826
AGAATAGTCGCATGATx-1,0.42465502320851756
AGAGCGATCAATACCGx-1,0.7412516707803916
AGAGTGGGTGCAGACAx-1,0.7412516707803916
AGACGTTCAGTATAAGx-1,0.7412516707803916
AGATCTGAGTGGCACAx-1,0.7412516707803916
AGCAGCCGTGTGGCTCx-1,0.38568275293728826
AGCATACGTTTACTCTx-1,0.7412516707803916
AGAGCGAGTTACAGAAx-1,0.39492191913221475
AGAATAGAGACTTTCGx-1,0.439521575246669
ACTTTCAGTGCAGACAx-1,0.40978847117036615
AGAGTGGGTAAGTTCCx-1,0.3353251719455968
ACTTGTTCACCGTTGGx-1,0.39492191913221475
AGATCTGGTTATCCGAx-1,0.439521575246669
AGAGCTTTCAAACGGGx-1,0.6227286981660237
AGAATAGCATAGACTCx-1,0.39492191913221475
AGAGCTTCACGACTCGx-1,0.41762126893051404
AGATTGCAGTATCTCGx-1,0.38568275293728826
AGAGCTTTCATATCGGx-1,0.7412516707803916
AGAATAGGTGGGTCAAx-1,0.439521575246669
AGATCTGCACGTAAGGx-1,0.41762126893051404
AGATTGCCAACTTGACx-1,0.4918176621306598
AGAATAGAGGCCCTTGx-1,0.3353251719455968
AGATTGCAGAGGTACCx-1,0.39492191913221475
ACTTGTTCATCCCATCx-1,0.439521575246669
ACTTGTTGTCTAGCCGx-1,0.7412516707803916
AGATTGCAGGCAGGTTx-1,0.38568275293728826
AGATCTGTCTTTACGTx-1,0.38568275293728826
AGCCTAAAGTGCCAGAx-1,0.38568275293728826
AGCCTAATCTCGAGTAx-1,0.740543897255785
AGCGTCGGTCGGATCCx-1,0.39492191913221475
AGCTTGAGTGCATCTAx-1,0.7412516707803916
AGGCCGTTCGGCGGTTx-1,0.439521575246669
AGTAGTCAGTACGCCCx-1,0.39492191913221475
AGCCTAATCTAACTCTx-1,0.6581070012304809
AGTAGTCCACCTGGTGx-1,0.3101463814497511
AGCTTGAAGCCGATTTx-1,0.439521575246669
AGCGGTCGTACCGAGAx-1,0.439521575246669
AGGTCATCAAGTCTGTx-1,0.38568275293728826
AGCTCCTCACTTAACGx-1,0.39492191913221475
AGCTCCTAGAAGATTCx-1,0.7412516707803916
AGCTTGACACCGGAAAx-1,0.38568275293728826
AGCTCTCTCAGCTGGCx-1,0.3101463814497511
AGGGATGGTCCGAATTx-1,0.4918176621306598
AGGGTGAGTCGGGTCTx-1,0.42465502320851756
AGGCCACCATCACGTAx-1,0.6581070012304809
AGGTCATCACGGACAAx-1,0.38568275293728826
AGGCCGTAGTAGGCCAx-1,0.38568275293728826
AGGGATGGTCGACTATx-1,0.40978847117036615
AGTAGTCAGATCCGAGx-1,0.439521575246669
AGGGTGACACCACGTGx-1,0.4918176621306598
AGCGTATCATGGTCATx-1,0.38568275293728826
AGGCCGTTCGTATCAGx-1,0.38568275293728826
AGCGTCGCAAGAGTCGx-1,0.38568275293728826
AGGTCCGCAGCTTAACx-1,0.4918176621306598
AGGGATGTCTCACATTx-1,0.7412516707803916
AGGCCACTCCACGACGx-1,0.40978847117036615
AGGTCATAGAGACTATx-1,0.439521575246669
AGCTTGACAAAGAATCx-1,0.7412516707803916
AGGCCACGTGTTAAGAx-1,0.3605039624414425
AGCGTCGGTCTCCATCx-1,0.6581070012304809
AGGGATGAGTAGCGGTx-1,0.39492191913221475
AGGTCATGTAACGCGAx-1,0.3605039624414425
AGCTCCTTCAACACACx-1,0.39492191913221475
AGCTTGAAGAGGTACCx-1,0.38568275293728826
AGGGTGAGTGCACGAAx-1,0.439521575246669
AGGCCACGTCTCACCTx-1,0.439521575246669
AGCTCTCAGCTGATAAx-1,0.439521575246669
AGGTCATGTCCATGATx-1,0.38568275293728826
AGGGAGTGTCACTGGCx-1,0.439521575246669
AGGCCACAGCCTTGATx-1,0.38876247500226374
AGCGTCGAGATATACGx-1,0.439521575246669
AGCTCTCGTCTTTCATx-1,1.0
AGGGTGACATCACCCTx-1,0.38568275293728826
AGCTTGAAGGCGATACx-1,0.439521575246669
AGCGTATGTCAGAGGTx-1,0.39492191913221475
AGGTCATCAGCCAGAAx-1,0.38568275293728826
AGCGTCGTCAGTTCGAx-1,0.439521575246669
AGGTCATTCTAACTTCx-1,0.439521575246669
AGCGTCGCAAATACAGx-1,0.3101463814497511
AGGGAGTAGAGAACAGx-1,0.4918176621306598
AGGGATGCAGAAGCACx-1,0.38568275293728826
AGCGGTCTCTGCTTGCx-1,0.7412516707803916
AGCTCTCTCGGAGGTAx-1,0.4918176621306598
AGCGTATTCGATCCCTx-1,0.39492191913221475
AGCTCCTAGTCATCCAx-1,0.7412516707803916
AGGGATGAGACGCAACx-1,0.38568275293728826
AGCCTAATCTACCAGAx-1,0.7412516707803916
AGCGTATTCCCAACGGx-1,0.7391283502065717
AGCGGTCCATGACATCx-1,0.3101463814497511
AGCTTGACACACAGAGx-1,0.7412516707803916
AGGCCACTCACCCGAGx-1,0.39492191913221475
AGGGATGCAGTACACTx-1,0.7412516707803916
AGGTCATAGAAGGTGAx-1,0.439521575246669
AGGTCATCATGCCTAAx-1,0.7412516707803916
AGTAGTCCACCACGTGx-1,0.439521575246669
AGCCTAATCAGGCAAGx-1,0.740543897255785
AGGGAGTGTCGTGGCTx-1,0.7412516707803916
AGCTCTCAGACATAACx-1,0.38568275293728826
AGGCCACAGCTAAACAx-1,0.38568275293728826
AGGCCACCATGAACCTx-1,0.7412516707803916
AGGCCACGTCGAGATGx-1,0.38568275293728826
AGGTCATAGGGTGTTGx-1,0.3666634065713935
AGCGTATCACTGTGTAx-1,0.439521575246669
AGCGGTCAGAATTGTGx-1,0.7412516707803916
AGGGATGGTCCAGTTAx-1,0.39492191913221475
AGGGTGAGTCACTTCCx-1,0.439521575246669
AGGTCCGAGCGGCTTCx-1,0.38568275293728826
AGGGAGTAGTCCCACGx-1,0.439521575246669
AGCTCTCGTCCAAGTTx-1,0.3101463814497511
AGGTCCGTCCGCGGTAx-1,0.6263477168311127
AGGCCACGTGAAAGAGx-1,0.4403354459724395
AGGGTGATCCGCAGTGx-1,0.439521575246669
AGGTCATGTCACTGGCx-1,0.3101463814497511
AGGGTGACATTAACCGx-1,0.39492191913221475
AGCTCCTGTTGTTTGGx-1,0.39492191913221475
AGCGTCGGTAGCTTGTx-1,0.39492191913221475
AGCTTGAGTTGTACACx-1,0.439521575246669
AGGGTGATCTGTTTGTx-1,0.38568275293728826
AGGGAGTTCATCTGTTx-1,0.39492191913221475
AGCTTGAAGAATAGGGx-1,0.38568275293728826
AGCGGTCCACGAAACGx-1,0.4918176621306598
AGCTCCTCAGGGCATAx-1,0.439521575246669
AGGGAGTGTAAGTAGTx-1,0.38568275293728826
ATCATCTCATCCGGGTx-1,0.6566914541812677
ATCATGGAGTTGTCGTx-1,0.39492191913221475
AGTGGGAAGGGTGTGTx-1,0.3101463814497511
AGTGTCACACGCCAGTx-1,0.3101463814497511
ATAGACCCACTTCTGCx-1,0.38568275293728826
AGTTGGTGTGGTCTCGx-1,0.38568275293728826
ATAGACCGTCAATGTCx-1,0.38568275293728826
AGTCTTTGTTCGCGACx-1,0.4918176621306598
AGTGAGGAGGAACTGCx-1,0.42465502320851756
AGTCTTTTCGTCCGTTx-1,0.3605039624414425
AGTCTTTCAACGCACCx-1,0.4918176621306598
ATAAGAGAGTAATCCCx-1,0.39492191913221475
AGTCTTTAGGCTCAGAx-1,0.3101463814497511
AGTAGTCGTCAATGTCx-1,0.7412516707803916
AGTCTTTTCAATCACGx-1,0.439521575246669
AGTTGGTTCGTGGGAAx-1,0.38568275293728826
ATCACGATCGAACGGAx-1,0.767903467779237
AGTGTCAAGCTGGAACx-1,0.38568275293728826
AGTGTCACAGTTCATGx-1,0.5442441061770477
AGTTGGTCAATCGAAAx-1,0.38568275293728826
ATAACGCCATGCAATCx-1,0.3101463814497511
ATCATCTGTCATCGGCx-1,0.38568275293728826
AGTAGTCTCACAAACCx-1,0.39492191913221475
AGTGAGGGTGTTGAGGx-1,0.38568275293728826
ATCACGAGTATGGTTCx-1,0.38568275293728826
AGTAGTCGTATGGTTCx-1,0.39492191913221475
ATCATGGAGGCGCTCTx-1,0.39492191913221475
AGTGTCATCATGCAACx-1,0.4423533999972293
ATAGACCAGGATGGAAx-1,0.39492191913221475
AGTCTTTGTGGTGTAGx-1,0.439521575246669
AGTAGTCTCATGCTCCx-1,0.38568275293728826
AGTTGGTAGTGTACTCx-1,0.39492191913221475
AGTTGGTGTGTTCTTTx-1,0.4649634295571679
AGTGTCAGTGTGCGTCx-1,0.38568275293728826
AGTGTCAAGCTAAACAx-1,0.38568275293728826
ATCATCTGTTCCGGCAx-1,0.4067087491053907
AGTGGGAAGCTGCGAAx-1,0.38568275293728826
AGTCTTTGTGCACCACx-1,0.41762126893051404
AGTTGGTAGGTAGCCAx-1,0.3101463814497511
AGTGAGGAGAAACCTAx-1,0.439521575246669
ATAACGCCATATACGCx-1,0.41762126893051404
ATAGACCGTGCACGAAx-1,0.4918176621306598
ATAGACCAGACTAAGTx-1,0.3101463814497511
AGTGAGGCAAGGCTCCx-1,0.5489822060908583
AGTAGTCGTTTGACTGx-1,0.3101463814497511
AGTGAGGCAAAGTCAAx-1,0.439521575246669
AGTGTCACACCAGCACx-1,0.39492191913221475
AGTGAGGTCAGCGATTx-1,0.4918176621306598
AGTTGGTCATCCCACTx-1,0.38568275293728826
ATAACGCGTCTTCGTCx-1,0.42465502320851756
AGTGGGAGTTAAGGGCx-1,0.38568275293728826
ATAACGCCACAGCGTCx-1,0.38568275293728826
ATCACGAAGCATGGCAx-1,0.8131738584155563
AGTGGGAAGATCCCATx-1,0.3101463814497511
ATAGACCAGTGGCACAx-1,0.3101463814497511
ATAGACCGTACTCAACx-1,0.7412516707803916
AGTCTTTAGACCTTTGx-1,0.39492191913221475
AGTTGGTAGTCCATACx-1,0.7412516707803916
ATAGACCCATGCTAGTx-1,0.439521575246669
ATCACGAGTTCTGAACx-1,0.38568275293728826
ATCATCTTCGTTGACAx-1,0.439521575246669
AGTGTCACAGCCAGAAx-1,0.4918176621306598
AGTGAGGTCTACTATCx-1,0.3918421970672392
AGTGTCAGTGGTCCGTx-1,0.439521575246669
AGTGTCATCGGCCGATx-1,0.39492191913221475
AGTGGGAGTGAGTGACx-1,0.7412516707803916
ATAACGCCATTAGCCAx-1,0.439521575246669
AGTAGTCTCTCGTTTAx-1,0.3101463814497511
ATAACGCTCTTTAGTCx-1,0.439521575246669
ATAAGAGAGGCAGGTTx-1,0.7412516707803916
AGTGTCACACGGCCATx-1,0.38568275293728826
AGTGTCATCTAGCACAx-1,0.38568275293728826
AGTAGTCGTGACCAAGx-1,0.38568275293728826
ATAGACCAGCTACCTAx-1,0.39492191913221475
ATCATCTAGGCGTACAx-1,0.38568275293728826
AGTTGGTAGGAGTTGCx-1,0.6573992277058743
AGTGAGGGTGTGACGAx-1,0.38568275293728826
AGTCTTTGTCGCTTTCx-1,0.38568275293728826
AGTTGGTTCACCATAGx-1,0.4918176621306598
ATAACGCAGCACCGTCx-1,0.7412516707803916
ATAGACCCAAACAACAx-1,0.4069750969327721
AGTGTCAGTAAATACGx-1,0.38568275293728826
ATAGACCAGCTGTCTAx-1,0.7412516707803916
AGTGAGGCAATGGATAx-1,0.439521575246669
AGTGGGACACGGTTTAx-1,0.4918176621306598
AGTGAGGGTTTGACTGx-1,0.38568275293728826
ATAAGAGCACCATCCTx-1,0.7412516707803916
AGTCTTTTCTCTGAGAx-1,0.42465502320851756
AGTGAGGCAATGGAATx-1,0.3353251719455968
AGTGGGAGTTCACGGCx-1,0.439521575246669
ATCACGAAGGACAGAAx-1,0.41762126893051404
ATAAGAGCATATGAGAx-1,0.38568275293728826
AGTGGGACAGTCTTCCx-1,0.38568275293728826
AGTGAGGCACCATCCTx-1,0.38876247500226374
ATCACGAGTCCCTACTx-1,0.38568275293728826
ATAAGAGGTGACTACTx-1,0.439521575246669
ATAAGAGGTAGCCTCGx-1,0.4711228736871189
ATTACTCCAAGTTGTCx-1,0.4918176621306598
ATTATCCTCAGCAACTx-1,0.38568275293728826
ATTACTCGTCGGCTCAx-1,0.4918176621306598
ATCGAGTAGAGTACCGx-1,0.41762126893051404
ATCTGCCCAAGTCTGTx-1,0.4918176621306598
ATGTGTGGTAGCGTCCx-1,0.38568275293728826
ATTACTCGTGTTGAGGx-1,0.38568275293728826
ATGAGGGTCACGATGTx-1,0.4918176621306598
ATCATGGTCTGCTGCTx-1,0.4711228736871189
ATCTACTTCCTCATTAx-1,0.3101463814497511
ATTATCCAGCGTGTCCx-1,0.439521575246669
ATCCGAATCTCCTATAx-1,0.3101463814497511
ATCTGCCGTTAAGACAx-1,0.7412516707803916
ATTATCCGTCCATCCTx-1,0.439521575246669
ATCTACTAGATCACGGx-1,0.439521575246669
ATGAGGGCAGCTTAACx-1,0.7412516707803916
ATGCGATTCAAGAAGTx-1,0.439521575246669
ATCGAGTGTCCGTCAGx-1,0.40978847117036615
ATCTGCCTCTATCCCGx-1,0.46708553106394457
ATCTACTCACGGCTACx-1,0.38568275293728826
ATCTGCCTCAGCTTAGx-1,0.439521575246669
ATGTGTGAGCCAGGATx-1,0.39492191913221475
ATGAGGGCAGCATACTx-1,0.38568275293728826
ATGCGATCATGGTTGTx-1,1.0
ATCATGGTCGCAAGCCx-1,0.3101463814497511
ATCTGCCCATCCCATCx-1,0.38568275293728826
ATCCGAAGTCAAACTCx-1,0.439521575246669
ATCGAGTGTAGCGTAGx-1,0.439521575246669
ATCTGCCCAACACGCCx-1,0.40978847117036615
ATCTGCCAGAAGGTTTx-1,0.3101463814497511
ATGCGATTCACGCGGTx-1,0.7412516707803916
ATCCGAACAGCTCGCAx-1,0.38568275293728826
ATCGAGTGTACGAAATx-1,0.439521575246669
ATGTGTGGTGCTCTTCx-1,0.38568275293728826
ATCTGCCCAAGTACCTx-1,0.39492191913221475
ATGCGATCATCTCCCAx-1,0.38568275293728826
ATCGAGTGTCTCATCCx-1,0.7412516707803916
ATTATCCAGTGTCCCGx-1,0.39492191913221475
ATTATCCTCTTGCCGTx-1,0.38568275293728826
ATTATCCAGTGCCAGAx-1,0.3918421970672392
ATGTGTGTCGGTTAACx-1,0.38568275293728826
ATGCGATCACACGCTGx-1,0.39492191913221475
ATCGAGTGTAAGAGAGx-1,0.39492191913221475
ATGCGATAGGACATTAx-1,0.38568275293728826
ATTATCCCAAACCTACx-1,0.439521575246669
ATCTACTTCTTGAGACx-1,0.39492191913221475
ATCCGAACAATGGAGCx-1,0.40978847117036615
ATCTACTAGGAGTAGAx-1,0.7412516707803916
ATCCGAATCGTGGACCx-1,0.4918176621306598
ATGCGATTCTTTAGTCx-1,0.41762126893051404
ATCTGCCGTGATGATAx-1,0.3101463814497511
ATCCACCCAAACGCGAx-1,0.39492191913221475
ATCTACTTCATCACCCx-1,0.439521575246669
ATTATCCGTCTAGTCAx-1,0.439521575246669
ATCCACCCACAGCGTCx-1,0.439521575246669
ATGCGATCATGACATCx-1,0.439521575246669
ATGGGAGCACAGTCGCx-1,0.439521575246669
ATCCACCTCCTAGTGAx-1,0.38568275293728826
ATTATCCCACGGCGTTx-1,0.3101463814497511
ATGGGAGTCCAGGGCTx-1,0.5749623316805703
ATGGGAGCAGGACCCTx-1,0.439521575246669
ATGCGATAGACGCTTTx-1,0.7412516707803916
ATGAGGGCACATTTCTx-1,0.3101463814497511
ATCCGAATCATTGCCCx-1,0.4918176621306598
ATCATGGCAATACGCTx-1,0.42465502320851756
ATTATCCAGGTGTTAAx-1,0.7412516707803916
ATTATCCGTTTCCACCx-1,0.38568275293728826
ATGAGGGGTAAATGACx-1,0.6406749722691507
ATGCGATAGCATGGCAx-1,0.41762126893051404
ATCTACTTCAGCTCTCx-1,0.7412516707803916
ATGAGGGAGAGACTATx-1,0.3101463814497511
ATGCGATGTGTTAAGAx-1,0.3101463814497511
ATCTGCCAGAAACCATx-1,0.7412516707803916
ATCATGGTCGTCCGTTx-1,0.38568275293728826
ATCCACCCATCCAACAx-1,0.7412516707803916
ATCTACTAGGCCCGTTx-1,0.439521575246669
ATGAGGGCAGCCAATTx-1,0.439521575246669
ATCGAGTCATTTGCCCx-1,0.38568275293728826
ATGGGAGAGTGTACTCx-1,0.39492191913221475
ATCTGCCCATGGTCATx-1,0.439521575246669
ATGCGATCAAGGGTCAx-1,0.39492191913221475
ATCCGAAGTCCGCTGAx-1,0.3101463814497511
ATGAGGGAGCACCGTCx-1,0.7412516707803916
ATCCACCAGAACAATCx-1,0.39492191913221475
ATGTGTGGTCTTGTCCx-1,0.784983820696903
ATCTACTTCCTGTAGAx-1,0.439521575246669
ATTATCCCATGCCTAAx-1,0.439521575246669
ATGAGGGTCCTTGGTCx-1,0.41762126893051404
ATCTGCCGTACATCCAx-1,0.39492191913221475
ATGTGTGAGGTGTTAAx-1,0.38568275293728826
ATGCGATCATGCTGGCx-1,0.40978847117036615
ATGAGGGAGACTCGGAx-1,0.4918176621306598
ATTACTCGTAAGGGCTx-1,0.38568275293728826
ATTATCCCAAGCTGGAx-1,0.38568275293728826
ATCGAGTCAGTCGATTx-1,0.41762126893051404
ATTGGACTCCTGTACCx-1,0.38568275293728826
ATTGGTGAGATGCCAGx-1,0.439521575246669
ATTGGTGAGTGAACGCx-1,0.38568275293728826
CAACCTCTCGCGTAGCx-1,0.41762126893051404
ATTGGTGGTCCAGTATx-1,0.439521575246669
CACAAACAGCTAGTCTx-1,0.38568275293728826
ATTCTACCAAGGGTCAx-1,0.7412516707803916
ATTCTACAGTCCATACx-1,0.38568275293728826
CAAGTTGCAGAGTGTGx-1,0.38568275293728826
CAAGGCCGTGATGTGGx-1,0.7358083476753019
ATTGGACCAGGTGCCTx-1,0.3101463814497511
CACAAACAGAGCTGCAx-1,0.42465502320851756
ATTGGACTCGCCCTTAx-1,0.38568275293728826
CAACCTCTCAAGAAGTx-1,0.39492191913221475
CAAGATCAGCCTCGTGx-1,0.3101463814497511
CAAGGCCCACATCTTTx-1,0.38568275293728826
ATTTCTGTCGGCTACGx-1,0.38568275293728826
CAAGTTGAGGGCTTCCx-1,0.38568275293728826
CAACCTCAGCTAAACAx-1,0.38568275293728826
CAAGTTGAGAGCTGCAx-1,0.439521575246669
CAAGAAAGTAGAAGGAx-1,0.439521575246669
ATTGGTGAGTCTCCTCx-1,0.39492191913221475
ATTGGACGTGAAGGCTx-1,0.439521575246669
CAACCAAGTAGAAAGGx-1,0.3101463814497511
CAAGGCCCAGCCAGAAx-1,0.39492191913221475
CAAGTTGTCTTACCGCx-1,0.7412516707803916
CAACTAGAGATATGCAx-1,0.6114811647929612
CAAGATCTCTGATACGx-1,0.39492191913221475
CACAAACAGCCCAGCTx-1,0.439521575246669
CACAAACAGGACACCAx-1,0.4980678610725663
ATTGGACCAGCATGAGx-1,0.7412516707803916
CAAGATCAGGACCACAx-1,0.4918176621306598
CAAGAAACACGCATCGx-1,0.39492191913221475
ATTGGTGCAAACTGTCx-1,0.3101463814497511
CAACTAGAGTCCGTATx-1,0.95771494342202
ATTGGTGAGCAGACTGx-1,0.7412516707803916
CACAAACGTCTAAAGAx-1,0.439521575246669
ATTTCTGAGTGGACGTx-1,0.40978847117036615
ATTGGTGCATGGAATAx-1,0.39492191913221475
CACAAACCACATGACTx-1,0.38568275293728826
CAAGAAATCTTAGCCCx-1,0.7391283502065717
ATTTCTGGTTGCTCCTx-1,0.439521575246669
ATTCTACGTACAGTGGx-1,0.39492191913221475
ATTTCTGCAAATTGCCx-1,0.7412516707803916
CAAGTTGCATCTGGTAx-1,0.39492191913221475
ATTCTACAGAGCTGCAx-1,0.439521575246669
CAAGTTGTCCACTCCAx-1,0.38568275293728826
ATTGGTGGTAATCGTCx-1,0.42465502320851756
CAACTAGCATACTCTTx-1,0.4918176621306598
ATTTCTGAGAGTAATCx-1,0.3101463814497511
CAACTAGCATGTTCCCx-1,0.4403354459724395
CAAGGCCCAGAGCCAAx-1,0.5749623316805703
CAAGTTGAGATCCCGCx-1,0.38568275293728826
CAAGGCCTCCAGTAGTx-1,0.4918176621306598
CAAGATCCAAGCGAGTx-1,0.3101463814497511
CAACCTCTCATGGTCAx-1,0.4918176621306598
CACAAACAGTTTAGGAx-1,0.38568275293728826
CAAGGCCGTCTGGTCGx-1,0.38568275293728826
CAACTAGCAGGTGCCTx-1,0.439521575246669
CAAGATCGTCATATGCx-1,0.3101463814497511
CAAGAAAAGTAGGTGCx-1,0.39492191913221475
ATTGGTGGTTCACGGCx-1,0.8275011138535944
CAACTAGAGGCTCATTx-1,0.439521575246669
CAACCTCAGTGTACTCx-1,0.38568275293728826
ATTGGACAGTCGTACTx-1,0.40978847117036615
CAAGGCCGTAGGACACx-1,0.6581070012304809
CAACCTCTCGGAGCAAx-1,0.41515665547659375
CAAGGCCAGCCAGTTTx-1,0.6581070012304809
ATTCTACAGTACGATAx-1,0.39492191913221475
ATTGGTGGTTCATGGTx-1,0.439521575246669
CAACCAATCCATGCTCx-1,0.38568275293728826
CAAGTTGGTAGGCTGAx-1,0.439521575246669
ATTCTACTCCGCGGTAx-1,0.39492191913221475
CAAGGCCAGAGTCGGTx-1,0.3101463814497511
CAACCAACAATGTTGCx-1,0.439521575246669
ATTTCTGGTTACGCGCx-1,0.3101463814497511
ATTGGACCATCTGGTAx-1,0.439521575246669
CAACCAAGTCCTGCTTx-1,0.3101463814497511
CAAGATCGTCGAATCTx-1,0.39492191913221475
CAACCTCAGACTAGATx-1,0.7412516707803916
ATTCTACCACGGATAGx-1,0.5192491020145554
CAACCTCGTAATCGTCx-1,0.439521575246669
CAACCAAAGCTAACAAx-1,0.38568275293728826
ATTTCTGGTAGTACCTx-1,0.38568275293728826
CAACCTCCACGGACAAx-1,0.3459713439433387
CAAGATCCATGCAACTx-1,0.39492191913221475
CAAGGCCCAGCCTGTGx-1,0.38568275293728826
CAAGGCCAGTTACGGGx-1,0.3101463814497511
ATTGGTGGTCGCGTGTx-1,0.38876247500226374
CAAGGCCCATGGTCATx-1,0.3353251719455968
CAACCTCAGGAATGGAx-1,0.39492191913221475
CAAGTTGCATACGCTAx-1,0.39492191913221475
CACACCTGTGTCAATCx-1,0.38568275293728826
CACACCTAGTCCATACx-1,0.39492191913221475
CACACAATCATTCACTx-1,0.439521575246669
CACCACTAGAGTACCGx-1,0.439521575246669
CACCTTGAGGTGCTAGx-1,0.3918421970672392
CACACTCGTCACTGGCx-1,0.38568275293728826
CAGAATCAGCCCAACCx-1,0.4859894257252703
CACAAACTCGAATGCTx-1,0.38568275293728826
CACAGGCTCGTCACGGx-1,0.38568275293728826
CACAGTATCGACAGCCx-1,0.7412516707803916
CACAGGCTCTGACCTCx-1,0.38568275293728826
CACCAGGCAATCGGTTx-1,0.38568275293728826
CACTCCATCTACCAGAx-1,0.4067087491053907
CACACAAAGTGAACGCx-1,0.39492191913221475
CACCAGGGTGAGTGACx-1,0.439521575246669
CACCAGGAGCCAGTAGx-1,0.39492191913221475
CACATAGGTTCAGCGCx-1,0.7412516707803916
CACATAGAGTCGTACTx-1,0.38568275293728826
CACCTTGCAACTGGCCx-1,0.3101463814497511
CACCAGGGTTGGGACAx-1,0.439521575246669
CACACTCTCCGCAAGCx-1,0.38568275293728826
CACCTTGTCCAGTATGx-1,0.439521575246669
CACCAGGGTAGTAGTAx-1,0.39492191913221475
CACCAGGGTAGCGTAGx-1,0.39492191913221475
CACATAGTCAACCATGx-1,0.3353251719455968
CACCTTGAGGGCTCTCx-1,0.39492191913221475
CACATTTGTATCAGTCx-1,0.38568275293728826
CACCTTGAGGCCCTTGx-1,0.3918421970672392
CACCACTGTTTCGCTCx-1,0.7412516707803916
CACACAACAGATGGGTx-1,0.42722050013169643
CACAGGCGTATGAATGx-1,0.7412516707803916
CACACTCAGGCAGGTTx-1,0.439521575246669
CACAAACTCCACGACGx-1,0.3101463814497511
CACCAGGAGCGATAGCx-1,0.39492191913221475
CACCTTGTCCGCATCTx-1,0.439521575246669
CACCTTGTCGGTGTTAx-1,0.439521575246669
CACACCTCACCCAGTGx-1,0.7412516707803916
CACATTTAGGTTACCTx-1,0.38568275293728826
CACCACTGTCCTGCTTx-1,0.38568275293728826
CACACAAGTCATTAGCx-1,0.4918176621306598
CACATTTGTCGAACAGx-1,0.439521575246669
CACAGGCAGCCCAGCTx-1,0.439521575246669
CACCTTGAGCTAAGATx-1,0.38568275293728826
CACACCTAGCTAACAAx-1,0.38568275293728826
CACCACTAGGGATACCx-1,0.439521575246669
CACACTCAGCTTTGGTx-1,0.39492191913221475
CACATTTTCTAACCGAx-1,0.3101463814497511
CACACCTTCGTGGACCx-1,0.439521575246669
CACATAGTCAACACACx-1,0.439521575246669
CACACAACAATACGCTx-1,0.39492191913221475
CACATAGGTAAAGGAGx-1,0.41515665547659375
CACCACTCAAACTGTCx-1,0.3918421970672392
CACCAGGGTGCCTGGTx-1,0.3101463814497511
CACAAACTCTTGAGGTx-1,0.5489822060908583
CACACCTTCCCTCAGTx-1,0.7412516707803916
CACCTTGGTCTCTCGTx-1,0.3101463814497511
CACACAACAGACGTAGx-1,0.38568275293728826
CACAGGCAGAGTCTGGx-1,0.3605039624414425
CACACTCCATGACATCx-1,0.38568275293728826
CACATTTTCTTCCTTCx-1,0.7412516707803916
CACAGGCAGAGGGCTTx-1,0.439521575246669
CACCACTGTGTGCCTGx-1,0.39492191913221475
CACTCCACATAGGATAx-1,0.3353251719455968
CACACCTTCATTATCCx-1,0.439521575246669
CACCTTGCAGGAATGCx-1,0.439521575246669
CACAGTAAGTTATCGCx-1,0.38568275293728826
CACATAGAGACTAGATx-1,0.38568275293728826
CACCACTAGCCATCGCx-1,0.3101463814497511
CACACTCAGTTAAGTGx-1,0.38568275293728826
CACTCCAGTCTGCAATx-1,0.6122526979717859
CACATAGAGACAGACCx-1,0.439521575246669
CACAGTAGTAGCAAATx-1,0.38568275293728826
CACATAGGTCAATGTCx-1,0.439521575246669
CACAGGCGTCGACTATx-1,0.39492191913221475
CACCAGGTCTAACCGAx-1,0.38876247500226374
CACCACTAGTTTGCGTx-1,0.7412516707803916
CACATTTAGCGATATAx-1,0.439521575246669
CACATAGGTCCGAAGAx-1,0.4918176621306598
CACATTTCATGTAGTCx-1,0.38568275293728826
CACAGGCAGCTGATAAx-1,0.7412516707803916
CACACAAAGCATGGCAx-1,0.439521575246669
CACCTTGAGCAGGCTAx-1,0.3605039624414425
CACAGTACATGTCGATx-1,0.38568275293728826
CACACCTCATTAACCGx-1,0.39492191913221475
CACACAAGTCTAACGTx-1,0.38568275293728826
CACTCCAAGCCGCCTAx-1,0.439521575246669
CACCACTAGAATCTCCx-1,0.439521575246669
CACAGTATCTACCAGAx-1,0.39492191913221475
CACCAGGTCAGGCCCAx-1,0.7412516707803916
CACATAGGTCATATCGx-1,0.39492191913221475
CACCACTTCTGGTATGx-1,0.42465502320851756
CACCACTAGCCACGTCx-1,0.38568275293728826
CACCACTCAACTGGCCx-1,0.39492191913221475
CACCACTGTAAGTTCCx-1,0.39492191913221475
CACTCCAGTCCGCTGAx-1,0.439521575246669
CACACTCGTTCATGGTx-1,0.38568275293728826
CATATGGCATCCCATCx-1,0.4403354459724395
CAGAATCGTATGGTTCx-1,0.38568275293728826
CAGCCGACAGTAACGGx-1,0.39492191913221475
CAGCGACCAGCGTAAGx-1,0.439521575246669
CAGAATCTCTACCAGAx-1,0.439521575246669
CAGCTAACACTGAAGGx-1,0.439521575246669
CAGGTGCCACATCTTTx-1,0.439521575246669
CAGCATAAGCCACCTGx-1,0.3101463814497511
CAGCAGCAGGAGTCTGx-1,0.7412516707803916
CAGTCCTGTAATTGGAx-1,0.38568275293728826
CAGTCCTCATGGGAACx-1,0.3101463814497511
CAGAGAGGTACTCGCGx-1,0.439521575246669
CAGAATCGTAGAGTGCx-1,0.38568275293728826
CAGATCACAATCCAACx-1,0.39492191913221475
CAGCTAATCCATGCTCx-1,0.3101463814497511
CAGAATCTCACATAGCx-1,0.7412516707803916
CAGCAGCTCTATGTGGx-1,0.7412516707803916
CAGCTGGCATCGGGTCx-1,0.7412516707803916
CATATTCCAGTCCTTCx-1,0.7412516707803916
CAGCCGAGTAAGTAGTx-1,0.439521575246669
CAGCTAATCGTCACGGx-1,0.39492191913221475
CAGCTGGAGACTAGGCx-1,0.38568275293728826
CAGCTAATCAGCCTAAx-1,0.38568275293728826
CAGCATACAATACGCTx-1,0.42465502320851756
CAGCTGGAGTAGATGTx-1,0.42465502320851756
CAGCATATCCTGCAGGx-1,0.7412516707803916
CAGCTGGAGATATGGTx-1,0.7412516707803916
CAGCAGCCAGACAAGCx-1,0.7412516707803916
CAGCTAATCAATCACGx-1,0.40978847117036615
CAGTCCTTCGAGCCCAx-1,0.7412516707803916
CAGGTGCAGCCAGTTTx-1,0.3101463814497511
CAGCGACCAAGGACTGx-1,0.8131738584155563
CAGAGAGCACTTGGATx-1,0.38568275293728826
CAGCAGCCACAGACAGx-1,0.8131738584155563
CATATTCAGGGAAACAx-1,0.38568275293728826
CATATTCTCCGCATCTx-1,0.39492191913221475
CAGCTAACAACGATCTx-1,0.38568275293728826
CAGTCCTCATCCTAGAx-1,0.42465502320851756
CAGCATATCTAACCGAx-1,0.38568275293728826
CAGTCCTTCAAACAAGx-1,0.3101463814497511
CAGCGACCAGTTTACGx-1,0.38568275293728826
CAGCTGGCAATGGAATx-1,0.7412516707803916
CAGCATAGTCACTTCCx-1,0.3353251719455968
CAGCGACGTCGCCATGx-1,0.3101463814497511
CAGCCGATCCTGCTTGx-1,0.439521575246669
CAGCTAAAGTTGAGATx-1,0.39492191913221475
CATATGGAGTTGTAGAx-1,0.95771494342202
CAGCAGCTCAGCATGTx-1,0.38568275293728826
CAGCATATCAACACGTx-1,0.439521575246669
CAGCCGAGTGTCGCTGx-1,0.3605039624414425
CAGCAGCTCTCTAAGGx-1,0.3101463814497511
CATATGGAGCCGCCTAx-1,0.439521575246669
CAGCATATCTTGTATCx-1,0.39492191913221475
CAGCGACCACCAGGTCx-1,0.3101463814497511
CAGCAGCCAATGAAACx-1,0.38568275293728826
CAGTCCTTCACAAACCx-1,0.38568275293728826
CAGTCCTAGTGCTGCCx-1,0.3918421970672392
CAGCATACAGCTCGCAx-1,0.38568275293728826
CAGCCGACAGCCTATAx-1,0.42465502320851756
CAGGTGCGTAGCGTGAx-1,0.38568275293728826
CAGCTAAGTTCCATGAx-1,0.41762126893051404
CAGAATCAGCTTTGGTx-1,0.41762126893051404
CAGATCAAGCTCTCGGx-1,0.42465502320851756
CAGCGACGTTCTGGTAx-1,0.439521575246669
CAGTCCTTCACCCGAGx-1,0.4215753011435421
CAGCTGGCATCTCCCAx-1,0.4210610560017454
CAGCCGATCTGTTGAGx-1,0.38568275293728826
CAGTCCTAGGCGCTCTx-1,0.38568275293728826
CATATTCCAGGTCCACx-1,0.39492191913221475
CATATGGGTACGCTGCx-1,0.4918176621306598
CAGTCCTAGCGTAATAx-1,1.0
CAGAGAGAGACACTAAx-1,0.3101463814497511
CAGATCAGTTCTGGTAx-1,0.3101463814497511
CAGTCCTAGCGATATAx-1,0.439521575246669
CATATTCAGGAGTAGAx-1,0.3101463814497511
CATATTCCATATGCTGx-1,0.439521575246669
CAGCTAACAGCCTGTGx-1,0.38568275293728826
CAGCATATCAGTCAGTx-1,0.38568275293728826
CATATTCCATTCTTACx-1,0.439521575246669
CAGCAGCTCTTCATGTx-1,0.439521575246669
CAGCTAAGTAGCTTGTx-1,0.38568275293728826
CAGCATATCTAACGGTx-1,0.439521575246669
CAGCCGAAGGGAAACAx-1,0.39492191913221475
CAGCCGAAGCGCCTTGx-1,0.5400982737579099
CAGCCGAAGAGGTTATx-1,0.38568275293728826
CAGAATCTCGGTCCGAx-1,0.7412516707803916
CAGATCACAGCATACTx-1,0.3101463814497511
CAGCAGCAGAGGACGGx-1,0.38568275293728826
CAGGTGCCAGTTCATGx-1,0.4918176621306598
CATATTCAGGAGTTTAx-1,0.7412516707803916
CAGTCCTAGCAATCTCx-1,0.38568275293728826
CAGGTGCCAACGCACCx-1,0.40978847117036615
CAGGTGCGTAAGAGGAx-1,0.439521575246669
CAGATCAGTCAAGCGAx-1,0.7412516707803916
CAGTCCTGTATAAACGx-1,0.9718099622813466
CAGAGAGGTGAGGCTAx-1,0.38568275293728826
CAGCATAGTGAAGGCTx-1,0.7398361237311784
CATGGCGCATGCAACTx-1,0.42465502320851756
CCAATCCGTCACTGGCx-1,0.38568275293728826
CATTCGCCACCCATGGx-1,0.38568275293728826
CATGACACAAACCCATx-1,0.38568275293728826
CATGGCGTCAGTGTTGx-1,0.39492191913221475
CATCAAGCACGACTCGx-1,0.39492191913221475
CATCAGATCGATAGAAx-1,0.4918176621306598
CCAATCCCAAGTACCTx-1,0.7412516707803916
CATCCACAGATCGATAx-1,0.38568275293728826
CATTCGCTCACTATTCx-1,0.4918176621306598
CATCAGAAGACCTAGGx-1,0.38876247500226374
CCAATCCCAGGGAGAGx-1,0.439521575246669
CATGCCTGTGAACCTTx-1,0.38568275293728826
CATCGAAGTGTGCCTGx-1,0.439521575246669
CATGACACACCTTGTCx-1,0.38568275293728826
CATTATCCAGGTCTCGx-1,0.439521575246669
CATCGGGTCGGACAAGx-1,0.4918176621306598
CATCAAGGTCAGTGGAx-1,0.3605039624414425
CATGGCGTCCGGGTGTx-1,0.439521575246669
CATTATCCAAATCCGTx-1,0.38568275293728826
CATTCGCGTTAGAACAx-1,0.38568275293728826
CCAATCCCAGTGAGTGx-1,0.40978847117036615
CATGACACAGATGAGCx-1,0.7412516707803916
CATGGCGAGGCAGGTTx-1,0.7412516707803916
CATTATCCAGGTCCACx-1,0.3918421970672392
CATCAAGAGGTACTCTx-1,0.3101463814497511
CATCAAGTCTACCAGAx-1,0.439521575246669
CATGCCTAGTGACATAx-1,0.439521575246669
CATGACAAGTCCGTATx-1,0.439521575246669
CATGACACAGCCAGAAx-1,0.39492191913221475
CATCAGACAGTATAAGx-1,0.38568275293728826
CCAATCCCACGAAACGx-1,0.38568275293728826
CATCAAGCAATGGTCTx-1,0.3918421970672392
CATGCCTTCTTCAACTx-1,0.439521575246669
CATGCCTGTCGCGTGTx-1,0.39492191913221475
CATATTCTCGTTACAGx-1,0.41762126893051404
CCAATCCAGCTGCAAGx-1,0.38568275293728826
CATGCCTCATTAACCGx-1,0.439521575246669
CATCAAGTCTGTGCAAx-1,0.38568275293728826
CATCGAATCGTGGGAAx-1,0.38568275293728826
CATCGGGAGTCAATAGx-1,0.41762126893051404
CATCAGATCATTATCCx-1,0.7391283502065717
CATGACAAGTGCGATGx-1,0.40978847117036615
CCAATCCTCCAAATGCx-1,0.40978847117036615
CATCAAGTCACCCTCAx-1,0.4918176621306598
CCACCTAAGAGCTGGTx-1,0.39492191913221475
CATCAGATCGGCGCTAx-1,0.38568275293728826
CATGCCTAGATCGATAx-1,0.38568275293728826
CATGACAAGATCCGAGx-1,0.3101463814497511
CCAATCCCATCATCCCx-1,0.39492191913221475
CATGCCTGTATCACCAx-1,0.39492191913221475
CATGGCGGTTCCGTCTx-1,0.38568275293728826
CATCAGAGTCCGTGACx-1,0.439521575246669
CATGCCTAGATGAGAGx-1,0.38568275293728826
CATATTCTCGGCGGTTx-1,0.7412516707803916
CATGGCGCAAACCTACx-1,0.39492191913221475
CATTATCGTGTTGAGGx-1,0.439521575246669
CATTCGCAGGCTCAGAx-1,0.38568275293728826
CATGGCGGTTTGTGTGx-1,0.39492191913221475
CATGGCGAGTACGCGAx-1,0.38876247500226374
CATCCACCAGTGACAGx-1,0.4918176621306598
CATGACACAGGTCGTCx-1,0.4918176621306598
CATCGAAAGTGTCTCAx-1,0.39492191913221475
CATGACAGTCTTTCATx-1,0.439521575246669
CATGCCTCATACTCTTx-1,0.38568275293728826
CATGCCTAGTTCGCATx-1,0.6581070012304809
CATCGAATCTTCGAGAx-1,0.42465502320851756
CATTCGCTCGCCTGAGx-1,0.3101463814497511
CATTATCTCTCAAACGx-1,0.39492191913221475
CATTATCTCACCAGGCx-1,0.40978847117036615
CCAATCCAGCCGGTAAx-1,0.5749623316805703
CATTATCTCACCGGGTx-1,0.439521575246669
CATGGCGTCACCGTAAx-1,0.39492191913221475
CATGGCGCATCCAACAx-1,0.439521575246669
CATTATCAGTGGCACAx-1,0.4918176621306598
CATGACACACATGACTx-1,0.4918176621306598
CATCAGAAGGCCATAGx-1,0.3101463814497511
CATCCACCAAGTAATGx-1,0.39492191913221475
CATCCACGTAAACGCGx-1,0.439521575246669
CATGCCTGTAGCTTGTx-1,0.7412516707803916
CATCGAATCGAATGGGx-1,0.7412516707803916
CATGCCTCAGACGCAAx-1,0.42465502320851756
CATGGCGCAGAAGCACx-1,0.439521575246669
CCAATCCTCAACTCTTx-1,0.439521575246669
CATCAGAAGGTTACCTx-1,0.439521575246669
CATGGCGAGCACCGCTx-1,0.3101463814497511
CATCGAATCAATCACGx-1,0.439521575246669
CATGACACAGGGCATAx-1,0.39492191913221475
CATGGCGCAGGAATGCx-1,0.39492191913221475
CATCGGGAGATGTCGGx-1,0.7412516707803916
CATCAGATCACCTTATx-1,0.7412516707803916
CATCAGAAGACTGTAAx-1,0.39492191913221475
CCACCTAAGACAATACx-1,0.40978847117036615
CATCAAGGTTGGTAAAx-1,0.38568275293728826
CATCGGGAGCTGCCCAx-1,0.39492191913221475
CATCAAGAGCTCAACTx-1,0.7412516707803916
CCGGGATCAGCTGTATx-1,0.38568275293728826
CCACCTACAGCAGTTTx-1,0.38568275293728826
CCGTGGACAAGTCATCx-1,0.38568275293728826
CCACTACAGCGCCTCAx-1,0.38568275293728826
CCACGGATCTTGAGACx-1,0.6235247827969274
CCCTCCTGTAGGGACTx-1,0.38568275293728826
CCACGGAGTTGTTTGGx-1,0.7412516707803916
CCCTCCTAGTCACGCCx-1,0.38568275293728826
CCCAATCAGCGTTGCCx-1,0.38568275293728826
CCCATACTCGGTCTAAx-1,0.2609015118253196
CCATTCGTCTCTTGATx-1,0.38568275293728826
CCGGTAGAGGGAAACAx-1,0.39492191913221475
CCCAATCAGTGAAGTTx-1,0.38568275293728826
CCGTACTTCCGTACAAx-1,0.39492191913221475
CCGGTAGGTGACAAATx-1,0.38568275293728826
CCAGCGAAGCACACAGx-1,0.3101463814497511
CCACCTACACAAGCCCx-1,0.4215753011435421
CCATTCGAGAAACCGCx-1,0.38568275293728826
CCAGCGATCAACGGGAx-1,0.439521575246669
CCCAATCAGAAGGACAx-1,0.38568275293728826
CCACTACCATACTACGx-1,0.439521575246669
CCGTACTTCGCCAGCAx-1,0.39492191913221475
CCAGCGAAGCCAGGATx-1,0.7412516707803916
CCGTACTCACAGAGGTx-1,0.439521575246669
CCACTACGTTAAGATGx-1,0.7412516707803916
CCATGTCAGTAGCCGAx-1,0.39492191913221475
CCCAATCAGATATGCAx-1,0.439521575246669
CCCAATCTCACCGTAAx-1,0.4918176621306598
CCCTCCTGTAGAAAGGx-1,0.38568275293728826
CCATTCGAGTATCGAAx-1,0.7412516707803916
CCCATACGTAAGCACGx-1,0.38568275293728826
CCACTACAGTTACGGGx-1,0.39492191913221475
CCCAGTTTCACGATGTx-1,0.7412516707803916
CCGTGGAAGTGTCCATx-1,0.8275011138535944
CCATGTCGTGCACTTAx-1,0.41762126893051404
CCCATACCATGAGCGAx-1,0.39492191913221475
CCACTACGTGGTACAGx-1,0.7412516707803916
CCGGGATAGAATGTTGx-1,0.39492191913221475
CCAGCGAAGAAAGTGGx-1,0.439521575246669
CCCAATCTCTTGAGGTx-1,0.39492191913221475
CCGGTAGAGACAATACx-1,0.38568275293728826
CCACGGATCTCAAGTGx-1,0.38568275293728826
CCGGGATCATCGGTTAx-1,0.7412516707803916
CCACTACAGCGTAGTGx-1,0.7412516707803916
CCGGGATGTGTTGAGGx-1,0.39492191913221475
CCCAATCTCTTGAGACx-1,0.38568275293728826
CCATGTCCATTACCTTx-1,0.7391283502065717
CCACCTACAAGTACCTx-1,0.40978847117036615
CCACTACCAGCGTAAGx-1,0.4595190811311781
CCACCTACATCACGTAx-1,0.39492191913221475
CCGTGGAAGGTCATCTx-1,0.42465502320851756
CCCATACTCTCGCTTGx-1,0.38568275293728826
CCAGCGAGTCTCAACAx-1,0.7412516707803916
CCCTCCTCACGGTAAGx-1,0.39492191913221475
CCATGTCGTCAACTGTx-1,0.42465502320851756
CCATGTCTCAACACTGx-1,0.439521575246669
CCCAGTTTCCGCGTTTx-1,0.4918176621306598
CCAGCGAAGGCCCTTGx-1,0.4918176621306598
CCATGTCTCAACTCTTx-1,0.439521575246669
CCCTCCTCACGCCAGTx-1,0.39492191913221475
CCCATACAGCACCGCTx-1,0.39492191913221475
CCCAGTTGTTGGTGGAx-1,0.4067087491053907
CCACTACAGGACCACAx-1,0.39492191913221475
CCGGGATGTGCGATAGx-1,0.38568275293728826
CCCATACTCATCTGTTx-1,0.4403354459724395
CCGGGATCACAGATTCx-1,0.439521575246669
CCACCTACATACGCCGx-1,0.439521575246669
CCACTACAGTACGCCCx-1,0.439521575246669
CCACTACTCTAACTTCx-1,0.439521575246669
CCACGGAAGTGTTTGCx-1,0.40978847117036615
CCCATACCACCAACCGx-1,0.5400982737579099
CCGTGGACAGGATTGGx-1,0.38568275293728826
CCCATACAGATCCCATx-1,0.38568275293728826
CCATGTCTCTTGCCGTx-1,0.37115013443918443
CCGGTAGTCTGTTGAGx-1,0.41762126893051404
CCACGGACAGGTGCCTx-1,0.3384048940105723
CCACGGACACAACTGTx-1,0.4918176621306598
CCGGGATGTATGCTTGx-1,0.3918421970672392
CCAGCGATCATAAAGGx-1,0.439521575246669
CCATTCGAGATCCTGTx-1,0.40978847117036615
CCATTCGGTTTCGCTCx-1,0.38568275293728826
CCGGGATCATTCGACAx-1,0.6581070012304809
CCGGTAGCACCATCCTx-1,0.3353251719455968
CCCAGTTCATCTATGGx-1,0.439521575246669
CCAGCGACACTGAAGGx-1,0.7412516707803916
CCACGGATCTTCATGTx-1,0.4918176621306598
CCCAGTTAGAGGGATAx-1,0.40362902704041514
CCCAATCAGAACAATCx-1,0.439521575246669
CCGTACTGTTCCATGAx-1,0.439521575246669
CCCTCCTCAGATGAGCx-1,0.7412516707803916
CCGGGATGTACAAGTAx-1,0.439521575246669
CCGGTAGGTAGGAGTCx-1,0.38568275293728826
CCCATACAGCTAGTGGx-1,1.0
CCCATACGTCGGCATCx-1,0.42465502320851756
CCACTACTCGTACGGCx-1,0.7412516707803916
CCCATACAGCCACGTCx-1,0.7412516707803916
CCACGGATCAGCTTAGx-1,0.39492191913221475
CCGTACTCATATGCTGx-1,0.5008559777634217
CCTACCATCGGAAACGx-1,0.39492191913221475
CCTTTCTTCCGTTGCTx-1,0.39492191913221475
CCGTTCAGTCCTCTTGx-1,0.439521575246669
CCTTCCCTCCGCATCTx-1,0.39492191913221475
CCTAAAGGTTAGGGTGx-1,0.39492191913221475
CCTTCCCCACCGCTAGx-1,0.40362902704041514
CCTTCGATCCTCCTAGx-1,0.38568275293728826
CCTTTCTTCTACGAGTx-1,0.439521575246669
CCTTTCTAGATCACGGx-1,0.38568275293728826
CCTTTCTCAGACGCCTx-1,0.7412516707803916
CCTAGCTAGGTCGGATx-1,0.7412516707803916
CCTAGCTGTCCATCCTx-1,0.42465502320851756
CCTTTCTGTCATCGGCx-1,0.4918176621306598
CCTACACGTCTCCATCx-1,0.740543897255785
CCGTGGAGTGATGCCCx-1,0.42465502320851756
CCTTCGATCTCTAAGGx-1,0.439521575246669
CCTAGCTGTGTTCTTTx-1,0.39492191913221475
CCTACACCAAATACAGx-1,0.439521575246669
CCTACACAGCACCGCTx-1,0.39492191913221475
CCGTGGATCTGTTGAGx-1,0.3605039624414425
CCGTGGAGTAACGCGAx-1,0.38568275293728826
CCGTTCAGTATATGGAx-1,0.39492191913221475
CCGTTCATCATAGCACx-1,0.39492191913221475
CCTAAAGCATCGATTGx-1,0.3101463814497511
CCTCTGATCATCGGATx-1,0.38568275293728826
CCTTCCCGTTAAAGACx-1,0.39492191913221475
CCTATTAGTCCGAACCx-1,0.439521575246669
CCTTCGACATATACGCx-1,0.439521575246669
CCTACCAAGACACTAAx-1,0.3101463814497511
CCTATTACACGTTGGCx-1,0.38568275293728826
CCTTCCCGTGTCCTCTx-1,0.3384048940105723
CCTCTGACATGCCTTCx-1,0.38179630643692636
CCTTACGCATAGTAAGx-1,0.7412516707803916
CCTCAGTTCTGATACGx-1,0.7412516707803916
CCTAAAGTCTGCGACGx-1,0.38568275293728826
CCTCTGATCGCTAGCGx-1,0.38568275293728826
CCTTTCTCATGTCTCCx-1,0.439521575246669
CCTCAGTTCTACTTACx-1,0.39492191913221475
CCTAGCTAGAAGAAGCx-1,0.38568275293728826
CGAACATAGAACTGTAx-1,0.38568275293728826
CCTAGCTTCAGATAAGx-1,0.38568275293728826
CCTAGCTAGTAGCGGTx-1,0.40978847117036615
CCTCTGATCAACGAAAx-1,0.38568275293728826
CCTTACGAGGACATTAx-1,0.439521575246669
CCTTCGAGTTACGACTx-1,0.42465502320851756
CCTAGCTGTGTGGTTTx-1,0.4215753011435421
CCTATTAGTAGCGCAAx-1,0.42465502320851756
CCTACACCATGTAAGAx-1,0.3101463814497511
CCTATTAGTAAGGGCTx-1,0.3101463814497511
CCGTTCATCACAGTACx-1,0.3353251719455968
CCTATTAGTAAATACGx-1,0.41762126893051404
CCGTTCAGTAATCGTCx-1,0.3101463814497511
CCTACCAAGAGGTAGAx-1,0.42465502320851756
CCTTCCCAGCCACCTGx-1,0.38568275293728826
CCTATTACATATGAGAx-1,0.39492191913221475
CCTCTGATCGCATGGCx-1,1.0
CCTTACGTCAACACCAx-1,0.3666634065713935
CCTACCACAAACGTGGx-1,0.439521575246669
CCTAGCTCAATCCAACx-1,0.38568275293728826
CCGTTCAGTCCGCTGAx-1,0.38568275293728826
CCTAGCTTCTACTTACx-1,0.38568275293728826
CCTTACGTCTTGCATTx-1,0.439521575246669
CCTAGCTCACAGGTTTx-1,0.42465502320851756
CGAACATAGCCAGAACx-1,0.38568275293728826
CCTCAGTTCTTGTATCx-1,0.7412516707803916
CCTACCATCAGAGCTTx-1,0.38568275293728826
CCTAAAGGTTCAGACTx-1,0.38568275293728826
CCGTTCATCGTTTATCx-1,0.439521575246669
CCTATTAGTCAGAATAx-1,0.38568275293728826
CCTACACAGAAAGTGGx-1,0.439521575246669
CCTTCCCTCCTGTAGAx-1,0.4918176621306598
CCTCTGATCCTAGGGCx-1,0.7412516707803916
CCGTGGAGTTCCTCCAx-1,0.439521575246669
CCTACACGTTAAGGGCx-1,0.3101463814497511
CCTTCGACACAGAGGTx-1,0.38568275293728826
CCGTTCACACGCGAAAx-1,0.439521575246669
CCTTCCCAGAATGTGTx-1,0.439521575246669
CCTTCCCTCGAGAGCAx-1,0.5496408320427421
CCTTTCTTCTTCGGTCx-1,0.41762126893051404
CCTTCGACAAGGTGTGx-1,0.5489822060908583
CCTACACAGTTAGCGGx-1,0.38568275293728826
CCTAAAGCAATAAGCAx-1,0.439521575246669
CCTCTGACAAATCCGTx-1,0.38876247500226374
CCTCTGAAGCTGCGAAx-1,0.39492191913221475
CCTACCAAGGATGGAAx-1,0.40978847117036615
CCTAAAGAGCTGAACGx-1,0.3963289249350302
CCTACACAGAGTGACCx-1,0.38568275293728826
CCTACACCACGGTGTCx-1,0.39492191913221475
CCGTTCATCATATCGGx-1,0.6263477168311127
CCTCAGTAGCTGAAATx-1,0.439521575246669
CCTTCGAAGGACACCAx-1,0.439521575246669
CCTTTCTTCCTAGGGCx-1,0.439521575246669
CCTTCCCAGCACCGCTx-1,0.439521575246669
CGAACATGTCCTCCATx-1,0.439521575246669
CGCCAAGTCCCTCTTTx-1,0.439521575246669
CGCGGTAGTGTCGCTGx-1,0.38568275293728826
CGAGCACAGACTGTAAx-1,0.39492191913221475
CGAATGTCAGTGGAGTx-1,0.38568275293728826
CGAATGTGTGAGGGTTx-1,0.38568275293728826
CGATGGCGTCGTGGCTx-1,0.3101463814497511
CGAGCACTCCACTGGGx-1,0.39492191913221475
CGCGTTTCAGCGATCCx-1,0.38568275293728826
CGATCGGTCGTCCAGGx-1,0.3353251719455968
CGATGGCTCATAGCACx-1,0.4215753011435421
CGCCAAGCAGGCAGTAx-1,0.7412516707803916
CGATGGCAGAATTCCCx-1,0.3963289249350302
CGAACATAGCTTATCGx-1,0.6258084202309993
CGATGTAAGCTAGTGGx-1,0.7412516707803916
CGAGCACGTCCAGTATx-1,0.7412516707803916
CGATCGGTCTGTGCAAx-1,0.7412516707803916
CGAGCACAGAAGGCCTx-1,0.40978847117036615
CGAGCCAAGCTAGGCAx-1,0.38876247500226374
CGAGCACCAGTAAGATx-1,0.38568275293728826
CGACCTTTCACATACGx-1,0.439521575246669
CGATGTACATTACCTTx-1,0.38568275293728826
CGCGGTAGTCACCTAAx-1,0.40978847117036615
CGCGTTTAGATGTGGCx-1,0.3918421970672392
CGCCAAGAGGAGCGTTx-1,0.439521575246669
CGCGGTAAGCGAGAAAx-1,0.439521575246669
CGCGTTTGTATTCGTGx-1,0.4918176621306598
CGAACATCAATAAGCAx-1,0.439521575246669
CGACTTCGTGGCAAACx-1,0.39492191913221475
CGAGCACGTTCCGTCTx-1,0.38568275293728826
CGATGGCGTCAGATAAx-1,0.7412516707803916
CGCGTTTTCCACTGGGx-1,0.439521575246669
CGCGGTACATCCCATCx-1,0.439521575246669
CGCGGTAGTTCCTCCAx-1,0.38568275293728826
CGAATGTGTGAAGGCTx-1,0.7412516707803916
CGATGGCCAGTTAACCx-1,0.4918176621306598
CGCGTTTAGGGTTTCTx-1,0.3918421970672392
CGAGCCACAATCTACGx-1,0.7412516707803916
CGAGAAGAGGACAGAAx-1,0.439521575246669
CGATTGATCCATGAGTx-1,0.40978847117036615
CGAACATAGCCATCGCx-1,0.39492191913221475
CGCCAAGTCGGCCGATx-1,0.3963289249350302
CGAATGTAGGCTAGGTx-1,0.439521575246669
CGCCAAGTCAAAGTAGx-1,0.7412516707803916
CGCCAAGGTCCGAACCx-1,0.38568275293728826
CGCGTTTCACGCTTTCx-1,0.740543897255785
CGAGAAGTCTGCTGTCx-1,0.3605039624414425
CGAACATCATACTACGx-1,0.6122526979717859
CGCCAAGAGAGAGCTCx-1,0.439521575246669
CGAACATAGGTGCTTTx-1,0.3605039624414425
CGAACATGTGACGCCTx-1,0.7412516707803916
CGATGGCTCCTTTCTCx-1,0.42465502320851756
CGATGGCGTCAGAAGCx-1,0.38568275293728826
CGACTTCCAAGCCCACx-1,0.439521575246669
CGACCTTTCCGCATAAx-1,0.5749623316805703
CGCTATCAGGGTATCGx-1,0.439521575246669
CGCCAAGTCTTGAGACx-1,0.4711228736871189
CGCTATCAGTAGTGCGx-1,0.3353251719455968
CGAATGTTCTCAACTTx-1,0.38568275293728826
CGAGAAGAGAAACCGCx-1,0.3101463814497511
CGAGAAGTCTGGTATGx-1,0.3101463814497511
CGATTGAGTGACTACTx-1,0.439521575246669
CGAGCCATCCAATGGTx-1,0.38568275293728826
CGCCAAGCAGCTGGCTx-1,0.439521575246669
CGAGCCAAGATGGGTCx-1,0.38568275293728826
CGATGGCGTCTAGCCGx-1,0.38568275293728826
CGATGTACATTGAGCTx-1,0.41762126893051404
CGCGGTATCGTGACATx-1,0.95771494342202
CGACTTCAGGGTTTCTx-1,0.38568275293728826
CGAGCACAGTGAACGCx-1,0.3605039624414425
CGATGGCTCAGTCCCTx-1,0.3605039624414425
CGAGCACGTCCGTGACx-1,0.439521575246669
CGCGTTTAGTCGATAAx-1,0.41762126893051404
CGAATGTGTATTCTCTx-1,0.42465502320851756
CGCTATCAGGAGTCTGx-1,0.42465502320851756
CGATTGACAACTGGCCx-1,0.439521575246669
CGAACATGTACAGTGGx-1,0.39492191913221475
CGATGTATCATCTGTTx-1,0.7412516707803916
CGCCAAGGTCTCCCTAx-1,0.38568275293728826
CGAGCACTCAGGCGAAx-1,0.439521575246669
CGAGAAGTCGCTTAGAx-1,0.3605039624414425
CGAATGTCATACTACGx-1,0.38568275293728826
CGATCGGCAGCTCGACx-1,0.439521575246669
CGAACATGTAGGCATGx-1,0.439521575246669
CGCCAAGTCACCGTAAx-1,0.4918176621306598
CGCGGTATCACATGCAx-1,0.3101463814497511
CGACCTTAGACGCTTTx-1,0.39492191913221475
CGAGAAGTCAAAGTAGx-1,0.3605039624414425
CGAGAAGTCACCATAGx-1,0.439521575246669
CGATGTATCCCTGACTx-1,0.4067087491053907
CGATGTATCTTGTCATx-1,0.439521575246669
CGAGAAGTCAGTCCCTx-1,0.439521575246669
CGATGTAGTATTACCGx-1,0.439521575246669
CGAGAAGCAGTAGAGCx-1,0.7412516707803916
CGATGGCAGTCGTACTx-1,0.7412516707803916
CGACTTCCATCCCATCx-1,0.5489822060908583
CGAACATTCGCATGATx-1,0.40978847117036615
CGGCTAGTCCTGTACCx-1,0.7412516707803916
CGGTTAACAGCTGCTGx-1,0.42465502320851756
CGCTGGAAGATCCCGCx-1,0.39492191913221475
CGGCTAGGTCTCCCTAx-1,0.38568275293728826
CGGAGCTGTGGTAACGx-1,0.38568275293728826
CGCTGGATCAGCTTAGx-1,0.4649634295571679
CGCTTCACATAGAAACx-1,0.38568275293728826
CGGACTGTCGAATCCAx-1,0.38568275293728826
CGTAGCGAGCCCAACCx-1,0.38568275293728826
CGCTTCAGTAGGCATGx-1,0.38568275293728826
CGCTATCTCGGAGCAAx-1,0.7412516707803916
CGGAGCTTCTTAACCTx-1,0.41762126893051404
CGGGTCAGTAGCGTAGx-1,0.38568275293728826
CGGACTGTCTCCTATAx-1,0.42465502320851756
CGGACTGCAATAGCAAx-1,0.38568275293728826
CGGCTAGAGCAGATCGx-1,0.439521575246669
CGGGTCAAGAGGACGGx-1,0.3101463814497511
CGGCTAGAGTTGAGATx-1,0.7412516707803916
CGGTTAACATTTCAGGx-1,0.38568275293728826
CGGAGCTAGCGTCAAGx-1,0.7412516707803916
CGGACGTAGCGATAGCx-1,0.38568275293728826
CGGACTGTCGCCTGAGx-1,0.38568275293728826
CGGACACGTAGCTGCCx-1,0.38568275293728826
CGGAGTCAGTCGCCGTx-1,0.3963289249350302
CGGTTAAGTGTTCGATx-1,0.39492191913221475
CGCTGGACATGGGACAx-1,0.38568275293728826
CGCTTCAGTGGTTTCAx-1,0.38568275293728826
CGGGTCAGTGGTCTCGx-1,0.41762126893051404
CGGAGTCCACCAGGTCx-1,0.38568275293728826
CGGCTAGGTTGTACACx-1,0.39492191913221475
CGGAGTCGTCACTTCCx-1,0.38568275293728826
CGGAGCTGTGATGTCTx-1,0.3353251719455968
CGGACTGTCCGTAGGCx-1,0.38568275293728826
CGTAGCGCATATACGCx-1,1.0
CGCTTCACAGTCCTTCx-1,0.439521575246669
CGGACTGAGTGGGCTAx-1,0.38568275293728826
CGGACGTAGCCAACAGx-1,0.38568275293728826
CGCTTCAGTCATGCATx-1,0.38568275293728826
CGGAGTCCACGGCCATx-1,0.7412516707803916
CGCTTCAGTGGTCTCGx-1,0.38568275293728826
CGTAGCGCATCCTAGAx-1,0.3101463814497511
CGGACTGTCGCCGTGAx-1,0.3918421970672392
CGCTGGACATTACCTTx-1,0.439521575246669
CGCTTCATCGTCGTTCx-1,0.439521575246669
CGGCTAGAGTTACCCAx-1,0.439521575246669
CGGACACTCGGCGGTTx-1,0.439521575246669
CGCTATCCATAAGACAx-1,0.38568275293728826
CGGAGCTAGCGTTCCGx-1,0.38568275293728826
CGGGTCAGTTTGACTGx-1,0.42465502320851756
CGCTATCTCCACGACGx-1,0.439521575246669
CGGACGTGTCTCCCTAx-1,0.7412516707803916
CGGAGCTGTTGCGTTAx-1,0.42465502320851756
CGGACACTCCAGTATGx-1,0.3101463814497511
CGGAGCTTCACTCTTAx-1,0.38568275293728826
CGGCTAGTCCGAGCCAx-1,0.38568275293728826
CGGGTCATCCTAGGGCx-1,0.5749623316805703
CGCTTCAAGGCAATTAx-1,0.439521575246669
CGCTGGACATGCTAGTx-1,0.439521575246669
CGTAGCGCAGGAATGCx-1,0.38568275293728826
CGGCTAGCAGTCAGCCx-1,0.3101463814497511
CGGTTAAAGGACACCAx-1,0.39492191913221475
CGGCTAGGTCGCGTGTx-1,0.38568275293728826
CGGAGCTGTTATCACGx-1,0.38568275293728826
CGGGTCATCCCTTGCAx-1,0.6581070012304809
CGCTGGACACATCCGGx-1,0.439521575246669
CGGAGCTAGTTCGCATx-1,0.7412516707803916
CGGGTCACAATGGACGx-1,0.38876247500226374
CGGAGCTTCTTGTATCx-1,0.38568275293728826
CGGTTAATCGAGCCCAx-1,0.38568275293728826
CGTAGCGCATGCCTAAx-1,0.4918176621306598
CGCTGGACACCTGGTGx-1,0.3353251719455968
CGGTTAAGTGTGAAATx-1,0.3101463814497511
CGCTTCAAGGCGTACAx-1,0.42465502320851756
CGGGTCAAGAAGGCCTx-1,0.3101463814497511
CGGTTAATCGAGGTAGx-1,0.4918176621306598
CGGAGCTCAGCTGTTAx-1,0.39492191913221475
CGCTATCCACAGCGTCx-1,0.4067087491053907
CGGACACAGGGCTTCCx-1,0.439521575246669
CGGGTCAGTTATTCTCx-1,0.4918176621306598
CGGACTGGTCGAACAGx-1,0.38568275293728826
CGGAGCTAGTGGACGTx-1,0.439521575246669
CGGCTAGTCACATGCAx-1,0.38568275293728826
CGGTTAAGTCTCCACTx-1,0.38568275293728826
CGCTGGATCATTATCCx-1,0.7412516707803916
CGGCTAGCACGCATCGx-1,0.39492191913221475
CGCTATCCACTTCGAAx-1,0.39492191913221475
CGGGTCATCAGCTCTCx-1,0.6227286981660237
CGGAGCTGTACCATCAx-1,0.38568275293728826
CGGACTGGTATGAATGx-1,0.38568275293728826
CGGGTCATCCTCATTAx-1,0.41762126893051404
CGGTTAAAGATACACAx-1,0.39492191913221475
CGTAGCGGTCACTGGCx-1,0.38568275293728826
CGTTGGGGTACTTAGCx-1,0.40978847117036615
CTACACCTCCCTGACTx-1,0.439521575246669
CTACACCCACATCCAAx-1,0.7412516707803916
CGTCCATGTGGTCTCGx-1,0.3605039624414425
CTAATGGGTAGCACGAx-1,0.439521575246669
CTAAGACAGTACGTTCx-1,0.39492191913221475
CGTTCTGCATCAGTACx-1,0.439521575246669
CGTAGCGTCCCTTGCAx-1,0.439521575246669
CGTCAGGCATTGTGCAx-1,0.439521575246669
CGTTCTGCAGCTATTGx-1,0.39492191913221475
CGTGTAATCAAACAAGx-1,0.39492191913221475
CTAATGGTCCTTGACCx-1,0.3101463814497511
CGTCTACAGAGGTAGAx-1,0.39492191913221475
CTACACCGTCACAAGGx-1,0.38568275293728826
CGTTCTGCAAGTTAAGx-1,0.7412516707803916
CGTCACTCAGTTAACCx-1,0.439521575246669
CTACACCAGAGTACCGx-1,0.3353251719455968
CGTTCTGCACCACGTGx-1,0.38568275293728826
CGTAGGCTCATCACCCx-1,0.9137505569267972
CGTCCATTCCGCGGTAx-1,0.439521575246669
CTAAGACTCTCCTATAx-1,0.7412516707803916
CGTGTCTTCCTGTAGAx-1,0.6584428369350477
CTAAGACAGAAGCCCAx-1,0.38568275293728826
CGTCAGGAGTCGTTTGx-1,0.39492191913221475
CGTCCATCATCGGTTAx-1,0.38568275293728826
CGTCTACAGAAACCGCx-1,0.39492191913221475
CGTTAGAAGTGACTCTx-1,0.439521575246669
CTAATGGTCAGGCGAAx-1,0.7412516707803916
CTAATGGGTTGGTTTGx-1,0.39492191913221475
CGTCTACGTACTCAACx-1,0.41762126893051404
CGTTGGGAGAGACTTAx-1,0.439521575246669
CTAACTTCACCGAAAGx-1,0.4215753011435421
CGTCAGGAGTCCGGTCx-1,0.38568275293728826
CGTTGGGCATGCTAGTx-1,0.39492191913221475
CGTCCATGTCTCAACAx-1,0.3101463814497511
CGTCCATAGTTCCACAx-1,0.39492191913221475
CGTTGGGTCCCTCTTTx-1,0.39492191913221475
CTAATGGTCGAATGCTx-1,0.40978847117036615
CGTGTAACACGTAAGGx-1,0.439521575246669
CGTAGGCGTCACCCAGx-1,0.3101463814497511
CGTTGGGAGTAGGTGCx-1,0.38568275293728826
CGTCTACCACATGGGAx-1,0.3101463814497511
CTAACTTAGTTGCAGGx-1,0.7412516707803916
CGTTAGAAGGATGGTCx-1,0.7412516707803916
CGTCCATGTTGGACCCx-1,0.439521575246669
CTAACTTAGAAGGGTAx-1,0.7412516707803916
CGTGTCTGTAGAGGAAx-1,0.38568275293728826
CGTGTCTTCTGCGGCAx-1,0.4918176621306598
CGTGAGCTCTTGGGTAx-1,0.439521575246669
CGTCCATCAGACAAGCx-1,0.3918421970672392
CGTAGGCCATACGCTAx-1,0.38568275293728826
CGTGTAAAGGCCGAATx-1,0.38876247500226374
CTAACTTCAGTCGTGCx-1,0.42465502320851756
CTAATGGAGGTGGGTTx-1,0.439521575246669
CGTTAGAGTGTGAATAx-1,0.439521575246669
CTACACCTCCGAAGAGx-1,0.38568275293728826
CGTGAGCCAGTACACTx-1,0.439521575246669
CGTGTAACATGCAATCx-1,0.38568275293728826
CGTTGGGCATGGATGGx-1,0.4918176621306598
CGTAGGCAGCGTAGTGx-1,0.4918176621306598
CGTTCTGTCAGCAACTx-1,0.6122526979717859
CGTTGGGCATAGAAACx-1,0.7412516707803916
CGTCCATCACCTATCCx-1,0.439521575246669
CGTCCATAGATGTCGGx-1,0.6263477168311127
CGTTAGACACGGCGTTx-1,0.42465502320851756
CTACACCGTACAGTTCx-1,0.439521575246669
CGTAGCGGTGTGCGTCx-1,0.7412516707803916
CGTTGGGAGACGCAACx-1,0.38568275293728826
CGTAGGCTCCAGTAGTx-1,0.439521575246669
CGTCCATTCCAAACACx-1,0.38568275293728826
CGTGTCTCAGAGTGTGx-1,0.3101463814497511
CGTCCATTCAGCATGTx-1,0.439521575246669
CGTTAGAAGTCGATAAx-1,0.38568275293728826
CTAAGACCATGCCTTCx-1,0.38568275293728826
CTAAGACGTTATTCTCx-1,0.39492191913221475
CGTCACTGTCTTGCGGx-1,0.439521575246669
CGTAGGCAGTCTCAACx-1,0.38568275293728826
CGTGTCTAGATGCGACx-1,0.38876247500226374
CTAATGGCATGATCCAx-1,0.39492191913221475
CGTTCTGCACGGTAGAx-1,0.439521575246669
CGTGTAAAGGGAGTAAx-1,0.3101463814497511
CGTTCTGCATTAGGCTx-1,0.39492191913221475
CTACACCTCAACACTGx-1,0.38568275293728826
CGTAGGCCACGTCTCTx-1,0.4918176621306598
CTACACCCAAGTCTGTx-1,0.42465502320851756
CTAACTTTCCCGACTTx-1,0.38568275293728826
CTAATGGCACGCTTTCx-1,0.439521575246669
CGTTAGATCCCAACGGx-1,0.439521575246669
CGTTCTGGTGGAAAGAx-1,0.38568275293728826
CGTAGGCTCTTCGAGAx-1,0.38568275293728826
CTAATGGGTCCGAGTCx-1,0.3101463814497511
CGTCCATTCAGCGACCx-1,0.38568275293728826
CGTAGCGTCTGGTGTAx-1,0.38568275293728826
CTAACTTGTATGAAACx-1,0.439521575246669
CTAACTTCATTGGCGCx-1,0.4918176621306598
CGTGTAATCATTTGGGx-1,0.4918176621306598
CGTCACTAGCAGACTGx-1,0.38568275293728826
CGTAGGCTCCCAAGTAx-1,0.439521575246669
CGTGTAATCTCGTTTAx-1,0.4918176621306598
CTACGTCAGCCAGGATx-1,0.39492191913221475
CTCACACGTCTAAACCx-1,0.38568275293728826
CTCATTAAGTCTTGCAx-1,0.7412516707803916
CTACCCAGTTAAGGGCx-1,0.42465502320851756
CTAGAGTCATTAGCCAx-1,0.38568275293728826
CTCACACCAGCGTCCAx-1,0.42465502320851756
CTCGGAGCAATGGTCTx-1,0.439521575246669
CTCACACCATAACCTGx-1,0.7412516707803916
CTCGAAATCAGCGACCx-1,0.3605039624414425
CTCGAAAAGAAGATTCx-1,0.42465502320851756
CTCGAAAGTGGTAACGx-1,0.38568275293728826
CTAGCCTAGCGATATAx-1,0.38568275293728826
CTCAGAAGTTAGAACAx-1,0.38568275293728826
CTCAGAAGTTCAGTACx-1,0.7412516707803916
CTACCCAGTAAGAGAGx-1,0.38568275293728826
CTACCCATCGAATGGGx-1,0.4069750969327721
CTCGAGGCAGGGATTGx-1,0.39492191913221475
CTCATTACAGCAGTTTx-1,0.39492191913221475
CTCCTAGCAGTTCCCTx-1,0.439521575246669
CTAGTGACATCAGTACx-1,0.42465502320851756
CTCGAAAGTTTACTCTx-1,0.439521575246669
CTAGTGAGTTGCCTCTx-1,0.40978847117036615
CTAGCCTAGGCGTACAx-1,0.4918176621306598
CTCAGAAAGAGGGCTTx-1,0.3101463814497511
CTAGTGAGTCACTTCCx-1,0.38568275293728826
CTCACACTCGAGGTAGx-1,0.38568275293728826
CTCATTACACAACTGTx-1,0.3101463814497511
CTCGAAAGTCTAAAGAx-1,0.439521575246669
CTAGTGAAGCTAGTTCx-1,0.41762126893051404
CTCGAAACAGTTTACGx-1,0.439521575246669
CTCACACGTCACCTAAx-1,0.3605039624414425
CTCGAGGCATGGTCATx-1,0.439521575246669
CTCGAGGGTATGAATGx-1,0.39492191913221475
CTAGCCTGTATCTGCAx-1,0.42465502320851756
CTCCTAGTCATCTGTTx-1,0.42465502320851756
CTACCCATCGAATGCTx-1,0.45098161797018144
CTCCTAGGTGTGTGCCx-1,0.5489822060908583
CTCGAAAGTTTGGGCCx-1,0.40978847117036615
CTACCCACAGCGTTCGx-1,0.4918176621306598
CTCAGAAAGTACGTTCx-1,0.3101463814497511
CTCGAAACAAGCGATGx-1,0.39492191913221475
CTAGTGAGTCTAACGTx-1,0.7398361237311784
CTCAGAAGTATGAAACx-1,0.439521575246669
CTAGAGTCAAGTTGTCx-1,0.4067087491053907
CTACGTCAGATCACGGx-1,0.42465502320851756
CTCGAGGGTAGATTAGx-1,0.39492191913221475
CTAGAGTTCGCTAGCGx-1,0.7412516707803916
CTAGAGTGTATCACCAx-1,0.39492191913221475
CTAGTGAAGATCCCGCx-1,0.7412516707803916
CTCGAGGCACCTCGTTx-1,0.7412516707803916
CTCACACGTTAAAGACx-1,0.41762126893051404
CTCGAAAAGTCCTCCTx-1,0.39492191913221475
CTAGAGTGTACATCCAx-1,0.4215753011435421
CTCACACAGTATGACAx-1,0.39492191913221475
CTCACACCACAGTCGCx-1,0.439521575246669
CTAGTGAAGACCTAGGx-1,0.40978847117036615
CTCAGAAGTGTAACGGx-1,0.3666634065713935
CTAGAGTCACCAACCGx-1,0.3918421970672392
CTACGTCTCTGGAGCCx-1,0.439521575246669
CTACATTGTGACGCCTx-1,0.7412516707803916
CTAGCCTGTTCTGGTAx-1,0.4918176621306598
CTCATTACATCCTTGCx-1,0.439521575246669
CTACATTAGGTGCACAx-1,0.39492191913221475
CTAGCCTGTTCGTTGAx-1,0.439521575246669
CTAGAGTGTCATATCGx-1,0.39492191913221475
CTAGTGATCGAGCCCAx-1,0.7412516707803916
CTAGTGAGTCGGCACTx-1,0.439521575246669
CTCGAAATCCAGGGCTx-1,0.42465502320851756
CTAGAGTCACGAAACGx-1,0.439521575246669
CTACGTCAGCGACGTAx-1,0.4423533999972293
CTCATTATCTAGCACAx-1,0.439521575246669
CTCGGAGAGACAAAGGx-1,0.40978847117036615
CTCAGAATCACCTTATx-1,0.39492191913221475
CTACGTCTCATGGTCAx-1,0.3666634065713935
CTCGAGGGTCTCTCTGx-1,0.41762126893051404
CTACATTCACGTTGGCx-1,0.439521575246669
CTCCTAGCATACAGCTx-1,0.439521575246669
CTACATTAGGAACTGCx-1,0.38568275293728826
CTACCCAAGATGTCGGx-1,0.7412516707803916
CTCCTAGCACACCGCAx-1,0.439521575246669
CTACGTCCACACCGCAx-1,0.38568275293728826
CTCAGAAAGTACTTGCx-1,0.39492191913221475
CTCCTAGGTTCTCATTx-1,0.4918176621306598
CTACCCAGTTGTCTTTx-1,0.5749623316805703
CTACCCATCGACAGCCx-1,0.439521575246669
CTCACACGTTGATTCGx-1,0.7391283502065717
CTCAGAAAGAGTACCGx-1,0.38568275293728826
CTACATTGTCGGCTCAx-1,0.38568275293728826
CTACGTCTCTATCCCGx-1,0.6406749722691507
CTCCTAGGTAGCGATGx-1,0.41762126893051404
CTCACACCAATAGAGTx-1,0.7412516707803916
CTCACACTCTACTTACx-1,0.3101463814497511
CTCGGAGCAGGAACGTx-1,0.39492191913221475
CTAGAGTAGTTAAGTGx-1,0.38568275293728826
CTGAAACCAAAGCGGTx-1,0.38568275293728826
CTGAAACCAGATCGGAx-1,0.38568275293728826
CTCGGGACACCAACCGx-1,0.39492191913221475
CTCTGGTGTCATGCATx-1,0.439521575246669
CTGATCCTCTCTAAGGx-1,0.38568275293728826
CTCGGGAAGCTCCTTCx-1,0.439521575246669
CTCTGGTGTTAAAGTGx-1,0.6122526979717859
CTCTGGTCACGGTGTCx-1,0.4403354459724395
CTGAAGTGTATATCCGx-1,0.3101463814497511
CTCTGGTAGCTGGAACx-1,0.5489822060908583
CTGAAACGTAAGGGCTx-1,0.439521575246669
CTGATCCAGGCGTACAx-1,0.39492191913221475
CTCGTACGTAGAGCTGx-1,0.8131738584155563
CTGATCCGTCTTTCATx-1,0.40978847117036615
CTCGGAGGTCAATGTCx-1,0.40978847117036615
CTGATCCGTACCTACAx-1,0.39492191913221475
CTCTACGAGACAGAGAx-1,0.38568275293728826
CTGAAACCACATGTGTx-1,0.40978847117036615
CTGATAGAGCGTGAACx-1,0.39492191913221475
CTGATCCGTAAGTAGTx-1,0.5749623316805703
CTCGTACTCAAGAAGTx-1,0.3918421970672392
CTCGTACCACAAGACGx-1,0.7412516707803916
CTCTAATCATGTCCTCx-1,0.38568275293728826
CTCTAATGTGCAACGAx-1,1.0
CTGATCCAGAGACTATx-1,0.439521575246669
CTGAAACTCTGCGACGx-1,0.39492191913221475
CTCGTACAGTGAAGTTx-1,0.38568275293728826
CTGATAGCATCCTAGAx-1,0.4918176621306598
CTCGTCACAAAGTGCGx-1,0.3101463814497511
CTCTGGTCAAACAACAx-1,0.439521575246669
CTCTACGCAGAGTGTGx-1,0.3101463814497511
CTCTACGCAGCTATTGx-1,0.7412516707803916
CTCGTCAAGTTAACGAx-1,0.38568275293728826
CTCGTCACAACGATGGx-1,0.42465502320851756
CTGATCCTCGTGGGAAx-1,0.7412516707803916
CTCTACGGTCATTAGCx-1,0.39492191913221475
CTGAAACCAAGGTGTGx-1,0.3963289249350302
CTGATCCTCTTATCTGx-1,0.3101463814497511
CTCTGGTTCTTCAACTx-1,0.4067087491053907
CTGAAACAGTAATCCCx-1,0.38568275293728826
CTCGTCAAGCGTGAGTx-1,0.439521575246669
CTCGGGAGTGTTGAGGx-1,0.7412516707803916
CTGAAACGTCAACATCx-1,0.39492191913221475
CTCGTCAGTCAAAGCGx-1,0.7412516707803916
CTCTAATGTATAAACGx-1,0.439521575246669
CTCTACGTCGGCTTGGx-1,0.439521575246669
CTCTGGTGTGACGCCTx-1,0.38876247500226374
CTCGTCACAAATTGCCx-1,0.439521575246669
CTCTACGAGCTACCTAx-1,0.39492191913221475
CTCGGAGGTCCTGCTTx-1,0.7412516707803916
CTCGTCATCCATGAACx-1,0.3605039624414425
CTCTGGTGTTCCACAAx-1,0.439521575246669
CTGATCCTCTACCAGAx-1,0.38568275293728826
CTGATCCTCTGGCGACx-1,0.38568275293728826
CTGATAGTCTGCTGCTx-1,0.38568275293728826
CTCTACGAGTGCGTGAx-1,0.3666634065713935
CTGATAGGTGTGGTTTx-1,0.38568275293728826
CTCTGGTAGGGCTTGAx-1,0.3101463814497511
CTGATCCGTGAGGGTTx-1,0.42465502320851756
CTGATAGCAAGCTGTTx-1,0.5426637506810886
CTCGTCAAGGCTCAGAx-1,0.7412516707803916
CTCTACGGTAAATGACx-1,1.0
CTGATAGTCTTCGGTCx-1,0.42465502320851756
CTCGGGAAGACCCACCx-1,0.439521575246669
CTCGTACCATTACCTTx-1,0.5489822060908583
CTCGTCAAGAGCTGGTx-1,0.38568275293728826
CTCGGGAGTCGCCATGx-1,0.439521575246669
CTCTAATAGTTCGCATx-1,0.38568275293728826
CTGAAGTGTATAAACGx-1,0.39492191913221475
CTCTACGGTCTAGCGCx-1,0.439521575246669
CTGAAACCACAACTGTx-1,0.3353251719455968
CTGATCCGTCCGTGACx-1,0.38568275293728826
CTCGTCAGTCTAGTGTx-1,0.39492191913221475
CTGATCCGTTCGAATCx-1,0.39492191913221475
CTCGTACGTTAAGATGx-1,0.439521575246669
CTCTAATTCTTCTGGCx-1,0.3918421970672392
CTGATAGCATGCCACGx-1,0.8131738584155563
CTCGGGACAATGAATGx-1,0.40978847117036615
CTCGGAGGTCACCTAAx-1,0.39492191913221475
CTCTAATTCTGTACGAx-1,0.38568275293728826
CTCGTCACATCACGATx-1,0.4215753011435421
CTCGTACGTGACCAAGx-1,0.7412516707803916
CTCGGAGGTCTCTTTAx-1,0.38568275293728826
CTCGTCAGTCGCGTGTx-1,0.3101463814497511
CTGATCCTCATCGATGx-1,0.42465502320851756
CTCGGAGGTCGCTTCTx-1,0.38568275293728826
CTGATCCGTTCCGGCAx-1,0.439521575246669
CTCGGGAGTCTAGAGGx-1,0.7412516707803916
CTCTGGTTCGCCGTGAx-1,0.439521575246669
CTCTGGTTCGGTTCGGx-1,0.3605039624414425
CTCGTACTCGGCATCGx-1,0.767903467779237
CTCGTCAAGATCCGAGx-1,0.439521575246669
CTGATCCAGGCAGTCAx-1,0.38568275293728826
CTCGGGATCTGCGTAAx-1,0.38568275293728826
CTTAACTAGTCGTTTGx-1,0.439521575246669
CTGGTCTAGGTGATATx-1,0.7412516707803916
CTTCTCTTCAAACCACx-1,0.3918421970672392
CTGCTGTCAGTGGAGTx-1,0.439521575246669
CTGCGGAGTCCAGTGCx-1,0.38568275293728826
CTGTGCTCATGCAACTx-1,0.39492191913221475
CTTAGGAGTCCAGTTAx-1,0.7412516707803916
CTGTGCTAGTGCGTGAx-1,0.7412516707803916
CTTAGGAGTCACCCAGx-1,0.3666634065713935
CTGCGGAAGCTGAACGx-1,0.4918176621306598
CTGCTGTAGGATATACx-1,0.41762126893051404
CTTAACTTCCCTTGCAx-1,0.38568275293728826
GAAACTCGTGTGAATAx-1,0.46708553106394457
CTGTGCTGTAGCGCTCx-1,0.5749623316805703
CTGCGGAAGAATTCCCx-1,0.439521575246669
GAAATGAAGCAGGTCAx-1,0.40978847117036615
CTGTTTAAGCTAAACAx-1,0.439521575246669
CTGGTCTTCCGCTGTTx-1,0.38568275293728826
CTTACCGTCATCACCCx-1,0.4918176621306598
GAAACTCTCGCATGGCx-1,0.3101463814497511
CTGCGGAAGGCGATACx-1,0.439521575246669
CTTCTCTAGTCTTGCAx-1,0.7412516707803916
CTTTGCGAGTTAGCGGx-1,0.38568275293728826
CTTACCGGTCTCTTTAx-1,0.439521575246669
CTGCGGATCTCCAACCx-1,0.38568275293728826
CTTAACTGTCTAGCGCx-1,0.439521575246669
CTTGGCTAGGCTACGAx-1,0.38568275293728826
CTGCGGAAGACTGTAAx-1,0.39492191913221475
CTGTGCTCAGAGCCAAx-1,0.439521575246669
CTGTTTAGTGTGCCTGx-1,0.38568275293728826
CTGTTTAGTCCTGCTTx-1,0.3605039624414425
CTGTGCTTCGTCGTTCx-1,0.39492191913221475
GAAACTCAGGTGCAACx-1,0.40978847117036615
CTGCCTAGTTTCGCTCx-1,0.38568275293728826
CTGGTCTAGTCATCCAx-1,0.38568275293728826
CTGGTCTGTCTCTCTGx-1,0.39492191913221475
CTGGTCTCAGGACGTAx-1,0.39492191913221475
CTGCTGTAGCTAGTTCx-1,0.7412516707803916
CTTTGCGAGACTCGGAx-1,0.38876247500226374
CTGTGCTCAATGTTGCx-1,0.439521575246669
CTTAGGATCATGTAGCx-1,0.7412516707803916
CTTTGCGGTTCAGTACx-1,0.38568275293728826
CTTAACTGTCTGCGGTx-1,0.439521575246669
CTTAGGATCGTAGGTTx-1,0.3384048940105723
CTTAGGAAGTAAGTACx-1,0.5252317217197584
CTTGGCTCATCTATGGx-1,0.439521575246669
CTGGTCTCAAATACAGx-1,0.39492191913221475
CTGTGCTAGAATCTCCx-1,0.41762126893051404
CTGTTTAGTCTAAAGAx-1,0.49498813900759076
CTTTGCGTCAGTCAGTx-1,0.38568275293728826
CTGCGGATCCAGATCAx-1,0.439521575246669
CTTACCGCAAGTCTGTx-1,0.7412516707803916
CTGTTTAAGCAATCTCx-1,0.7391283502065717
CTGCCTACATTATCTCx-1,0.7412516707803916
CTTGGCTCACATCTTTx-1,0.439521575246669
CTTTGCGAGCCAGGATx-1,0.39492191913221475
CTGTTTAAGGCCCGTTx-1,0.38568275293728826
CTTGGCTGTTCCTCCAx-1,0.38568275293728826
CTTAACTTCTTAGCCCx-1,0.38568275293728826
CTTTGCGCATATACCGx-1,0.439521575246669
CTTTGCGTCGTAGGAGx-1,0.3101463814497511
CTGCGGAAGTCGTTTGx-1,0.3101463814497511
CTGCCTATCTTGTATCx-1,0.42465502320851756
CTGTGCTGTGCAGGTAx-1,0.42465502320851756
CTTACCGTCAACGAAAx-1,0.39492191913221475
CTGTGCTTCATAACCGx-1,0.39492191913221475
CTTACCGGTACGCACCx-1,0.38568275293728826
GAAATGAAGTTGTCGTx-1,0.3101463814497511
CTGTGCTCAAATCCGTx-1,0.439521575246669
CTGTTTAGTTTACTCTx-1,0.439521575246669
CTTAACTTCAACGAAAx-1,0.7412516707803916
CTGCCTAAGCCAACAGx-1,0.42465502320851756
CTGGTCTAGCGCCTTGx-1,0.439521575246669
CTGTGCTGTAGATTAGx-1,0.439521575246669
CTGGTCTAGTTACCCAx-1,0.38568275293728826
CTGTTTAAGAAACCGCx-1,1.0
CTTTGCGTCAAAGTAGx-1,0.3353251719455968
CTGTGCTCAGCTGCACx-1,0.7412516707803916
CTGGTCTTCTGCCAGGx-1,0.4918176621306598
GAAATGAAGCTGCCCAx-1,0.3101463814497511
CTGTTTAAGGGCTCTCx-1,0.439521575246669
CTTGGCTCATTGCGGCx-1,0.3101463814497511
CTTAACTGTCTGCAATx-1,0.439521575246669
CTGGTCTCAATCACACx-1,0.3101463814497511
CTTAGGACAGTACACTx-1,0.5954500565694596
CTTTGCGTCACAACGTx-1,0.439521575246669
CTTCTCTTCGCGTAGCx-1,0.38568275293728826
GAAACTCCATTCCTCGx-1,0.439521575246669
CTGTTTAGTGCCTGCAx-1,0.3101463814497511
CTGCGGATCTGTCAAGx-1,0.39492191913221475
CTTTGCGGTTCGCGACx-1,0.39492191913221475
CTGCCTAGTTGTCGCGx-1,0.6258084202309993
CTTTGCGCAGTAAGCGx-1,0.38568275293728826
CTTGGCTGTAGCGCTCx-1,0.41762126893051404
CTGCGGATCTCTGCTGx-1,0.439521575246669
CTTACCGTCTTCTGGCx-1,0.3101463814497511
GAACATCCACAGGAGTx-1,0.5749623316805703
GACAGAGTCTTACCGCx-1,0.38568275293728826
GAAATGACAATGAATGx-1,0.439521575246669
GACGGCTGTTGCGTTAx-1,0.39492191913221475
GAACGGAGTATGGTTCx-1,0.4069750969327721
GACAGAGCATCACAACx-1,0.39492191913221475
GAATGAAAGTGGAGAAx-1,0.38568275293728826
GACGCGTGTCGCATCGx-1,0.39492191913221475
GACAGAGTCCCACTTGx-1,0.38568275293728826
GAACCTAAGTAAGTACx-1,0.767903467779237
GAATAAGGTTCAGCGCx-1,0.38568275293728826
GACGGCTCAGGAACGTx-1,0.39492191913221475
GAACGGATCTTGAGGTx-1,0.38568275293728826
GAAATGAGTTAAGGGCx-1,0.39492191913221475
GAATGAACAGCCAGAAx-1,0.38568275293728826
GAACCTACACACTGCGx-1,0.439521575246669
GAACCTATCACAGGCCx-1,0.3101463814497511
GAACCTAGTGTGGCTCx-1,0.439521575246669
GAACATCGTATGAAACx-1,0.439521575246669
GAAGCAGGTGCCTTGGx-1,0.439521575246669
GAAGCAGTCCAGTATGx-1,0.38568275293728826
GAACCTAAGGGAAACAx-1,0.439521575246669
GACCAATTCCTTAATCx-1,0.41762126893051404
GACACGCTCTTACCTAx-1,0.38568275293728826
GACGCGTTCTGGGCCAx-1,0.3101463814497511
GACGGCTTCGCCGTGAx-1,0.439521575246669
GAAGCAGTCTCCAACCx-1,0.38568275293728826
GAATGAAGTCGCTTTCx-1,0.5749623316805703
GAATGAATCCCTTGTGx-1,0.3459713439433387
GAACCTAAGGGAGTAAx-1,0.39492191913221475
GAATGAAGTGAAGGCTx-1,0.39492191913221475
GAACATCAGACCGGATx-1,0.38568275293728826
GACGGCTTCTTTACGTx-1,0.4918176621306598
GACGCGTTCCAGGGCTx-1,0.439521575246669
GAATAAGCAAACGTGGx-1,0.39492191913221475
GACGGCTCACTATCTTx-1,0.439521575246669
GACCAATTCGCAGGCTx-1,0.5196161225923192
GAATGAATCTGCAGTAx-1,0.42465502320851756
GACGGCTAGCCGGTAAx-1,0.7412516707803916
GACCTGGTCTTCATGTx-1,0.42465502320851756
GAATAAGAGTGATCGGx-1,0.39492191913221475
GACGTTAAGAGCTGCAx-1,0.39492191913221475
GACGCGTGTCTCTCGTx-1,0.3666634065713935
GAACATCAGCCACTATx-1,0.439521575246669
GAACATCTCATGCAACx-1,0.39492191913221475
GAACATCTCTCTTATGx-1,0.3101463814497511
GAATAAGTCTGCTGCTx-1,0.439521575246669
GAATAAGAGCGTCAAGx-1,0.41762126893051404
GAACATCGTCTTCTCGx-1,0.6581070012304809
GACCTGGGTACAGTGGx-1,0.439521575246669
GAACGGATCGTTGCCTx-1,0.39492191913221475
GAACGGAGTAGCCTATx-1,0.38568275293728826
GACGGCTTCTCACATTx-1,0.4918176621306598
GAACCTACACAGGAGTx-1,0.3353251719455968
GAACATCCATGAGCGAx-1,0.38568275293728826
GAACATCTCTTAGCCCx-1,0.39492191913221475
GAACCTATCAAGGCTTx-1,0.38568275293728826
GACGGCTTCTACTTACx-1,0.38568275293728826
GACCTGGCAGGGAGAGx-1,0.38568275293728826
GAATGAATCAGGTTCAx-1,0.7412516707803916
GAATGAATCAGGCAAGx-1,0.39492191913221475
GAACGGAAGTGACTCTx-1,0.39492191913221475
GAACCTAGTACCGTATx-1,0.4215753011435421
GACCAATCAGTGACAGx-1,0.439521575246669
GAACATCAGCAGGCTAx-1,0.4918176621306598
GAACGGAGTTGCGCACx-1,0.5489822060908583
GAACCTAAGACTACAAx-1,0.439521575246669
GACGTGCCACCTATCCx-1,0.3101463814497511
GAATGAACAGGATTGGx-1,0.42465502320851756
GACAGAGGTGCTCTTCx-1,0.3101463814497511
GACAGAGTCTACTTACx-1,0.439521575246669
GACCTGGAGGTTACCTx-1,0.439521575246669
GACGCGTAGACAAGCCx-1,0.3353251719455968
GAATGAATCTCGTTTAx-1,0.39492191913221475
GACGGCTGTGTAATGAx-1,0.40978847117036615
GACGCGTGTTTAGCTGx-1,0.439521575246669
GAAATGACATTTGCTTx-1,0.38568275293728826
GAACCTAAGGCATTGGx-1,0.439521575246669
GACGCGTAGGTGATATx-1,0.7412516707803916
GAAGCAGTCGTGACATx-1,0.7412516707803916
GAACGGATCCACGTTCx-1,0.439521575246669
GACCTGGGTGTGGCTCx-1,0.439521575246669
GAACATCCAAGCCATTx-1,0.5749623316805703
GAATGAAAGATCCGAGx-1,0.38568275293728826
GACCAATAGTCTTGCAx-1,0.38568275293728826
GACGCGTCAGCGTCCAx-1,0.439521575246669
GACGGCTTCAAGGTAAx-1,0.7412516707803916
GACCAATTCAACGCTAx-1,0.38568275293728826
GAACATCCACAACGCCx-1,0.39492191913221475
GACCTGGAGGAACTGCx-1,0.38568275293728826
GACGGCTGTCGGCACTx-1,0.7412516707803916
GAACCTACATGTAAGAx-1,0.3605039624414425
GAACGGAAGGGTCTCCx-1,0.38568275293728826
GACGGCTTCTTGGGTAx-1,0.7412516707803916
GACGTTATCCAGATCAx-1,0.39492191913221475
GATCGTAGTGACTCATx-1,0.38568275293728826
GAGTCCGTCCAGAGGAx-1,0.38568275293728826
GATCAGTCACGTTGGCx-1,0.39492191913221475
GAGTCCGCACTTCTGCx-1,0.3101463814497511
GAGGTGATCGTCACGGx-1,0.3918421970672392
GAGGTGACAAGCCCACx-1,0.41762126893051404
GACTACATCAACACTGx-1,0.42465502320851756
GACTACATCCACGCAGx-1,0.5489822060908583
GATCAGTAGCGCCTTGx-1,0.38568275293728826
GACTAACGTGATAAACx-1,0.3918421970672392
GACTAACTCTTGAGGTx-1,0.38568275293728826
GAGTCCGCACCCATTCx-1,0.6581070012304809
GAGGTGAGTACTTCTTx-1,0.41762126893051404
GAGCAGACAAAGAATCx-1,0.38568275293728826
GATCGTATCGGAGGTAx-1,0.38568275293728826
GACTGCGAGGTAAACTx-1,0.38568275293728826
GAGGTGATCGAGAGCAx-1,0.439521575246669
GATCGTACACGTCTCTx-1,0.439521575246669
GACTGCGAGACGACGTx-1,0.39492191913221475
GAGCAGAAGTAGCCGAx-1,0.439521575246669
GAGGTGACACGTAAGGx-1,0.39492191913221475
GAGGTGATCATATCGGx-1,0.39492191913221475
GACTAACCACTTAACGx-1,0.4918176621306598
GACTACAAGGGTGTTGx-1,0.39492191913221475
GATCGATGTAGCCTATx-1,0.39492191913221475
GATCTAGAGCTAGGCAx-1,0.39492191913221475
GACGTTACAGCATACTx-1,0.38568275293728826
GAGGTGATCATGTCCCx-1,0.39492191913221475
GAGGTGAGTAGCAAATx-1,0.3605039624414425
GACTACATCTAACTCTx-1,0.38568275293728826
GATCAGTAGTCAATAGx-1,0.37115013443918443
GAGTCCGCAATAGCGGx-1,0.38568275293728826
GATCGTACATAACCTGx-1,0.3384048940105723
GAGGTGAGTGCAGTAGx-1,0.3353251719455968
GATCTAGCACCTATCCx-1,0.39492191913221475
GACTAACCACATTCGAx-1,0.38568275293728826
GAGGTGAAGAAACCGCx-1,0.38568275293728826
GATCGATTCCTATGTTx-1,0.38568275293728826
GACGTTAAGCTAGTTCx-1,0.51616937994958
GACTGCGGTTAAGGGCx-1,0.439521575246669
GACGTTACACTCAGGCx-1,0.439521575246669
GAGCAGATCGGAATCTx-1,0.4067087491053907
GATCGATCAGTAAGCGx-1,0.439521575246669
GACGTTACATATGGTCx-1,0.39492191913221475
GATCGATCAAAGCGGTx-1,0.39492191913221475
GAGCAGACATAAAGGTx-1,0.38568275293728826
GAGTCCGCAGGATCGAx-1,0.4918176621306598
GATCTAGAGGGCATGTx-1,0.3101463814497511
GATCAGTCAAGTCTGTx-1,0.4918176621306598
GACTGCGTCTACGAGTx-1,0.439521575246669
GACTAACTCCCTCAGTx-1,0.439521575246669
GAGTCCGAGCGCTCCAx-1,0.7412516707803916
GACTAACGTATTCTCTx-1,0.39492191913221475
GATCAGTAGCGGCTTCx-1,0.6406749722691507
GACGTTATCTTCGGTCx-1,0.3101463814497511
GAGCAGACACCGAATTx-1,0.6263477168311127
GACGTTATCTTACCGCx-1,0.4918176621306598
GAGCAGACAAAGTGCGx-1,0.439521575246669
GATCGATTCTCTGCTGx-1,0.7412516707803916
GAGCAGAGTTATCCGAx-1,0.39492191913221475
GATCGCGCAATGGAATx-1,0.38568275293728826
GAGCAGACAGTTCCCTx-1,0.439521575246669
GATCGTACATTCTTACx-1,0.38568275293728826
GACTGCGCAGCCAGAAx-1,0.39492191913221475
GATCGCGCATGTCGATx-1,0.3353251719455968
GACTAACGTTAAGATGx-1,0.5426637506810886
GATCGCGGTGAGGCTAx-1,0.3101463814497511
GAGTCCGAGGGTCGATx-1,0.439521575246669
GAGCAGAGTGAAGGCTx-1,0.39492191913221475
GAGGTGACAGCCAATTx-1,0.42465502320851756
GATCGTAAGTCTCAACx-1,0.38568275293728826
GATCGATGTGCTGTATx-1,0.439521575246669
GATCGTATCTACGAGTx-1,0.39492191913221475
GACTGCGGTCACAAGGx-1,0.7412516707803916
GATCGCGCAGCTGCTGx-1,0.439521575246669
GATCTAGAGTATCGAAx-1,0.4067087491053907
GATCGCGCAGTAGAGCx-1,0.3101463814497511
GAGTCCGGTTCGAATCx-1,0.38568275293728826
GATCGATCACAGTCGCx-1,0.439521575246669
GATCGTAGTTAAGAACx-1,0.7412516707803916
GACTAACAGTGATCGGx-1,0.3101463814497511
GACTACAAGACCTTTGx-1,0.38568275293728826
GATCAGTAGTACATGAx-1,0.439521575246669
GATCTAGAGTAGATGTx-1,0.38568275293728826
GACTGCGAGTGTACCTx-1,0.42465502320851756
GACTGCGTCCTAGTGAx-1,0.439521575246669
GACTAACTCTCGCTTGx-1,0.38568275293728826
GACTACAAGCTGATAAx-1,0.7412516707803916
GATCGATAGGATGGAAx-1,0.4403354459724395
GATCGCGCAATCAGAAx-1,0.42465502320851756
GACGTTATCACCCGAGx-1,0.40978847117036615
GACTAACGTAGGAGTCx-1,0.38568275293728826
GAGGTGACACGCATCGx-1,0.38568275293728826
GATCGCGAGGGAAACAx-1,0.439521575246669
GAGCAGATCGAACGGAx-1,0.39492191913221475
GAGCAGAGTCGGCTCAx-1,0.42465502320851756
GACTAACCACACCGACx-1,0.4403354459724395
GAGCAGATCGGATGTTx-1,0.39492191913221475
GAGTCCGAGCTTTGGTx-1,1.0
GCAGTTACATTCTTACx-1,0.39492191913221475
GCACTCTTCGTGGGAAx-1,0.40978847117036615
GCAGCCAAGAGTGACCx-1,0.3101463814497511
GCACATAGTTAAAGTGx-1,0.363583684506418
GCAATCAGTGTATGGGx-1,0.39492191913221475
GCACTCTCAACGATCTx-1,0.39492191913221475
GATTCAGTCACTTACTx-1,0.39492191913221475
GATGAGGCACAGGAGTx-1,0.38568275293728826
GATGAAACATGTTCCCx-1,0.38568275293728826
GCACATATCGGTTCGGx-1,0.39492191913221475
GATCTAGTCTAACTCTx-1,0.7412516707803916
GATCTAGCAGGGTACAx-1,0.3101463814497511
GCATACACAACACCTAx-1,0.40978847117036615
GCATACATCGAACTGTx-1,0.7412516707803916
GCATACATCCCATTTAx-1,0.42465502320851756
GATTCAGGTATATGAGx-1,0.38568275293728826
GATTCAGCAAGGACACx-1,0.439521575246669
GCATGATAGGACAGCTx-1,0.40978847117036615
GCACTCTAGAAGGACAx-1,0.3101463814497511
GATGAGGGTTAAGACAx-1,0.439521575246669
GATGCTACATTACCTTx-1,0.439521575246669
GCATACACACGTGAGAx-1,0.7412516707803916
GATTCAGCAGTTCATGx-1,0.39492191913221475
GATGCTACAACACCCGx-1,0.38568275293728826
GCACATAAGACTGGGTx-1,0.3666634065713935
GCACTCTGTAAACACAx-1,1.0
GCAAACTGTTCCCTTGx-1,0.38568275293728826
GATTCAGAGCGATGACx-1,0.39492191913221475
GCAGTTATCACCTCGTx-1,0.39492191913221475
GCACTCTCACATGGGAx-1,0.3353251719455968
GATGAGGGTCATGCATx-1,0.7412516707803916
GATGAAACACGGCTACx-1,0.7412516707803916
GATGCTACATCGGGTCx-1,0.38568275293728826
GCAGTTACAAGTTAAGx-1,0.439521575246669
GATGCTACAACAACCTx-1,0.3101463814497511
GCAGCCACAGGTTTCAx-1,0.3101463814497511
GCAAACTAGTTGTCGTx-1,0.439521575246669
GATGAGGGTGGCTCCAx-1,0.439521575246669
GATTCAGCAATGGTCTx-1,0.42465502320851756
GCACTCTGTTAGGGTGx-1,0.39492191913221475
GATGCTATCCGGGTGTx-1,0.39492191913221475
GCAGCCACAAGACACGx-1,0.39492191913221475
GCACATACAGCGATCCx-1,0.38568275293728826
GCAGTTATCCGTTGCTx-1,0.40978847117036615
GATTCAGGTGACTACTx-1,0.3101463814497511
GATGCTAGTAAGTGTAx-1,0.7412516707803916
GCACTCTAGCGTAATAx-1,0.6581070012304809
GCACATAGTACCATCAx-1,0.41762126893051404
GATTCAGGTTGATTGCx-1,0.38568275293728826
GCACTCTTCTTAGCCCx-1,0.439521575246669
GCAGTTAGTCGCCATGx-1,0.3101463814497511
GCAATCATCCCTAACCx-1,0.39492191913221475
GCATGATCAAGGACTGx-1,0.3101463814497511
GCAGCCAGTGGTGTAGx-1,0.5400982737579099
GCAGTTATCCCATTATx-1,0.39492191913221475
GCAGTTATCAAGCCTAx-1,0.38568275293728826
GATGAAAAGGTCGGATx-1,0.39492191913221475
GATGAGGCACGGCGTTx-1,0.38568275293728826
GCATACAAGGCATTGGx-1,0.38568275293728826
GATTCAGAGCACAGGTx-1,0.3101463814497511
GATGAGGAGGTAAACTx-1,0.3918421970672392
GCACATAGTGATGATAx-1,0.439521575246669
GCACTCTTCACAGGCCx-1,0.439521575246669
GATGAGGGTCTCAACAx-1,0.439521575246669
GATGAGGAGTGCCAGAx-1,0.41762126893051404
GATCTAGCAGCTGCACx-1,0.6581070012304809
GATTCAGTCGGTGTTAx-1,0.40362902704041514
GCAATCAGTTCGTTGAx-1,0.38568275293728826
GATGCTAGTCATTAGCx-1,0.38568275293728826
GCAGTTATCAAGAAGTx-1,0.38568275293728826
GATGAGGAGGCATGGTx-1,0.8131738584155563
GCACATATCAGGCCCAx-1,0.38568275293728826
GATGAAATCAGGCCCAx-1,0.3101463814497511
GATGAAATCCCTCAGTx-1,0.38568275293728826
GATGAGGTCGTTACAGx-1,0.439521575246669
GATGCTAAGCGCCTTGx-1,0.6122526979717859
GCATACACATCCTAGAx-1,0.41762126893051404
GCAGTTACAGTCGATTx-1,0.39492191913221475
GCACTCTCACAAGCCCx-1,0.38568275293728826
GCAAACTCAAGTTAAGx-1,0.7412516707803916
GCAATCATCTTACCTAx-1,0.38568275293728826
GATGAAAAGGCAGTCAx-1,0.39492191913221475
GATGAGGTCCGTTGCTx-1,0.38568275293728826
GATGAGGTCTACTATCx-1,0.3353251719455968
GCAGTTAAGACAGAGAx-1,0.7412516707803916
GCAGTTACACAGCCCAx-1,0.7412516707803916
GATGCTACATCCGGGTx-1,0.439521575246669
GCAAACTGTCAGTGGAx-1,0.38568275293728826
GCAAACTGTTATCACGx-1,0.38568275293728826
GATCTAGCACGGTTTAx-1,0.439521575246669
GATGAAAGTTCAGACTx-1,0.3353251719455968
GATCTAGCAGCCAGAAx-1,0.3101463814497511
GCATGATCACCAACCGx-1,0.439521575246669
GATGAGGCAGTAGAGCx-1,0.38568275293728826
GCGACCACAAAGGTGCx-1,0.38568275293728826
GCGCGATTCGTTGACAx-1,0.4918176621306598
GCGCGATAGGCCCGTTx-1,0.439521575246669
GCGCCAAAGGGAACGGx-1,0.39492191913221475
GCGGGTTGTACAGACGx-1,0.6122526979717859
GCGCGATCAGGTTTCAx-1,0.439521575246669
GCGCGATGTCTCTTATx-1,0.439521575246669
GCCAAATGTTACAGAAx-1,0.3384048940105723
GCGAGAAGTAGCGTCCx-1,0.4215753011435421
GCGGGTTCACATCCAAx-1,0.39492191913221475
GCGGGTTAGCTGATAAx-1,0.4918176621306598
GCGCGATTCGGCGCTAx-1,0.740543897255785
GCCTCTAGTGATAAGTx-1,0.7412516707803916
GCATGTAAGCTCCTTCx-1,0.439521575246669
GCGAGAATCAACACTGx-1,0.38568275293728826
GCGAGAACATGTCTCCx-1,0.439521575246669
GCGGGTTTCGTCGTTCx-1,0.3101463814497511
GCGCAACAGGCTCTTAx-1,0.39492191913221475
GCATGTATCGTTACAGx-1,0.7412516707803916
GCGCAGTCAATCAGAAx-1,0.38568275293728826
GCATGCGAGTGTCTCAx-1,0.39492191913221475
GCCAAATCATATGGTCx-1,0.42465502320851756
GCGCGATGTCGGATCCx-1,0.42465502320851756
GCCTCTAGTTCCACAAx-1,1.0
GCGCAACGTGTTCTTTx-1,0.38568275293728826
GCGGGTTCACCAGGTCx-1,0.439521575246669
GCGGGTTCACTCTGTCx-1,0.439521575246669
GCCTCTACAGGTGGATx-1,0.5496408320427421
GCGCGATGTAAATGTGx-1,0.38568275293728826
GCGCGATGTGCACCACx-1,0.7412516707803916
GCGGGTTCAGACAAGCx-1,0.439521575246669
GCATGCGGTCTTGCGGx-1,0.3101463814497511
GCGACCAAGACTGGGTx-1,0.3101463814497511
GCGCCAACAACACCCGx-1,0.7412516707803916
GCGCAGTGTTGTCGCGx-1,0.439521575246669
GCCAAATAGTCAAGCGx-1,0.38568275293728826
GCGCGATTCGAACTGTx-1,0.439521575246669
GCCAAATAGCGTAGTGx-1,0.439521575246669
GCGCAACCAGAGCCAAx-1,0.3353251719455968
GCGCGATAGTCGTACTx-1,0.7412516707803916
GCATGTAGTGCACTTAx-1,0.8131738584155563
GCGCAGTAGATGTCGGx-1,0.7412516707803916
GCCTCTAAGTGAACGCx-1,0.3918421970672392
GCGCCAAGTTCAGTACx-1,0.3101463814497511
GCCAAATCATAACCTGx-1,0.4918176621306598
GCGCAACTCGTACGGCx-1,0.38568275293728826
GCGCCAAGTACATCCAx-1,0.38568275293728826
GCGCGATTCCAGAGGAx-1,0.38568275293728826
GCATGCGTCACAATGCx-1,0.439521575246669
GCGCCAAGTTGACGTTx-1,0.38568275293728826
GCATGTAGTTATCCGAx-1,0.7412516707803916
GCGCAACCAATAGCGGx-1,0.40978847117036615
GCCAAATAGTTGCAGGx-1,0.38568275293728826
GCGCCAAGTCTCATCCx-1,0.38568275293728826
GCGCAACAGCGTGTCCx-1,0.439521575246669
GCGCAGTCAAACCCATx-1,0.4711228736871189
GCGCCAATCTGACCTCx-1,0.40978847117036615
GCATGTATCCATGAGTx-1,0.439521575246669
GCATGTATCTTTACGTx-1,0.767903467779237
GCGACCACACGAAGCAx-1,0.3101463814497511
GCGAGAACACGGCCATx-1,0.42465502320851756
GCATGCGTCAATAAGGx-1,0.39492191913221475
GCATGTACATGGTCTAx-1,0.46708553106394457
GCGACCATCTTAACCTx-1,0.39492191913221475
GCGCAGTTCTTGTTTGx-1,0.4595190811311781
GCGAGAACACCCAGTGx-1,0.439521575246669
GCGCAGTCACGAAGCAx-1,0.7412516707803916
GCCTCTACAGAAGCACx-1,0.439521575246669
GCATGCGGTACTCTCCx-1,0.38568275293728826
GCCAAATCACCAGCACx-1,0.439521575246669
GCGCAGTAGACAGAGAx-1,0.40978847117036615
GCATGCGGTGGTGTAGx-1,0.8131738584155563
GCGCCAACAAAGTGCGx-1,0.439521575246669
GCGGGTTTCTCGAGTAx-1,0.42465502320851756
GCGGGTTTCGTTGCCTx-1,0.7412516707803916
GCGCAGTTCGTAGATCx-1,0.4215753011435421
GCGCCAATCGTGGGAAx-1,1.0
GCATGTACACCACCAGx-1,0.4918176621306598
GCGAGAAAGTAGCCGAx-1,0.7412516707803916
GCATGCGAGTGTGAATx-1,0.39492191913221475
GCATGTAGTTCCATGAx-1,0.3101463814497511
GCGAGAAGTAAACGCGx-1,0.7412516707803916
GCGCGATTCTCCAACCx-1,0.7412516707803916
GCATGATCAGCGATCCx-1,0.42465502320851756
GCGAGAACACTTAAGCx-1,0.3605039624414425
GCGCAACGTACTCTCCx-1,0.7412516707803916
GCGCAGTAGGTCATCTx-1,0.3101463814497511
GCATGCGGTGGTACAGx-1,0.439521575246669
GCGCCAACAAACTGCTx-1,0.3101463814497511
GCGAGAAAGCTAACTCx-1,0.7412516707803916
GCTCCTAGTATAGGGCx-1,0.439521575246669
GCGCCAATCAATCACGx-1,0.39492191913221475
GCGCCAAAGGGAGTAAx-1,0.7412516707803916
GCATGTAAGGCTATCTx-1,0.39492191913221475
GCATGTAGTCCGAATTx-1,0.38568275293728826
GCCAAATCAGTCGATTx-1,0.4918176621306598
GCTCCTACAAGCCATTx-1,0.7412516707803916
GCGACCACAAAGCGGTx-1,0.3605039624414425
GCTCCTAGTTCAGTACx-1,0.40978847117036615
GCTGCAGCAACGATGGx-1,0.39492191913221475
GGAAAGCAGATGTAACx-1,0.38568275293728826
GCTGCGATCAACGGGAx-1,0.38568275293728826
GGACGTCGTACCGAGAx-1,0.38568275293728826
GCTGGGTAGCACGCCTx-1,0.38568275293728826
GGACGTCCACATCTTTx-1,0.439521575246669
GGACAAGTCAACGGGAx-1,0.439521575246669
GGACAAGTCATGCTCCx-1,0.38568275293728826
GGAACTTGTCACAAGGx-1,0.439521575246669
GCTTGAAAGGGAGTAAx-1,0.439521575246669
GGAACTTTCTTGTCATx-1,0.3666634065713935
GCTGCGACAGTCAGCCx-1,0.3101463814497511
GCTGCGAAGTACGCCCx-1,0.4215753011435421
GGAACTTAGGGAGTAAx-1,0.3605039624414425
GGACAGACAACTTGACx-1,0.38568275293728826
GGAAAGCTCCGCGTTTx-1,0.439521575246669
GCTTGAAGTACTTAGCx-1,0.439521575246669
GGAAAGCAGCAGCGTAx-1,0.7412516707803916
GGAATAATCGTCCAGGx-1,0.4918176621306598
GGACATTTCTTCCTTCx-1,0.41762126893051404
GGAAAGCAGTCATGCTx-1,0.3101463814497511
GGAATAACACAGCCCAx-1,0.7412516707803916
GGACATTGTGTGTGCCx-1,0.38568275293728826
GGAATAAGTCGCTTTCx-1,0.38568275293728826
GCTGCAGCATGAAGTAx-1,0.39492191913221475
GCTGCTTTCTTAGCCCx-1,0.38568275293728826
GGACAGACAATGCCATx-1,0.7412516707803916
GCTGCGATCCGTTGCTx-1,0.439521575246669
GCTGCGAAGGAATCGCx-1,0.4711228736871189
GCTTGAATCCGCATAAx-1,0.40978847117036615
GGACAAGGTCTGCCAGx-1,0.38876247500226374
GGAATAATCTCAAGTGx-1,0.3101463814497511
GGACATTCATACTACGx-1,0.3101463814497511
GCTGCTTAGTAGCCGAx-1,0.3101463814497511
GGACATTTCTTGAGACx-1,0.3384048940105723
GCTGGGTTCGTTACAGx-1,0.38568275293728826
GCTGGGTGTAGCGTGAx-1,0.439521575246669
GCTTCCAAGATATGGTx-1,0.3605039624414425
GGACAGAGTTCTCATTx-1,0.38568275293728826
GCTGCTTGTCCATCCTx-1,0.40978847117036615
GGAACTTGTGTGCCTGx-1,0.439521575246669
GCTGGGTCAGCCAATTx-1,0.39492191913221475
GCTTCCAGTTACCAGTx-1,0.40978847117036615
GGAATAAGTATCAGTCx-1,0.38876247500226374
GCTGCTTCAGGATTGGx-1,0.38568275293728826
GCTTCCAGTGACTACTx-1,0.3918421970672392
GGACATTGTCACCCAGx-1,0.41762126893051404
GGAATAAAGCTGCGAAx-1,0.7412516707803916
GCTCTGTTCACCACCTx-1,0.38568275293728826
GCTGGGTTCAACACGTx-1,0.439521575246669
GGAACTTAGGGCTCTCx-1,0.46708553106394457
GCTTGAATCGTTGCCTx-1,0.3101463814497511
GGACGTCAGAGGTTATx-1,0.38568275293728826
GCTTCCATCGCGATCGx-1,0.38568275293728826
GGACAGAAGATGTCGGx-1,0.39492191913221475
GGACATTCATCGGAAGx-1,0.7412516707803916
GGACATTCAGTCACTAx-1,0.6581070012304809
GGACAGAGTCCATGATx-1,0.6263477168311127
GCTTGAACAGGGTACAx-1,0.38568275293728826
GGAAAGCTCAGCTTAGx-1,0.39492191913221475
GCTCTGTTCAATCTCTx-1,0.38568275293728826
GCTGCGAAGGCTACGAx-1,0.7412516707803916
GGACGTCAGTATGACAx-1,0.7412516707803916
GCTGCTTGTAGGGTACx-1,0.38568275293728826
GCTTCCAAGCAGATCGx-1,0.38568275293728826
GGAATAAAGCGATCCCx-1,0.4918176621306598
GGACAAGAGTTATCGCx-1,0.3101463814497511
GGACATTAGCTAACTCx-1,0.439521575246669
GCTCCTAGTTGCCTCTx-1,0.39492191913221475
GGACATTAGACACGACx-1,0.40978847117036615
GCTTGAACATCGGTTAx-1,0.7412516707803916
GCTGCTTTCGACCAGCx-1,0.38568275293728826
GGAAAGCGTCCGTTAAx-1,0.7412516707803916
GCTGGGTCATTGAGCTx-1,0.41762126893051404
GCTGCAGAGTCTCAACx-1,0.7412516707803916
GCTTGAATCTAACGGTx-1,0.42465502320851756
GCTTGAATCCAAACACx-1,0.4067087491053907
GGAAAGCAGCTGCCCAx-1,0.439521575246669
GGACAAGAGCTAGGCAx-1,0.439521575246669
GGACATTGTTATCGGTx-1,0.3101463814497511
GCTTCCACACTTCTGCx-1,0.40978847117036615
GCTTCCAAGGATCGCAx-1,0.7412516707803916
GCTGCGATCATGCATGx-1,0.439521575246669
GCTGCGATCGTTACAGx-1,0.3963289249350302
GGACAAGTCCTTTCGGx-1,0.7412516707803916
GCTTCCAAGCTAACTCx-1,0.38568275293728826
GGAATAAAGGTGTTAAx-1,0.7412516707803916
GGACAAGCAGGAACGTx-1,0.439521575246669
GCTGCTTCATGGAATAx-1,0.38568275293728826
GGACAGAGTGAGGGAGx-1,0.40362902704041514
GGAACTTGTTCCCTTGx-1,0.38568275293728826
GGACATTCAAGCTGAGx-1,0.38568275293728826
GCTGCAGGTCAAAGATx-1,0.38568275293728826
GGACGTCGTCCGTTAAx-1,0.41762126893051404
GGACAAGAGGAGTTTAx-1,0.43170722799948735
GGATTACCAAGAAGAGx-1,0.39492191913221475
GGCCGATCATTCCTCGx-1,0.7412516707803916
GGACGTCTCAACTCTTx-1,0.41762126893051404
GGCCGATTCGTCGTTCx-1,0.4918176621306598
GGGAGATTCTGGCGACx-1,0.39492191913221475
GGCAATTGTAGGGTACx-1,0.439521575246669
GGCGTGTTCCCTAACCx-1,0.4918176621306598
GGAGCAAGTATAAACGx-1,0.3101463814497511
GGGAATGCAAACGTGGx-1,0.42465502320851756
GGATGTTGTTCCCGAGx-1,0.7412516707803916
GGATTACAGTAGGTGCx-1,0.38568275293728826
GGATTACTCTGAGTGTx-1,0.4403354459724395
GGCTGGTTCAACACGTx-1,0.40978847117036615
GGCTGGTCATATGGTCx-1,0.3384048940105723
GGAGCAACACAGGAGTx-1,0.3101463814497511
GGGAATGAGGGAACGGx-1,0.439521575246669
GGCGTGTGTAGAAGGAx-1,0.4215753011435421
GGGAGATCATTACGACx-1,0.39492191913221475
GGGAATGCAATCCAACx-1,0.439521575246669
GGATTACGTGGCCCTAx-1,0.7412516707803916
GGATGTTGTGTTCGATx-1,0.39492191913221475
GGCTGGTAGCTAGGCAx-1,0.6435762848968962
GGCCGATGTGCCTGCAx-1,0.439521575246669
GGAGCAACACCTCGGAx-1,0.3101463814497511
GGCTCGACATTCTTACx-1,0.38568275293728826
GGGATGACAATACGCTx-1,0.41762126893051404
GGATGTTAGGGTGTTGx-1,0.439521575246669
GGATGTTGTTATCCGAx-1,0.39492191913221475
GGCGACTTCTCGAGTAx-1,0.3101463814497511
GGCGTGTCATCATCCCx-1,0.38568275293728826
GGCGACTTCGTCACGGx-1,0.439521575246669
GGCTCGACAAGCGAGTx-1,0.38568275293728826
GGATTACTCACTTCATx-1,0.8131738584155563
GGCGACTTCTGTTTGTx-1,0.39492191913221475
GGATTACAGCTGTTCAx-1,0.3101463814497511
GGCTGGTAGATATGGTx-1,0.3353251719455968
GGATTACCATCCCATCx-1,0.3101463814497511
GGATGTTCAGACGCTCx-1,0.439521575246669
GGCCGATAGGCGACATx-1,0.4918176621306598
GGCAATTGTCGAATCTx-1,0.38568275293728826
GGCGACTAGAGGGATAx-1,0.439521575246669
GGCCGATGTGAGTGACx-1,0.3918421970672392
GGACGTCGTTCCCGAGx-1,0.3101463814497511
GGATTACCAGTTTACGx-1,0.439521575246669
GGAGCAATCCGAGCCAx-1,0.40978847117036615
GGCAATTTCCGGCACAx-1,0.38568275293728826
GGACGTCTCCGTAGTAx-1,0.439521575246669
GGATTACGTGATGCCCx-1,0.7412516707803916
GGCTCGACAGCCAATTx-1,0.439521575246669
GGATTACTCAGTTGACx-1,0.439521575246669
GGCGTGTTCTGTGCAAx-1,1.0
GGCCGATTCTTCGGTCx-1,0.39492191913221475
GGCTCGACAGTACACTx-1,0.39492191913221475
GGATTACTCATTGCCCx-1,0.7412516707803916
GGCGACTTCAATCACGx-1,0.439521575246669
GGCCGATAGGTGCACAx-1,0.3101463814497511
GGCGACTGTGGTGTAGx-1,0.38568275293728826
GGCGTGTGTCGGATCCx-1,0.439521575246669
GGCTCGAGTCGTGGCTx-1,0.40978847117036615
GGCGTGTGTACCGCTGx-1,0.9137505569267972
GGCTGGTTCTCGAGTAx-1,0.39492191913221475
GGCCGATAGACTCGGAx-1,0.7412516707803916
GGGAATGGTCGACTGCx-1,0.39492191913221475
GGCGACTGTCTTCGTCx-1,0.439521575246669
GGGAATGCACATTTCTx-1,0.39492191913221475
GGGAGATAGTCTCCTCx-1,0.42465502320851756
GGAGCAACATGACATCx-1,0.39492191913221475
GGGAATGGTGACTCATx-1,0.38568275293728826
GGGACCTCATGTCGATx-1,0.38568275293728826
GGCTCGATCAGTTCGAx-1,0.439521575246669
GGCTCGAGTTCGTCTCx-1,0.38568275293728826
GGGAATGCAAGTCTGTx-1,0.3101463814497511
GGGAGATAGTTGTCGTx-1,0.39492191913221475
GGGAGATCAAGTAGTAx-1,0.38568275293728826
GGATTACGTTAAGGGCx-1,0.767903467779237
GGGAGATTCAAAGTAGx-1,0.38568275293728826
GGCGACTGTGATAAACx-1,0.4403354459724395
GGAGCAACAATCCGATx-1,0.41762126893051404
GGCGTGTGTATGCTTGx-1,0.6404965628319207
GGCGTGTGTACATCCAx-1,0.39492191913221475
GGATTACAGGCCCTTGx-1,0.39492191913221475
GGCTCGAGTTCCACGGx-1,0.7412516707803916
GGGAATGCAAACCTACx-1,0.39492191913221475
GGGAGATCAGCTGTGCx-1,0.38568275293728826
GGCAATTTCGCCAGCAx-1,0.39492191913221475
GGCGTGTTCATGCATGx-1,0.42465502320851756
GGGAATGCACCACCAGx-1,0.38568275293728826
GGATTACTCCGGGTGTx-1,0.39492191913221475
GGATTACTCTGCGGCAx-1,0.42465502320851756
GGCAATTTCGGAGGTAx-1,0.39492191913221475
GGAGCAAAGTACACCTx-1,0.38568275293728826
GGCGTGTCAATCTACGx-1,0.7412516707803916
GGGAGATTCAACGGGAx-1,0.439521575246669
GGCAATTCACCACCAGx-1,0.439521575246669
GGCTCGATCTGGTGTAx-1,0.38568275293728826
GGGAGATTCTGGTGTAx-1,0.3101463814497511
GGAGCAACACCACCAGx-1,0.3963289249350302
GGGACCTAGTGCGATGx-1,0.439521575246669
GGGATGACAGATAATGx-1,0.7412516707803916
GGCAATTGTTCGTCTCx-1,0.38568275293728826
GGTATTGCATAAGACAx-1,0.439521575246669
GTAGGCCAGCGGATCAx-1,0.39492191913221475
GGGATGAGTCCGAGTCx-1,0.38568275293728826
GGTGAAGCATACTACGx-1,0.38876247500226374
GTACGTAGTATATGAGx-1,0.38568275293728826
GTACTTTCACGGTGTCx-1,0.38568275293728826
GGTGCGTGTATATGAGx-1,0.38568275293728826
GGTGTTAGTACCGGCTx-1,0.439521575246669
GTACTTTTCTAACCGAx-1,0.42465502320851756
GTACTCCGTGTCAATCx-1,0.439521575246669
GGGTCTGCATGTAAGAx-1,0.7412516707803916
GTACTTTCAAGGCTCCx-1,0.38568275293728826
GTACTCCTCTGACCTCx-1,0.439521575246669
GTACTCCGTTGGGACAx-1,0.38568275293728826
GTAACGTTCTAAGCCAx-1,0.7412516707803916
GGGCATCGTACAGCAGx-1,0.439521575246669
GGTGTTAAGTGGTAATx-1,0.38568275293728826
GTAACTGTCTCGGACGx-1,0.39492191913221475
GGGTCTGCATGAACCTx-1,0.7412516707803916
GGGTCTGCACTCAGGCx-1,0.439521575246669
GGTGTTAGTCTTGCGGx-1,0.3101463814497511
GTACGTAAGTGACTCTx-1,0.38568275293728826
GTAACGTCACGCATCGx-1,0.38568275293728826
GGTGTTAGTGATAAACx-1,0.39492191913221475
GGGCACTAGGCAATTAx-1,0.39492191913221475
GGTGTTAGTAAAGTCAx-1,0.439521575246669
GGTATTGTCCAAAGTCx-1,0.39492191913221475
GGGTCTGCAAGCTGAGx-1,0.42465502320851756
GTACTTTAGCACACAGx-1,1.0
GGTGTTAGTGGCCCTAx-1,0.439521575246669
GGGCACTCATCCAACAx-1,0.7412516707803916
GTAACGTGTTCACCTCx-1,0.7412516707803916
GTAACGTGTTAGTGGGx-1,0.39492191913221475
GGTATTGGTAGCGCAAx-1,0.38568275293728826
GTACGTATCGGTGTTAx-1,0.4215753011435421
GGTGTTATCTACCAGAx-1,0.5252317217197584
GGTGAAGAGGGATGGGx-1,0.4918176621306598
GGGATGAGTCCTCCATx-1,0.38568275293728826
GTACTCCTCTGGTGTAx-1,0.439521575246669
GGTATTGAGAAGAAGCx-1,0.767903467779237
GGGCATCTCGGAGCAAx-1,0.39492191913221475
GTACTTTGTAATCGTCx-1,0.39492191913221475
GGGTTGCAGGACCACAx-1,0.39492191913221475
GTAGGCCCATACGCCGx-1,0.38568275293728826
GGTATTGTCCACGACGx-1,0.7412516707803916
GGTGCGTCACACGCTGx-1,0.3918421970672392
GTACTTTGTCGCCATGx-1,0.38568275293728826
GGTGAAGGTCGGCATCx-1,0.4918176621306598
GTAACTGCACACATGTx-1,0.439521575246669
GGGCATCGTCGCCATGx-1,0.7412516707803916
GGTATTGTCAGTGCATx-1,0.7412516707803916
GTACTCCGTATGGTTCx-1,0.46708553106394457
GTACTCCTCTACTCATx-1,0.7412516707803916
GGTGAAGTCAAGATCCx-1,0.41762126893051404
GGTATTGAGAAGGCCTx-1,0.439521575246669
GTAACGTAGTTAAGTGx-1,0.7412516707803916
GGTGCGTCAGCTCGCAx-1,0.38568275293728826
GGGTCTGCAACGATGGx-1,0.38876247500226374
GGGCACTAGGTGCACAx-1,0.3101463814497511
GTAACTGGTTCGTGATx-1,0.9137505569267972
GGGTCTGCATTACGACx-1,0.39492191913221475
GTACTTTTCCACGACGx-1,0.39492191913221475
GGTGCGTCAGCTTAACx-1,0.439521575246669
GTACTCCAGGGAAACAx-1,0.439521575246669
GGTATTGGTGCAACTTx-1,0.4918176621306598
GGGATGACATTTCAGGx-1,0.38568275293728826
GGTATTGAGGATGGTCx-1,0.439521575246669
GGTGCGTCAGGTCGTCx-1,0.39492191913221475
GTACGTAGTACAGTGGx-1,0.439521575246669
GGTGTTATCTAACTCTx-1,0.740543897255785
GGTGAAGAGAATAGGGx-1,0.39492191913221475
GTACGTACACATGTGTx-1,0.439521575246669
GTACGTAAGGCCCTTGx-1,0.38876247500226374
GGGATGAGTAAGTGGCx-1,0.439521575246669
GGGCACTAGTGGAGTCx-1,0.439521575246669
GGGCATCCACAGGTTTx-1,0.439521575246669
GTACTCCAGTAAGTACx-1,0.439521575246669
GTAACGTCAAGGTTCTx-1,0.7412516707803916
GGGTCTGAGTAAGTACx-1,0.38568275293728826
GGTGAAGCATGGGAACx-1,0.39492191913221475
GGTGTTAGTTCGGGCTx-1,0.38568275293728826
GTACTTTGTGAGGCTAx-1,0.39492191913221475
GTAACTGCAGATCTGTx-1,0.38568275293728826
GGTGAAGTCGAATGGGx-1,0.38568275293728826
GGGTCTGAGGTGATTAx-1,0.38568275293728826
GGTATTGTCACGATGTx-1,0.42465502320851756
GGTGTTACAGGATTGGx-1,0.38568275293728826
GTAACTGCAAGGGTCAx-1,0.39492191913221475
GTAACTGGTGACGGTAx-1,0.38568275293728826
GGGTTGCTCATTTGGGx-1,0.7412516707803916
GGTGTTAGTATTCTCTx-1,0.5442441061770477
GTCGGGTAGACACGACx-1,0.3101463814497511
GTCACAAGTAAACCTCx-1,0.439521575246669
GTCACGGTCCTAGGGCx-1,0.38568275293728826
GTCACAAAGGGCACTAx-1,0.3918421970672392
GTGAAGGGTCCGTTAAx-1,0.439521575246669
GTATCTTCATAGAAACx-1,0.439521575246669
GTCATTTTCGCATGGCx-1,0.39492191913221475
GTCGTAAAGCTCAACTx-1,0.4564393590662026
GTCGGGTGTCCGCTGAx-1,0.39492191913221475
GTATCTTGTTTGGCGCx-1,0.38568275293728826
GTCGTAATCGATGAGGx-1,0.3918421970672392
GTCACAAGTCCCTTGTx-1,0.3101463814497511
GTATTCTTCTTAACCTx-1,0.4918176621306598
GTATCTTGTTTGTTTCx-1,0.42465502320851756
GTCAAGTAGCTGCCCAx-1,0.7412516707803916
GTCGTAAAGATAGCATx-1,0.7412516707803916
GTATTCTTCCGTACAAx-1,0.439521575246669
GTGAAGGGTCAGAAGCx-1,0.7412516707803916
GTATCTTCACGGATAGx-1,0.40978847117036615
GTAGTCAAGTACGTAAx-1,0.38568275293728826
GTCACGGTCAATCTCTx-1,0.38568275293728826
GTCTCGTGTCCGAACCx-1,0.3101463814497511
GTCGGGTCAATGGAGCx-1,0.38568275293728826
GTCAAGTTCTTGAGGTx-1,0.40978847117036615
GTCTTCGTCGTACGGCx-1,0.3918421970672392
GTATCTTCACATCCGGx-1,0.45695360420799924
GTCGTAAAGGGAAACAx-1,0.38568275293728826
GTCATTTAGGCTAGACx-1,0.38568275293728826
GTCATTTAGCACCGCTx-1,0.439521575246669
GTCCTCAGTCATATGCx-1,0.439521575246669
GTATCTTGTTTCGCTCx-1,0.39492191913221475
GTCGGGTAGATGCGACx-1,0.4918176621306598
GTAGTCATCTGGTGTAx-1,0.38568275293728826
GTAGTCACATGCTGGCx-1,0.439521575246669
GTCGGGTAGGTGTTAAx-1,0.439521575246669
GTCGGGTCATCCCACTx-1,0.3101463814497511
GTAGTCATCCTAGAACx-1,0.439521575246669
GTCTCGTCATATGGTCx-1,0.38568275293728826
GTCTCGTAGCTCCTTCx-1,0.38568275293728826
GTCAAGTGTTTGTGTGx-1,0.7412516707803916
GTCTCGTGTTCCAACAx-1,0.3101463814497511
GTCTTCGGTTGTGGCCx-1,0.40978847117036615
GTCCTCACAAGGACTGx-1,0.38568275293728826
GTAGGCCGTCATTAGCx-1,0.38568275293728826
GTCACAAAGGTGATTAx-1,1.0
GTCGTAATCGTTACAGx-1,0.38568275293728826
GTCGGGTCATCGGACCx-1,0.5400982737579099
GTAGTCACATGCGCACx-1,0.6584428369350477
GTCATTTAGCTAGGCAx-1,0.4649634295571679
GTCACAACATGCGCACx-1,0.39492191913221475
GTATTCTGTCCGAAGAx-1,0.38568275293728826
GTCTTCGCATATGAGAx-1,0.5489822060908583
GTAGTCAAGTCTCAACx-1,0.40978847117036615
GTATCTTTCTGCGACGx-1,0.39492191913221475
GTCTCGTTCTTTAGGGx-1,0.39492191913221475
GTCATTTAGTCCGGTCx-1,0.39492191913221475
GTCACAAAGCCTCGTGx-1,0.439521575246669
GTCGGGTTCGCCCTTAx-1,0.39492191913221475
GTCATTTGTCGCGTGTx-1,0.40978847117036615
GTAGTCAGTTATGCGTx-1,0.7412516707803916
GTCACAATCCTTGACCx-1,0.39492191913221475
GTAGGCCGTGGTTTCAx-1,0.439521575246669
GTATTCTAGCTCAACTx-1,0.40978847117036615
GTATTCTGTCTAGCCGx-1,0.3101463814497511
GTCCTCAGTAGGCATGx-1,0.41762126893051404
GTAGTCACACTGTCGGx-1,0.42465502320851756
GTCAAGTAGATGCGACx-1,0.439521575246669
GTCGTAAGTCCTCTTGx-1,0.38568275293728826
GTCCTCATCACCAGGCx-1,0.39492191913221475
GTAGGCCTCGTCACGGx-1,0.38568275293728826
GTCACAAGTACAGACGx-1,0.439521575246669
GTCAAGTCATTAGCCAx-1,0.41762126893051404
GTATCTTGTATATGAGx-1,0.3605039624414425
GTCTCGTTCTCACATTx-1,0.439521575246669
GTCGTAAAGCCTTGATx-1,0.4918176621306598
GTGAAGGCAGGTCTCGx-1,0.39492191913221475
GTATCTTCACCGAATTx-1,0.7412516707803916
GTCTTCGGTTACGTCAx-1,0.439521575246669
GTATCTTCAGCCAGAAx-1,0.42465502320851756
GTCACGGCAGCTGCTGx-1,0.3101463814497511
GTATTCTCAGATGAGCx-1,0.38568275293728826
GTGAAGGCATAAGACAx-1,1.0
GTCACAAAGGCCCGTTx-1,0.38568275293728826
GTCATTTCAGATCCATx-1,0.38568275293728826
GTCATTTAGACAAGCCx-1,0.38568275293728826
GTCGTAATCGGTCCGAx-1,0.39492191913221475
GTCACGGAGTCCTCCTx-1,0.38568275293728826
GTCACAATCTAGAGTCx-1,0.38568275293728826
GTCTCGTCACCTGGTGx-1,0.3605039624414425
GTCCTCACAATCCAACx-1,0.38568275293728826
GTCACGGAGCTACCGCx-1,0.38568275293728826
GTCACAACAGACAAATx-1,0.439521575246669
GTAGGCCTCTCCAGGGx-1,0.38568275293728826
GTCACGGAGGTCGGATx-1,0.7412516707803916
GTCAAGTAGCTAACAAx-1,0.439521575246669
GTAGGCCGTCAGGACAx-1,0.42465502320851756
GTTCTCGTCACCACCTx-1,0.3605039624414425
GTTTCTACATTTGCCCx-1,0.5400982737579099
GTTCATTGTTCGAATCx-1,0.39492191913221475
GTGGGTCGTGATGATAx-1,0.38568275293728826
GTTCTCGAGGGTTCCCx-1,0.7412516707803916
GTTCGGGAGGTTCCTAx-1,0.439521575246669
GTTCATTTCAGTTAGCx-1,0.38568275293728826
GTTCTCGTCCTATGTTx-1,0.439521575246669
GTGCTTCCACACTGCGx-1,0.7412516707803916
GTTCATTGTATCGCATx-1,0.38568275293728826
GTTTCTAGTCCTAGCGx-1,0.7412516707803916
GTTCGGGAGGGCTTGAx-1,0.38568275293728826
GTGCGGTTCGTTACGAx-1,0.3101463814497511
GTGCGGTTCGCATGGCx-1,0.4918176621306598
GTGCTTCCATTATCTCx-1,0.39492191913221475
GTTCGGGGTCTTGCGGx-1,0.5749623316805703
GTTCATTAGTGTGAATx-1,0.38568275293728826
GTTACAGGTAGCGCAAx-1,0.7412516707803916
GTTACAGCATTGGCGCx-1,0.39492191913221475
GTGGGTCGTCCTCTTGx-1,0.39492191913221475
GTGTTAGTCTTCATGTx-1,0.3666634065713935
GTGCATATCTTTAGTCx-1,0.3605039624414425
GTGGGTCGTATAGTAGx-1,0.39492191913221475
GTTTCTAAGGAACTGCx-1,0.38568275293728826
GTTTCTAGTGCCTTGGx-1,0.6263477168311127
GTTAAGCCAGTTCATGx-1,0.3101463814497511
GTTCGGGGTTGGTGGAx-1,0.39492191913221475
GTGTTAGGTCATCGGCx-1,0.3101463814497511
GTGTGCGAGCTATGCTx-1,0.39492191913221475
GTGGGTCCACCCATTCx-1,0.38568275293728826
GTTTCTACAGATAATGx-1,0.41762126893051404
GTGTGCGAGACTAAGTx-1,0.7412516707803916
GTTCGGGGTAGCGATGx-1,0.41762126893051404
GTTCTCGTCGCAAGCCx-1,0.3101463814497511
GTTTCTATCCACGTTCx-1,0.4067087491053907
GTGCGGTCAGGGTATGx-1,0.38568275293728826
GTGCATACAATGACCTx-1,0.4918176621306598
GTGTTAGTCTCCGGTTx-1,0.7412516707803916
GTGTTAGTCCGCATAAx-1,0.3101463814497511
GTGTGCGAGATATGCAx-1,0.39492191913221475
GTTAAGCAGTGACATAx-1,0.439521575246669
GTGCGGTAGCCGTCGTx-1,0.39492191913221475
GTGCATACACGGCGTTx-1,0.38568275293728826
GTTCATTCAGACACTTx-1,0.5103651696816071
GTGCGGTAGCCCGAAAx-1,0.767903467779237
GTTACAGAGCTGCAAGx-1,0.40978847117036615
GTGTGCGCAGTATCTGx-1,0.39492191913221475
GTGCGGTAGACTACAAx-1,0.7412516707803916
GTGCATAGTCTTCGTCx-1,0.42465502320851756
GTTCTCGTCTGTACGAx-1,0.439521575246669
GTGCGGTCATACGCTAx-1,0.39492191913221475
GTGCAGCGTGTTGGGAx-1,0.7412516707803916
GTTTCTACACACCGACx-1,0.3101463814497511
GTGTTAGGTTGCCTCTx-1,0.38568275293728826
GTGCTTCGTAAGTGTAx-1,0.40978847117036615
GTTCTCGTCTGGGCCAx-1,0.3963289249350302
GTGCAGCCATTTCACTx-1,0.3101463814497511
GTTCATTCACCGGAAAx-1,0.38568275293728826
GTTAAGCCACGAAAGCx-1,0.38568275293728826
GTTCGGGCACCAGGCTx-1,0.38568275293728826
GTTCATTGTAAGGGCTx-1,0.7412516707803916
GTTCGGGGTTTAGCTGx-1,0.38568275293728826
TAAACCGAGCGTTTACx-1,0.39492191913221475
GTGCAGCAGGACCACAx-1,0.4918176621306598
GTTACAGGTTATGCGTx-1,0.6406749722691507
GTTTCTACACCTGGTGx-1,0.39492191913221475
GTGCAGCAGCAATCTCx-1,0.439521575246669
GTGGGTCGTCAAGCGAx-1,0.3605039624414425
GTGCGGTGTTGTCGCGx-1,0.39492191913221475
GTGTTAGTCGTGGACCx-1,0.7412516707803916
GTGCTTCTCTTGGGTAx-1,0.38568275293728826
GTTCGGGCAATCTACGx-1,0.40978847117036615
GTGTGCGAGACTAGATx-1,0.40978847117036615
GTTCATTGTCGAATCTx-1,0.39492191913221475
GTGTGCGTCCAATGGTx-1,0.4918176621306598
GTGCATAGTAAACCTCx-1,0.38568275293728826
GTGCATAAGGTGACCAx-1,0.38568275293728826
GTTCGGGTCGAGCCCAx-1,0.38568275293728826
GTTCATTCACCAGGCTx-1,0.3101463814497511
GTGCATACAGTAAGCGx-1,0.4918176621306598
GTTACAGCACATGGGAx-1,0.39492191913221475
GTGGGTCTCTCCCTGAx-1,0.439521575246669
GTTCATTGTGCACCACx-1,0.5400982737579099
GTTAAGCTCCACGAATx-1,0.439521575246669
GTGCGGTTCACAACGTx-1,0.7412516707803916
GTGCTTCGTTCCGTCTx-1,0.439521575246669
GTTACAGGTCTTTCATx-1,0.4403354459724395
GTTCTCGAGTTGCAGGx-1,0.38568275293728826
GTGCGGTAGACACTAAx-1,0.3605039624414425
GTGGGTCGTACACCGCx-1,0.439521575246669
GTGTTAGCATCAGTCAx-1,0.38568275293728826
GTGTTAGCAGGGCATAx-1,0.439521575246669
GTGCATAAGGAGTAGAx-1,0.38179630643692636
GTTTCTATCCGCGGTAx-1,0.7412516707803916
GTTCTCGAGCAGCCTCx-1,0.38568275293728826
GTGCATAAGGAGTACCx-1,0.439521575246669
GTTACAGTCCCGGATGx-1,0.38568275293728826
TACAGTGAGAGTACCGx-1,0.4918176621306598
TACGGGCGTCCAGTATx-1,0.40978847117036615
TACCTTAAGGAACTGCx-1,0.7412516707803916
TAAGAGAGTAGCGTGAx-1,0.439521575246669
TACTCATGTTGCGTTAx-1,0.41762126893051404
TACGGGCGTCTACCTCx-1,0.39492191913221475
TACCTATTCCCTAATTx-1,0.439521575246669
TACTTACGTAAAGTCAx-1,0.38568275293728826
TACAGTGTCGGTTCGGx-1,0.3101463814497511
TAAACCGTCGAACTGTx-1,0.439521575246669
TACTCGCCATGCCACGx-1,0.38568275293728826
TACGGATCAGCTGCACx-1,0.38568275293728826
TACGGTACACCAACCGx-1,0.38568275293728826
TACTCATGTCTAGGTTx-1,0.439521575246669
TAAGTGCCATGAAGTAx-1,0.39492191913221475
TACGGGCTCCTCAACCx-1,0.439521575246669
TAAGCGTTCAGTTGACx-1,0.439521575246669
TACTCATAGCTACCGCx-1,0.8131738584155563
TACTCGCCAAGACACGx-1,0.439521575246669
TACGGGCGTCCAGTGCx-1,0.39492191913221475
TACAGTGCAGCGTTCGx-1,0.42465502320851756
TACTTACCAGACGCAAx-1,0.38568275293728826
TACTCGCAGGCGATACx-1,0.38568275293728826
TACTTACAGAAGATTCx-1,0.6581070012304809
TACGGTAGTACTCGCGx-1,0.39492191913221475
TACTTACGTTGTGGAGx-1,0.439521575246669
TACTCATGTCATCCCTx-1,0.39492191913221475
TAAACCGGTATAAACGx-1,0.7412516707803916
TACTTACGTCAACATCx-1,0.5489822060908583
TAAGCGTAGAGCTTCTx-1,0.38568275293728826
TACGGGCAGATAGGAGx-1,0.4067087491053907
TACGGGCTCGCATGATx-1,0.7412516707803916
TACCTTACATGTCGATx-1,0.39492191913221475
TAAGTGCTCACGGTTAx-1,0.42465502320851756
TACAGTGAGGACAGAAx-1,0.39492191913221475
TACCTATGTCATGCATx-1,0.439521575246669
TACTTACAGATGGCGTx-1,0.439521575246669
TAAGCGTCAGGCGATAx-1,0.39492191913221475
TACGGTATCGCAGGCTx-1,0.7391283502065717
TACGGGCCACAAGTAAx-1,0.39492191913221475
TAAGTGCGTTCAGGCCx-1,0.38568275293728826
TACGGATTCTGCGGCAx-1,0.5400982737579099
TACAGTGAGTACGATAx-1,0.7412516707803916
TAAACCGCAGATGGCAx-1,0.3101463814497511
TACCTATTCTTCAACTx-1,0.7412516707803916
TACTCATTCGTTACAGx-1,0.38568275293728826
TAAGTGCTCTTGCAAGx-1,0.5442441061770477
TACTCATAGACCACGAx-1,0.38568275293728826
TAAGTGCGTTACGTCAx-1,0.38568275293728826
TAAACCGGTTAAGAACx-1,0.5749623316805703
TACTCATGTCCAGTTAx-1,0.38568275293728826
TACCTATCAAGGTTCTx-1,0.38568275293728826
TACACGACAAGCCATTx-1,0.38568275293728826
TACGGATGTTCCATGAx-1,0.439521575246669
TACGGTATCCAAACACx-1,0.38568275293728826
TAAGCGTAGGAGTACCx-1,0.39492191913221475
TACAGTGAGGCGTACAx-1,0.7412516707803916
TACAGTGCATGAACCTx-1,0.3101463814497511
TAAGTGCTCATGCTCCx-1,0.39492191913221475
TACGGTATCTGCTGCTx-1,0.3101463814497511
TAAACCGTCGCCTGTTx-1,0.38568275293728826
TACACGAAGAATTCCCx-1,0.5489822060908583
TACGGGCTCCTTGCCAx-1,0.439521575246669
TACCTATGTCTCAACAx-1,0.3963289249350302
TACTCGCCAGGTCGTCx-1,0.38568275293728826
TAAGCGTAGGCAGGTTx-1,0.7412516707803916
TACTCGCGTGGTTTCAx-1,0.38568275293728826
TAAGCGTGTTATCGGTx-1,0.41762126893051404
TACTCATTCTAACTCTx-1,0.41762126893051404
TAAGAGATCCAGTATGx-1,0.39492191913221475
TACGGATAGTACGCGAx-1,0.7412516707803916
TAAGAGATCAACGAAAx-1,0.439521575246669
TACGGATCACCATCCTx-1,0.38568275293728826
TAAGTGCCATCGGTTAx-1,0.439521575246669
TACGGATCAAACTGTCx-1,0.439521575246669
TACACGATCAGCAACTx-1,0.41762126893051404
TACGGTAGTCGCATCGx-1,0.39492191913221475
TACTCGCAGCAAATCAx-1,0.38568275293728826
TACGGTACATGAAGTAx-1,0.39492191913221475
TACTTACCAGTCAGAGx-1,0.3101463814497511
TACGGGCCATAGTAAGx-1,0.439521575246669
TACAGTGCATGTCGATx-1,0.38568275293728826
TACCTATCATGCCCGAx-1,0.6581070012304809
TACTTACCATCGACGCx-1,0.439521575246669
TACGGGCGTGTCCTCTx-1,0.439521575246669
TACCTATTCATGCTCCx-1,0.38568275293728826
TACACGACAAGTTAAGx-1,0.439521575246669
TACGGATGTCTCTTTAx-1,0.439521575246669
TAAGCGTAGAGTGAGAx-1,0.38568275293728826
TACTTACAGGTGATATx-1,0.38568275293728826
TACGGATTCTTGAGACx-1,0.3101463814497511
TACGGATGTAGCTAAAx-1,0.439521575246669
TACTCGCCAGTAAGCGx-1,0.39492191913221475
TACCTTATCGCCAAATx-1,0.40978847117036615
TACAGTGCAACTGCGCx-1,0.7412516707803916
TACGGTATCCGCATAAx-1,0.439521575246669
TACCTTAAGAACAATCx-1,0.7412516707803916
TCACAAGAGAATAGGGx-1,0.38568275293728826
TATCTCAGTCAAAGCGx-1,0.38568275293728826
TAGTTGGCAGCTTCGGx-1,0.42465502320851756
TCACAAGAGACAATACx-1,0.3918421970672392
TATGCCCTCACGACTAx-1,0.42465502320851756
TAGTTGGTCACGAAGGx-1,0.39492191913221475
TCACAAGAGTACGACGx-1,0.3101463814497511
TCAACGACAAGAGTCGx-1,0.38568275293728826
TAGCCGGTCTGCTGTCx-1,0.39492191913221475
TAGTTGGTCCGGGTGTx-1,0.38568275293728826
TAGACCAAGATCGGGTx-1,0.3101463814497511
TAGAGCTCAGTCAGCCx-1,0.439521575246669
TACTTACTCGTGTAGTx-1,0.39492191913221475
TCAATCTCATTTGCTTx-1,0.3101463814497511
TACTTGTCACACAGAGx-1,0.38568275293728826
TATTACCTCCTATTCAx-1,0.39492191913221475
TCAATCTCATGCAACTx-1,0.38568275293728826
TAGTGGTAGGTCGGATx-1,0.38568275293728826
TATGCCCCAACACGCCx-1,0.38568275293728826
TATCTCATCTAACGGTx-1,0.42465502320851756
TATGCCCAGTCTCGGCx-1,0.39492191913221475
TACTTGTTCACGACTAx-1,0.3666634065713935
TAGAGCTAGCCAGAACx-1,0.3101463814497511
TATCAGGTCTCAACTTx-1,0.41762126893051404
TAGAGCTTCTAACCGAx-1,0.38568275293728826
TCAACGAAGTACATGAx-1,0.439521575246669
TAGACCATCCTTTACAx-1,0.3101463814497511
TAGTTGGCAGATGAGCx-1,0.39492191913221475
TACTTACTCTCAAACGx-1,0.38568275293728826
TCAATCTCACCGGAAAx-1,0.439521575246669
TCAACGAGTGCTAGCCx-1,0.39492191913221475
TAGTGGTGTAAATGTGx-1,0.39492191913221475
TAGTGGTCAAGAAGAGx-1,0.38568275293728826
TAGCCGGCAAGAAAGGx-1,0.41762126893051404
TCAACGATCAGCATGTx-1,0.42465502320851756
TAGACCAAGCTAAGATx-1,0.38568275293728826
TATTACCAGGAGTCTGx-1,0.3101463814497511
TAGACCACATGTCTCCx-1,0.3918421970672392
TATTACCGTAGCGCAAx-1,0.3101463814497511
TAGCCGGCAGACGCAAx-1,0.40978847117036615
TAGTTGGCACTCAGGCx-1,1.0
TCAATCTCATGAAGTAx-1,0.6584428369350477
TAGGCATTCTCATTCAx-1,0.8131738584155563
TCAACGACATCTCCCAx-1,0.38568275293728826
TATTACCCATCGTCGGx-1,0.3101463814497511
TAGTTGGTCAGCACATx-1,0.5749623316805703
TATTACCTCGCTTGTCx-1,0.439521575246669
TATCAGGGTGGTCCGTx-1,0.38568275293728826
TATTACCCACCACGTGx-1,0.7412516707803916
TCAATCTTCAGGCCCAx-1,0.439521575246669
TCACAAGCAGATGGCAx-1,0.439521575246669
TACTTGTAGTGCGATGx-1,0.3101463814497511
TCACAAGAGATGTGTAx-1,0.39492191913221475
TAGCCGGAGCTTATCGx-1,0.38568275293728826
TATGCCCCAAACGCGAx-1,0.38568275293728826
TCAATCTTCTAGAGTCx-1,0.38568275293728826
TCAATCTCAGTCGTGCx-1,0.7412516707803916
TATGCCCGTAGCGTAGx-1,0.38568275293728826
TACTTGTAGTGGAGTCx-1,0.7412516707803916
TAGTGGTAGTCCGTATx-1,0.38568275293728826
TAGTTGGCAAACTGCTx-1,0.6581070012304809
TATTACCGTGCAACTTx-1,0.3353251719455968
TAGACCAAGTGTCCATx-1,0.39492191913221475
TAGTTGGAGCGTCAAGx-1,0.39492191913221475
TATTACCCACGAAAGCx-1,0.39492191913221475
TCAACGACAATACGCTx-1,0.42465502320851756
TAGTGGTAGAATAGGGx-1,0.38568275293728826
TATCTCAGTCAGAATAx-1,0.39492191913221475
TAGTGGTAGTCATCCAx-1,0.740543897255785
TAGTTGGTCAGAGCTTx-1,0.439521575246669
TACTTGTCAGATAATGx-1,0.7412516707803916
TAGTTGGGTGCTCTTCx-1,0.439521575246669
TAGCCGGCACCCTATCx-1,0.439521575246669
TAGCCGGTCAACGGCCx-1,0.38568275293728826
TATCTCAAGTGTACCTx-1,0.4918176621306598
TATGCCCAGATAGCATx-1,0.439521575246669
TAGCCGGAGGCCCGTTx-1,0.38876247500226374
TCAACGAAGCGTAGTGx-1,0.39492191913221475
TAGGCATGTGCGATAGx-1,0.38568275293728826
TATTACCCAGGACGTAx-1,0.3605039624414425
TCAACGAGTTTGACACx-1,0.38568275293728826
TACTTGTAGTGCGTGAx-1,0.39492191913221475
TCAATCTCATGAGCGAx-1,0.439521575246669
TCAATCTGTGAGGGAGx-1,0.42465502320851756
TACTTGTGTACCGCTGx-1,0.39492191913221475
TAGCCGGCAGATTGCTx-1,0.4215753011435421
TATTACCAGCTTATCGx-1,0.38568275293728826
TACTTGTTCTTGTTTGx-1,0.38568275293728826
TACTTGTCAGTGAGTGx-1,0.38568275293728826
TAGTGGTGTCAGAAGCx-1,0.3101463814497511
TCAACGAGTTACCAGTx-1,0.439521575246669
TATCAGGAGTAATCCCx-1,0.38568275293728826
TAGCCGGGTACCATCAx-1,0.40978847117036615
TAGACCATCAAACCACx-1,0.38568275293728826
TAGACCAGTTACCAGTx-1,0.4918176621306598
TCAATCTAGCGACGTAx-1,0.439521575246669
TAGACCAGTAGGACACx-1,0.39492191913221475
TCAGGATAGTGTACCTx-1,0.38568275293728826
TCCCGATGTCCCTACTx-1,0.38568275293728826
TCCACACGTAAAGTCAx-1,0.41762126893051404
TCACGAATCCTGTAGAx-1,0.41762126893051404
TCAGCAAAGCCATCGCx-1,0.3605039624414425
TCCCGATAGTGTCTCAx-1,0.3918421970672392
TCATTACTCCGCGTTTx-1,0.439521575246669
TCAGCTCTCATGTAGCx-1,0.38568275293728826
TCAGCTCGTCGAAAGCx-1,0.7412516707803916
TCACAAGTCATTCACTx-1,0.38568275293728826
TCAGGATAGAGCCCAAx-1,0.3101463814497511
TCATTTGGTTTGTTGGx-1,0.38568275293728826
TCCCGATCAAGCTGTTx-1,0.38568275293728826
TCAGCAAGTAGAGCTGx-1,0.7412516707803916
TCAGGTACAAGCCTATx-1,0.439521575246669
TCCACACGTCATGCCGx-1,0.39492191913221475
TCCACACCATTACGACx-1,0.42465502320851756
TCAGGTACACGGTAGAx-1,0.39492191913221475
TCAGCTCGTAAGTGTAx-1,0.3101463814497511
TCATTTGAGAGTAATCx-1,0.439521575246669
TCACGAACAAACCTACx-1,0.439521575246669
TCACAAGTCAAGGTAAx-1,0.39492191913221475
TCAGGATAGTTAACGAx-1,0.3605039624414425
TCACGAAAGCGATATAx-1,0.3101463814497511
TCAGCTCCAGGGTATGx-1,0.439521575246669
TCAGCAATCGGAAATAx-1,0.38568275293728826
TCAGCTCGTTTAAGCCx-1,0.4918176621306598
TCAGCAATCTCATTCAx-1,0.5749623316805703
TCACAAGCATTGCGGCx-1,0.40978847117036615
TCCACACAGGACAGCTx-1,0.439521575246669
TCAGGATTCGACGGAAx-1,0.38568275293728826
TCACGAAAGAGCAATTx-1,0.39492191913221475
TCCCGATAGCTAGTTCx-1,0.40362902704041514
TCATTTGAGACTAAGTx-1,0.38568275293728826
TCCCGATGTTGTCGCGx-1,0.7412516707803916
TCAGATGAGGCTATCTx-1,0.38568275293728826
TCAGGTAAGATGTTAGx-1,0.38568275293728826
TCGAGGCGTCATACTGx-1,0.38568275293728826
TCACGAATCTTTAGTCx-1,0.38568275293728826
TCACGAACACGGTAAGx-1,0.7412516707803916
TCGAGGCCATGGTAGGx-1,0.38568275293728826
TCATTTGGTCCTCCATx-1,0.439521575246669
TCAGGTAGTCCTCCATx-1,0.439521575246669
TCCACACAGTGGCACAx-1,0.439521575246669
TCCACACGTGATGTGGx-1,0.42722050013169643
TCAGGTATCTGATACGx-1,0.3101463814497511
TCGAGGCAGTGGTCCCx-1,0.3918421970672392
TCACAAGCAGCATGAGx-1,0.7412516707803916
TCACGAATCGATAGAAx-1,0.39492191913221475
TCAGGTACAAGCTGGAx-1,0.39492191913221475
TCCCGATGTCTACCTCx-1,0.39492191913221475
TCACGAAAGGAGTTTAx-1,0.38568275293728826
TCCCGATCAAACTGCTx-1,0.42465502320851756
TCAGGTATCTCAACTTx-1,0.439521575246669
TCCCGATCAGCGTTCGx-1,0.4067087491053907
TCACGAAGTATAGGTAx-1,0.38179630643692636
TCCACACGTACCGTATx-1,0.42465502320851756
TCATTTGAGACTAGATx-1,0.42465502320851756
TCCCGATCAATAGAGTx-1,0.3101463814497511
TCCACACGTCAAAGCGx-1,0.439521575246669
TCACGAACAGGAATCGx-1,0.7037670547128484
TCAGCTCGTGCGAAACx-1,0.42465502320851756
TCATTTGTCGGCTACGx-1,0.38876247500226374
TCAGCAACAGAAGCACx-1,0.39492191913221475
TCACGAACACGCCAGTx-1,0.7412516707803916
TCACGAAAGTACGATAx-1,0.6122526979717859
TCACAAGGTGGACGATx-1,0.38568275293728826
TCACAAGTCTGAGGGAx-1,0.4918176621306598
TCAGCTCCACATTTCTx-1,0.439521575246669
TCAGGTAGTGCGATAGx-1,0.38568275293728826
TCCACACCAGGCTCACx-1,0.38568275293728826
TCACGAACACAACGCCx-1,0.3101463814497511
TCACAAGGTTCACGGCx-1,0.9137505569267972
TCCCGATAGATCACGGx-1,0.38568275293728826
TCAGGATCATGTAGTCx-1,0.38568275293728826
TCAGCAACACGTAAGGx-1,0.41762126893051404
TCACAAGGTCCATGATx-1,0.38568275293728826
TCAGATGAGTGAACATx-1,0.7412516707803916
TCCACACCACCAGCACx-1,0.39492191913221475
TCAGCTCCACCATGTAx-1,0.38568275293728826
TCAGCTCGTAGAAAGGx-1,0.38568275293728826
TCAGCTCAGCGTTGCCx-1,0.439521575246669
TCCCGATAGCGCCTTGx-1,0.38568275293728826
TCAGATGCACCGAAAGx-1,0.439521575246669
TCACAAGTCGATCCCTx-1,0.7412516707803916
TCACGAATCTACCTGCx-1,0.7412516707803916
TCCACACGTGTGGTTTx-1,0.8131738584155563
TCACAAGTCTCGATGAx-1,0.38568275293728826
TCAGCTCCAATAAGCAx-1,0.439521575246669
TCAGGATCACCAGATTx-1,0.49498813900759076
TCGAGGCAGGAGTCTGx-1,0.3101463814497511
TCAGCTCGTTCGCGACx-1,0.38568275293728826
TCACGAATCAGGCGAAx-1,0.439521575246669
TCATTACCACGACTCGx-1,0.38568275293728826
TCAGGATCAGGCGATAx-1,0.3101463814497511
TCGAGGCCAAAGCAATx-1,0.38568275293728826
TCACGAAGTGATGCCCx-1,0.439521575246669
TCAGCTCAGCTGCCCAx-1,0.39492191913221475
TCGGTAACAACTGCGCx-1,0.4918176621306598
TCGGTAATCGTGGTCGx-1,0.38568275293728826
TCTCTAATCCATGCTCx-1,0.38568275293728826
TCGTACCAGATGTCGGx-1,0.4403354459724395
TCGTACCAGAAGATTCx-1,0.38568275293728826
TCTGGAAGTGTTCGATx-1,0.3605039624414425
TCGTACCGTAAGTGTAx-1,0.3666634065713935
TCGGTAAAGTGGACGTx-1,0.40978847117036615
TGAAAGAAGCGATATAx-1,0.39492191913221475
TCGGGACTCAGTCCCTx-1,0.38568275293728826
TCGGGACTCCTAGGGCx-1,0.439521575246669
TCGGTAATCATTATCCx-1,0.39492191913221475
TCGAGGCGTCGGCACTx-1,0.7412516707803916
TCTGGAAAGACTAAGTx-1,0.439521575246669
TCGGTAATCCCTTGTGx-1,0.4918176621306598
TCTATTGTCCGCAGTGx-1,0.7412516707803916
TCTTTCCAGTCTCAACx-1,0.740543897255785
TCGTACCTCATAACCGx-1,0.7412516707803916
TCTATTGAGATGGGTCx-1,0.38568275293728826
TCTCTAACACCAGTTAx-1,0.39492191913221475
TCGGTAAAGCGTGTCCx-1,0.4649634295571679
TCTTTCCGTTCCCTTGx-1,0.439521575246669
TCTGGAATCTGCTGCTx-1,0.6122526979717859
TCGAGGCTCCGTACAAx-1,0.38568275293728826
TCGTACCAGATCTGCTx-1,0.439521575246669
TCTATTGAGTTGTCGTx-1,0.40978847117036615
TCGTACCCACCTATCCx-1,0.38568275293728826
TCGGGACTCCATGAGTx-1,0.39492191913221475
TGAAAGAAGGACAGCTx-1,0.38568275293728826
TCGGGACGTGCGCTTGx-1,0.39492191913221475
TCTCTAAGTCGTCTTCx-1,0.38568275293728826
TCTGGAATCGCAGGCTx-1,0.38568275293728826
TGAAAGAAGACACGACx-1,0.40978847117036615
TCGGGACTCAGGTAAAx-1,0.439521575246669
TCTCTAAAGTTCGCATx-1,0.38568275293728826
TCGCGTTCAATGGACGx-1,0.3101463814497511
TCTCATATCTCTTGATx-1,0.41762126893051404
TCTTTCCAGTAGCCGAx-1,0.5489822060908583
TCTCATACAGTGGAGTx-1,0.3101463814497511
TCGCGTTTCTGCCCTAx-1,0.38568275293728826
TCGTAGATCCTCAACCx-1,0.7412516707803916
TCGCGTTAGGAGTTTAx-1,0.38568275293728826
TCGTAGAGTCTAGCGCx-1,0.17160364394294814
TCTTCGGTCGTTTATCx-1,0.40978847117036615
TCTTTCCTCTCTGCTGx-1,0.40978847117036615
TCTCATATCTTTACACx-1,0.3918421970672392
TCTGAGAGTTCAGTACx-1,0.4918176621306598
TCTCTAACAAGAAGAGx-1,0.40978847117036615
TCGGGACAGAAACGCCx-1,0.4918176621306598
TCTCATATCATACGGTx-1,0.38568275293728826
TCTTTCCGTCTCCACTx-1,0.7412516707803916
TGAAAGAAGCGTCAAGx-1,0.7412516707803916
TCGCGAGAGAGGTAGAx-1,0.3101463814497511
TCTGGAAGTCTGATCAx-1,0.439521575246669
TCGTAGAAGGATGTATx-1,0.6584428369350477
TCGCGAGAGATGCCTTx-1,0.439521575246669
TCGCGAGGTAGTACCTx-1,0.439521575246669
TCTGGAATCCATGCTCx-1,0.42465502320851756
TCGCGTTTCTGCAAGTx-1,0.439521575246669
TCGGTAACAGTCCTTCx-1,0.42465502320851756
TCGCGAGGTCTGCGGTx-1,0.42465502320851756
TCGGGACGTAGGAGTCx-1,0.38568275293728826
TCTGAGAAGATGTCGGx-1,0.38568275293728826
TCTGGAAGTCAAACTCx-1,0.7412516707803916
TCGAGGCTCAGTTTGGx-1,0.5400982737579099
TCGTAGAAGATGGGTCx-1,0.39492191913221475
TCGAGGCGTGTGCCTGx-1,0.38568275293728826
TCGCGAGTCCCTGACTx-1,0.767903467779237
TCGTACCGTTAGAACAx-1,0.42465502320851756
TCGGGACGTCACTGGCx-1,0.7412516707803916
TCGTAGAAGTTAACGAx-1,0.38568275293728826
TGAAAGAAGGCGTACAx-1,0.3101463814497511
TCGCGAGCACATCTTTx-1,0.5489822060908583
TCTATTGAGTGTTTGCx-1,0.439521575246669
TCTGGAATCTCGCTTGx-1,0.39492191913221475
TCGGGACCAGTAAGCGx-1,0.38568275293728826
TCTCATATCACGAAGGx-1,0.38568275293728826
TCGGGACAGGATGGTCx-1,0.4918176621306598
TCGGTAATCATGGTCAx-1,0.39492191913221475
TCTATTGAGGGATACCx-1,0.439521575246669
TCGTAGATCAGCGACCx-1,0.38568275293728826
TCGGTAAGTTCGGCACx-1,0.38568275293728826
TCGTACCAGACAAAGGx-1,0.439521575246669
TCGAGGCTCGTTGACAx-1,0.7412516707803916
TCTGAGAAGTCGTTTGx-1,0.38568275293728826
TCGAGGCTCATTATCCx-1,0.39492191913221475
TCGCGTTGTGATGTGGx-1,0.38568275293728826
TCTATTGGTAAGAGGAx-1,0.439521575246669
TCTCATAGTAAGGATTx-1,0.7412516707803916
TCGCGTTGTGGTTTCAx-1,0.40978847117036615
TCTTCGGTCGTTGCCTx-1,0.7412516707803916
TCGCGTTAGCGGATCAx-1,0.439521575246669
TCGTAGAAGGCGACATx-1,0.38568275293728826
TCTCATATCAACGGGAx-1,0.38876247500226374
TCGGTAAGTCTTGCGGx-1,0.439521575246669
TCTATTGCAGCCTTGGx-1,0.439521575246669
TGAGCCGTCTAAGCCAx-1,0.39492191913221475
TGATTTCGTGACGCCTx-1,0.439521575246669
TGACTAGAGTAGGCCAx-1,0.3963289249350302
TGAAAGAGTGACAAATx-1,0.39492191913221475
TGATTTCCAATGAAACx-1,0.39492191913221475
TGAGCATAGTGGGCTAx-1,0.38568275293728826
TGATTTCAGCAGCGTAx-1,0.38568275293728826
TGACTTTAGGCTCTTAx-1,0.7412516707803916
TGAGCATTCTCTGTCGx-1,0.3101463814497511
TGACTTTGTCTTGATGx-1,0.41762126893051404
TGAGCCGAGGACAGAAx-1,0.7412516707803916
TGATTTCGTCTCACCTx-1,0.39492191913221475
TGACTTTTCGCAAACTx-1,0.4918176621306598
TGACAACGTGGGTATGx-1,0.439521575246669
TGACTAGCATGATCCAx-1,0.439521575246669
TGAGGGATCCATGAGTx-1,0.38568275293728826
TGAAAGAAGTGTTTGCx-1,0.3101463814497511
TGAGAGGGTCTTTCATx-1,0.38568275293728826
TGAGCATGTAGGGTACx-1,0.3101463814497511
TGAGGGAAGTGCTGCCx-1,0.38568275293728826
TGACTTTTCGGCATCGx-1,0.7412516707803916
TGACTTTCAATCTGCAx-1,0.39492191913221475
TGACAACGTCACACGCx-1,0.38568275293728826
TGAGCATCATGTTCCCx-1,0.439521575246669
TGACTAGAGGCATGTGx-1,0.38568275293728826
TGAGCATGTTCCACAAx-1,0.3101463814497511
TGAGAGGAGCTCTCGGx-1,0.7412516707803916
TGCCAAAAGCATCATCx-1,0.6581070012304809
TGATTTCCAATTCCTTx-1,0.39492191913221475
TGAGGGATCTTGAGGTx-1,0.439521575246669
TGAGCCGAGAGACTTAx-1,0.439521575246669
TGACTTTCATCCAACAx-1,0.4649634295571679
TGAGCATGTTACGACTx-1,0.439521575246669
TGAGCATTCATGTCTTx-1,0.38568275293728826
TGAAAGAAGTGATCGGx-1,0.4918176621306598
TGACTTTGTCGCCATGx-1,0.439521575246669
TGAGAGGTCGTCCGTTx-1,0.38568275293728826
TGACGGCTCATTGCGAx-1,0.38568275293728826
TGAGGGATCCTGCAGGx-1,0.38568275293728826
TGACTAGAGTAACCCTx-1,0.38568275293728826
TGATTTCAGAAACCATx-1,0.439521575246669
TGACAACAGTGTACTCx-1,0.7412516707803916
TGACGGCAGTGTTTGCx-1,0.3101463814497511
TGAAAGAGTCGAACAGx-1,0.439521575246669
TGATTTCGTGGGTCAAx-1,0.3101463814497511
TGACGGCTCAGAGCTTx-1,0.42465502320851756
TGAGAGGGTTAAGAACx-1,0.39492191913221475
TGAGGGACAGCCTATAx-1,0.39492191913221475
TGAAAGATCCTATGTTx-1,0.38568275293728826
TGACTAGAGTGAATTGx-1,0.38568275293728826
TGACAACAGAGGTTGCx-1,0.39492191913221475
TGATTTCGTCAGTGGAx-1,0.39492191913221475
TGACTTTCATACCATGx-1,0.439521575246669
TGAGCATAGACAAAGGx-1,0.38568275293728826
TGAGCCGAGATCTGAAx-1,0.38876247500226374
TGACAACTCTCTGAGAx-1,0.439521575246669
TGACTTTAGCCACCTGx-1,0.5749623316805703
TGCACCTTCACTTACTx-1,0.7412516707803916
TGAGAGGGTTTGACACx-1,0.6406749722691507
TGAGAGGTCCTAGGGCx-1,0.39492191913221475
TGACTAGTCAATCTCTx-1,0.40978847117036615
TGACTAGGTCTCTCTGx-1,0.3918421970672392
TGCACCTTCCGGGTGTx-1,0.6122526979717859
TGACTAGCACCCTATCx-1,0.439521575246669
TGCACCTAGGCTCATTx-1,0.41762126893051404
TGACGGCGTCCAGTTAx-1,0.439521575246669
TGAGCCGAGAGCTTCTx-1,0.7412516707803916
TGAGAGGAGGCAATTAx-1,0.439521575246669
TGATTTCGTCCATGATx-1,0.38876247500226374
TGAAAGACAGATTGCTx-1,0.439521575246669
TGATTTCAGGAGTAGAx-1,0.3101463814497511
TGAGGGAAGCACCGCTx-1,0.38568275293728826
TGAGCCGTCCTGCCATx-1,0.40978847117036615
TGAGAGGGTTCACCTCx-1,0.5496408320427421
TGAGCCGTCCCACTTGx-1,0.439521575246669
TGAGGGAGTACTTGACx-1,0.38876247500226374
TGACTTTTCAAACGGGx-1,0.3101463814497511
TGACTAGCATGGTCTAx-1,0.39492191913221475
TGCACCTGTGATGCCCx-1,0.439521575246669
TGACTTTAGTCTCAACx-1,0.439521575246669
TGCCAAAAGTGTACGGx-1,0.439521575246669
TGAGCATGTATTCTCTx-1,0.3605039624414425
TGACTTTGTTCTCATTx-1,0.4918176621306598
TGAGCATAGACCTTTGx-1,0.439521575246669
TGATTTCCAATGGAGCx-1,0.38568275293728826
TGACGGCAGACACGACx-1,0.439521575246669
TGAGCCGGTGATAAACx-1,0.439521575246669
TGACTTTAGAAGATTCx-1,0.42465502320851756
TGAGCCGGTGGTCCGTx-1,0.39492191913221475
TGCACCTGTGAAGGCTx-1,0.39492191913221475
TGAGGGAAGCGTCTATx-1,0.3918421970672392
TGACTTTTCAGTCCCTx-1,0.38568275293728826
TGAGCATGTTGGTTTGx-1,0.42465502320851756
TGATTTCGTGGTCTCGx-1,0.7412516707803916
TGATTTCGTCTTCAAGx-1,0.4069750969327721
TGGGCGTCAACGATGGx-1,0.40978847117036615
TGCGCAGAGGCCCTTGx-1,0.39492191913221475
TGGGAAGAGTGTTTGCx-1,0.6584428369350477
TGCGGGTTCACTATTCx-1,0.38568275293728826
TGCGTGGGTGGTACAGx-1,0.439521575246669
TGGGCGTAGCGATTCTx-1,0.38568275293728826
TGCGTGGTCGAATGCTx-1,0.439521575246669
TGCCCTATCGAACTGTx-1,0.38568275293728826
TGGCGCAAGTATCTCGx-1,0.39492191913221475
TGCCCTAGTCCCTTGTx-1,0.4859894257252703
TGCTGCTAGCTACCTAx-1,0.39492191913221475
TGGCGCACATTATCTCx-1,0.38568275293728826
TGGCTGGAGGGATACCx-1,0.7412516707803916
TGGCTGGTCCTTGCCAx-1,0.38568275293728826
TGCGTGGGTCGCATCGx-1,0.439521575246669
TGGGCGTAGATATACGx-1,0.3918421970672392
TGGCCAGTCACGATGTx-1,0.42465502320851756
TGGCTGGTCAAACGGGx-1,0.38568275293728826
TGGCTGGCAGTTCATGx-1,0.38568275293728826
TGGGAAGAGTACTTGCx-1,0.439521575246669
TGCCCTACACTAGTACx-1,0.3101463814497511
TGGCGCATCCGAACGCx-1,0.4918176621306598
TGCGCAGTCGGTTAACx-1,0.439521575246669
TGGACGCGTTCGTTGAx-1,0.38568275293728826
TGCTGCTCAATAAGCAx-1,0.41762126893051404
TGGGAAGAGCTGAACGx-1,0.5489822060908583
TGCCCATAGGTGCTAGx-1,0.3605039624414425
TGCGGGTTCTCTGAGAx-1,0.42465502320851756
TGCTACCCATGAACCTx-1,0.7412516707803916
TGGACGCGTCTTGATGx-1,0.38568275293728826
TGCTGCTTCAGCCTAAx-1,0.439521575246669
TGCTACCTCCCAGGTGx-1,0.7412516707803916
TGGCTGGCAAGCCTATx-1,0.3101463814497511
TGCTACCGTCTCCCTAx-1,0.38568275293728826
TGGACGCCACGACTCGx-1,0.38568275293728826
TGGACGCGTGACGCCTx-1,0.39492191913221475
TGCGTGGTCAACACGTx-1,0.38568275293728826
TGCGGGTCATACGCTAx-1,0.3605039624414425
TGGGAAGAGGTCGGATx-1,0.40978847117036615
TGCCAAACAGGTTTCAx-1,0.4918176621306598
TGCGGGTGTATTACCGx-1,0.40978847117036615
TGCTACCGTTCAACCAx-1,0.6556408263854119
TGCGGGTAGATCGGGTx-1,0.39492191913221475
TGGCTGGCACAAGCCCx-1,0.7412516707803916
TGGCCAGCATCGTCGGx-1,0.38568275293728826
TGCTGCTCACATCCAAx-1,0.38568275293728826
TGCGGGTGTAAGAGAGx-1,0.4649634295571679
TGGCTGGAGATCGGGTx-1,0.39492191913221475
TGCGGGTTCCAACCAAx-1,1.0
TGCCCTAGTTAAGATGx-1,0.4918176621306598
TGCCCATAGTGCGTGAx-1,0.38568275293728826
TGGACGCCAGTAAGCGx-1,0.41762126893051404
TGCTACCTCCAAGCCGx-1,0.3101463814497511
TGCCAAAGTTCACGGCx-1,0.39492191913221475
TGCCCATAGATCTGAAx-1,0.39492191913221475
TGCGTGGTCCGCGCAAx-1,0.42465502320851756
TGGCTGGAGAGGTAGAx-1,0.38568275293728826
TGCGCAGAGCGTTTACx-1,0.439521575246669
TGCTGCTAGACACTAAx-1,0.7412516707803916
TGCGGGTGTAATAGCAx-1,0.39492191913221475
TGGCTGGTCTATGTGGx-1,0.439521575246669
TGCTGCTTCCCATTATx-1,0.439521575246669
TGCTGCTCATAGTAAGx-1,0.7412516707803916
TGCGGGTCATCCCATCx-1,0.40978847117036615
TGGGCGTCAGCTGCACx-1,0.6581070012304809
TGCTACCAGCAAATCAx-1,0.3963289249350302
TGCGCAGCACCAGATTx-1,0.39492191913221475
TGCCCATGTACCGGCTx-1,0.439521575246669
TGCGCAGCAGTGAGTGx-1,0.7412516707803916
TGGACGCTCGCGATCGx-1,0.439521575246669
TGCCCATCATTGCGGCx-1,0.7412516707803916
TGCGGGTTCGCAAACTx-1,0.38568275293728826
TGCTACCCATAGTAAGx-1,0.3353251719455968
TGGCCAGTCCCGGATGx-1,0.7412516707803916
TGCGGGTCATGTAGTCx-1,0.439521575246669
TGCGCAGCATCCCATCx-1,0.439521575246669
TGCTGCTAGTGAACGCx-1,0.42465502320851756
TGCCCTACATTGGGCCx-1,0.38568275293728826
TGGACGCAGCTGGAACx-1,0.3101463814497511
TGCCCTATCTATCGCCx-1,0.39492191913221475
TGCCCTAAGAGGGATAx-1,0.439521575246669
TGGCGCAAGGCCATAGx-1,0.42465502320851756
TGCCCTATCACGGTTAx-1,0.439521575246669
TGCCCATTCGACGGAAx-1,0.3101463814497511
TGGGAAGTCAAACGGGx-1,0.439521575246669
TGCCAAAGTAGCGCAAx-1,0.3918421970672392
TGCGTGGTCATGTAGCx-1,0.38568275293728826
TGCTACCTCGCATGATx-1,0.7412516707803916
TGCGTGGGTCTCATCCx-1,0.42465502320851756
TGCGTGGGTACCGAGAx-1,0.439521575246669
TGCCCATAGGTGGGTTx-1,0.40978847117036615
TGGCGCACACCAGATTx-1,0.39492191913221475
TGGACGCAGCAGATCGx-1,0.7412516707803916
TTATGCTAGACGCTTTx-1,0.48290970366029484
TGTATTCGTCTAGCGCx-1,0.39492191913221475
TGTCCCAGTTCCTCCAx-1,0.439521575246669
TGGGCGTCAGGGTATGx-1,0.3101463814497511
TTATGCTCACCAGATTx-1,0.38568275293728826
TGGTTAGTCCAGATCAx-1,0.38568275293728826
TGTCCCAGTTAGTGGGx-1,0.3353251719455968
TGGTTAGGTGGTACAGx-1,0.439521575246669
TGTGGTATCATGCATGx-1,0.439521575246669
TTAGTTCTCTAACTTCx-1,0.40978847117036615
TGTATTCTCGAACTGTx-1,0.439521575246669
TTATGCTTCTTGACGAx-1,0.39492191913221475
TTATGCTAGGCCCTCAx-1,0.5749623316805703
TTAGTTCAGATCTGAAx-1,0.4711228736871189
TGTATTCTCATAAAGGx-1,0.39492191913221475
TGTTCCGTCACTTACTx-1,0.38568275293728826
TTAGTTCGTCGCATATx-1,0.38568275293728826
TTAACTCCACATGGGAx-1,0.439521575246669
TGTGTTTGTATTCGTGx-1,0.3963289249350302
TGTTCCGTCACTCTTAx-1,0.3918421970672392
TGTATTCTCTTGACGAx-1,0.39492191913221475
TGGTTCCAGATCTGAAx-1,0.38568275293728826
TTAGTTCGTTGCCTCTx-1,0.439521575246669
TGGTTCCTCGCAGGCTx-1,0.41762126893051404
TTATGCTCATCACAACx-1,0.439521575246669
TGGGCGTGTAGAAGGAx-1,0.439521575246669
TTAACTCAGTTATCGCx-1,0.42465502320851756
TGTCCCACACATCTTTx-1,0.3101463814497511
TGTATTCGTCTCTTTAx-1,0.38568275293728826
TGGTTAGCAAAGCGGTx-1,0.42465502320851756
TTAGTTCTCACTATTCx-1,0.439521575246669
TTAACTCCAGGGATTGx-1,0.38568275293728826
TGTATTCTCCCTTGCAx-1,0.4918176621306598
TGTGGTATCCTCATTAx-1,0.5400982737579099
TTAACTCCATCACCCTx-1,0.439521575246669
TGTATTCGTATCACCAx-1,0.40978847117036615
TTAACTCGTTTGGGCCx-1,0.38568275293728826
TTCCCAGAGTTCCACAx-1,0.40978847117036615
TGTATTCTCCGCATCTx-1,0.7412516707803916
TGGTTCCAGCCCAACCx-1,0.3101463814497511
TTATGCTGTACAGCAGx-1,0.439521575246669
TTAGGACAGAGGTTGCx-1,0.38568275293728826
TGGTTAGGTCCGTGACx-1,0.7412516707803916
TGTCCCAGTTGACGTTx-1,0.6406749722691507
TTAACTCAGCTAAGATx-1,0.7412516707803916
TGTCCCATCAGTGCATx-1,0.38568275293728826
TGTTCCGTCCGAATGTx-1,0.38568275293728826
TTAACTCCATCTCCCAx-1,0.439521575246669
TGTGTTTAGCACGCCTx-1,0.439521575246669
TTAGTTCCATATGAGAx-1,0.39492191913221475
TGTGTTTAGCGCCTTGx-1,0.42465502320851756
TTATGCTCAGTATCTGx-1,0.7412516707803916
TTATGCTCATCTACGAx-1,0.439521575246669
TTAACTCTCAACACTGx-1,0.38568275293728826
TTAGGACCACAGACAGx-1,0.7412516707803916
TTAACTCTCTAACCGAx-1,0.38568275293728826
TGTGGTAAGTGGTAGCx-1,0.38568275293728826
TTAGGCAAGGTAGCCAx-1,0.3101463814497511
TTAGGCAAGGATATACx-1,0.38568275293728826
TTAACTCCACTACAGTx-1,0.439521575246669
TTAGGCAAGAGCTTCTx-1,0.439521575246669
TGTCCCAAGTTTAGGAx-1,0.38568275293728826
TGTGGTAAGGGCTTCCx-1,0.3101463814497511
TGTGGTAAGTCTCAACx-1,0.38876247500226374
TGTGTTTCACGCTTTCx-1,0.38568275293728826
TGGTTCCGTGATAAGTx-1,0.42465502320851756
TGTCCCAGTTCCCGAGx-1,0.39492191913221475
TGTCCCACACGGTGTCx-1,0.39492191913221475
TTAACTCGTAGTACCTx-1,0.39492191913221475
TGGTTCCAGGGATGGGx-1,0.41762126893051404
TGTATTCGTATATGAGx-1,0.7412516707803916
TGTCCCAGTTTAGCTGx-1,0.3101463814497511
TGTTCCGGTGTGGCTCx-1,0.439521575246669
TTAGGACAGCCAGAACx-1,0.439521575246669
TTAGGCAAGTGTACCTx-1,0.38568275293728826
TGTCCCAAGAGACTATx-1,0.439521575246669
TGTGTTTCATTCTCATx-1,0.439521575246669
TGGTTAGCACAGGAGTx-1,0.7412516707803916
TGTATTCAGGCAAAGAx-1,0.7412516707803916
TTAGGCATCAGCTTAGx-1,0.7412516707803916
TTATGCTTCTTGAGGTx-1,0.7412516707803916
TGGTTAGGTGTGAAATx-1,0.439521575246669
TGTCCCATCTGTACGAx-1,0.3605039624414425
TTAGGACGTACTTGACx-1,0.439521575246669
TGTTCCGTCCATGAGTx-1,0.38568275293728826
TGTGGTAAGTGCTGCCx-1,0.7412516707803916
TGGGCGTTCACCATAGx-1,0.39492191913221475
TTAGGACGTATTAGCCx-1,0.38568275293728826
TTCCCAGCACACCGACx-1,0.38568275293728826
TGTCCCATCAGCTCTCx-1,0.439521575246669
TGTTCCGCACATCCAAx-1,0.38568275293728826
TGGTTCCAGAAACGCCx-1,0.3101463814497511
TTAGTTCAGCCCGAAAx-1,0.5103651696816071
TTCCCAGCAAGCTGTTx-1,0.38568275293728826
TTCCCAGAGCTGAAATx-1,0.439521575246669
TTGAACGGTAATTGGAx-1,0.3101463814497511
TTCTTAGTCAACACGTx-1,0.439521575246669
TTGGCAAGTCGTTGTAx-1,0.39492191913221475
TTGTAGGAGATGGGTCx-1,0.39492191913221475
TTGACTTTCAAACCGTx-1,0.7391283502065717
TTGTAGGGTCGCATCGx-1,0.41762126893051404
TTCGGTCGTCATATCGx-1,0.3101463814497511
TTGACTTAGTGAATTGx-1,0.38568275293728826
TTCTACAGTTCCACAAx-1,0.7412516707803916
TTGCGTCAGTACGTTCx-1,0.7412516707803916
TTCGGTCCAGTCGTGCx-1,0.3605039624414425
TTCGAAGGTCTTTCATx-1,0.7412516707803916
TTGTAGGCATGGGAACx-1,0.3666634065713935
TTGACTTGTATCAGTCx-1,0.40978847117036615
TTCTCCTAGGAGTACCx-1,0.38568275293728826
TTCTCCTTCATGTCCCx-1,0.439521575246669
TTGTAGGGTTTGTTTCx-1,0.439521575246669
TTGACTTGTCTCTTTAx-1,0.439521575246669
TTGACTTAGACTTGAAx-1,0.2609015118253196
TTCGGTCGTGCGGTAAx-1,0.4918176621306598
TTGCCGTCAATCCAACx-1,0.38876247500226374
TTGACTTAGTGACATAx-1,0.38568275293728826
TTCTCAAGTCTGCGGTx-1,0.38568275293728826
TTCGAAGTCTAACTCTx-1,0.7412516707803916
TTGGCAAAGTCCTCCTx-1,0.439521575246669
TTTACTGCAAGCCTATx-1,0.4918176621306598
TTCTCCTCATGCGCACx-1,0.39492191913221475
TTCTACATCCTCGCATx-1,0.3101463814497511
TTGGAACAGGACACCAx-1,0.38568275293728826
TTGGAACCACACCGACx-1,0.439521575246669
TTGGCAAGTACTTAGCx-1,0.7412516707803916
TTCGAAGGTAAATGTGx-1,0.42465502320851756
TTGACTTTCGGGAGTAx-1,0.4918176621306598
TTGACTTCAGGATCGAx-1,0.39492191913221475
TTCTTAGGTGAGCGATx-1,0.42465502320851756
TTCCCAGGTGCGAAACx-1,0.39492191913221475
TTGTAGGGTTACGTCAx-1,0.39492191913221475
TTGGCAACAAAGGTGCx-1,0.3101463814497511
TTGGCAACATACGCTAx-1,0.8275011138535944
TTGACTTCACAAGTAAx-1,0.3353251719455968
TTGGAACCACTGCCAGx-1,0.41762126893051404
TTCCCAGGTGTAATGAx-1,0.39492191913221475
TTGTAGGCAAACTGTCx-1,0.39492191913221475
TTGTAGGTCTTGCATTx-1,0.7412516707803916
TTCTCAACACCTATCCx-1,0.38568275293728826
TTCGAAGCATGGTTGTx-1,0.39492191913221475
TTGTAGGGTCATTAGCx-1,0.439521575246669
TTGTAGGGTAGAAAGGx-1,0.3101463814497511
TTCTCCTCAAGTAGTAx-1,0.439521575246669
TTGACTTTCTTGTATCx-1,0.39492191913221475
TTCCCAGGTACAGCAGx-1,0.7412516707803916
TTCTACAAGTGAAGTTx-1,0.38568275293728826
TTCTACAGTGACTACTx-1,0.7412516707803916
TTGAACGGTCAGAGGTx-1,0.38568275293728826
TTCTTAGCAGCCTTGGx-1,0.7391283502065717
TTGAACGGTTTCCACCx-1,0.38568275293728826
TTCTTAGCAGGCTCACx-1,0.439521575246669
TTGCGTCTCTGTCTCGx-1,0.38568275293728826
TTGCGTCCACATGACTx-1,0.40978847117036615
TTCTTAGCATCCTAGAx-1,0.39492191913221475
TTGACTTCAGCCACCAx-1,0.3605039624414425
TTGAACGAGGACAGAAx-1,0.38568275293728826
TTGAACGTCTGCCCTAx-1,0.38568275293728826
TTGAACGGTTACCGATx-1,0.39492191913221475
TTGCCGTAGCGCCTTGx-1,0.42465502320851756
TTCTCCTAGTACATGAx-1,0.3384048940105723
TTGCCGTCATACGCTAx-1,0.38568275293728826
TTGTAGGCATTGCGGCx-1,0.3101463814497511
TTGAACGCAGCCTTTCx-1,0.3101463814497511
TTGACTTCATTGAGCTx-1,0.5489822060908583
TTCGAAGAGCATGGCAx-1,0.39492191913221475
TTCGGTCTCGGAATCTx-1,0.39492191913221475
TTGCCGTGTGCCTGCAx-1,0.3101463814497511
TTCGAAGGTGAGGGTTx-1,0.38568275293728826
TTGGAACAGGAGTCTGx-1,0.46708553106394457
TTGACTTAGCGGATCAx-1,0.3101463814497511
TTGGCAATCCAAACTGx-1,0.38568275293728826
TTCTTAGTCTAGAGTCx-1,0.7412516707803916
TTCTCCTAGCTACCGCx-1,0.38568275293728826
TTGCCGTTCCTGCCATx-1,0.3101463814497511
TTGTAGGAGTCAATAGx-1,0.39492191913221475
TTGACTTGTGTGACGAx-1,0.7412516707803916
TTCCCAGCAGATCCATx-1,0.439521575246669
TTGGCAAGTTGTCGCGx-1,0.39492191913221475
TTGTAGGTCCAAGCCGx-1,0.39492191913221475
TTGTAGGTCTGCGTAAx-1,0.42465502320851756
TTGCCGTTCAGAGCTTx-1,0.7412516707803916
TTCTCAACAGACAGGTx-1,0.7412516707803916
TTGCGTCCATGGTAGGx-1,0.38568275293728826
TTGGAACGTAGCGTAGx-1,0.740543897255785
TTGGCAAGTCCGTCAGx-1,0.4918176621306598
TTGGAACGTTGCGCACx-1,0.7412516707803916
TTGGAACCATAGGATAx-1,0.40362902704041514
TTCTTAGTCGGCCGATx-1,0.7412516707803916
TTGGCAATCTGAAAGAx-1,0.42465502320851756
TTTCCTCTCTTAACCTx-1,0.38568275293728826
TTTGGTTTCGTCTGAAx-1,0.39492191913221475
TTTGGTTGTGCGCTTGx-1,0.5749623316805703
TTTCCTCTCTTGCAAGx-1,0.4918176621306598
TTTGCGCTCAACTCTTx-1,0.42465502320851756
TTTGCGCTCCAAACACx-1,0.439521575246669
TTTGTCAGTTCCACAAx-1,0.38568275293728826
TTTATGCTCACCGGGTx-1,0.38568275293728826
TTTCCTCGTAAGTAGTx-1,0.38568275293728826
TTTGCGCAGTCCCACGx-1,0.7412516707803916
TTTGCGCGTGTGCCTGx-1,0.38568275293728826
TTTGGTTAGAGAGCTCx-1,0.7412516707803916
TTTGTCATCTAACGGTx-1,0.42465502320851756
TTTGTCAAGCTGTCTAx-1,0.39492191913221475
TTTATGCTCGGCGCATx-1,0.38568275293728826
TTTGCGCTCCGAACGCx-1,0.6263477168311127
TTTACTGTCTCCAGGGx-1,0.38568275293728826
TTTATGCGTGCAACGAx-1,0.439521575246669
TTTATGCGTTTGTTTCx-1,0.38568275293728826
TTTATGCGTAGAGCTGx-1,0.7412516707803916
TTTGCGCTCCCAACGGx-1,0.5904551686248588
TTTGGTTGTCTACCTCx-1,0.38876247500226374
TTTGCGCCACGACTCGx-1,0.3605039624414425
TTTGGTTGTGAACCTTx-1,0.38568275293728826
TTTGGTTAGCCGCCTAx-1,0.38568275293728826
TTTCCTCCAAGTAATGx-1,0.3101463814497511
TTTATGCGTGCCTGGTx-1,0.439521575246669
TTTGGTTAGTGGTCCCx-1,0.42722050013169643
TTTATGCTCCCAAGATx-1,0.439521575246669
TTTGTCAAGAACAATCx-1,0.40978847117036615
TTTGCGCCAGTTCATGx-1,0.7412516707803916
TTTATGCAGGACTGGTx-1,0.39492191913221475
TTTCCTCAGAGTGAGAx-1,0.3101463814497511
TTTACTGTCCACTCCAx-1,0.41762126893051404
TTTGTCAAGACGCACAx-1,0.439521575246669
TTTGTCAAGCAGCGTAx-1,0.3918421970672392
TTTGTCAGTGAACCTTx-1,0.39492191913221475
TTTGCGCCACCTATCCx-1,0.439521575246669
TTTGTCAAGGCCCTCAx-1,0.7412516707803916
TTTACTGGTCTCCACTx-1,0.4918176621306598
TTTATGCTCCGTAGTAx-1,0.439521575246669
TTTATGCAGATAGCATx-1,0.39492191913221475
TTTGTCATCACCTCGTx-1,0.38568275293728826
TTTGTCACATCCCATCx-1,0.767903467779237
TTTGTCAAGGATGGTCx-1,0.439521575246669
TTTGTCAAGCATCATCx-1,0.439521575246669
TTTACTGTCCAGGGCTx-1,0.740543897255785
TTTGTCATCTTCGGTCx-1,0.42465502320851756
TTTGTCACACGACTCGx-1,0.38876247500226374
TTTACTGTCTATCCCGx-1,0.439521575246669
TTTCCTCGTGTGAAATx-1,0.38568275293728826
TTTATGCCAGGCTCACx-1,0.439521575246669
TTTCCTCAGTGAAGAGx-1,0.3918421970672392
AAAGTAGAGGCCCTCAx-2,0.95771494342202
AAAGTAGCATGGGACAx-2,0.767903467779237
AACCATGAGACAAAGGx-2,0.95771494342202
AAAGATGTCAGTTTGGx-2,0.767903467779237
AACCGCGCACGGTAAGx-2,0.767903467779237
AAAGTAGTCACCCGAGx-2,0.6235247827969274
AACACGTCAATCGGTTx-2,0.95771494342202
AAAGTAGAGCGTAATAx-2,0.95771494342202
AAACCTGTCCTAAGTGx-2,0.95771494342202
AAAGATGGTTGGAGGTx-2,0.7391283502065717
AAAGCAAGTGGCAAACx-2,0.8311739596601646
AAAGTAGAGTGAAGAGx-2,0.767903467779237
AAACCTGAGATCCCATx-2,0.767903467779237
AACACGTGTCATGCCGx-2,0.6235247827969274
AACCATGCACATCCGGx-2,0.6235247827969274
AAAGATGCACCAACCGx-2,0.5496408320427421
AAAGATGCAGTACACTx-2,0.39492191913221475
AAACGGGTCCTCAACCx-2,0.6235247827969274
AAACCTGCAGATAATGx-2,0.8134060949942676
AAACGGGGTGCACGAAx-2,0.767903467779237
AACCGCGGTTCACGGCx-2,0.784983820696903
AAAGATGAGCAGACTGx-2,0.5496408320427421
AAATGCCGTAGCGATGx-2,0.6235247827969274
AACGTTGTCACCCTCAx-2,0.767903467779237
AAATGCCCAACGATCTx-2,0.5496408320427421
AACTCAGAGATGTGTAx-2,0.767903467779237
AAAGATGAGAAGGGTAx-2,0.767903467779237
AACCGCGTCAGTTGACx-2,0.4918176621306598
AAAGCAAAGAGTTGGCx-2,0.95771494342202
AACACGTAGACTTGAAx-2,0.9718099622813466
AACCGCGCACGCCAGTx-2,0.7391283502065717
AAAGCAAGTGATGTGGx-2,0.767903467779237
AACGTTGTCATGTAGCx-2,0.9859049811406733
AACGTTGAGTGTGAATx-2,0.5496408320427421
AACACGTGTATCGCATx-2,0.9718099622813466
AAATGCCGTCGCTTTCx-2,0.6235247827969274
AACACGTGTCACACGCx-2,0.46980934851174505
AAAGATGGTGTTTGGTx-2,0.8463182232136558
AACACGTAGAAACGCCx-2,0.5496408320427421
AACGTTGCAGGTTTCAx-2,0.5496408320427421
AACACGTAGGTGCTAGx-2,0.5496408320427421
AACCATGGTACCGCTGx-2,0.7391283502065717
AAAGATGTCTGGGCCAx-2,0.6716510111243639
AACCGCGTCACTTACTx-2,1.0
AACCATGGTCTGCAATx-2,0.767903467779237
AAACGGGGTGAAAGAGx-2,0.5621903802801745
AAAGCAAGTCTAAAGAx-2,0.5496408320427421
AACACGTAGTTCGCATx-2,0.6235247827969274
AACACGTTCTCGCATCx-2,0.6235247827969274
AACACGTGTCGAGTTTx-2,0.8452689785194913
AACACGTCAGCATGAGx-2,0.95771494342202
AACGTTGTCTTTCCTCx-2,0.767903467779237
AAATGCCTCTCTAGGAx-2,0.767903467779237
AAAGATGTCTGGTGTAx-2,0.4918176621306598
AACCATGAGGTAGCCAx-2,0.9859049811406733
AACCATGTCATCGCTCx-2,0.5496408320427421
AACGTTGCAGGGTATGx-2,0.8944444515410923
AAAGCAAGTTACGTCAx-2,1.0
AACGTTGGTTGACGTTx-2,0.5496408320427421
AACCATGTCGGCTTGGx-2,0.6235247827969274
AAACGGGCAGTTTACGx-2,0.7349215030052916
AACGTTGGTCTAGCCGx-2,0.6235247827969274
AACCATGGTTACCAGTx-2,0.7391283502065717
AAAGTAGGTGCGAAACx-2,0.7391283502065717
AACCGCGTCACAACGTx-2,0.7391283502065717
AACACGTTCCATGCTCx-2,0.6235247827969274
AACGTTGGTTGAGTTCx-2,0.5496408320427421
AAAGTAGCAGATCGGAx-2,0.5496408320427421
AAATGCCCACGGTTTAx-2,0.4918176621306598
AAACCTGTCCAGATCAx-2,0.767903467779237
AAACCTGGTAGAAGGAx-2,0.5496408320427421
AAAGTAGAGACACGACx-2,0.7391283502065717
AAAGTAGGTGCGCTTGx-2,0.95771494342202
AACGTTGGTCCGAGTCx-2,0.7391283502065717
AAAGATGAGATGGCGTx-2,0.6235247827969274
AAAGTAGCATGACGGAx-2,0.767903467779237
AAAGCAATCTTTCCTCx-2,0.767903467779237
AACACGTCAAATCCGTx-2,0.767903467779237
AACCATGAGAGGTTGCx-2,0.95771494342202
AACCGCGTCATTATCCx-2,0.767903467779237
AACACGTGTACATCCAx-2,0.7391283502065717
AACTCAGAGCCCAGCTx-2,1.0
AACGTTGTCTCGATGAx-2,0.95771494342202
AAACGGGTCATCTGCCx-2,0.6235247827969274
AACGTTGTCGTACGGCx-2,0.7391283502065717
AAACGGGGTTTGACTGx-2,0.3918421970672392
AACACGTGTGTGTGCCx-2,0.5302622945900611
AAAGTAGTCCTCTAGCx-2,0.6235247827969274
AAAGCAATCGAATGGGx-2,0.8131738584155563
AAACGGGAGCTAGGCAx-2,0.767903467779237
AACCATGAGATGCCTTx-2,1.0
AAAGATGCAGCTCGCAx-2,0.767903467779237
AAACCTGAGCGTAGTGx-2,0.49498813900759076
AACTCTTAGGAATGGAx-2,0.95771494342202
AACTTTCAGCCTTGATx-2,0.5742688156274705
AACTCAGCACTTAAGCx-2,0.767903467779237
AAGGTTCAGCCTCGTGx-2,0.6235247827969274
AACTCTTCAAGGCTCCx-2,0.767903467779237
AACTCAGGTCTAGAGGx-2,0.7391283502065717
AAGGCAGAGCTAAACAx-2,0.6235247827969274
AACTTTCAGACTGTAAx-2,0.6235247827969274
AAGGTTCGTATGCTTGx-2,1.0
AAGGAGCTCGCACTCTx-2,0.5496408320427421
AACTTTCGTGCCTGGTx-2,0.7391283502065717
AACTCCCCATATACCGx-2,0.767903467779237
AACTGGTGTGTCCTCTx-2,0.6235247827969274
AACTTTCAGGATGGAAx-2,0.767903467779237
AACTCTTCACCGGAAAx-2,0.767903467779237
AACTGGTTCCGCATCTx-2,0.767903467779237
AACTTTCAGCGCCTTGx-2,0.6235247827969274
AAGGAGCAGAAGAAGCx-2,0.767903467779237
AACTCAGGTCGCGAAAx-2,0.5496408320427421
AACTTTCAGAAACCGCx-2,0.6235247827969274
AACTCTTAGTGTACGGx-2,0.95771494342202
AAGCCGCCACTAAGTCx-2,0.7436486707790771
AACTCAGCACGAGGTAx-2,0.5496408320427421
AAGGAGCGTGGTACAGx-2,0.6235247827969274
AACTCTTAGGGCTTCCx-2,0.9718099622813465
AACTCAGGTAGGGACTx-2,0.4918176621306598
AAGACCTTCAACGGCCx-2,0.9718099622813466
AAGGCAGTCATAGCACx-2,0.95771494342202
AACTCTTAGTACGACGx-2,0.95771494342202
AAGACCTTCATCTGCCx-2,0.5496408320427421
AACTCAGAGGATTCGGx-2,1.0
AACTTTCTCTTGCATTx-2,0.767903467779237
AACTTTCGTCGAATCTx-2,0.767903467779237
AACTCAGCAATCGAAAx-2,0.7398361237311784
AAGACCTAGTCAAGCGx-2,0.6235247827969274
AACTCCCCATAGACTCx-2,0.9226344892597456
AAGGAGCCACGACTCGx-2,0.8463182232136558
AACTCCCTCGCCGTGAx-2,0.767903467779237
AACTGGTCACGAAATAx-2,0.95771494342202
AACTCTTAGCCACGCTx-2,0.7391283502065717
AACTCTTTCTTTACACx-2,0.7349215030052916
AACTCTTAGAATGTGTx-2,0.95771494342202
AACTCTTGTTTGGGCCx-2,0.5496408320427421
AAGGCAGAGTCAATAGx-2,0.6584428369350477
AACTCCCTCGTTACAGx-2,0.767903467779237
AAGACCTCATCATCCCx-2,0.5473238282420231
AACTGGTCACGGTTTAx-2,0.7391283502065717
AAGGTTCGTAGCTTGTx-2,0.9718099622813465
AAGACCTAGTGTGAATx-2,0.5496408320427421
AACTCCCCATGCATGTx-2,0.5473238282420231
AACTGGTCAACCGCCAx-2,0.4918176621306598
AACTTTCGTGAGGGAGx-2,0.7391283502065717
AAGACCTTCCGCATAAx-2,0.767903467779237
AAGGCAGAGAAAGTGGx-2,0.49498813900759076
AAGGCAGCACCAGCACx-2,0.9859049811406733
AACTCTTTCAGAGGTGx-2,0.4918176621306598
AACTCAGGTAGAGCTGx-2,0.5496408320427421
AAGGTTCCATTACCTTx-2,0.95771494342202
AAGCCGCGTTGGTAAAx-2,0.767903467779237
AAGGCAGGTGGGTATGx-2,0.7398361237311784
AAGGAGCTCACAATGCx-2,0.7391283502065717
AACTGGTTCTGGAGCCx-2,0.6235247827969274
AACTCTTAGCTAACAAx-2,0.9718099622813466
AACTGGTAGACTAGGCx-2,0.767903467779237
AAGGTTCCAGGCAGTAx-2,0.6716510111243639
AACTGGTTCCGCTGTTx-2,0.4918176621306598
AACTTTCCACCTATCCx-2,0.7391283502065717
AAGCCGCTCTCAACTTx-2,0.767903467779237
AACTCCCTCTCTTGATx-2,0.5496408320427421
AACTCTTGTGAACCTTx-2,0.95771494342202
AACTCAGTCCTTTCTCx-2,0.7391283502065717
AACTCTTCACCACGTGx-2,0.9718099622813466
AACTCTTGTTTGTTTCx-2,0.6716510111243639
AACTGGTTCGGCTACGx-2,0.9718099622813466
AAGCCGCGTCTAAAGAx-2,0.9859049811406733
AAGCCGCAGGGATCTGx-2,0.9718099622813466
AAGACCTAGTTACCCAx-2,0.6235247827969274
AACTCAGTCCTGTAGAx-2,0.7391283502065717
AAGGAGCTCGCTAGCGx-2,0.95771494342202
AACTCTTTCCGAAGAGx-2,0.767903467779237
AACTGGTTCAAGGCTTx-2,0.95771494342202
AAGGAGCGTGGTCCGTx-2,0.95771494342202
AACTCCCAGAAGAAGCx-2,0.95771494342202
AAGGAGCCACTGTCGGx-2,0.5496408320427421
AAGGTTCCATCGACGCx-2,0.4146058485654765
AACTCCCTCCGCGTTTx-2,0.7391283502065717
AACTCTTGTCTGCGGTx-2,0.767903467779237
AACTTTCTCGCGATCGx-2,0.95771494342202
AACTGGTAGTGCAAGCx-2,0.7349215030052916
AACTCAGAGGTGACCAx-2,0.4403354459724395
AACTCTTTCGGTTCGGx-2,0.6235247827969274
AAGGTTCCATGGATGGx-2,0.8311739596601646
AAGGCAGCATTGGGCCx-2,0.5988967992121988
AAGACCTGTCACACGCx-2,0.5442441061770477
AAGGCAGCACCGCTAGx-2,0.9718099622813466
ACACTGAGTGGTCCGTx-2,0.5226958446572947
AATCCAGGTTCAGACTx-2,0.4403354459724395
ACACCAAAGCTACCTAx-2,1.0
AAGTCTGCACCGTTGGx-2,1.0
AATCGGTAGAGTGAGAx-2,0.6235247827969274
ACATACGAGCGCTTATx-2,0.6235247827969274
AAGTCTGTCGTTACAGx-2,0.95771494342202
ACACCGGTCTCTGAGAx-2,0.767903467779237
ACAGCCGAGTGTCCATx-2,0.5496408320427421
AAGTCTGGTATAAACGx-2,0.8463182232136558
ACACTGAAGGATGCGTx-2,0.5496408320427421
AAGGTTCTCCCGGATGx-2,0.767903467779237
AAGTCTGCACCTATCCx-2,0.95771494342202
ACACTGATCTGCCAGGx-2,0.767903467779237
AAGTCTGGTCTAGAGGx-2,0.767903467779237
AATCCAGCACAGCCCAx-2,0.8311739596601646
ACAGCCGGTCATGCATx-2,0.7349215030052916
ACACCCTTCGTAGGAGx-2,0.95771494342202
AATCCAGAGGACAGCTx-2,0.6235247827969274
ACACTGAGTACCCAATx-2,0.6235247827969274
AATCCAGAGCTCCCAGx-2,0.5192491020145554
ACACCAAAGTGTACCTx-2,0.5496408320427421
AAGGTTCTCGTAGGAGx-2,0.95771494342202
AAGGTTCGTCAGATAAx-2,0.5988967992121988
ACACCGGAGGCTAGACx-2,0.9859049811406733
ACACTGATCAAACCACx-2,0.5496408320427421
ACACTGATCGAGAGCAx-2,0.7391283502065717
ACAGCTACAGATGAGCx-2,0.6584428369350477
ACACCGGTCCGTTGCTx-2,0.6235247827969274
ACACTGAAGCCAGGATx-2,0.767903467779237
ACATACGCAATGCCATx-2,0.4918176621306598
AATCCAGCACCAGGTCx-2,0.5496408320427421
ACAGCTACAGGAACGTx-2,0.6235247827969274
ACACTGAGTTCCACAAx-2,0.5496408320427421
ACATCAGCACAGCCCAx-2,0.9859049811406733
AATCGGTCAAGTAATGx-2,0.767903467779237
AATCGGTGTTAGAACAx-2,0.5496408320427421
AATCGGTCAGTAAGCGx-2,0.6716510111243639
ACACCGGTCAAACGGGx-2,0.5496408320427421
ACACTGACAGGTGCCTx-2,0.5988967992121988
ACACCCTAGTGTTTGCx-2,0.6716510111243639
ACATACGTCATCACCCx-2,0.6235247827969274
ACATACGCAGTGGGATx-2,0.5196161225923192
AATCCAGGTCGCATATx-2,0.4918176621306598
ACATCAGAGTGGAGAAx-2,0.6235247827969274
AAGTCTGTCAGTACGTx-2,1.0
AATCCAGGTCTAAACCx-2,0.5496408320427421
AAGTCTGTCCCATTATx-2,0.6235247827969274
AATCGGTCAGCTCGACx-2,0.6716510111243639
ACAGCTATCGCAAACTx-2,1.0
ACACTGAGTCGAAAGCx-2,0.7349215030052916
ACACCAATCACAGGCCx-2,0.7391283502065717
ACACCAATCTTCGGTCx-2,0.7398361237311784
ACAGCCGAGGGATACCx-2,0.7391283502065717
ACATCAGCAAAGCAATx-2,0.9859049811406733
AATCGGTCATACGCCGx-2,0.95771494342202
ACAGCCGCAGGACGTAx-2,0.767903467779237
ACACCGGAGACTGGGTx-2,0.767903467779237
ACACTGATCTGAAAGAx-2,0.6235247827969274
ACACCGGGTCTTCGTCx-2,0.767903467779237
ACACCGGCACAGACTTx-2,0.5742545581559637
ACAGCTAGTACTTGACx-2,0.6235247827969274
AATCGGTCATTTGCTTx-2,0.6235247827969274
ACACCGGAGCTCCTCTx-2,0.4649634295571679
AATCCAGTCGGAAATAx-2,0.9718099622813465
ACATACGCAACTTGACx-2,0.767903467779237
ACACCGGCACGAAGCAx-2,0.7391283502065717
ACACTGAGTTCCACTCx-2,0.6235247827969274
ACACCCTTCTATCGCCx-2,0.6235247827969274
ACACCCTAGTCCATACx-2,0.767903467779237
ACAGCCGAGCGATAGCx-2,0.7391283502065717
AATCCAGCACGGTGTCx-2,1.0
ACACCCTAGTGTCCATx-2,0.874508260932309
AATCGGTAGGCCATAGx-2,0.95771494342202
ACACCGGAGCAGACTGx-2,0.7391283502065717
ACACCGGCACCTATCCx-2,0.95771494342202
AATCGGTAGTGAACATx-2,0.6716510111243639
ACAGCCGTCCCTAACCx-2,0.5988967992121988
AATCCAGTCTGTCTATx-2,0.5496408320427421
AATCGGTCAAGGCTCCx-2,0.767903467779237
AAGTCTGGTGTGACCCx-2,0.9859049811406733
ACATACGGTATTCGTGx-2,0.49498813900759076
AATCCAGGTTGACGTTx-2,0.95771494342202
ACATACGCATGAGCGAx-2,0.6235247827969274
ACATACGTCGCCCTTAx-2,0.767903467779237
ACACCCTGTCGCATCGx-2,0.5496408320427421
ACACCGGTCAACACGTx-2,0.6235247827969274
AATCGGTGTACGCACCx-2,0.4918176621306598
ACACCGGTCAATCTCTx-2,0.6235247827969274
ACAGCCGCACCGATATx-2,0.4649634295571679
AATCCAGTCATAGCACx-2,1.0
ACACTGAGTGTCCTCTx-2,0.767903467779237
ACACCGGCAATCACACx-2,0.7412516707803916
ACATACGAGGAATGGAx-2,0.95771494342202
ACGATACGTATGAATGx-2,0.7391283502065717
ACATGGTTCCTGCTTGx-2,0.7391283502065717
ACATGGTTCTTACCGCx-2,0.5988967992121988
ACGCAGCAGGCTCAGAx-2,0.9859049811406733
ACCTTTAAGGTGCTTTx-2,0.7349215030052916
ACGAGCCTCTGCTTGCx-2,0.49498813900759076
ACGCAGCCAGCTTCGGx-2,0.767903467779237
ACATGGTGTAGCCTATx-2,0.767903467779237
ACGAGCCGTGCAACTTx-2,0.95771494342202
ACCGTAAGTCCAAGTTx-2,1.0
ACCGTAACACCAGGCTx-2,0.8452689785194913
ACGAGCCGTTCCGGCAx-2,0.95771494342202
ACGATGTCACAACGTTx-2,0.767903467779237
ACATCAGGTCTCTTATx-2,0.6235247827969274
ACGATACGTACCGTTAx-2,1.0
ACGCCGAAGTGACTCTx-2,0.9859049811406733
ACGCAGCCAGCCTGTGx-2,0.95771494342202
ACATGGTAGCCGTCGTx-2,0.7391283502065717
ACGATGTTCTCGCTTGx-2,0.767903467779237
ACGCCAGCAGGACGTAx-2,0.767903467779237
ACGATGTAGATGTCGGx-2,0.6235247827969274
ACGATGTAGTTAAGTGx-2,0.5496408320427421
ACCGTAACAATGAATGx-2,0.5496408320427421
ACATCAGGTCATGCCGx-2,0.767903467779237
ACGAGCCAGCAGGTCAx-2,0.95771494342202
ACGATGTAGGTGCAACx-2,1.0
ACGCCAGAGACAGACCx-2,0.5496408320427421
ACCTTTAGTGAGGGTTx-2,0.8452689785194913
ACGAGCCGTCTCAACAx-2,0.735808347675302
ACATGGTGTTATCACGx-2,1.0
ACCGTAACAGCCAATTx-2,1.0
ACGCCAGCATACGCTAx-2,0.6235247827969274
ACGCAGCCAATGGATAx-2,0.95771494342202
ACGATGTCACTTAACGx-2,0.767903467779237
ACGCCAGCATGGTCTAx-2,0.4918176621306598
ACCCACTAGAAGGTGAx-2,0.767903467779237
ACGAGCCGTTATCCGAx-2,0.6235247827969274
ACATGGTAGTAGTGCGx-2,1.0
ACGCCAGGTATGAAACx-2,0.5496408320427421
ACATGGTCATCTCCCAx-2,0.6235247827969274
ACCTTTACAGATCGGAx-2,0.5742688156274705
ACGCAGCCAAGTCTGTx-2,0.6235247827969274
ACATGGTCATACGCTAx-2,0.5496408320427421
ACGAGGACATCTATGGx-2,1.0
ACGATACAGTAAGTACx-2,1.0
ACGATACTCAACCAACx-2,0.6235247827969274
ACGAGGAGTGCCTGGTx-2,0.767903467779237
ACCAGTACAGGCTGAAx-2,0.5742688156274705
ACGCCAGCAATGTAAGx-2,0.767903467779237
ACCCACTAGCACACAGx-2,0.767903467779237
ACGAGGACATGTCGATx-2,0.7391283502065717
ACCAGTATCTCAAACGx-2,0.6235247827969274
ACCAGTACACGACTCGx-2,0.767903467779237
ACCAGTATCTTAGAGCx-2,0.95771494342202
ACGATGTCAGACAAATx-2,0.7391283502065717
ACGCCAGGTTACGACTx-2,0.8311739596601646
ACGAGGAGTTAAGTAGx-2,0.9859049811406733
ACCCACTTCGCGCCAAx-2,0.7349215030052916
ACGCAGCGTACCATCAx-2,0.7197772394518004
ACGAGCCCACTGCCAGx-2,0.4918176621306598
ACGAGGAAGGCCATAGx-2,1.0
ACCTTTACACCATCCTx-2,0.9859049811406733
ACCTTTAGTCCGACGTx-2,0.5496408320427421
ACGCCAGTCGCGATCGx-2,0.5496408320427421
ACGATGTGTAGTGAATx-2,0.9718099622813466
ACCTTTACAGCCACCAx-2,0.5496408320427421
ACCCACTTCAGGATCTx-2,0.95771494342202
ACCGTAACAGCTCGCAx-2,0.6716510111243639
ACCGTAACAAATCCGTx-2,0.8944444515410923
ACGAGGACAACAACCTx-2,0.767903467779237
ACCTTTATCTTCGAGAx-2,0.767903467779237
ACGATGTGTGACTCATx-2,0.6235247827969274
ACGATACTCTATCCTAx-2,0.767903467779237
ACATGGTCAAAGCAATx-2,0.6235247827969274
ACCTTTATCAACGGCCx-2,0.95771494342202
ACCCACTTCAGGCAAGx-2,0.95771494342202
ACATCAGTCTATGTGGx-2,0.6235247827969274
ACCTTTAAGATACACAx-2,0.95771494342202
ACGATACCATACGCCGx-2,0.6716510111243639
ACGATACAGGCAAAGAx-2,0.7490165218646182
ACGAGCCGTATTCGTGx-2,0.5742688156274705
ACGATACCAACTGGCCx-2,0.95771494342202
ACGCAGCTCAGCGATTx-2,0.6235247827969274
ACGATGTGTGACGGTAx-2,0.767903467779237
ACGATACTCCGCAAGCx-2,0.767903467779237
ACGCCAGCACGGTAGAx-2,0.8311739596601646
ACCAGTAAGGCACATGx-2,0.8848527456835372
ACGAGGATCCTAGTGAx-2,0.9859049811406733
ACCTTTAAGCAGACTGx-2,0.7349215030052916
ACATGGTTCTCAAGTGx-2,0.7391283502065717
ACCCACTCAGTATCTGx-2,0.9226344892597457
ACCCACTGTCAAAGCGx-2,0.3101463814497511
ACGATACAGGCATGTGx-2,0.767903467779237
ACGTCAAAGCTCAACTx-2,0.6235247827969274
ACGTCAAAGTGTTTGCx-2,0.7349215030052916
ACGGCCAAGGTTCCTAx-2,0.6235247827969274
ACGGGCTAGTGTACCTx-2,0.7391283502065717
ACGGGCTCACCTGGTGx-2,0.95771494342202
ACGGGCTCAGCGTAAGx-2,0.767903467779237
ACTATCTTCCGCAAGCx-2,0.8463182232136558
ACTGAGTCAGATGGCAx-2,0.6235247827969274
ACGGAGAAGTCATCCAx-2,0.5742688156274705
ACGGGTCAGCCCAGCTx-2,1.0
ACTATCTAGTGACTCTx-2,0.9718099622813466
ACTGAGTAGAAGGTTTx-2,0.6235247827969274
ACTGAGTGTGTCAATCx-2,0.5496408320427421
ACTGAACAGACTAAGTx-2,0.7391283502065717
ACGGCCAGTCACCCAGx-2,1.0
ACTGCTCAGATGGCGTx-2,0.7391283502065717
ACTGATGGTTCTCATTx-2,0.5496408320427421
ACTGAGTAGGGCATGTx-2,0.767903467779237
ACGCCGACAATGGACGx-2,0.8848527456835372
ACTGAACGTGCATCTAx-2,0.5496408320427421
ACTGATGCAAGGTTTCx-2,0.6235247827969274
ACTGATGTCGTCGTTCx-2,0.7197772394518004
ACGCCGATCGCTAGCGx-2,0.6235247827969274
ACGGGCTTCTGCCAGGx-2,0.95771494342202
ACGGGTCAGCCAGTAGx-2,0.6235247827969274
ACTGCTCTCACAAACCx-2,0.95771494342202
ACGGGCTCAGTAAGATx-2,0.767903467779237
ACTGAGTAGATCACGGx-2,0.7391283502065717
ACGTCAATCGGCATCGx-2,1.0
ACTGAACAGCGGCTTCx-2,0.767903467779237
ACTGATGTCTTGCAAGx-2,1.0
ACGGCCAAGATCCTGTx-2,0.767903467779237
ACGGCCAAGTGTTAGAx-2,0.6716510111243639
ACGTCAAAGACTAAGTx-2,0.9718099622813466
ACGGGCTGTACAAGTAx-2,0.95771494342202
ACTGAGTAGCAGCGTAx-2,0.5496408320427421
ACTGCTCTCTGTCTCGx-2,0.9130427834021906
ACGGAGATCTTGGGTAx-2,0.4918176621306598
ACGGGTCGTGATAAACx-2,0.95771494342202
ACGTCAACAGGTCTCGx-2,0.5742688156274705
ACTATCTGTCACAAGGx-2,0.7391283502065717
ACTGTCCCATCACAACx-2,0.5496408320427421
ACTGATGCATGGTTGTx-2,0.8944444515410923
ACGGCCAAGCAGCCTCx-2,0.9859049811406733
ACGGAGATCTGGTATGx-2,0.767903467779237
ACTGAGTTCTAACCGAx-2,0.8311739596601646
ACTGAGTAGACACTAAx-2,0.767903467779237
ACGTCAATCGGCTACGx-2,0.95771494342202
ACGGAGATCCTGTACCx-2,0.6235247827969274
ACGGAGAAGGCGATACx-2,0.5742545581559637
ACTGTCCCACAGCGTCx-2,0.8311739596601646
ACTGAACCATCTGGTAx-2,1.0
ACGGAGAAGGGAACGGx-2,0.6235247827969274
ACTGCTCAGTAATCCCx-2,0.9718099622813466
ACTGCTCCACGAAGCAx-2,0.7391283502065717
ACGGCCAGTAGCGTAGx-2,0.740543897255785
ACGGGCTAGTTCGATCx-2,0.6235247827969274
ACGTCAAAGCATCATCx-2,0.6235247827969274
ACGGCCAAGGGTGTGTx-2,0.767903467779237
ACGGGCTAGAGACGAAx-2,1.0
ACTGCTCAGTGGTAATx-2,0.767903467779237
ACGGCCACATCGGGTCx-2,0.95771494342202
ACGGAGATCCTGCAGGx-2,0.7391283502065717
ACTGAACCAGGACCCTx-2,0.5496408320427421
ACGGCCATCTGCAGTAx-2,1.0
ACGGCCAAGACTGGGTx-2,0.95771494342202
ACTATCTCAGGACGTAx-2,1.0
ACTGAGTGTCTTCAAGx-2,0.767903467779237
ACGGCCAGTAATCACCx-2,0.49498813900759076
ACTGAGTTCAACCAACx-2,0.5496408320427421
ACGGAGAGTGTTCTTTx-2,0.95771494342202
ACGCCGATCCTGCAGGx-2,0.6235247827969274
ACTGAACCAGGCTCACx-2,0.95771494342202
ACTGAGTCATGATCCAx-2,0.9718099622813466
ACTGAACTCCTAAGTGx-2,0.7197772394518004
ACTATCTGTAAAGTCAx-2,0.5988967992121988
ACGGCCAAGTCCAGGAx-2,0.767903467779237
ACGGGCTCAAGGTTCTx-2,0.6435762848968962
ACTGATGTCACAGTACx-2,1.0
ACGTCAACATCCCATCx-2,0.9226344892597456
ACGGCCATCATGTGGTx-2,0.767903467779237
ACTATCTTCTTCGGTCx-2,0.5496408320427421
ACGTCAAAGTCAAGGCx-2,0.6235247827969274
ACGGCCAGTGGGTCAAx-2,0.8452689785194913
ACTGAGTCAAGTAATGx-2,1.0
ACGGAGAGTTCCACTCx-2,0.6235247827969274
ACTGTCCCAGCTGGCTx-2,0.95771494342202
ACGGGCTGTGGTGTAGx-2,0.6235247827969274
ACGGCCACAGGCGATAx-2,0.9718099622813466
ACTGATGAGTCAAGCGx-2,0.740543897255785
ACTGAGTTCACGATGTx-2,0.7391283502065717
ACTGATGGTGACTACTx-2,0.6235247827969274
ACTGAGTGTTCAGACTx-2,0.9718099622813466
ACGGGTCTCGCTTGTCx-2,0.9085394704004189
ACGCCGATCCTGCCATx-2,0.5496408320427421
ACTATCTAGGCCATAGx-2,0.95771494342202
ACGCCGACAGTTAACCx-2,0.874508260932309
ACTGAGTAGGCAATTAx-2,0.8463182232136558
ACTTTCATCTGCGGCAx-2,0.6716510111243639
AGAGTGGGTCTAGAGGx-2,1.0
ACTGTCCTCCTCAACCx-2,0.767903467779237
AGAATAGGTTGGTGGAx-2,0.5988967992121988
AGAGCGAGTGAACCTTx-2,0.8311739596601646
ACTTTCACAGGGTACAx-2,0.49498813900759076
AGACGTTGTGTGACCCx-2,1.0
AGCAGCCAGCGAGAAAx-2,1.0
AGAATAGAGTGGAGAAx-2,0.8260855668043812
AGAGCGACAAAGGAAGx-2,0.6235247827969274
ACTTTCAGTCAAACTCx-2,0.767903467779237
ACTTACTTCTGTTTGTx-2,0.7391283502065717
AGACGTTAGCAGACTGx-2,0.5496408320427421
AGAGTGGGTATGAATGx-2,0.6235247827969274
AGAATAGGTCCGAAGAx-2,0.95771494342202
AGACGTTAGAATTGTGx-2,0.5496408320427421
AGAGTGGTCATCTGTTx-2,0.5496408320427421
AGAGCGAAGGTGATTAx-2,0.6235247827969274
AGAGCGAAGGGCTTGAx-2,0.767903467779237
AGAGTGGGTTGTCGCGx-2,0.5742688156274705
AGAGTGGCACACATGTx-2,0.7391283502065717
AGAGTGGAGCGTAGTGx-2,0.6716510111243639
AGATCTGGTTAAGACAx-2,0.767903467779237
ACTGTCCCATCTCGCTx-2,0.6122526979717859
AGAGTGGAGGTGCACAx-2,0.767903467779237
AGATCTGAGCTACCGCx-2,0.5473238282420231
ACTTACTAGAATCTCCx-2,1.0
AGATCTGTCGTACGGCx-2,0.95771494342202
AGAGCGAGTCGCCATGx-2,0.6235247827969274
AGAGCGAAGGGCATGTx-2,0.5496408320427421
AGATCTGCAATCTGCAx-2,0.95771494342202
AGACGTTCATGGTAGGx-2,0.6235247827969274
AGAGCTTTCAGTCAGTx-2,0.7398361237311784
AGATTGCCATAGACTCx-2,0.9718099622813465
AGAATAGAGGGCACTAx-2,0.767903467779237
AGATCTGCAGCCAGAAx-2,0.8311739596601646
AGATTGCGTCGCCATGx-2,0.6122526979717859
AGATTGCTCTGTCTATx-2,0.5473238282420231
AGAGCTTAGATCACGGx-2,0.6235247827969274
AGAGCTTTCTTCAACTx-2,0.47571374903689667
ACTTGTTTCGTTGACAx-2,0.8944444515410923
AGACGTTCATTACGACx-2,0.767903467779237
AGCATACCAAACCCATx-2,0.9859049811406733
AGCAGCCTCACGATGTx-2,0.8311739596601646
ACTTACTCAACGATGGx-2,0.767903467779237
AGCAGCCGTCAGAGGTx-2,0.7391283502065717
ACTTGTTCACGTTGGCx-2,0.7391283502065717
AGATTGCCATTATCTCx-2,0.5988967992121988
ACTGTCCTCATTTGGGx-2,0.9859049811406733
ACTTACTGTGCGAAACx-2,0.7391283502065717
ACTTGTTTCAAAGACAx-2,0.767903467779237
AGCAGCCAGTATCTCGx-2,0.7391283502065717
AGAGCTTAGAGTACATx-2,0.7391283502065717
AGAGTGGAGGGAGTAAx-2,0.6235247827969274
AGAGCTTGTCTACCTCx-2,0.767903467779237
AGATTGCGTCTCTTTAx-2,0.6566914541812677
AGCATACAGTATTGGAx-2,0.5496408320427421
AGATTGCGTACCAGTTx-2,0.6235247827969274
AGAGCGATCAGGCCCAx-2,0.8944444515410923
ACTTACTTCGGTGTTAx-2,0.5988967992121988
AGACGTTTCAGCTTAGx-2,0.8452689785194913
ACTGTCCTCGAGCCCAx-2,0.95771494342202
ACTTACTCACGCCAGTx-2,0.95771494342202
ACTTGTTGTCGCGGTTx-2,0.5496408320427421
AGAGTGGCAGCTGCTGx-2,0.5496408320427421
AGCATACCACACAGAGx-2,0.5988967992121988
AGCAGCCAGTCAAGGCx-2,0.767903467779237
AGCATACAGCGTAGTGx-2,0.4649634295571679
ACTTGTTAGGATCGCAx-2,0.767903467779237
AGATTGCTCCGTAGTAx-2,0.8944444515410923
ACTTGTTTCCTTGACCx-2,0.5496408320427421
ACTGTCCTCCGAAGAGx-2,0.6122526979717859
AGACGTTCAAGCTGGAx-2,0.5988967992121988
AGAGTGGAGACCTAGGx-2,0.95771494342202
AGCATACAGACCTAGGx-2,0.5496408320427421
ACTGTCCGTAGAGCTGx-2,0.5742545581559637
AGATCTGCAGGAACGTx-2,0.9859049811406733
AGCAGCCCATGTTCCCx-2,0.8215822538026095
ACTTACTTCCAGAGGAx-2,0.95771494342202
AGAGCTTTCATGTCCCx-2,0.767903467779237
AGAGCGACACACAGAGx-2,0.6235247827969274
ACTTACTGTTTGACTGx-2,0.740543897255785
AGCAGCCCATGGTTGTx-2,0.7391283502065717
AGATCTGAGATATACGx-2,1.0
AGAGCTTCACAACGCCx-2,0.6235247827969274
AGCATACAGTAGCGGTx-2,0.740543897255785
AGAGCTTAGGCGACATx-2,0.8311739596601646
AGAGCTTGTACCGCTGx-2,0.6235247827969274
ACTTTCAAGTGGTAATx-2,0.767903467779237
ACTTACTGTACATCCAx-2,1.0
AGATCTGCACAGACTTx-2,0.7830477313327281
ACTTGTTCATCTATGGx-2,0.9718099622813466
ACTTACTCAACTGCTAx-2,0.6584428369350477
ACTGTCCCATCGGAAGx-2,0.7391283502065717
AGATTGCGTGCGAAACx-2,0.7349215030052916
AGCGTCGAGGATGTATx-2,0.9226344892597457
AGCTCCTCATAAGACAx-2,0.8463182232136558
AGCATACCAGGATCGAx-2,0.5988967992121988
AGGCCACGTTCAACCAx-2,0.5496408320427421
AGCTCCTGTCACTGGCx-2,0.767903467779237
AGGCCGTTCTGAGTGTx-2,0.7391283502065717
AGGCCGTGTTCGTGATx-2,0.5496408320427421
AGCGTCGTCTGAAAGAx-2,0.7349215030052916
AGCTCTCAGTGACATAx-2,0.6235247827969274
AGGGATGGTCACAAGGx-2,1.0
AGCGTATAGCACAGGTx-2,0.6235247827969274
AGCTCTCCATGGTAGGx-2,0.6235247827969274
AGGCCACGTTCGAATCx-2,0.767903467779237
AGCGGTCTCCCAGGTGx-2,0.9085394704004189
AGGCCGTGTTCAGGCCx-2,0.6235247827969274
AGGGAGTAGGAATTACx-2,0.95771494342202
AGCGTCGCAGCTTCGGx-2,0.5496408320427421
AGCTCCTCACATCTTTx-2,1.0
AGCTCTCCACTCTGTCx-2,0.95771494342202
AGCTTGAGTAAACCTCx-2,0.767903467779237
AGGGATGTCACTGGGCx-2,0.8944444515410923
AGCTCCTAGTGCTGCCx-2,0.767903467779237
AGGGAGTGTTTGGCGCx-2,0.6235247827969274
AGGCCGTCAGTTTACGx-2,0.38568275293728826
AGCGTCGGTTCTCATTx-2,0.38568275293728826
AGGCCGTGTCCTCCATx-2,0.5496408320427421
AGCTCCTCATCCGGGTx-2,0.767903467779237
AGGCCACAGTTGTCGTx-2,0.767903467779237
AGCGTCGTCACTCTTAx-2,0.7391283502065717
AGGGAGTCACTAGTACx-2,0.8311739596601646
AGGGATGCAGGGTACAx-2,0.9085394704004189
AGCGGTCAGAATGTTGx-2,0.767903467779237
AGGCCACAGTGGTCCCx-2,0.6235247827969274
AGGGATGGTTCAGACTx-2,0.7391283502065717
AGCTCCTCACGGATAGx-2,0.7398361237311784
AGCGTATAGGCCGAATx-2,1.0
AGCTCCTCAAGGACACx-2,0.7391283502065717
AGCGTATTCGCGGATCx-2,0.95771494342202
AGCGGTCAGCTACCGCx-2,0.95771494342202
AGCTTGAAGGATATACx-2,0.6235247827969274
AGGCCGTCATCTATGGx-2,0.767903467779237
AGGGATGCATGATCCAx-2,0.767903467779237
AGCATACGTCAGCTATx-2,0.95771494342202
AGGGAGTTCTTCTGGCx-2,0.767903467779237
AGCATACGTTGACGTTx-2,0.8944444515410923
AGCTCCTCATCGATTGx-2,0.7391283502065717
AGGGAGTAGACAGGCTx-2,0.9718099622813466
AGGGATGTCCTTTCTCx-2,0.5496408320427421
AGCTCTCAGCCCGAAAx-2,0.767903467779237
AGCGTATAGGTTCCTAx-2,0.7391283502065717
AGCGTATGTCTCCATCx-2,0.6235247827969274
AGCTCCTAGAGCTGGTx-2,0.767903467779237
AGCTTGATCGTAGGTTx-2,0.7391283502065717
AGGGATGAGATGTCGGx-2,0.6435762848968962
AGGCCGTAGACATAACx-2,0.7391283502065717
AGCTCTCTCACGCATAx-2,0.95771494342202
AGCTTGACACCTCGTTx-2,0.8452689785194913
AGCTTGATCCTACAGAx-2,0.5496408320427421
AGGGAGTCAGTCGTGCx-2,0.5742688156274705
AGGGAGTGTTGAGTTCx-2,0.95771494342202
AGGCCGTTCTTCTGGCx-2,0.7391283502065717
AGGGATGTCATAAAGGx-2,0.7391283502065717
AGGGATGGTCGTCTTCx-2,1.0
AGGGATGTCCTTAATCx-2,0.5496408320427421
AGCGTCGAGAAGGCCTx-2,0.5496408320427421
AGCTTGAGTCGCGGTTx-2,0.6235247827969274
AGCTTGATCATCGGATx-2,0.9226344892597457
AGCGTATCATCTACGAx-2,0.95771494342202
AGCCTAAGTATGCTTGx-2,0.5496408320427421
AGGGAGTGTGTGAAATx-2,0.767903467779237
AGGGATGGTCCCTTGTx-2,0.5496408320427421
AGGCCACCAAAGGTGCx-2,0.9718099622813466
AGCTTGACAGGATTGGx-2,0.8311739596601646
AGCTTGACATTATCTCx-2,0.767903467779237
AGGGTGAAGCCATCGCx-2,0.9226344892597457
AGGGAGTGTCTCTCGTx-2,0.6235247827969274
AGCCTAATCGGCGGTTx-2,0.767903467779237
AGCTCTCAGGTAGCTGx-2,0.6235247827969274
AGCTCTCTCTTTCCTCx-2,0.5988967992121988
AGCTCTCCAGTAACGGx-2,0.3918421970672392
AGCTCTCGTCGCGAAAx-2,0.6235247827969274
AGCTTGACAGTCTTCCx-2,0.5496408320427421
AGGCCACAGTTTGCGTx-2,0.9718099622813466
AGCGGTCAGCGTCAAGx-2,0.767903467779237
AGCCTAAAGCGGATCAx-2,0.4428643611262977
AGCGTATCAACGATCTx-2,0.95771494342202
AGGGAGTCAATGACCTx-2,0.5496408320427421
AGCGTCGCATACGCTAx-2,0.7391283502065717
AGCGTCGCAGGACCCTx-2,0.9859049811406733
AGCTCCTGTCCCTACTx-2,0.9718099622813466
AGGGAGTCAATCAGAAx-2,0.6235247827969274
AGCTCCTGTGAAAGAGx-2,0.767903467779237
AGCTCCTTCGGTTAACx-2,0.95771494342202
AGCGTATAGCAACGGTx-2,0.6235247827969274
AGCATACTCGCTGATAx-2,0.95771494342202
AGGCCACTCTGGTGTAx-2,0.6235247827969274
AGCCTAAGTCTTCAAGx-2,0.6235247827969274
AGCGTATGTTACAGAAx-2,0.767903467779237
AGTGGGAAGCAATCTCx-2,0.6235247827969274
AGTCTTTTCGCGTAGCx-2,0.95771494342202
AGGTCCGAGCCACCTGx-2,0.6716510111243639
AGGTCCGCAAGCCATTx-2,0.6235247827969274
ATAAGAGGTCAATACCx-2,0.6235247827969274
AGTAGTCCAATGACCTx-2,0.95771494342202
ATAACGCTCACCTTATx-2,0.6235247827969274
AGTGAGGAGGGCACTAx-2,0.4649634295571679
AGTCTTTGTAGCGCTCx-2,0.767903467779237
AGTGTCAGTACCGTATx-2,1.0
AGGGTGATCCGTCAAAx-2,0.767903467779237
AGTTGGTTCGTGGGAAx-2,0.767903467779237
AGTAGTCGTGTAAGTAx-2,0.5496408320427421
AGGGTGACATGTTGACx-2,0.9859049811406733
AGTGAGGGTAGAAGGAx-2,0.7391283502065717
AGGGTGAGTTTCGCTCx-2,0.5496408320427421
AGTGTCATCTCGTTTAx-2,0.7391283502065717
AGTCTTTGTACATCCAx-2,0.5496408320427421
AGTGGGAGTGGTACAGx-2,0.6235247827969274
AGTGAGGAGGTGATTAx-2,0.7391283502065717
ATAGACCGTCTTCGTCx-2,0.7391283502065717
AGTTGGTGTCCGCTGAx-2,1.0
AGGGTGACATACTCTTx-2,0.7391283502065717
AGTGAGGCACGGTGTCx-2,0.767903467779237
AGTGTCACACGTGAGAx-2,0.767903467779237
AGGTCCGCATTGCGGCx-2,1.0
AGGTCCGGTATGAAACx-2,0.767903467779237
ATAACGCCATACTCTTx-2,0.95771494342202
ATAAGAGGTCTCTTTAx-2,0.767903467779237
AGTCTTTTCCTGCTTGx-2,0.5496408320427421
AGGGTGACAGCTGGCTx-2,0.5496408320427421
ATAGACCCAAGAAAGGx-2,0.7391283502065717
AGTGTCAAGTATGACAx-2,0.6235247827969274
AGTTGGTGTCAAGCGAx-2,1.0
AGTTGGTTCGGCGGTTx-2,0.767903467779237
AGGTCCGAGGTAGCTGx-2,0.9859049811406733
AGTGAGGTCACATAGCx-2,0.6235247827969274
AGGGTGATCCAAACACx-2,0.7398361237311784
ATAACGCTCGGTTAACx-2,0.5496408320427421
AGTGAGGAGCTAGTGGx-2,0.6235247827969274
AGGTCCGCATTAACCGx-2,0.6235247827969274
AGTTGGTTCAGCTTAGx-2,0.767903467779237
ATAGACCAGCTGTCTAx-2,0.8311739596601646
AGTAGTCAGTGGAGAAx-2,0.7391283502065717
AGGGTGATCCTGCAGGx-2,0.95771494342202
AGTTGGTAGGGCATGTx-2,0.6235247827969274
AGGTCCGAGGACACCAx-2,0.6235247827969274
AGTGTCATCTTGAGACx-2,0.5496408320427421
AGTCTTTTCTACTTACx-2,0.6235247827969274
AGTGGGATCGTAGGAGx-2,0.6235247827969274
AGTGTCACACGGATAGx-2,0.8311739596601646
ATAGACCCAGACAAATx-2,0.7391283502065717
AGTGAGGCATGTCGATx-2,0.7197772394518004
AGTCTTTGTCGAGATGx-2,0.6235247827969274
AGTAGTCAGCCAACAGx-2,0.95771494342202
AGTGAGGTCCTAGTGAx-2,0.5742688156274705
AGGTCATTCTACGAGTx-2,0.7391283502065717
ATAGACCGTGTAAGTAx-2,0.5496408320427421
AGGTCCGTCAAGGTAAx-2,0.6235247827969274
ATAGACCCAGGTCGTCx-2,0.6235247827969274
AGTGAGGGTACTTCTTx-2,0.767903467779237
ATAACGCAGTCATCCAx-2,0.767903467779237
ATAACGCGTGCTTCTCx-2,0.767903467779237
AGGTCATCACACTGCGx-2,0.767903467779237
AGGTCATTCCGAATGTx-2,0.5442441061770477
AGGTCATTCCGCGGTAx-2,0.95771494342202
AGGTCCGTCGAATGGGx-2,0.5742688156274705
AGTGGGATCTGAAAGAx-2,0.6235247827969274
AGTGTCACACCAGCACx-2,0.8944444515410923
AGGGTGAAGTAGGTGCx-2,0.95771494342202
AGGTCATCAAACTGCTx-2,0.767903467779237
ATAGACCGTGACAAATx-2,0.8452689785194913
ATAAGAGGTACAGACGx-2,0.8311739596601646
AGGTCCGGTCTGATCAx-2,0.7391283502065717
AGTGAGGCATGCAATCx-2,0.5496408320427421
AGTTGGTAGTCACGCCx-2,0.767903467779237
AGTCTTTGTTTAAGCCx-2,0.767903467779237
AGTAGTCTCACGGTTAx-2,0.767903467779237
ATAGACCGTGAGTGACx-2,0.5496408320427421
AGGGTGATCATCTGCCx-2,0.7391283502065717
AGTGAGGGTACCGTATx-2,0.6235247827969274
AGTGTCACAAAGAATCx-2,0.7830477313327281
AGTCTTTGTGAAGGCTx-2,0.767903467779237
AGTTGGTCAATCGGTTx-2,0.95771494342202
AGTGGGAAGACCTAGGx-2,0.8260855668043812
ATAACGCCACAGATTCx-2,0.7391283502065717
AGGTCCGTCAACCAACx-2,0.9718099622813466
AGGGTGAAGTGTCTCAx-2,0.5496408320427421
AGTGAGGCAATGTAAGx-2,0.95771494342202
AGTGAGGGTAGGGACTx-2,0.767903467779237
AGTGTCAGTTGATTCGx-2,0.95771494342202
AGGTCCGGTGGGTCAAx-2,0.4423533999972293
AGTTGGTAGCATCATCx-2,1.0
AGGTCATCAGTAGAGCx-2,0.9226344892597457
AGTGTCACACCTCGTTx-2,0.5496408320427421
ATGAGGGTCATCACCCx-2,0.6235247827969274
ATCACGAGTGCACCACx-2,0.5496408320427421
ATCGAGTCAATCACACx-2,0.9859049811406733
ATGAGGGCATCCAACAx-2,1.0
ATCCACCAGAATGTTGx-2,0.767903467779237
ATAGACCTCTGAGTGTx-2,1.0
ATGCGATAGGATTCGGx-2,0.95771494342202
ATCATGGGTGTGAATAx-2,0.6235247827969274
ATCACGATCAACGCTAx-2,0.9859049811406733
ATCATCTCACTCAGGCx-2,0.5954500565694596
ATCACGATCGTCTGCTx-2,0.8463182232136558
ATCATGGCAGCTCGACx-2,0.7391283502065717
ATCGAGTCAAGTCATCx-2,0.4862557735526518
ATGAGGGTCAGTGTTGx-2,0.7391283502065717
ATCTACTCATATACCGx-2,0.5496408320427421
ATCCACCCAAACTGCTx-2,0.46708553106394457
ATCCGAACAAGCTGGAx-2,0.7349215030052916
ATCGAGTAGCGTGAACx-2,0.767903467779237
ATCATCTAGACAAGCCx-2,0.7391283502065717
ATCATCTAGACAATACx-2,0.5496408320427421
ATCCACCGTCAGTGGAx-2,1.0
ATCCGAAGTAAGGGCTx-2,0.767903467779237
ATCCACCTCGGCCGATx-2,0.5496408320427421
ATGAGGGGTGCAGACAx-2,0.8944444515410923
ATCACGAAGTACGTAAx-2,0.95771494342202
ATCTGCCTCACGCATAx-2,0.9859049811406733
ATCCGAAAGATCACGGx-2,0.9859049811406733
ATCTACTTCTTATCTGx-2,0.6235247827969274
ATCACGAAGGGTGTGTx-2,0.7391283502065717
ATCTACTCATCGACGCx-2,0.5988967992121988
ATCACGAAGCACCGTCx-2,0.7391283502065717
ATCCGAAGTCGGCACTx-2,0.5496408320427421
ATCGAGTGTTTGTGTGx-2,0.7391283502065717
ATCACGAGTACGACCCx-2,0.5496408320427421
ATCATGGCAGAGCCAAx-2,0.6235247827969274
ATCGAGTGTACAAGTAx-2,0.6235247827969274
ATCGAGTTCTCGAGTAx-2,0.767903467779237
ATCCACCCATCACCCTx-2,0.7391283502065717
ATGAGGGCATCCGCGAx-2,0.767903467779237
ATGAGGGGTTAAGAACx-2,0.767903467779237
ATCATCTCATAAGACAx-2,0.95771494342202
ATCACGAAGCTGAAATx-2,0.95771494342202
ATCACGATCTCATTCAx-2,0.5496408320427421
ATCCGAATCGAATGCTx-2,0.767903467779237
ATGAGGGAGCCTATGTx-2,0.5496408320427421
ATCACGACATGCCCGAx-2,0.9718099622813466
ATCGAGTAGGGTCGATx-2,0.6235247827969274
ATGAGGGGTTGTGGAGx-2,0.5496408320427421
ATCACGAGTAGCCTATx-2,1.0
ATCGAGTTCGTCTGAAx-2,0.5496408320427421
ATCACGATCCGTAGGCx-2,0.7349215030052916
ATCTGCCTCTGTCCGTx-2,0.9718099622813466
ATCATCTAGGGCTTCCx-2,0.5621903802801745
ATCACGAAGGTTCCTAx-2,0.7391283502065717
ATCCGAATCTTGTCATx-2,0.767903467779237
ATCTACTCACATCCGGx-2,0.6235247827969274
ATCTGCCGTGGGTCAAx-2,0.7391283502065717
ATCATGGTCTACTTACx-2,0.7197772394518004
ATGAGGGGTATCACCAx-2,0.5988967992121988
ATCATCTCACAGTCGCx-2,0.8463182232136558
ATCCGAACAGTATGCTx-2,0.6235247827969274
ATCGAGTGTGTCAATCx-2,0.5496408320427421
ATGAGGGAGTATCGAAx-2,0.6235247827969274
ATGAGGGGTTCCATGAx-2,0.6235247827969274
ATCTACTAGGGTTTCTx-2,0.7349215030052916
ATCATCTCATGCGCACx-2,0.8463182232136558
ATCATCTTCACAATGCx-2,0.6235247827969274
ATCTACTGTCCCTTGTx-2,0.9859049811406733
ATCCACCCATCTCCCAx-2,0.767903467779237
ATCATCTTCACTTCATx-2,0.767903467779237
ATCGAGTGTACATCCAx-2,0.767903467779237
ATCATGGTCCATTCTAx-2,0.7391283502065717
ATCCGAAAGTGGCACAx-2,0.5496408320427421
ATCACGAAGAGGTTGCx-2,0.767903467779237
ATGAGGGGTCAAGCGAx-2,0.95771494342202
ATCATCTCAGGATCGAx-2,0.95771494342202
ATCTGCCAGTGTCTCAx-2,0.6235247827969274
ATCATCTGTCGAACAGx-2,0.767903467779237
ATCCACCGTAGAGGAAx-2,0.75013560311334
ATCCGAAAGATGTGTAx-2,0.767903467779237
ATCATGGCATCGGAAGx-2,0.6235247827969274
ATCATGGCACAGACAGx-2,1.0
ATCATCTGTCTAGCCGx-2,0.8944444515410923
ATCTGCCTCGGTTAACx-2,0.6235247827969274
ATCATGGCAGCGTTCGx-2,0.767903467779237
ATCATCTAGATGCCTTx-2,0.5988967992121988
ATCATGGCATCTCCCAx-2,0.49498813900759076
ATCACGATCCTGTACCx-2,0.7349215030052916
ATCATCTAGAGACGAAx-2,0.7391283502065717
ATCGAGTTCATTGCCCx-2,0.767903467779237
ATCTACTGTTACCGATx-2,0.5496408320427421
ATCACGATCCTGTAGAx-2,0.6235247827969274
ATCCGAACACCATCCTx-2,0.6235247827969274
ATCGAGTCAGTAACGGx-2,0.767903467779237
ATCTGCCGTAGAGGAAx-2,0.95771494342202
ATCGAGTAGGCCGAATx-2,0.9859049811406733
ATCCGAACAGTAAGATx-2,1.0
CAACCTCGTCTCAACAx-2,0.7391283502065717
ATGGGAGGTTGCTCCTx-2,0.6584428369350477
ATTATCCAGAGTCGGTx-2,0.6566914541812677
ATGCGATGTCTCCACTx-2,0.7830477313327281
ATTGGTGTCAACACTGx-2,0.95771494342202
ATTATCCCACCATCCTx-2,0.5496408320427421
ATTATCCTCACATACGx-2,0.95771494342202
ATGCGATGTTCCACTCx-2,0.6235247827969274
ATGTGTGCACATGACTx-2,0.7412516707803916
CAACCAAAGGAGCGAGx-2,0.9718099622813466
ATTGGACGTACTTCTTx-2,0.767903467779237
ATTTCTGGTACCAGTTx-2,0.767903467779237
ATTGGTGCATTGGGCCx-2,0.740543897255785
ATTTCTGCACATTTCTx-2,0.767903467779237
ATTTCTGCATAGACTCx-2,0.7391283502065717
ATTCTACGTTCGCGACx-2,0.5496408320427421
ATTGGTGAGTGTCTCAx-2,0.767903467779237
ATTACTCAGGAACTGCx-2,0.4918176621306598
CAACCAAGTCCCTACTx-2,0.9859049811406733
ATTGGTGTCAAGCCTAx-2,0.95771494342202
ATTACTCAGCTCAACTx-2,0.767903467779237
ATTTCTGTCTAGCACAx-2,0.767903467779237
ATTGGACAGGTAGCCAx-2,1.0
ATGTGTGGTACCTACAx-2,0.95771494342202
ATGGGAGAGTCCGGTCx-2,0.9859049811406733
ATGTGTGGTCGGGTCTx-2,0.6235247827969274
ATTATCCGTATCAGTCx-2,0.767903467779237
ATTTCTGAGCCATCGCx-2,0.6235247827969274
ATGCGATAGGTCGGATx-2,0.95771494342202
ATGGGAGAGATCCCATx-2,0.95771494342202
ATTGGACTCCACGTGGx-2,0.5473238282420231
ATGCGATTCGGGAGTAx-2,0.7391283502065717
ATGGGAGAGAAACGAGx-2,0.767903467779237
ATTACTCGTTGCTCCTx-2,0.9718099622813466
ATTACTCCACGCTTTCx-2,0.7391283502065717
ATTGGACCACCTATCCx-2,0.7391283502065717
ATTGGTGTCACCATAGx-2,0.9226344892597457
ATTGGTGCATCCGCGAx-2,0.5496408320427421
ATTTCTGTCCCTTGTGx-2,0.7391283502065717
ATTATCCTCCACGTGGx-2,0.4403354459724395
ATTATCCGTCACTGGCx-2,0.95771494342202
ATGGGAGCAAGGTTTCx-2,0.7391283502065717
ATGGGAGCAATAACGAx-2,0.95771494342202
ATTATCCCATCCAACAx-2,0.6235247827969274
ATGGGAGTCTGCTGCTx-2,0.767903467779237
ATTTCTGTCTGTGCAAx-2,0.767903467779237
ATGCGATCATTCTTACx-2,0.5496408320427421
ATTATCCTCTTGAGGTx-2,0.6235247827969274
ATGGGAGGTGACTCATx-2,0.41762126893051404
ATTGGTGCATCGATTGx-2,0.6235247827969274
ATGGGAGGTCTCTCGTx-2,0.5496408320427421
ATGGGAGCAAGAAAGGx-2,0.6235247827969274
ATGCGATTCATGTCCCx-2,0.9859049811406733
ATGTGTGCAACGATGGx-2,0.8944444515410923
ATTCTACTCCACTCCAx-2,1.0
ATTTCTGGTCAGCTATx-2,0.767903467779237
ATTCTACGTCCCTACTx-2,0.4403354459724395
ATTGGACAGGCATGGTx-2,0.6235247827969274
ATTACTCGTCGCGAAAx-2,0.767903467779237
ATTGGTGCACGGCTACx-2,0.5496408320427421
ATTCTACCACGGTAAGx-2,0.5496408320427421
ATTCTACAGGTGCACAx-2,0.5496408320427421
ATTATCCTCGCGTAGCx-2,0.3101463814497511
ATTCTACTCCAAACACx-2,1.0
ATGGGAGCACATCTTTx-2,0.95771494342202
CAACCAACATACAGCTx-2,0.8944444515410923
ATTATCCCAAGGACTGx-2,0.6235247827969274
ATGTGTGAGACACTAAx-2,0.95771494342202
ATTGGACTCAACGAAAx-2,0.767903467779237
ATTCTACCACATGACTx-2,0.7391283502065717
ATGCGATTCACGATGTx-2,1.0
ATTATCCTCCATGAGTx-2,0.5496408320427421
ATGGGAGTCGTAGGAGx-2,0.767903467779237
ATGGGAGGTTCCCGAGx-2,0.9859049811406733
ATTCTACAGGATATACx-2,0.6235247827969274
ATTGGACCAACACCTAx-2,0.6235247827969274
ATGCGATAGTTCGCATx-2,0.95771494342202
ATTATCCTCCTGTACCx-2,0.6235247827969274
CAACCTCAGTAGGTGCx-2,0.767903467779237
ATGTGTGGTGGCAAACx-2,0.767903467779237
ATTTCTGGTATGAATGx-2,0.9226344892597457
CAACCAAAGCCACTATx-2,0.5496408320427421
ATTGGACTCTGCCAGGx-2,0.6235247827969274
ATTGGACCAGGGCATAx-2,0.95771494342202
ATTGGACTCCCTAATTx-2,1.0
ATGTGTGAGTGTACTCx-2,0.5496408320427421
ATGGGAGAGTGTTTGCx-2,0.4918176621306598
CAACCAAGTCATGCCGx-2,0.767903467779237
ATTGGACAGAGCTGGTx-2,0.95771494342202
ATTGGACTCGGCGCATx-2,0.4918176621306598
ATTTCTGTCAGCTCGGx-2,0.767903467779237
ATTGGTGAGCGCTTATx-2,0.9859049811406733
ATGCGATGTTGTGGCCx-2,0.5496408320427421
ATTACTCGTAAGTGGCx-2,0.8311739596601646
ATTGGACGTCGCTTTCx-2,0.6235247827969274
CACAGTAAGAGTACATx-2,0.6235247827969274
CAAGATCGTAGAGCTGx-2,0.6235247827969274
CACAAACGTGACTACTx-2,0.5496408320427421
CAAGTTGAGATAGGAGx-2,0.5496408320427421
CACACTCTCTCGAGTAx-2,0.95771494342202
CAAGATCCACGAAACGx-2,0.5496408320427421
CAAGATCAGGTGGGTTx-2,0.767903467779237
CACACAAGTCTGCGGTx-2,0.6235247827969274
CACAGGCGTCTAGAGGx-2,0.9718099622813466
CAAGAAATCACAGTACx-2,0.95771494342202
CACAAACGTTACGCGCx-2,0.6235247827969274
CAAGAAAGTCTGATTGx-2,0.4711228736871189
CACACTCGTAAATGTGx-2,0.5742688156274705
CAAGATCAGGACAGAAx-2,0.5473238282420231
CAACTAGGTTTGCATGx-2,0.6235247827969274
CACAGTAGTACGAAATx-2,0.5496408320427421
CAAGTTGGTTCACGGCx-2,0.7391283502065717
CACACTCAGAGCTGGTx-2,0.95771494342202
CAAGTTGGTATAGGTAx-2,0.6235247827969274
CAACTAGGTGTGCGTCx-2,0.439521575246669
CAAGAAAGTCACCTAAx-2,0.7391283502065717
CACACTCTCTATCCTAx-2,0.767903467779237
CACAGGCTCTCGAGTAx-2,0.38568275293728826
CAAGTTGGTGCAACGAx-2,1.0
CAAGTTGTCGTATCAGx-2,1.0
CACATAGTCTGCAAGTx-2,0.7398361237311784
CACACTCGTGTGTGCCx-2,0.767903467779237
CACATAGTCGAACGGAx-2,0.4649634295571679
CACACAACAAGGTTCTx-2,0.8463182232136558
CAAGTTGAGGGTATCGx-2,0.5742545581559637
CACAGTACAATCAGAAx-2,0.767903467779237
CAAGAAACACTCAGGCx-2,0.95771494342202
CACACCTGTTGAGTTCx-2,1.0
CAACTAGTCTGCTGTCx-2,0.95771494342202
CACAGTATCCATTCTAx-2,0.49498813900759076
CACACCTGTACTTCTTx-2,0.5988967992121988
CAAGTTGAGCCCGAAAx-2,0.6235247827969274
CACACCTGTGTATGGGx-2,0.9859049811406733
CAACTAGAGAAAGTGGx-2,0.767903467779237
CACAGGCCATTGGCGCx-2,0.9137505569267972
CACAAACTCTCTGTCGx-2,0.7391283502065717
CACAGGCGTCTAGTCAx-2,0.95771494342202
CACACCTAGAAGGACAx-2,0.8311739596601646
CACAGGCAGCAAATCAx-2,0.7436486707790771
CAAGATCAGAGACTATx-2,0.95771494342202
CACAGGCTCCTTTCGGx-2,0.5496408320427421
CACATAGGTCTCATCCx-2,0.7391283502065717
CACAGTACACCTCGTTx-2,0.7398361237311784
CAAGAAAAGATCCGAGx-2,0.38568275293728826
CAAGAAATCCCGACTTx-2,0.9718099622813466
CAAGGCCCAGGGTTAGx-2,0.9718099622813466
CAAGAAAAGATCCTGTx-2,0.9859049811406733
CAAGATCGTGCAGACAx-2,0.5496408320427421
CAACTAGAGCCAGGATx-2,0.767903467779237
CACAAACGTGGGTATGx-2,0.5988967992121988
CAAGTTGGTTGATTCGx-2,0.5496408320427421
CAACCTCTCGCACTCTx-2,0.767903467779237
CACACAATCGTCTGAAx-2,0.95771494342202
CACACTCTCCAAACACx-2,0.767903467779237
CACATTTAGTGTGAATx-2,0.95771494342202
CACACTCAGGTTACCTx-2,0.8463182232136558
CACAAACGTGCGATAGx-2,0.4918176621306598
CAAGAAAGTAATCACCx-2,0.95771494342202
CACACAAGTAACGCGAx-2,0.41762126893051404
CAAGTTGGTCCAGTTAx-2,1.0
CAACCTCGTGCGGTAAx-2,0.95771494342202
CAACTAGTCGTCCGTTx-2,0.7391283502065717
CAAGATCAGAGGTAGAx-2,0.6235247827969274
CAAGATCAGCTATGCTx-2,0.6235247827969274
CACAGGCTCGCGGATCx-2,0.7398361237311784
CACAAACTCCGTAGGCx-2,0.7391283502065717
CACACCTGTTAAGATGx-2,0.6235247827969274
CAAGAAATCCCTAACCx-2,0.7391283502065717
CAACTAGTCACCGTAAx-2,0.5496408320427421
CAACTAGCATCACAACx-2,0.95771494342202
CAAGAAACACAACGCCx-2,0.6716510111243639
CAAGGCCTCTGGAGCCx-2,0.8944444515410923
CACATAGGTCTGCAATx-2,0.9226344892597456
CAAGTTGAGAACTGTAx-2,0.5496408320427421
CACACCTGTCGCTTTCx-2,0.767903467779237
CACAAACGTCTAACGTx-2,0.767903467779237
CACAGTAAGTTAGGTAx-2,0.95771494342202
CACACAAGTTACAGAAx-2,0.6235247827969274
CACACAACACCTCGTTx-2,0.95771494342202
CACACAAAGTCACGCCx-2,0.7398361237311784
CAACTAGAGCGATTCTx-2,0.95771494342202
CACAGGCCAAGAAGAGx-2,0.5496408320427421
CACAAACGTACCAGTTx-2,0.767903467779237
CAAGTTGAGTGCGTGAx-2,0.7391283502065717
CACAAACAGTGTACGGx-2,0.7197772394518004
CACAGGCGTTACGTCAx-2,0.9718099622813466
CAAGATCAGTTCGATCx-2,0.8311739596601646
CACATAGTCGCAAACTx-2,0.42465502320851756
CACACAAAGTCTTGCAx-2,0.6235247827969274
CAGCAGCAGTGACATAx-2,0.6235247827969274
CAGCAGCAGGATCGCAx-2,0.767903467779237
CAGAATCGTTTGGGCCx-2,0.95771494342202
CAGATCAAGTAATCCCx-2,0.6566914541812677
CAGATCAGTTCCGGCAx-2,1.0
CACATTTTCATCTGTTx-2,0.5742688156274705
CAGCATAAGTCATCCAx-2,0.95771494342202
CACTCCACAATCGGTTx-2,0.767903467779237
CACCTTGCACAGCGTCx-2,0.9859049811406733
CAGAGAGGTGTCCTCTx-2,0.5496408320427421
CAGATCAGTGAGTATAx-2,0.767903467779237
CAGCATAGTCTAGTGTx-2,0.95771494342202
CACCAGGCAAACCTACx-2,0.5988967992121988
CACCTTGGTGCCTGGTx-2,0.8311739596601646
CACCTTGTCAGGCCCAx-2,0.9859049811406733
CAGATCAAGCCACGTCx-2,0.767903467779237
CAGAATCCATGGTAGGx-2,0.7391283502065717
CAGCATATCGGCGGTTx-2,0.5496408320427421
CAGATCATCACAATGCx-2,0.6235247827969274
CAGAATCCAACTGCGCx-2,0.4403354459724395
CACCTTGTCCTGTAGAx-2,0.5496408320427421
CACTCCATCCGTTGCTx-2,0.7391283502065717
CAGCATACATCATCCCx-2,0.6235247827969274
CAGAATCTCCTTTCGGx-2,0.6566914541812677
CACCTTGGTGAGCGATx-2,0.5473238282420231
CAGATCATCCGAAGAGx-2,0.767903467779237
CAGCAGCGTTCCGGCAx-2,0.4918176621306598
CAGAGAGCACTGTCGGx-2,1.0
CACATTTTCCGTTGCTx-2,0.5496408320427421
CACCAGGTCCTTGCCAx-2,0.7391283502065717
CACCTTGAGTGGACGTx-2,0.8463182232136558
CAGCAGCTCCAGGGCTx-2,0.7391283502065717
CAGCAGCAGGGTATCGx-2,0.767903467779237
CACTCCAGTGCACTTAx-2,0.7391283502065717
CACCACTGTGAGGCTAx-2,0.95771494342202
CACCAGGCAGCCAATTx-2,0.95771494342202
CAGAGAGAGCACCGTCx-2,0.7391283502065717
CACCAGGCAGCGTTCGx-2,0.9718099622813466
CACATTTTCGTGGACCx-2,0.7391283502065717
CAGAATCTCAGCTCGGx-2,0.9859049811406733
CAGCCGAAGAGCAATTx-2,0.5496408320427421
CAGATCATCTGATACGx-2,0.5988967992121988
CACCAGGCAGTATGCTx-2,0.9718099622813466
CAGAGAGAGTGTACCTx-2,0.6235247827969274
CAGCATACAATGGACGx-2,0.5496408320427421
CAGATCAGTAACGTTCx-2,0.7391283502065717
CACCACTTCAAGATCCx-2,0.6235247827969274
CACTCCAAGGATGTATx-2,0.95771494342202
CACCAGGCAGACGCAAx-2,0.7391283502065717
CAGAATCGTTCTGGTAx-2,0.767903467779237
CAGATCACAGTCCTTCx-2,0.5496408320427421
CACCAGGCACAGAGGTx-2,0.95771494342202
CACCAGGCAGTAAGCGx-2,0.7391283502065717
CAGATCAGTAGAGCTGx-2,0.7391283502065717
CAGAATCGTGTTGAGGx-2,0.7391283502065717
CAGCAGCTCCAAAGTCx-2,0.5442441061770477
CACATTTCAGAAGCACx-2,0.767903467779237
CAGCATATCGTAGGAGx-2,0.6235247827969274
CACATTTCACGTAAGGx-2,0.9718099622813466
CACATTTCAGTGACAGx-2,0.767903467779237
CACCACTAGATACACAx-2,0.9226344892597457
CAGATCAAGGCGTACAx-2,0.95771494342202
CAGCATAAGTCTCAACx-2,0.6235247827969274
CACCTTGAGTTAGCGGx-2,0.5742545581559637
CACATTTTCAACACGTx-2,0.5496408320427421
CACTCCAGTTCCATGAx-2,0.8311739596601646
CAGAATCAGAACAACTx-2,0.95771494342202
CACCACTGTTTGTTGGx-2,0.95771494342202
CAGCCGAAGCTGAACGx-2,0.7391283502065717
CAGATCAGTGACGCCTx-2,0.7412516707803916
CACATTTTCCAGTAGTx-2,0.4595190811311781
CACCTTGCAATACGCTx-2,0.95771494342202
CACCAGGCATTACCTTx-2,0.9718099622813466
CAGAGAGGTTTCCACCx-2,0.9859049811406733
CAGAGAGTCAGGCAAGx-2,0.5496408320427421
CAGATCAGTTATCGGTx-2,0.95771494342202
CAGAATCGTGTCCTCTx-2,0.5496408320427421
CAGAATCGTCTAGAGGx-2,0.9718099622813466
CACCAGGGTAAGTAGTx-2,0.6235247827969274
CACCAGGCACGGACAAx-2,0.5496408320427421
CAGCAGCAGTCAATAGx-2,0.95771494342202
CAGCAGCTCTTCGAGAx-2,0.767903467779237
CACCAGGAGTCCAGGAx-2,0.6235247827969274
CAGCCGAAGCAGCCTCx-2,0.767903467779237
CAGCATACAGGGCATAx-2,0.3963289249350302
CACCAGGAGGTAGCCAx-2,0.95771494342202
CACATTTTCTTCAACTx-2,0.4859894257252703
CAGAATCAGTCCAGGAx-2,0.7391283502065717
CACCACTGTTAGAACAx-2,1.0
CAGCATAGTCTAGTCAx-2,0.49498813900759076
CACATTTGTTTGGCGCx-2,0.7391283502065717
CACCAGGCAGCTGTATx-2,0.767903467779237
CACCTTGGTGTGACGAx-2,0.5988967992121988
CACTCCACAAGGTTCTx-2,0.7391283502065717
CAGAATCAGAGGTTGCx-2,0.767903467779237
CACTCCAGTTGATTCGx-2,0.9130427834021906
CAGCATATCGCGGATCx-2,0.6235247827969274
CACCAGGTCGCTTGTCx-2,0.95771494342202
CACCAGGGTATAGGGCx-2,0.5496408320427421
CAGCCGAAGTCTCGGCx-2,0.6235247827969274
CAGCTGGTCTCAAACGx-2,0.5496408320427421
CAGCGACGTAAATGTGx-2,0.6235247827969274
CAGTAACTCTCCAACCx-2,0.5496408320427421
CATATGGTCCAATGGTx-2,0.767903467779237
CAGGTGCGTTAAGGGCx-2,0.7391283502065717
CAGCCGACACTTACGAx-2,0.5496408320427421
CAGGTGCTCGGAGGTAx-2,0.5988967992121988
CATCAGATCTTGTATCx-2,0.767903467779237
CAGCGACTCTTGTATCx-2,0.6235247827969274
CATATGGAGTACGTTCx-2,0.6235247827969274
CAGCTAAGTAAGGGAAx-2,0.767903467779237
CAGCCGAGTTAAGAACx-2,0.6235247827969274
CAGCTAATCATCACCCx-2,0.95771494342202
CAGCTGGTCAGTGTTGx-2,0.6584428369350477
CAGGTGCCAGTATAAGx-2,0.5442441061770477
CATATGGCATGCCCGAx-2,0.767903467779237
CAGCGACCAGACGCAAx-2,0.6235247827969274
CAGCTGGGTATGGTTCx-2,0.9226344892597456
CAGGTGCCAGCTCCGAx-2,0.767903467779237
CAGTCCTAGTCCTCCTx-2,0.6235247827969274
CAGGTGCGTCCATCCTx-2,0.5473238282420231
CATATTCAGACGCTTTx-2,0.95771494342202
CAGCTGGTCAATAAGGx-2,0.5496408320427421
CAGGTGCGTAAGGATTx-2,0.767903467779237
CAGCTAACATTGGGCCx-2,0.6235247827969274
CAGCGACGTGTTGGGAx-2,0.6235247827969274
CATCAGAGTTTGTTGGx-2,0.6235247827969274
CAGCGACTCCTTGGTCx-2,0.5496408320427421
CAGCTGGTCTTTACGTx-2,0.767903467779237
CAGGTGCGTGACGGTAx-2,0.7391283502065717
CAGCTAACAGTCCTTCx-2,0.5496408320427421
CATATGGCATGGGAACx-2,0.5496408320427421
CAGCTGGCAACACGCCx-2,0.7830477313327281
CAGCTGGTCAGGTTCAx-2,0.767903467779237
CAGGTGCAGGTAGCTGx-2,0.767903467779237
CAGCTGGTCATTGCGAx-2,0.95771494342202
CAGGTGCGTAGCCTATx-2,1.0
CAGTCCTAGTACATGAx-2,0.5742688156274705
CAGCTGGCACCGGAAAx-2,0.9718099622813466
CAGCCGAGTCTCTTTAx-2,0.6235247827969274
CAGCTAACATGCTGGCx-2,0.95771494342202
CATATTCGTACAGTTCx-2,0.7391283502065717
CAGTCCTCATGTCGATx-2,0.767903467779237
CATATGGAGCGTTTACx-2,0.95771494342202
CATCAGATCTCCAACCx-2,0.7391283502065717
CATATGGGTATAGGGCx-2,0.95771494342202
CATATTCGTGGTTTCAx-2,0.767903467779237
CATATTCTCCATGAACx-2,0.95771494342202
CAGTAACGTATTCGTGx-2,0.767903467779237
CAGCTAAGTAAGTGTAx-2,0.5496408320427421
CAGTAACCAACTGCTAx-2,0.5496408320427421
CAGGTGCGTGAGTATAx-2,0.6235247827969274
CATCAAGAGACTACAAx-2,0.8944444515410923
CAGGTGCAGACTACAAx-2,0.767903467779237
CATCAGACATCGATTGx-2,0.7391283502065717
CATATGGTCGGAATCTx-2,0.6235247827969274
CAGTAACGTGCCTGTGx-2,0.7398361237311784
CAGTCCTCAGACGTAGx-2,0.7391283502065717
CATATGGAGGCTCATTx-2,0.5496408320427421
CATATGGTCGTTGCCTx-2,0.767903467779237
CAGGTGCGTATTAGCCx-2,0.5496408320427421
CAGGTGCGTGTAAGTAx-2,0.767903467779237
CAGGTGCCATCGTCGGx-2,0.95771494342202
CATATTCGTTGCGCACx-2,0.6235247827969274
CATCAGACAAGTCATCx-2,0.8311739596601646
CAGGTGCGTGGGTCAAx-2,1.0
CATATTCCAGGGCATAx-2,0.6716510111243639
CAGTAACTCATTTGGGx-2,0.6235247827969274
CAGTAACTCGTAGGAGx-2,0.7391283502065717
CATCAAGGTTCATGGTx-2,0.767903467779237
CAGCCGACAGATAATGx-2,0.6235247827969274
CATATTCGTCGAACAGx-2,0.7197772394518004
CAGTCCTCATGCATGTx-2,0.6235247827969274
CAGGTGCGTATGAATGx-2,0.8944444515410923
CAGCGACTCGGACAAGx-2,0.6235247827969274
CAGCTGGTCTGCGGCAx-2,0.95771494342202
CAGTCCTAGCAGGTCAx-2,0.5496408320427421
CAGTAACTCTGGTGTAx-2,0.7391283502065717
CAGCCGAGTCTAGTCAx-2,0.6235247827969274
CATATTCGTATGCTTGx-2,0.8311739596601646
CAGCTGGTCCGTAGTAx-2,0.767903467779237
CATATTCTCTTCGGTCx-2,0.6235247827969274
CAGGTGCGTGTTGAGGx-2,0.767903467779237
CAGGTGCAGCGCTTATx-2,0.95771494342202
CAGCGACCATCTCCCAx-2,0.7412516707803916
CAGTAACCATCGTCGGx-2,0.767903467779237
CAGTCCTAGCGTCTATx-2,0.7391283502065717
CAGCGACAGTAGCCGAx-2,0.95771494342202
CATCAAGTCCTGCCATx-2,0.7391283502065717
CATCGAATCCTGTACCx-2,0.8260855668043812
CCACCTAGTATAGGGCx-2,0.767903467779237
CATTATCTCCCTGACTx-2,0.767903467779237
CATCGGGGTCCATCCTx-2,0.95771494342202
CCACCTAAGGTGTTAAx-2,0.7391283502065717
CATCCACAGTGGGATCx-2,0.6235247827969274
CATGGCGAGGCATTGGx-2,0.9859049811406733
CATGGCGGTTTGACACx-2,0.7391283502065717
CATGACACATCACAACx-2,0.4403354459724395
CATCCACTCATGTCTTx-2,0.6235247827969274
CATTATCAGGATGGTCx-2,0.767903467779237
CATGGCGCAAGGACTGx-2,0.95771494342202
CATGCCTTCTCTAGGAx-2,0.9718099622813466
CCACCTACAGACGCCTx-2,0.6235247827969274
CATCCACCAAGGACTGx-2,0.767903467779237
CATCGGGCATAAAGGTx-2,0.6235247827969274
CATTCGCCACAGATTCx-2,0.767903467779237
CATCGAATCAAGGCTTx-2,0.784983820696903
CATCCACCAGCTGTTAx-2,0.767903467779237
CATGACAAGATGGGTCx-2,1.0
CATCGAAAGACAAAGGx-2,0.6235247827969274
CATTCGCGTCGCTTTCx-2,0.95771494342202
CATGCCTGTCCGAACCx-2,1.0
CCAATCCTCGCATGGCx-2,0.767903467779237
CATTATCCATACGCTAx-2,0.5742688156274705
CCACCTAGTTCGAATCx-2,0.6235247827969274
CATCGGGGTCTTGCGGx-2,0.7391283502065717
CATCGAATCGGCTTGGx-2,0.7391283502065717
CATTCGCCAGACTCGCx-2,0.7391283502065717
CCAATCCCACATCCGGx-2,0.5496408320427421
CATGGCGAGTTAAGTGx-2,0.7391283502065717
CCACCTAGTGCGATAGx-2,0.95771494342202
CATCCACTCTGACCTCx-2,0.42465502320851756
CATCGAACATTAGCCAx-2,0.5496408320427421
CATCGGGTCGTACGGCx-2,0.9718099622813465
CATGGCGGTCAAAGATx-2,0.5496408320427421
CATTCGCAGTCGTTTGx-2,0.95771494342202
CATGACATCCTACAGAx-2,0.5496408320427421
CATGGCGGTGTTCTTTx-2,0.767903467779237
CATCGAAAGAGAGCTCx-2,0.95771494342202
CATGCCTGTCGAATCTx-2,0.95771494342202
CATTATCCACACCGACx-2,0.767903467779237
CATCCACCACTTGGATx-2,0.7391283502065717
CATGACACAGGAATCGx-2,1.0
CATGGCGAGCTCCCAGx-2,0.5496408320427421
CATGCCTTCGCCTGAGx-2,0.767903467779237
CATGCCTAGCTAGGCAx-2,0.740543897255785
CATCCACTCCGTTGTCx-2,0.8260855668043812
CATTATCCACAGGCCTx-2,0.767903467779237
CCAATCCCAGACGTAGx-2,0.5742688156274705
CATGGCGCAATGGTCTx-2,0.4918176621306598
CATCGGGCAAGGTGTGx-2,0.95771494342202
CCAATCCGTGCGGTAAx-2,0.95771494342202
CCAATCCTCAAGATCCx-2,0.7391283502065717
CATCGGGAGAAGCCCAx-2,0.767903467779237
CATCGGGTCGTCTGAAx-2,0.7391283502065717
CATTCGCTCTGGGCCAx-2,0.6235247827969274
CATTATCGTTGCGCACx-2,0.7391283502065717
CATTCGCAGTGGAGAAx-2,0.5742688156274705
CATGGCGTCGATCCCTx-2,0.6235247827969274
CATGGCGTCCCGGATGx-2,0.8311739596601646
CATGCCTAGTCGAGTGx-2,0.9718099622813466
CATCGGGTCGCTTAGAx-2,0.6235247827969274
CATGGCGGTTCATGGTx-2,0.5496408320427421
CATGGCGTCATAAAGGx-2,0.6235247827969274
CATTCGCTCGGAGCAAx-2,0.95771494342202
CATCAGATCTTGTCATx-2,0.767903467779237
CATCGGGCACTGTTAGx-2,0.5988967992121988
CATCGAATCTTGAGGTx-2,0.95771494342202
CATCCACAGGGTGTGTx-2,0.95771494342202
CATTATCCAGCATACTx-2,0.6235247827969274
CATGGCGAGGGCACTAx-2,0.8463182232136558
CATCGGGAGCTGCCCAx-2,0.8311739596601646
CATCCACCAGGCGATAx-2,0.5473238282420231
CATCCACCAGGGTATGx-2,0.6235247827969274
CATCGAAGTTGTCTTTx-2,0.9718099622813466
CATCGGGGTGTGAATAx-2,0.5988967992121988
CATCGAATCGTAGGTTx-2,0.9718099622813466
CATCGAAGTGTTGAGGx-2,0.7349215030052916
CATGACAGTAGAGCTGx-2,0.767903467779237
CATGACAAGGGTTCCCx-2,0.6235247827969274
CATGGCGAGGTCGGATx-2,0.9859049811406733
CATCGAATCTAACTCTx-2,0.9718099622813466
CATTCGCCAGCCACCAx-2,0.4918176621306598
CATCCACAGCGATTCTx-2,0.7391283502065717
CCAATCCTCTATGTGGx-2,0.95771494342202
CATGCCTGTTACGCGCx-2,0.7391283502065717
CATCGGGTCAGAGGTGx-2,0.767903467779237
CATTATCCACTGTCGGx-2,1.0
CATTCGCGTACCTACAx-2,0.6235247827969274
CCAATCCGTGCAACTTx-2,0.95771494342202
CATTATCGTAGTAGTAx-2,0.4403354459724395
CATCCACTCCACGACGx-2,0.7358083476753019
CATGGCGCACAGTCGCx-2,0.5496408320427421
CATGGCGGTGAAAGAGx-2,0.767903467779237
CATGCCTAGAGATGAGx-2,0.9859049811406733
CCCTCCTAGACTAGATx-2,0.49498813900759076
CCCAGTTGTACATGTCx-2,0.6235247827969274
CCACGGAAGAAGGACAx-2,0.95771494342202
CCCATACGTCTAGAGGx-2,1.0
CCACTACAGTACGTAAx-2,0.7487200560641268
CCATGTCGTGCACTTAx-2,0.7391283502065717
CCACCTATCGAGCCCAx-2,0.6235247827969274
CCGGGATTCATCATTCx-2,0.740543897255785
CCCAATCAGTATCTCGx-2,0.6235247827969274
CCCAATCGTCAAGCGAx-2,0.95771494342202
CCACTACTCACGACTAx-2,0.38568275293728826
CCACTACAGCAAATCAx-2,0.49498813900759076
CCCTCCTGTCGGCACTx-2,1.0
CCAGCGATCACAGTACx-2,0.95771494342202
CCGGTAGAGAATGTTGx-2,0.6435762848968962
CCGGGATGTAGCGTCCx-2,1.0
CCAGCGATCCGAACGCx-2,0.5988967992121988
CCGGGATTCCTTCAATx-2,0.5496408320427421
CCACTACAGCACACAGx-2,0.6235247827969274
CCGGGATTCGCCAGCAx-2,0.6235247827969274
CCCTCCTCATGCCACGx-2,0.7197772394518004
CCACGGATCCTCGCATx-2,0.5742545581559637
CCCAATCGTCTGCAATx-2,0.6495589046020992
CCCATACGTGCCTTGGx-2,0.767903467779237
CCACTACGTCTTCAAGx-2,0.7391283502065717
CCACTACTCACCGTAAx-2,0.7197772394518004
CCCAATCGTACGACCCx-2,0.95771494342202
CCACTACAGGCCCGTTx-2,0.95771494342202
CCATTCGGTTTACTCTx-2,0.95771494342202
CCCATACAGACAAGCCx-2,1.0
CCACGGAAGAATTGTGx-2,0.767903467779237
CCACTACAGGAGCGAGx-2,0.9859049811406733
CCGGGATGTGGGTCAAx-2,0.95771494342202
CCACGGACAGATCCATx-2,0.5496408320427421
CCCAATCTCACGCGGTx-2,0.95771494342202
CCCTCCTAGAGTACCGx-2,1.0
CCATGTCTCTCGCTTGx-2,0.7391283502065717
CCAGCGATCTTGTACTx-2,0.7391283502065717
CCCTCCTGTACTTAGCx-2,0.7391283502065717
CCATGTCAGCTAGTGGx-2,0.7391283502065717
CCCTCCTGTTATGCGTx-2,0.9859049811406733
CCCAATCTCCCTCAGTx-2,0.4711228736871189
CCATTCGCACTATCTTx-2,0.767903467779237
CCCAATCAGATCTGCTx-2,0.6235247827969274
CCATGTCGTGTGACGAx-2,0.5954500565694596
CCATGTCCAATGACCTx-2,0.6235247827969274
CCATTCGAGATAGGAGx-2,0.5496408320427421
CCACGGATCGCATGGCx-2,0.6235247827969274
CCACTACTCTTCGGTCx-2,0.767903467779237
CCACTACAGTTAAGTGx-2,1.0
CCCAATCGTGTTTGTGx-2,0.95771494342202
CCCAGTTCAGGGCATAx-2,0.767903467779237
CCAGCGATCCAGTATGx-2,0.95771494342202
CCATTCGGTCGGCTCAx-2,0.7217133288159753
CCCAGTTTCAATAAGGx-2,0.9859049811406733
CCCATACCACAAGACGx-2,0.95771494342202
CCCAATCCAGCCAGAAx-2,0.7197772394518004
CCCATACGTCGGGTCTx-2,0.767903467779237
CCATTCGAGAGATGAGx-2,0.5988967992121988
CCATTCGGTACAAGTAx-2,0.767903467779237
CCACCTATCGTCCAGGx-2,0.9718099622813466
CCGGGATTCGCCCTTAx-2,0.767903467779237
CCGGGATAGGTAGCCAx-2,0.7583117619216819
CCATTCGAGTGGGATCx-2,0.38568275293728826
CCCATACCATATACGCx-2,0.767903467779237
CCACGGATCGTCTGAAx-2,0.7391283502065717
CCCAATCCACACGCTGx-2,0.5496408320427421
CCGGTAGGTCAGCTATx-2,0.7197772394518004
CCCATACGTCTGGTCGx-2,0.95771494342202
CCCAGTTAGATGGCGTx-2,0.767903467779237
CCGGGATAGCGATCCCx-2,0.6235247827969274
CCCATACGTAGGAGTCx-2,0.46708553106394457
CCATGTCGTTTAGGAAx-2,0.767903467779237
CCGGGATGTGTTCGATx-2,0.95771494342202
CCACGGATCCTTAATCx-2,0.5496408320427421
CCCTCCTTCGATCCCTx-2,0.6235247827969274
CCGTACTAGCATGGCAx-2,0.5496408320427421
CCAGCGAAGCCGCCTAx-2,0.7391283502065717
CCATTCGTCTGATACGx-2,0.95771494342202
CCCATACCAGACGTAGx-2,0.5442441061770477
CCCAATCGTCGCTTTCx-2,0.6716510111243639
CCACGGACAGTTTACGx-2,0.767903467779237
CCCATACCAGGACGTAx-2,0.5496408320427421
CCACGGATCTCAAACGx-2,0.5496408320427421
CCACGGAAGATGTGGCx-2,0.6235247827969274
CCGGGATCATATGCTGx-2,0.9718099622813466
CCATTCGAGTGAAGAGx-2,0.6235247827969274
CCGTACTAGAGAACAGx-2,0.7391283502065717
CCATTCGGTAGTAGTAx-2,1.0
CCGGTAGAGCGAAGGGx-2,0.95771494342202
CCACTACCAGATCTGTx-2,0.6235247827969274
CCACTACGTTAGTGGGx-2,0.5496408320427421
CCGGTAGGTTTGCATGx-2,0.95771494342202
CCACTACCAGCCAGAAx-2,0.7391283502065717
CCTATTAAGTTGAGATx-2,0.767903467779237
CCTCTGACAATACGCTx-2,0.9718099622813466
CCGTGGAAGGCCATAGx-2,0.95771494342202
CCGTACTGTTCGAATCx-2,0.7391283502065717
CCTAGCTAGTCAAGGCx-2,0.5496408320427421
CCTACACGTAGCTCCGx-2,0.95771494342202
CCTTCCCGTAGGCATGx-2,0.95771494342202
CCTACCAGTTCTGGTAx-2,0.6235247827969274
CCGTACTGTGGGTCAAx-2,0.6235247827969274
CCTACACCATCGGTTAx-2,0.7391283502065717
CCTCAGTAGCAGCGTAx-2,0.6235247827969274
CCTACCAAGACCACGAx-2,0.5496408320427421
CCTTACGCAGTAAGATx-2,0.6235247827969274
CCTCAGTCAACGCACCx-2,0.6235247827969274
CCTAGCTGTTCGTGATx-2,1.0
CCTACACGTTCTGAACx-2,0.5496408320427421
CCGTGGACAGAGTGTGx-2,0.767903467779237
CCTCAGTTCAGAGACGx-2,0.39492191913221475
CCTAAAGGTGAGGGAGx-2,0.5749623316805703
CCTTCCCTCCGCTGTTx-2,0.767903467779237
CCGTGGATCAGCACATx-2,0.767903467779237
CCGTACTCAACCGCCAx-2,0.5496408320427421
CCTTACGAGTGGACGTx-2,0.46162778996792336
CCTCTGACAAATTGCCx-2,0.6716510111243639
CCTATTAAGACCTAGGx-2,0.767903467779237
CCTAAAGAGTCGATAAx-2,0.5496408320427421
CCTCTGATCGGTCTAAx-2,0.7349215030052916
CCTAAAGGTCATCCCTx-2,0.8463182232136558
CCGTTCACAAAGTGCGx-2,0.6235247827969274
CCTCAGTAGCTAGTGGx-2,0.767903467779237
CCTTACGTCTCTAGGAx-2,0.5742545581559637
CCGTACTGTGCCTGCAx-2,0.95771494342202
CCTTACGAGAGGTAGAx-2,0.7391283502065717
CCTTCCCGTTCAACCAx-2,0.6716510111243639
CCGTTCAGTGTGAATAx-2,0.8944444515410923
CCTCAGTTCTTGCATTx-2,0.7391283502065717
CCTTCCCGTCGTTGTAx-2,1.0
CCGTTCACAGACAAATx-2,0.5496408320427421
CCTAGCTTCTGTCAAGx-2,0.5496408320427421
CCTATTATCAGGTAAAx-2,0.767903467779237
CCTATTAAGTGAAGAGx-2,0.5196161225923192
CCTACCACACCCATGGx-2,0.95771494342202
CCGTACTGTCAGCTATx-2,0.767903467779237
CCGTACTTCCCATTATx-2,0.95771494342202
CCTCTGAGTTAAGGGCx-2,1.0
CCTTCGAAGCAATCTCx-2,0.7391283502065717
CCGTGGACAATACGCTx-2,0.7583117619216819
CCGTGGAAGTGGTCCCx-2,0.7391283502065717
CCTCAGTGTCAGTGGAx-2,0.6235247827969274
CCGTACTGTAGCACGAx-2,0.5496408320427421
CCGTACTCATCAGTCAx-2,0.7391283502065717
CCTTTCTAGAATTGTGx-2,0.767903467779237
CCGTGGAAGATCGATAx-2,0.7391283502065717
CCTTACGAGTTGTAGAx-2,0.767903467779237
CCTAAAGCAAGAGTCGx-2,1.0
CCTTCCCGTCGCATCGx-2,0.7391283502065717
CCGTACTTCACCCGAGx-2,0.5496408320427421
CCTTCGAAGTGGCACAx-2,0.767903467779237
CCGTGGACAGGTCCACx-2,0.5742545581559637
CCGTTCAAGAGGTTATx-2,0.5496408320427421
CCTAAAGAGCTCCCAGx-2,0.767903467779237
CCTAAAGCATTGCGGCx-2,0.767903467779237
CCTACACTCCTGTACCx-2,0.8463182232136558
CCTACCACACTTACGAx-2,0.7197772394518004
CCTCTGATCACTTCATx-2,0.6612117747537731
CCTCTGATCGGAGGTAx-2,0.5496408320427421
CCTTACGCATAGTAAGx-2,0.7590195354462885
CCGTTCACACCAGATTx-2,0.95771494342202
CCGTACTTCTACTCATx-2,0.8260855668043812
CCTACACGTAATCACCx-2,0.5742688156274705
CCTACCATCCTTGACCx-2,0.5496408320427421
CCTACACGTTAAGGGCx-2,0.9859049811406733
CCTCAGTAGGGTATCGx-2,0.6235247827969274
CCTAGCTAGAAGGGTAx-2,0.4918176621306598
CCTATTATCTCCAGGGx-2,0.767903467779237
CCTAGCTGTTACCGATx-2,0.9718099622813466
CCTAGCTGTCCGTGACx-2,0.767903467779237
CCGTACTGTGCAACGAx-2,0.6716510111243639
CCTATTACAGTCGTGCx-2,0.767903467779237
CCTAGCTGTCGGATCCx-2,0.9859049811406733
CCTTACGCACAAGTAAx-2,0.41762126893051404
CCGTACTAGGATTCGGx-2,0.5496408320427421
CCTAAAGGTAGCTCCGx-2,0.6235247827969274
CCTACCACATGCAACTx-2,0.767903467779237
CCTTCGACACAACGCCx-2,0.9859049811406733
CCTAGCTGTATGAAACx-2,0.5496408320427421
CCGTACTCACTGCCAGx-2,0.8311739596601646
CCTCAGTCAATGAAACx-2,0.7391283502065717
CCTTCGACAGTAAGCGx-2,0.5796224092415048
CCTTCGAGTAGCTTGTx-2,0.6235247827969274
CCTACCAGTCTCCACTx-2,0.6235247827969274
CCGTACTTCATGTAGCx-2,0.7391283502065717
CCGTACTTCTTGGGTAx-2,0.95771494342202
CCTACCAAGTTGTAGAx-2,0.95771494342202
CCTACACGTCCATCCTx-2,0.767903467779237
CCTCTGACAGACGCAAx-2,0.7197772394518004
CGATGTATCCCTTGTGx-2,0.5496408320427421
CGATGTACATGACATCx-2,0.767903467779237
CCTTTCTAGCCGTCGTx-2,0.767903467779237
CGAGCACTCCGTCATCx-2,1.0
CGAACATGTGCCTGGTx-2,0.5496408320427421
CGACCTTTCGCAGGCTx-2,0.7391283502065717
CGAGCACGTCCAGTTAx-2,0.767903467779237
CGAACATCACTCTGTCx-2,0.767903467779237
CGATTGACAGCTGCACx-2,0.6235247827969274
CGAGCACTCACATGCAx-2,0.6235247827969274
CGAGAAGTCGTCGTTCx-2,0.6716510111243639
CGAGCCACACTTAACGx-2,0.7391283502065717
CGATTGAAGGACGAAAx-2,0.5496408320427421
CCTTTCTGTTCCGGCAx-2,1.0
CGACTTCAGTGACATAx-2,1.0
CGACTTCAGTCCAGGAx-2,0.9130427834021906
CGATGTAAGGAGTTTAx-2,0.9859049811406733
CCTTTCTCAAGCCGTCx-2,0.6235247827969274
CGATGTATCATTGCCCx-2,0.5988967992121988
CGAACATAGCTAGCCCx-2,1.0
CGAGAAGGTCTAGGTTx-2,0.95771494342202
CGCCAAGAGGCTCATTx-2,0.7391283502065717
CGAGAAGAGTAGGTGCx-2,0.7391283502065717
CGATCGGCACAGCCCAx-2,0.7391283502065717
CGACCTTGTCGGCACTx-2,0.767903467779237
CGAACATAGGTAGCTGx-2,0.7590195354462885
CGAGCCATCGCCATAAx-2,0.8463182232136558
CGATCGGAGAAACCTAx-2,0.767903467779237
CGCCAAGTCCGTAGTAx-2,0.6235247827969274
CCTTTCTAGTACGTAAx-2,0.5496408320427421
CGATTGATCGTAGATCx-2,1.0
CGAATGTTCCCATTTAx-2,0.767903467779237
CGAGCCAGTCTGGTCGx-2,0.767903467779237
CGACTTCCAGATCTGTx-2,0.4918176621306598
CGATTGAGTTAAGTAGx-2,0.7391283502065717
CGACCTTAGTCGCCGTx-2,0.95771494342202
CGAGCACTCAAGATCCx-2,1.0
CGAATGTAGTGTGGCAx-2,0.9718099622813466
CGAATGTGTAGAGTGCx-2,0.6716510111243639
CGATCGGGTACCATCAx-2,0.767903467779237
CGAACATAGACCGGATx-2,0.767903467779237
CGATTGACAGTTCATGx-2,0.7391283502065717
CGACCTTGTAAGGGCTx-2,0.95771494342202
CGAACATCACATGTGTx-2,0.767903467779237
CGATGGCTCCTATGTTx-2,0.95771494342202
CGAATGTGTGAAATCAx-2,0.5496408320427421
CGATCGGAGTCTTGCAx-2,0.95771494342202
CGATGTATCTGATACGx-2,0.6235247827969274
CGACTTCTCCATGAGTx-2,1.0
CGATGGCAGCAACGGTx-2,0.767903467779237
CGACCTTTCAACCAACx-2,0.8944444515410923
CGATCGGCAGGCGATAx-2,0.767903467779237
CGATGTAAGAGCTTCTx-2,0.8452689785194913
CGAGAAGTCTGTTTGTx-2,0.6235247827969274
CGAGCCACAAGAGTCGx-2,0.6235247827969274
CGCCAAGAGTAATCCCx-2,0.5742688156274705
CGAACATCAGGAACGTx-2,0.7398361237311784
CGATCGGGTTAGGGTGx-2,0.5496408320427421
CGACCTTGTCCAGTGCx-2,0.767903467779237
CGCCAAGCACGAAAGCx-2,0.6235247827969274
CGAATGTCACAACTGTx-2,0.767903467779237
CGATCGGTCTCTGTCGx-2,0.9859049811406733
CGATGTAAGCGTGTCCx-2,0.5742688156274705
CGATCGGCAGACAAATx-2,0.7197772394518004
CGAGAAGGTAGCGCTCx-2,1.0
CGACTTCAGTACGTAAx-2,0.6235247827969274
CGAATGTGTGCATCTAx-2,0.8944444515410923
CGATGGCGTCAAAGCGx-2,0.6235247827969274
CCTTTCTAGGCACATGx-2,0.7391283502065717
CGAGCACAGAACAACTx-2,0.767903467779237
CGATTGAAGCGATCCCx-2,0.6235247827969274
CGATGGCCACTAGTACx-2,0.767903467779237
CGACTTCCATAACCTGx-2,0.7391283502065717
CGAATGTTCAAACGGGx-2,0.5496408320427421
CCTTTCTCATTATCTCx-2,0.95771494342202
CGATGGCGTAATAGCAx-2,0.7349215030052916
CGAGCACCAGAGCCAAx-2,0.9718099622813466
CGAATGTAGTTGAGATx-2,0.767903467779237
CGATGTAAGTCTCAACx-2,0.7391283502065717
CGAATGTGTCGTGGCTx-2,0.7391283502065717
CCTTTCTTCCAAATGCx-2,0.9859049811406733
CGAGCCAGTGTCAATCx-2,0.5742688156274705
CGAACATAGTAGCGGTx-2,0.767903467779237
CGCCAAGTCTACTTACx-2,0.7391283502065717
CGACTTCTCCACGTTCx-2,0.7391283502065717
CGAACATTCATCTGCCx-2,0.9859049811406733
CGATCGGGTACAGTTCx-2,0.6235247827969274
CGAACATGTACCATCAx-2,0.95771494342202
CGAGCACAGGGATCTGx-2,0.5496408320427421
CGAGCCATCCGCATCTx-2,0.6235247827969274
CGAACATGTAAGTGGCx-2,0.5988967992121988
CGAGAAGAGTTAAGTGx-2,0.3918421970672392
CGACCTTTCCTTTACAx-2,0.5496408320427421
CGAACATTCCGCGCAAx-2,0.5496408320427421
CGAGCCACAGACGCCTx-2,0.8311739596601646
CGAGCCAGTAGCCTATx-2,1.0
CGGACGTAGGGTCGATx-2,0.9718099622813465
CGCTGGAGTAGGAGTCx-2,0.767903467779237
CGGACGTTCAAACGGGx-2,0.5496408320427421
CGGCTAGGTTCCACTCx-2,0.95771494342202
CGGACGTTCTATCCCGx-2,0.767903467779237
CGCTGGAGTAAGTGGCx-2,0.767903467779237
CGGAGCTCAGACGTAGx-2,0.5496408320427421
CGGCTAGAGACGCACAx-2,0.7391283502065717
CGGCTAGCACTCAGGCx-2,0.4918176621306598
CGCTGGACAGATGGGTx-2,0.5496408320427421
CGGAGTCAGGCTATCTx-2,0.7391283502065717
CGGAGTCCAGAGTGTGx-2,0.7412516707803916
CGCGTTTAGTACTTGCx-2,0.41762126893051404
CGGCTAGGTAAATGTGx-2,0.95771494342202
CGCCAAGTCTTTAGGGx-2,0.7391283502065717
CGCTATCCAGCCTGTGx-2,0.95771494342202
CGCCAAGTCTCATTCAx-2,0.767903467779237
CGGAGCTCAAGTTGTCx-2,0.7391283502065717
CGCGTTTGTCTCACCTx-2,0.7391283502065717
CGGCTAGTCGATCCCTx-2,0.767903467779237
CGGACGTCACCCATGGx-2,0.767903467779237
CGCGTTTTCCTGCCATx-2,0.95771494342202
CGGACACCAAGCGCTCx-2,0.767903467779237
CGCTTCACACCACGTGx-2,0.767903467779237
CGGACACAGCCACTATx-2,0.9718099622813466
CGCGTTTTCACCGTAAx-2,0.6235247827969274
CGGACTGGTCCCTACTx-2,0.767903467779237
CGGACTGGTACTCTCCx-2,0.767903467779237
CGCTGGAGTACAGACGx-2,0.5742688156274705
CGCTGGATCGCGATCGx-2,0.5341156540527069
CGGAGTCCAGACGCCTx-2,0.767903467779237
CGGACTGGTCTGATTGx-2,0.6235247827969274
CGGCTAGGTAGGCTGAx-2,0.7391283502065717
CGCGGTATCTCTAGGAx-2,0.95771494342202
CGCCAAGTCTGTTGAGx-2,0.767903467779237
CGCGTTTTCTGGGCCAx-2,0.95771494342202
CGGACTGAGCCGCCTAx-2,0.9718099622813466
CGGACGTGTCCTCCATx-2,0.95771494342202
CGGACTGTCACTTACTx-2,0.767903467779237
CGGAGTCAGTTGAGTAx-2,0.7391283502065717
CGCTGGAAGCACCGCTx-2,0.95771494342202
CGGAGTCAGGTGACCAx-2,0.767903467779237
CGCTATCTCTTGTACTx-2,0.95771494342202
CGCTGGATCGGAAATAx-2,1.0
CGCTTCAAGTACCGGAx-2,0.767903467779237
CGGAGTCGTCGCATCGx-2,0.767903467779237
CGGCTAGGTTCCAACAx-2,0.7391283502065717
CGGACACGTGAAAGAGx-2,0.4918176621306598
CGCTGGAAGGATATACx-2,0.7583117619216819
CGCTTCACACCCATGGx-2,0.95771494342202
CGGAGCTAGATCCCGCx-2,0.95771494342202
CGCGGTATCGAGAACGx-2,0.767903467779237
CGCTATCCACCTCGTTx-2,0.95771494342202
CGGACTGTCTCATTCAx-2,0.767903467779237
CGGAGTCCACCAGGTCx-2,0.95771494342202
CGGCTAGTCTAACCGAx-2,0.9718099622813466
CGCTATCAGTGTCTCAx-2,0.6235247827969274
CGCTGGATCGCTTAGAx-2,0.6235247827969274
CGCTGGAGTTAAAGACx-2,0.7391283502065717
CGGACTGAGAATGTGTx-2,0.5496408320427421
CGCTGGAGTAAATACGx-2,0.7391283502065717
CGGAGTCTCCAAATGCx-2,0.95771494342202
CGCGGTAGTGCATCTAx-2,0.6235247827969274
CGGAGCTTCGTTACGAx-2,0.6235247827969274
CGGAGTCTCTGCTTGCx-2,0.767903467779237
CGGAGCTCAAGCGCTCx-2,0.740543897255785
CGGACTGCACAAGCCCx-2,0.7391283502065717
CGCTTCACACCACCAGx-2,0.6235247827969274
CGCGTTTCAATGACCTx-2,0.7391283502065717
CGCTTCAGTCAATACCx-2,0.767903467779237
CGGACACGTCGGGTCTx-2,0.38568275293728826
CGGAGCTGTAGCTTGTx-2,0.9718099622813465
CGGACTGGTACATGTCx-2,0.9137505569267972
CGCGGTAGTCTGGTCGx-2,0.6573992277058743
CGGCTAGAGTATCGAAx-2,0.95771494342202
CGGAGCTGTTTGACACx-2,0.6235247827969274
CGGACTGAGTCCGTATx-2,0.7391283502065717
CGGAGTCAGGGCATGTx-2,0.95771494342202
CGGACACTCAGTTGACx-2,0.6716510111243639
CGGAGTCTCCGTTGTCx-2,0.767903467779237
CGCGGTAAGCTCCTCTx-2,0.95771494342202
CGCGGTAGTTGTCTTTx-2,0.767903467779237
CGCGGTACAATGACCTx-2,0.5496408320427421
CGCGGTACAGTTTACGx-2,0.5496408320427421
CGCTGGAGTCCGTCAGx-2,0.6235247827969274
CGGACGTCAAACTGTCx-2,0.767903467779237
CGCTATCGTCTCTCTGx-2,0.95771494342202
CGGACACCACAACGTTx-2,0.767903467779237
CGCTGGACAACCGCCAx-2,0.9859049811406733
CGCTATCGTACTTGACx-2,0.9859049811406733
CGCTTCAAGATGGGTCx-2,0.95771494342202
CGCTTCAGTCTCCCTAx-2,0.5496408320427421
CGCTATCCACCGCTAGx-2,0.6235247827969274
CGGACGTTCAGGCCCAx-2,0.5473238282420231
CGGCTAGGTCTCCCTAx-2,0.49498813900759076
CGGACTGAGAGTTGGCx-2,0.95771494342202
CGTCACTCAATAGAGTx-2,0.7391283502065717
CGTCACTCAGGATTGGx-2,0.8944444515410923
CGTCAGGTCCTATGTTx-2,0.6235247827969274
CGTGTCTCATTACGACx-2,0.5496408320427421
CGTAGGCGTCAACTGTx-2,0.95771494342202
CGTAGCGAGAGCTTCTx-2,0.5496408320427421
CGGGTCAGTCTAGCCGx-2,0.767903467779237
CGGTTAAGTCCCGACAx-2,0.767903467779237
CGTGTAATCTTGTATCx-2,1.0
CGGGTCATCGCTTAGAx-2,0.767903467779237
CGGTTAAGTTATCACGx-2,0.767903467779237
CGTGTCTGTATTCTCTx-2,0.7217133288159753
CGTCAGGGTAGAGTGCx-2,0.6435762848968962
CGTCACTTCTACTTACx-2,0.6235247827969274
CGTGTCTCACCCATGGx-2,0.6584428369350477
CGTCCATCAGGCTCACx-2,1.0
CGTCTACCACACAGAGx-2,0.5442441061770477
CGGGTCAGTGATAAGTx-2,0.95771494342202
CGTCACTTCTAGCACAx-2,0.767903467779237
CGGGTCAAGCCGTCGTx-2,0.7391283502065717
CGTCCATTCATTATCCx-2,0.767903467779237
CGTCCATAGATAGGAGx-2,0.95771494342202
CGTGTAACATGAGCGAx-2,0.767903467779237
CGTAGGCGTAGAGGAAx-2,0.6235247827969274
CGTGAGCAGTCAATAGx-2,0.767903467779237
CGTAGGCGTACGACCCx-2,0.767903467779237
CGTCAGGTCATAACCGx-2,0.5496408320427421
CGTGTCTGTCTTTCATx-2,1.0
CGTAGCGTCTCTTGATx-2,0.7349215030052916
CGTCACTGTCGCATATx-2,0.95771494342202
CGTCCATGTCACTTCCx-2,0.95771494342202
CGTGAGCAGGGCTTGAx-2,0.7391283502065717
CGTGAGCTCGCCGTGAx-2,0.7391283502065717
CGTGTAAAGATGTTAGx-2,0.9718099622813466
CGGTTAAGTCGTTGTAx-2,0.5742688156274705
CGGTTAACATCCAACAx-2,0.5621903802801745
CGTCCATCATTCCTCGx-2,0.7391283502065717
CGTAGCGTCTCGATGAx-2,0.6235247827969274
CGTCACTAGTGTTTGCx-2,0.5496408320427421
CGTAGCGGTCTTCTCGx-2,0.9859049811406733
CGTCACTTCCAATGGTx-2,0.767903467779237
CGTGTCTCATTGCGGCx-2,1.0
CGGTTAATCGCCGTGAx-2,0.767903467779237
CGTCAGGGTGACGCCTx-2,0.38568275293728826
CGGGTCACAATGGATAx-2,0.7412516707803916
CGTCTACTCGATGAGGx-2,0.767903467779237
CGGTTAAAGCATGGCAx-2,0.6235247827969274
CGTAGCGGTGCACTTAx-2,0.7391283502065717
CGTCAGGCACCAGGTCx-2,0.767903467779237
CGGTTAAGTTCATGGTx-2,0.95771494342202
CGGGTCACACCCTATCx-2,0.767903467779237
CGTCCATCACAACGTTx-2,0.8463182232136558
CGGTTAAAGACACGACx-2,1.0
CGTAGGCGTTGTCGCGx-2,0.5496408320427421
CGTCACTCACGGATAGx-2,0.95771494342202
CGTCTACTCAACCATGx-2,0.767903467779237
CGGTTAAAGTGTACGGx-2,0.9859049811406733
CGTGAGCTCCACGTGGx-2,0.95771494342202
CGTAGCGTCTGGTTCCx-2,0.7349215030052916
CGTGAGCGTATAATGGx-2,0.5496408320427421
CGTAGCGCATATACGCx-2,0.95771494342202
CGTGTCTAGCGTCTATx-2,0.767903467779237
CGTAGCGGTTTACTCTx-2,0.6235247827969274
CGGTTAAGTTAAAGTGx-2,0.7391283502065717
CGTGAGCCAGTGGAGTx-2,0.7391283502065717
CGTAGCGCAAAGAATCx-2,0.8463182232136558
CGTCTACGTGATGATAx-2,0.5496408320427421
CGGTTAACATGCGCACx-2,0.7391283502065717
CGTCTACGTTTGGCGCx-2,0.6235247827969274
CGTGTAAGTACAAGTAx-2,0.95771494342202
CGTGTCTCAAGCTGGAx-2,0.8452689785194913
CGTGAGCCAAGCCGCTx-2,0.767903467779237
CGTCAGGCATCCGTGGx-2,0.767903467779237
CGTAGCGTCTATGTGGx-2,0.7487200560641268
CGTCCATAGCCACGCTx-2,1.0
CGGTTAACAGGTCGTCx-2,0.5496408320427421
CGTAGCGTCAGTACGTx-2,0.95771494342202
CGTGTCTCACTAGTACx-2,0.7391283502065717
CGTCAGGTCCATTCTAx-2,0.95771494342202
CGGGTCAAGAGCTGGTx-2,0.6235247827969274
CGTAGCGGTACTCAACx-2,0.5496408320427421
CGTCACTAGCTGCGAAx-2,0.5496408320427421
CGTCACTGTTAGATGAx-2,0.6584428369350477
CGGGTCACACACCGCAx-2,0.767903467779237
CGTCCATGTGTTTGTGx-2,0.7391283502065717
CGGGTCAAGAGACGAAx-2,0.8311739596601646
CGGGTCAAGCGCCTTGx-2,0.95771494342202
CGTGAGCCATTGTGCAx-2,0.767903467779237
CGGTTAAAGTCCAGGAx-2,0.9859049811406733
CGTCAGGGTTGGTAAAx-2,0.8463182232136558
CGTGAGCGTGATGCCCx-2,0.5749623316805703
CGTGAGCTCTACGAGTx-2,0.8944444515410923
CGTGTAATCAAACAAGx-2,0.8463182232136558
CGTGTCTAGACCCACCx-2,0.767903467779237
CGTCACTAGTCCTCCTx-2,0.6573992277058743
CGTAGCGGTCGACTGCx-2,0.95771494342202
CTAATGGAGTGAAGAGx-2,0.95771494342202
CTACATTTCAGTTCGAx-2,0.95771494342202
CTACATTAGTGGGTTGx-2,0.6584428369350477
CGTTAGAAGAGCAATTx-2,0.7391283502065717
CTAATGGTCATGTGGTx-2,0.6584428369350477
CGTGTCTTCCCAAGATx-2,0.767903467779237
CGTTCTGGTGTAATGAx-2,0.610316608607611
CTAACTTCAGGATCGAx-2,0.5442441061770477
CGTTAGAAGGCATGTGx-2,0.9718099622813466
CTAACTTGTCGAATCTx-2,0.5496408320427421
CGTTAGAGTAGCTAAAx-2,0.767903467779237
CTAAGACAGCCCTAATx-2,0.95771494342202
CGTTGGGCACAGGTTTx-2,0.5496408320427421
CTACCCATCTGGAGCCx-2,0.767903467779237
CTAAGACCATGAAGTAx-2,0.8463182232136558
CTACATTCATTTGCTTx-2,0.7391283502065717
CGTTCTGCATATGCTGx-2,0.95771494342202
CGTTCTGTCACTCCTGx-2,0.95771494342202
CTAATGGAGAATCTCCx-2,0.4918176621306598
CGTTAGAAGATGTAACx-2,0.767903467779237
CTACCCAAGCTGCGAAx-2,0.9859049811406733
CTACATTCACATGACTx-2,0.95771494342202
CTACCCATCAGCCTAAx-2,0.5988967992121988
CTAAGACGTAGTAGTAx-2,0.767903467779237
CGTTAGACACCCATGGx-2,0.8944444515410923
CTAATGGCATATGAGAx-2,0.6235247827969274
CTACCCACAGACGCCTx-2,0.4918176621306598
CTAATGGAGCACGCCTx-2,0.8311739596601646
CTACGTCGTAAATACGx-2,0.5496408320427421
CTACGTCGTTGATTCGx-2,0.767903467779237
CGTGTCTTCAACCATGx-2,0.5988967992121988
CTACCCACATGGTCATx-2,0.9718099622813465
CGTTGGGCAAGTCTGTx-2,0.95771494342202
CGTTCTGTCCCTCTTTx-2,0.767903467779237
CGTTGGGAGTACGTTCx-2,0.49498813900759076
CTACCCATCTTGTATCx-2,0.767903467779237
CTAACTTGTAAGTGGCx-2,0.41762126893051404
CTAATGGGTCTGGAGAx-2,0.5496408320427421
CGTTGGGTCCAACCAAx-2,0.6235247827969274
CGTTGGGCACCAGATTx-2,0.767903467779237
CTACGTCAGCCGTCGTx-2,1.0
CGTTGGGAGGCTAGGTx-2,0.5496408320427421
CGTTGGGTCCATGAGTx-2,0.7197772394518004
CTAAGACGTCATGCATx-2,0.5496408320427421
CGTTGGGAGCTAAGATx-2,0.8944444515410923
CTACGTCGTTCGCTAAx-2,0.7391283502065717
CGTTCTGTCAGTCCCTx-2,0.9718099622813466
CTACATTCATGTAAGAx-2,0.767903467779237
CTACCCAGTTGACGTTx-2,1.0
CTACCCATCAGTACGTx-2,0.5496408320427421
CTACATTCAATCTACGx-2,0.6584428369350477
CTAATGGAGATCGGGTx-2,0.767903467779237
CTAATGGGTCACAAGGx-2,0.7391283502065717
CGTTAGATCATGTGGTx-2,0.9718099622813465
CGTTAGAAGACTCGGAx-2,0.6235247827969274
CGTTGGGAGCTAGTGGx-2,0.6235247827969274
CTACCCAGTCACTTCCx-2,0.7391283502065717
CTACACCCAGACGCAAx-2,0.7391283502065717
CTAATGGGTAACGTTCx-2,0.95771494342202
CTACGTCCAGGGATTGx-2,0.6235247827969274
CGTGTCTTCTTGAGGTx-2,0.740543897255785
CTACATTTCCAAACACx-2,0.7391283502065717
CTAACTTGTCCGACGTx-2,0.767903467779237
CTAATGGGTCTACCTCx-2,0.6235247827969274
CTACACCAGACCGGATx-2,0.95771494342202
CGTTAGAAGTGGTCCCx-2,0.767903467779237
CTAACTTGTACAAGTAx-2,0.4403354459724395
CTACGTCCATAGTAAGx-2,0.6235247827969274
CTAACTTTCCGTTGCTx-2,0.5496408320427421
CTAACTTTCAGAGGTGx-2,0.75013560311334
CTACCCACAGCGTTCGx-2,1.0
CTACATTTCGGATGTTx-2,0.5742545581559637
CTACCCACAAGCCCACx-2,0.95771494342202
CGTTAGACAATACGCTx-2,0.767903467779237
CTAACTTAGCGTTGCCx-2,1.0
CTACACCCAACGATCTx-2,0.7391283502065717
CTAATGGCACCAGGCTx-2,0.6235247827969274
CTACACCAGACTAGATx-2,0.95771494342202
CGTTCTGAGATGGCGTx-2,0.6235247827969274
CTAATGGGTAATCACCx-2,0.4918176621306598
CTAAGACAGAGGTAGAx-2,0.7391283502065717
CGTTCTGTCGCAGGCTx-2,0.767903467779237
CGTTGGGGTTGTTTGGx-2,0.7197772394518004
CTAATGGAGATCCCATx-2,0.6235247827969274
CGTTGGGAGTCTCAACx-2,0.95771494342202
CTAATGGAGTCTTGCAx-2,0.8944444515410923
CTAACTTTCCGAACGCx-2,0.6235247827969274
CTAATGGTCGCATGATx-2,0.5496408320427421
CTAACTTCAGGAACGTx-2,0.4918176621306598
CTACACCCAGCTCCGAx-2,0.7391283502065717
CTACATTGTTACGCGCx-2,0.767903467779237
CTACCCAAGGTGATATx-2,0.7391283502065717
CGTTAGACAGCTCCGAx-2,0.4595190811311781
CTAACTTAGGAACTGCx-2,0.8260855668043812
CGTTCTGCATCCAACAx-2,0.767903467779237
CTAGAGTGTCTAACGTx-2,0.5357200356860823
CTAGAGTGTGATGATAx-2,0.95771494342202
CTCGGGATCAGCTCGGx-2,0.95771494342202
CTCGGGAAGCTCAACTx-2,0.7391283502065717
CTAGTGAGTTGATTGCx-2,0.6235247827969274
CTACGTCTCCACGACGx-2,0.6584428369350477
CTAGAGTGTTTGTTTCx-2,0.767903467779237
CTAGAGTGTGCAGTAGx-2,0.9859049811406733
CTCAGAAAGCAGCGTAx-2,0.767903467779237
CTCGAAACAAGCCGCTx-2,0.6235247827969274
CTCACACAGCGCCTTGx-2,0.6235247827969274
CTCATTAAGGCGTACAx-2,0.5473238282420231
CTCACACCACACGCTGx-2,0.6235247827969274
CTAGTGAGTCTCAACAx-2,0.95771494342202
CTAGCCTCAATACGCTx-2,0.5496408320427421
CTCGAGGCAGACAGGTx-2,0.8944444515410923
CTAGAGTAGAAACCATx-2,0.9859049811406733
CTCGGGAAGTGAACGCx-2,0.6716510111243639
CTCGGGATCTCCGGTTx-2,1.0
CTCGAAAAGTGCTGCCx-2,0.95771494342202
CTAGCCTCACGCCAGTx-2,1.0
CTAGCCTTCTCCCTGAx-2,0.5496408320427421
CTCCTAGCATACTACGx-2,0.8311739596601646
CTAGAGTAGCTGGAACx-2,0.7412516707803916
CTCGAAATCAAACAAGx-2,0.767903467779237
CTCACACCAAGGACACx-2,0.7391283502065717
CTCATTAAGGGTTCCCx-2,0.95771494342202
CTAGTGAGTAAGTGTAx-2,0.95771494342202
CTCGGAGGTCTGGTCGx-2,0.9718099622813466
CTAGTGACATTGTGCAx-2,0.8311739596601646
CTAGCCTGTCGAATCTx-2,0.767903467779237
CTCCTAGAGAACAACTx-2,0.8944444515410923
CTAGAGTTCGCGATCGx-2,0.7391283502065717
CTAGCCTAGTACATGAx-2,0.9859049811406733
CTCAGAAAGATCGATAx-2,0.95771494342202
CTCATTACATCGATTGx-2,0.7391283502065717
CTCCTAGAGTTGTAGAx-2,0.95771494342202
CTCACACCAGAGTGTGx-2,0.767903467779237
CTCGAGGGTTTGCATGx-2,0.767903467779237
CTCCTAGTCCTTGCCAx-2,0.7391283502065717
CTCGAAACACTGCCAGx-2,0.6235247827969274
CTCCTAGCAATGCCATx-2,0.9859049811406733
CTCATTAGTAAGGATTx-2,0.46980934851174505
CTCGAAAGTCGCGGTTx-2,0.5742545581559637
CTCCTAGAGATGCGACx-2,0.740543897255785
CTCGGGAGTGACTCATx-2,1.0
CTCATTATCAGTTTGGx-2,0.6235247827969274
CTCCTAGTCATCTGCCx-2,1.0
CTAGAGTTCTACTCATx-2,0.95771494342202
CTAGCCTAGTGAAGTTx-2,0.767903467779237
CTCACACTCCGAATGTx-2,0.7391283502065717
CTAGAGTGTCGGCATCx-2,0.7391283502065717
CTCGGAGTCTTTACACx-2,0.6235247827969274
CTCACACCACATTTCTx-2,0.6566914541812677
CTCCTAGAGGAGTACCx-2,0.49498813900759076
CTAGTGAGTAAACGCGx-2,0.7349215030052916
CTCGTACAGCTAAACAx-2,0.767903467779237
CTCGGAGTCTGGAGCCx-2,0.7391283502065717
CTCCTAGCACATCCAAx-2,1.0
CTAGCCTCATACAGCTx-2,0.8306058873768866
CTCGGAGAGTTGAGTAx-2,0.767903467779237
CTCAGAACATATGAGAx-2,0.7398361237311784
CTCCTAGGTCTAGTGTx-2,0.767903467779237
CTCGAGGTCGCAGGCTx-2,0.6235247827969274
CTAGAGTTCTTGTTTGx-2,0.7391283502065717
CTCGAAATCCAAGCCGx-2,0.5442441061770477
CTAGTGATCGTTACAGx-2,0.5496408320427421
CTACGTCTCGCGTTTCx-2,0.6235247827969274
CTCCTAGTCCCATTTAx-2,0.767903467779237
CTCATTAAGTGGACGTx-2,0.9226344892597457
CTAGCCTCACAGACTTx-2,0.767903467779237
CTAGAGTTCCGCAAGCx-2,0.767903467779237
CTCGTACAGCGTCTATx-2,0.6235247827969274
CTCGAAATCCTGCTTGx-2,0.767903467779237
CTAGCCTCAGCTGTATx-2,1.0
CTCGAAAGTAGCGCAAx-2,0.95771494342202
CTCGAGGTCCGAGCCAx-2,0.5496408320427421
CTCGAGGCAATGACCTx-2,0.7349215030052916
CTCGAAACAGGGTATGx-2,0.95771494342202
CTCGAGGCACTTACGAx-2,0.8260855668043812
CTCCTAGTCTGACCTCx-2,0.767903467779237
CTCGGAGCATATACGCx-2,0.767903467779237
CTAGCCTTCAGAGCTTx-2,0.5496408320427421
CTAGAGTTCGCAAACTx-2,1.0
CTCGGGACACCGCTAGx-2,0.6584428369350477
CTCCTAGGTTCGTGATx-2,0.95771494342202
CTCATTAGTAAATGTGx-2,0.767903467779237
CTCCTAGGTAGCGCAAx-2,0.95771494342202
CTAGTGAGTGCCTTGGx-2,0.767903467779237
CTCATTAGTTTAGGAAx-2,0.8989477645428638
CTCGGAGTCAAGGTAAx-2,0.4649634295571679
CTAGCCTCAAACGCGAx-2,0.5496408320427421
CTCGGGAGTCAACTGTx-2,0.6235247827969274
CTAGCCTAGACCTTTGx-2,0.5988967992121988
CTAGTGAGTCTCTTTAx-2,0.767903467779237
CTAGCCTCAAGCCGCTx-2,0.8311739596601646
CTCATTAAGTTCGCGCx-2,0.8498802773475806
CTCTAATTCAGAGACGx-2,0.5742688156274705
CTGATAGCATATACGCx-2,0.5496408320427421
CTGCCTAAGACTAAGTx-2,0.5496408320427421
CTCTGGTAGTTGCAGGx-2,0.5496408320427421
CTCGTCACAGCGAACAx-2,0.6716510111243639
CTCGTCAGTTAAGAACx-2,0.767903467779237
CTGCCTAAGAGTACATx-2,0.9718099622813466
CTGCCTAGTCACCCAGx-2,0.8311739596601646
CTGCCTATCAACACTGx-2,1.0
CTCTGGTCAGGAACGTx-2,0.6581070012304809
CTCGTCAAGCAATATGx-2,0.9859049811406733
CTCTGGTTCCGTCATCx-2,1.0
CTGCTGTCATTAGGCTx-2,0.7391283502065717
CTCTAATAGTGTGGCAx-2,0.5496408320427421
CTGCTGTCATTTGCCCx-2,0.6235247827969274
CTGCCTATCGTGACATx-2,0.9226344892597457
CTGCTGTTCTGCTGCTx-2,0.6235247827969274
CTGCCTAGTAAGAGGAx-2,0.7391283502065717
CTGCGGAGTAAGTGTAx-2,1.0
CTCTACGCAAAGGAAGx-2,0.6235247827969274
CTGCGGATCCCTCAGTx-2,0.5496408320427421
CTCGTACCATGTAAGAx-2,0.95771494342202
CTCTACGAGCCATCGCx-2,0.9718099622813466
CTGCTGTTCATGTAGCx-2,0.5496408320427421
CTCTACGGTGTGCGTCx-2,0.7391283502065717
CTCGTCACATGTAGTCx-2,0.5496408320427421
CTGATCCTCGTTGACAx-2,0.6235247827969274
CTGATAGCATTTGCTTx-2,0.5496408320427421
CTGATAGAGTGTACCTx-2,0.5496408320427421
CTGCGGATCCTTGACCx-2,0.735808347675302
CTCTGGTTCTGCTTGCx-2,0.5496408320427421
CTGAAGTGTCGAGTTTx-2,0.767903467779237
CTCTGGTAGCGTAATAx-2,0.8944444515410923
CTGAAGTTCACCTCGTx-2,0.6235247827969274
CTCTAATCACGAAAGCx-2,1.0
CTGAAACGTAGCTGCCx-2,0.5742688156274705
CTGAAACAGAGCAATTx-2,0.767903467779237
CTGAAACTCTATCCTAx-2,0.95771494342202
CTGAAGTTCCGCATCTx-2,1.0
CTCTGGTGTTAAAGTGx-2,0.9859049811406733
CTGCGGAAGGACAGCTx-2,1.0
CTGATAGCATTACCTTx-2,0.9718099622813466
CTGCGGACAAGTAGTAx-2,0.9085394704004189
CTCTGGTTCTAACTCTx-2,0.6235247827969274
CTCTAATAGCAGACTGx-2,0.7391283502065717
CTGAAACGTATGCTTGx-2,0.6235247827969274
CTCTGGTAGGTTACCTx-2,0.5496408320427421
CTGAAGTCAGATCCATx-2,0.6235247827969274
CTGATAGCATGCGCACx-2,0.9859049811406733
CTGAAGTCAGGGTACAx-2,0.767903467779237
CTGCGGAGTTCATGGTx-2,0.5742545581559637
CTGAAGTTCTCTGTCGx-2,0.95771494342202
CTCTACGCACAAGTAAx-2,0.95771494342202
CTGATAGTCTCTAAGGx-2,0.6235247827969274
CTGATCCCAGCCACCAx-2,0.5496408320427421
CTGAAACGTCGGATCCx-2,0.7391283502065717
CTGATAGTCAGAGCTTx-2,0.5954500565694596
CTCTGGTAGAGAGCTCx-2,0.9859049811406733
CTGCGGAAGCGATGACx-2,0.767903467779237
CTCTGGTAGATGTCGGx-2,0.767903467779237
CTGCCTAAGAGCTGGTx-2,1.0
CTGAAACGTGTAATGAx-2,0.9718099622813466
CTCTAATAGCTGCCCAx-2,0.6235247827969274
CTCGTACCACAAGTAAx-2,0.5496408320427421
CTCTACGCAGTCGTGCx-2,0.6235247827969274
CTCGTACCAGTATCTGx-2,0.9859049811406733
CTGCTGTTCGAGAGCAx-2,0.767903467779237
CTCTGGTTCTAACCGAx-2,0.7398361237311784
CTGCCTACATGCCACGx-2,0.7391283502065717
CTGAAACGTGGGTATGx-2,0.767903467779237
CTGCCTACATTCCTGCx-2,1.0
CTGCTGTTCTGTGCAAx-2,0.5496408320427421
CTGATCCGTCGCTTCTx-2,0.95771494342202
CTGCGGAGTGCGGTAAx-2,0.6235247827969274
CTCTGGTGTCGCCATGx-2,1.0
CTGCTGTCACTTAACGx-2,0.767903467779237
CTGAAGTGTTCCTCCAx-2,0.767903467779237
CTGGTCTAGCCTATGTx-2,0.6235247827969274
CTGAAGTAGAATCTCCx-2,0.767903467779237
CTCTACGAGCCAACAGx-2,0.767903467779237
CTCGTCATCAGAGCTTx-2,0.7391283502065717
CTGAAACCACGGCGTTx-2,0.7391283502065717
CTGCTGTGTAGTGAATx-2,0.767903467779237
CTGAAACCAGGTGCCTx-2,0.767903467779237
CTGCGGAGTGAAAGAGx-2,0.95771494342202
CTGAAGTTCACTTATCx-2,0.6235247827969274
CTGCCTACAAGGCTCCx-2,0.767903467779237
CTCTACGTCAGCTGGCx-2,0.95771494342202
CTCTGGTAGCCTTGATx-2,0.7391283502065717
CTGCGGACAGACGCTCx-2,0.6235247827969274
CTGCTGTAGCTAGGCAx-2,0.7412516707803916
CTGCGGAAGGTGCAACx-2,0.7391283502065717
CTGATCCCAGGGCATAx-2,0.767903467779237
CTCTAATAGGAATTACx-2,0.7391283502065717
CTGAAGTCATCATCCCx-2,0.8463182232136558
CTGATCCGTGTGAAATx-2,0.4918176621306598
CTGGTCTAGAAACCGCx-2,0.95771494342202
CTGCGGACAGGGTTAGx-2,0.6566914541812677
CTTGGCTGTCAAAGCGx-2,0.767903467779237
CTTAGGAGTGATGATAx-2,0.6235247827969274
CTGGTCTGTCAACTGTx-2,0.8944444515410923
CTGGTCTGTGGCTCCAx-2,0.7391283502065717
CTTAACTAGTATCTCGx-2,0.767903467779237
CTTTGCGAGATCTGCTx-2,0.95771494342202
CTTGGCTAGTTAACGAx-2,0.7391283502065717
CTTAGGAGTCTCATCCx-2,0.6612117747537731
GAAACTCGTAAGCACGx-2,0.7197772394518004
CTGTTTATCAGTTCGAx-2,0.784983820696903
CTTCTCTTCCAGATCAx-2,0.5496408320427421
CTTAACTAGGAGTCTGx-2,0.6235247827969274
CTGTGCTCATTGGCGCx-2,0.5496408320427421
CTTTGCGGTCACAAGGx-2,0.5496408320427421
CTTGGCTAGAAGGTGAx-2,0.95771494342202
CTGGTCTGTAAAGTCAx-2,0.7391283502065717
GAAACTCCACCGATATx-2,0.9859049811406733
CTTCTCTGTAGTAGTAx-2,0.5988967992121988
CTTGGCTTCCGGGTGTx-2,0.95771494342202
CTTGGCTAGGGTCGATx-2,0.6566914541812677
CTTTGCGAGTTACCCAx-2,0.6235247827969274
CTTTGCGGTAGGCATGx-2,0.8452689785194913
CTTTGCGGTGTGAATAx-2,0.767903467779237
CTTTGCGGTAAAGTCAx-2,1.0
CTTACCGCATGCCTAAx-2,0.767903467779237
CTTCTCTTCCAAACACx-2,0.95771494342202
CTTGGCTTCAACGGCCx-2,0.7391283502065717
GAAACTCAGCAGGCTAx-2,0.5742545581559637
CTGTTTAAGCGATAGCx-2,0.5496408320427421
CTGGTCTGTTCAGGCCx-2,0.6235247827969274
CTTACCGCAAGGACTGx-2,0.4918176621306598
CTTTGCGCAGACTCGCx-2,0.4918176621306598
CTGTGCTGTGGCGAATx-2,0.8311739596601646
CTTAGGATCGCATGATx-2,0.95771494342202
CTTGGCTAGAAACCGCx-2,0.767903467779237
CTTGGCTGTGCGCTTGx-2,0.767903467779237
CTTGGCTAGGATCGCAx-2,0.6235247827969274
CTTTGCGAGATGTGTAx-2,0.767903467779237
CTGGTCTGTTAAGACAx-2,0.5496408320427421
CTTGGCTGTCTAGTCAx-2,0.5496408320427421
CTTTGCGAGTCCATACx-2,0.6716510111243639
CTTGGCTGTCATCCCTx-2,0.7391283502065717
CTTTGCGCAGTTAACCx-2,0.767903467779237
CTTCTCTAGTGTGAATx-2,0.6235247827969274
CTGTGCTCAAGGTTTCx-2,0.6235247827969274
GAAACTCCACTTCGAAx-2,0.6235247827969274
CTTCTCTAGTGGGTTGx-2,0.5496408320427421
CTTAACTTCCAAAGTCx-2,0.5496408320427421
CTTACCGTCATCGCTCx-2,0.8944444515410923
CTTAGGATCTAACTCTx-2,0.767903467779237
CTGTGCTAGCCACTATx-2,0.5496408320427421
CTTCTCTAGTCCTCCTx-2,0.767903467779237
CTTAGGACAGCCTTGGx-2,0.5496408320427421
CTTAGGACATCTATGGx-2,0.6235247827969274
CTTTGCGTCATCTGCCx-2,0.9718099622813465
CTTACCGGTGAGGGAGx-2,0.9859049811406733
CTTGGCTAGCCACGTCx-2,0.7391283502065717
CTGGTCTAGTATTGGAx-2,0.5496408320427421
CTTCTCTAGATATGGTx-2,0.6235247827969274
CTGTTTAAGGTCGGATx-2,1.0
CTTTGCGAGGCTATCTx-2,0.49498813900759076
CTTGGCTAGAGCTGGTx-2,0.767903467779237
CTTACCGAGTCATGCTx-2,0.767903467779237
CTTGGCTAGGGCTCTCx-2,0.95771494342202
CTTTGCGAGTACGATAx-2,0.95771494342202
CTTGGCTAGATCGGGTx-2,0.7391283502065717
CTTCTCTCAATGACCTx-2,0.9085394704004189
CTGGTCTGTGGCGAATx-2,0.5988967992121988
CTTCTCTGTATAGGGCx-2,0.767903467779237
CTTGGCTCAATCACACx-2,1.0
CTGTTTAAGCGATATAx-2,0.7391283502065717
CTGTTTAAGGCTACGAx-2,0.6235247827969274
CTTACCGTCCAAACACx-2,0.7391283502065717
CTGGTCTAGGCCCTTGx-2,0.7391283502065717
CTTACCGTCCATGAACx-2,0.767903467779237
CTGTGCTCAAGCGTAGx-2,0.767903467779237
CTGGTCTAGTGCGTGAx-2,0.767903467779237
GAAACTCAGGCATTGGx-2,0.6235247827969274
GAAACTCGTACGCTGCx-2,1.0
CTTCTCTTCCCTCAGTx-2,0.767903467779237
CTTACCGTCAGATAAGx-2,0.5988967992121988
CTTAACTCACGGCCATx-2,0.767903467779237
CTGTGCTGTAAGGGAAx-2,0.6584428369350477
CTGTGCTGTCGATTGTx-2,0.767903467779237
CTGTTTATCGGTCCGAx-2,0.767903467779237
CTTAGGACAGGGTTAGx-2,0.8311739596601646
CTGTTTAGTAAGAGAGx-2,1.0
CTTAGGATCTGCAGTAx-2,0.9718099622813466
CTGTGCTGTTAAGACAx-2,0.7391283502065717
GAAACTCAGCTGTTCAx-2,0.8944444515410923
CTTGGCTCACCAGGTCx-2,0.6235247827969274
CTTAGGAAGATGCGACx-2,0.95771494342202
CTTAGGATCACCAGGCx-2,0.6235247827969274
GAATAAGTCAGAGCTTx-2,0.767903467779237
GAAACTCGTCACTGGCx-2,0.5496408320427421
GAAACTCTCAAAGACAx-2,1.0
GAAATGACATACGCTAx-2,0.7391283502065717
GAATGAACAGACGTAGx-2,0.7391283502065717
GACACGCAGAGTCTGGx-2,0.8311739596601646
GAATGAATCCTTTCGGx-2,0.95771494342202
GACACGCTCCTAAGTGx-2,0.9718099622813466
GAAGCAGAGTGAAGTTx-2,0.767903467779237
GAAGCAGCAGATGGGTx-2,0.4918176621306598
GAAGCAGCATGACGGAx-2,0.767903467779237
GAAATGAAGGGAAACAx-2,0.6122526979717859
GACCAATGTTGACGTTx-2,0.767903467779237
GAAATGAGTACCCAATx-2,0.95771494342202
GACACGCTCTTGCCGTx-2,0.6584428369350477
GACCAATGTTGTTTGGx-2,0.6235247827969274
GACAGAGAGGGCATGTx-2,0.5496408320427421
GAACGGAAGCTAACAAx-2,1.0
GACACGCGTAGCACGAx-2,0.9718099622813466
GAATAAGGTAAACGCGx-2,0.95771494342202
GAATAAGCATGGGACAx-2,0.767903467779237
GAACATCCACCAGATTx-2,0.6235247827969274
GACACGCTCTTGAGGTx-2,0.7349215030052916
GACCTGGAGTCACGCCx-2,0.767903467779237
GAACCTAGTGGCTCCAx-2,0.5442441061770477
GACAGAGCAGTATCTGx-2,0.8311739596601646
GAAGCAGGTACCGGCTx-2,1.0
GAAGCAGAGCAGGTCAx-2,0.767903467779237
GAACGGATCAGAGGTGx-2,0.908539470400419
GAATGAACAGCCTATAx-2,0.7412516707803916
GAACGGAAGTTTGCGTx-2,0.767903467779237
GAAACTCTCTTTACGTx-2,0.767903467779237
GACACGCTCCCATTTAx-2,0.7391283502065717
GAATGAAGTGCTGTATx-2,0.6235247827969274
GAACCTATCGCATGATx-2,0.6235247827969274
GAACGGAAGCGATTCTx-2,0.95771494342202
GACAGAGCACTTCTGCx-2,0.6235247827969274
GAAACTCGTCTAGCCGx-2,0.767903467779237
GAAATGATCTTCGAGAx-2,0.767903467779237
GACCTGGAGCGATATAx-2,0.6235247827969274
GACCAATAGTGAAGTTx-2,0.767903467779237
GAATAAGGTCAAAGCGx-2,0.95771494342202
GACCTGGCATGTCTCCx-2,0.740543897255785
GAAGCAGCACCTATCCx-2,0.5496408320427421
GAAGCAGCAGCATACTx-2,0.6566914541812677
GAAATGAGTTAAAGACx-2,0.767903467779237
GAATGAAAGGGATCTGx-2,1.0
GACCAATGTTTGTGTGx-2,0.9718099622813466
GAACATCCACATCCGGx-2,0.95771494342202
GAAATGACACAGGTTTx-2,0.5742688156274705
GAAGCAGCACGAGGTAx-2,0.6235247827969274
GACACGCTCTCCAACCx-2,0.767903467779237
GAACGGAAGGCTCTTAx-2,0.6235247827969274
GACCAATGTTGGACCCx-2,0.767903467779237
GAACCTAGTATCACCAx-2,0.767903467779237
GAAATGAGTGTTAAGAx-2,0.39492191913221475
GAAGCAGAGAGGTTATx-2,0.5496408320427421
GACACGCCAAGAAAGGx-2,0.6235247827969274
GAAGCAGTCTTGTATCx-2,0.767903467779237
GAATGAAGTTAAGATGx-2,0.5749623316805703
GACACGCCAGTTCATGx-2,0.7391283502065717
GAATAAGTCATGCAACx-2,0.5496408320427421
GAACGGAAGACTGGGTx-2,0.6235247827969274
GAACATCAGTCCCACGx-2,0.767903467779237
GAAACTCGTGTGACGAx-2,0.6235247827969274
GACCTGGTCTTGAGGTx-2,0.95771494342202
GACCAATAGGACACCAx-2,0.6235247827969274
GAATGAACAAGCCGTCx-2,0.6235247827969274
GAATAAGAGTGACATAx-2,0.610316608607611
GAACATCGTGCCTGCAx-2,0.6235247827969274
GAATGAATCCATGCTCx-2,0.9718099622813466
GAATAAGAGGTGATTAx-2,0.9718099622813466
GAACATCCAGTAACGGx-2,0.95771494342202
GAACGGAAGCCCTAATx-2,0.6235247827969274
GAATAAGGTTCGGCACx-2,0.95771494342202
GACCAATCAAAGTGCGx-2,0.519065315681202
GAACGGAAGAGCTGGTx-2,0.6566914541812677
GAAGCAGGTGTGACCCx-2,0.439521575246669
GAACGGACACTTCGAAx-2,0.7197772394518004
GAATAAGGTGTTTGGTx-2,0.95771494342202
GAAATGAGTAGCTGCCx-2,0.6235247827969274
GACCTGGCATCCGTGGx-2,0.9859049811406733
GACACGCAGGAATCGCx-2,1.0
GAAGCAGAGAGTGAGAx-2,0.740543897255785
GACCAATCAATGGAATx-2,0.9718099622813466
GAAATGAGTGTTCTTTx-2,0.6235247827969274
GACCTGGGTACTTCTTx-2,0.95771494342202
GAACCTACACTCGACGx-2,0.7391283502065717
GAAATGAAGGTAGCTGx-2,0.8311739596601646
GACACGCGTTATCGGTx-2,0.95771494342202
GACGCGTAGACACGACx-2,0.5496408320427421
GAATAAGGTGATGATAx-2,0.6235247827969274
GAAGCAGGTATTAGCCx-2,0.9226344892597456
GAACATCGTGTTTGTGx-2,0.7391283502065717
GACGTTACATGCCTAAx-2,1.0
GAGCAGAGTCTAAAGAx-2,0.5988967992121988
GACGTTATCATTGCCCx-2,0.8452689785194913
GACGTGCGTGCTTCTCx-2,0.8311739596601646
GACTACAAGAATTCCCx-2,0.767903467779237
GAGTCCGGTCAAGCGAx-2,0.7391283502065717
GACTGCGTCAGAAATGx-2,0.6235247827969274
GATCAGTAGTGCAAGCx-2,0.5496408320427421
GACGGCTGTCAGCTATx-2,0.7197772394518004
GACGTTAAGAAGATTCx-2,0.767903467779237
GACGCGTTCTCACATTx-2,0.7391283502065717
GACGGCTCATTGGGCCx-2,0.49498813900759076
GAGGTGAGTCTTCGTCx-2,0.6235247827969274
GACTAACGTAGGCATGx-2,0.767903467779237
GAGCAGATCCTGCAGGx-2,0.95771494342202
GAGGTGAGTAGGGTACx-2,0.7391283502065717
GAGGTGATCTGCCCTAx-2,0.6235247827969274
GACGGCTAGATCCCGCx-2,0.95771494342202
GACGTTAGTGTCTGATx-2,0.9859049811406733
GACGTTAGTTGTGGCCx-2,0.767903467779237
GACGCGTCACGCCAGTx-2,0.7391283502065717
GACTAACGTTTGTTTCx-2,0.767903467779237
GAGCAGACAAGCTGGAx-2,0.6235247827969274
GACGTGCTCGGTCCGAx-2,0.95771494342202
GACGTTACAGGTGGATx-2,0.5496408320427421
GAGTCCGTCTTACCGCx-2,0.767903467779237
GAGTCCGCATGACGGAx-2,0.7391283502065717
GAGGTGATCACCCGAGx-2,0.767903467779237
GAGGTGATCGCGTTTCx-2,0.95771494342202
GATCAGTGTATATGGAx-2,0.767903467779237
GACTGCGTCTCAAGTGx-2,0.6235247827969274
GAGTCCGGTGAGGGTTx-2,0.7391283502065717
GACGCGTTCCGCATAAx-2,0.767903467779237
GACGTGCCATTTCAGGx-2,0.767903467779237
GACGTGCCATCAGTACx-2,0.5742545581559637
GACGTTAAGTCGATAAx-2,0.7391283502065717
GACTACACATCGGGTCx-2,0.7391283502065717
GACTGCGTCTTCCTTCx-2,0.5496408320427421
GACGGCTGTCGGCATCx-2,0.8944444515410923
GACTGCGAGGGTGTGTx-2,1.0
GACGTGCTCTGCGTAAx-2,0.7391283502065717
GACGTTACAAGCTGAGx-2,0.95771494342202
GACGTTATCGTTACGAx-2,0.7391283502065717
GACGTGCCAAAGTCAAx-2,0.6235247827969274
GAGGTGAAGCGGCTTCx-2,0.9718099622813466
GACTGCGGTCGCCATGx-2,0.6235247827969274
GACTGCGGTGACCAAGx-2,0.95771494342202
GAGGTGAGTGATGCCCx-2,0.6235247827969274
GACTGCGCAAGTTAAGx-2,0.9859049811406733
GAGTCCGAGCACAGGTx-2,0.95771494342202
GAGCAGAAGGCCGAATx-2,0.7391283502065717
GATCAGTAGATGTGTAx-2,0.49498813900759076
GAGTCCGGTAATAGCAx-2,0.9718099622813465
GACGTGCAGCAGACTGx-2,0.5192491020145554
GAGCAGATCCTCAATTx-2,0.5496408320427421
GACGTGCTCCGCGTTTx-2,1.0
GACGCGTAGCTATGCTx-2,0.5742688156274705
GAGTCCGAGTACTTGCx-2,0.767903467779237
GATCAGTAGGTCGGATx-2,0.9085394704004189
GACGTTAAGCGGCTTCx-2,0.7391283502065717
GACTAACCATGCCTAAx-2,1.0
GACTGCGAGCTTCGCGx-2,0.6122526979717859
GACGTGCAGATGTCGGx-2,0.95771494342202
GATCAGTTCCGAATGTx-2,0.7412516707803916
GAGTCCGGTACCGGCTx-2,0.6235247827969274
GAGGTGATCCGCAAGCx-2,0.5496408320427421
GACTGCGTCGTCTGCTx-2,0.6235247827969274
GACGCGTCAAGGACACx-2,0.767903467779237
GACGTGCGTCCGCTGAx-2,0.4859894257252703
GACTACATCCTCTAGCx-2,0.95771494342202
GAGTCCGCACTTCTGCx-2,0.7197772394518004
GAGTCCGTCTGCTGCTx-2,0.5496408320427421
GAGCAGAAGGCAAAGAx-2,0.5496408320427421
GACTACACAAGTTGTCx-2,0.5496408320427421
GACTACATCCCTAATTx-2,0.7398361237311784
GACGGCTAGCAATCTCx-2,0.5496408320427421
GATCAGTTCCTCGCATx-2,1.0
GAGTCCGTCGGTCCGAx-2,0.8311739596601646
GACGTTAAGCCCAGCTx-2,1.0
GACGCGTCAAGTCATCx-2,0.6235247827969274
GACTGCGGTAGCGTCCx-2,0.7391283502065717
GAGTCCGCAATCGAAAx-2,0.6235247827969274
GACTACAAGGTCATCTx-2,0.767903467779237
GAGGTGAAGTCACGCCx-2,0.6235247827969274
GACGGCTCATGCCTAAx-2,0.6235247827969274
GACGTTAAGACCTTTGx-2,0.5496408320427421
GACTGCGGTACGACCCx-2,0.6235247827969274
GACTGCGTCTTGTCATx-2,0.6235247827969274
GATCAGTTCCTACAGAx-2,0.6235247827969274
GACGCGTCAATGGAGCx-2,0.7349215030052916
GACTAACGTGTGAATAx-2,0.4403354459724395
GAGTCCGCACCTCGTTx-2,0.7391283502065717
GACTGCGAGCGATTCTx-2,0.6566914541812677
GACGCGTGTATTCGTGx-2,0.767903467779237
GACTACACAGATGGCAx-2,0.95771494342202
GAGCAGAAGCAATATGx-2,0.95771494342202
GACGTGCAGAACTCGGx-2,0.6584428369350477
GCACTCTAGCCCAACCx-2,0.767903467779237
GATCGCGTCACATAGCx-2,1.0
GCAATCAGTTTGTTTCx-2,0.767903467779237
GATCGATAGCCGTCGTx-2,0.9718099622813466
GATTCAGAGGCTACGAx-2,0.7391283502065717
GATCGCGCAACTTGACx-2,0.767903467779237
GCACATAGTAGCCTATx-2,0.6235247827969274
GATCGATGTTGGGACAx-2,0.5496408320427421
GATGCTATCTCCTATAx-2,0.7391283502065717
GATCGCGAGCTAGGCAx-2,1.0
GCACTCTTCCATGAGTx-2,0.95771494342202
GATTCAGAGTCGCCGTx-2,0.7391283502065717
GCACATATCGCTGATAx-2,0.5496408320427421
GCACATATCGTGGGAAx-2,0.7391283502065717
GATCGCGTCCTGTACCx-2,0.5496408320427421
GCAGTTACATACGCCGx-2,1.0
GCAATCATCCTGCTTGx-2,0.7391283502065717
GCACATACACGGCCATx-2,0.5489822060908583
GCACTCTAGCGATAGCx-2,0.767903467779237
GATGAGGGTCAGAAGCx-2,0.439521575246669
GATCAGTTCTGCTTGCx-2,0.95771494342202
GATGCTACACTTGGATx-2,0.6235247827969274
GATGCTACAACTGGCCx-2,0.6435762848968962
GATCGTATCTTGAGACx-2,0.7391283502065717
GATCGATAGATATACGx-2,0.9085394704004189
GATGAAAGTAGCGTGAx-2,0.5496408320427421
GATGAGGTCTCCCTGAx-2,0.9859049811406733
GATCGTAGTCTAGTCAx-2,0.95771494342202
GCAAACTTCCTGTAGAx-2,0.5988967992121988
GCACATACAGTCTTCCx-2,0.5742688156274705
GATTCAGTCAGTTAGCx-2,0.7398361237311784
GCACATACAGTTCATGx-2,0.6471167558944465
GATCGATCATGTTGACx-2,0.767903467779237
GATGAGGTCCAGATCAx-2,0.4649634295571679
GCACTCTAGGGCTCTCx-2,0.5496408320427421
GCAGCCACAGCCTATAx-2,0.9226344892597456
GATCGTATCACTATTCx-2,0.9718099622813466
GCAGCCATCTCAACTTx-2,0.6235247827969274
GATCGCGCATTCACTTx-2,0.6235247827969274
GCAAACTCATTACGACx-2,0.767903467779237
GATCGCGCAAGCCATTx-2,0.6235247827969274
GATGAGGGTACTTGACx-2,0.767903467779237
GATCGTAAGTTCGATCx-2,0.8311739596601646
GCAGCCAAGGCGTACAx-2,0.4918176621306598
GCAAACTGTTCGTTGAx-2,0.95771494342202
GATGCTAGTGGGTATGx-2,0.767903467779237
GATCGATCAGACGCAAx-2,0.767903467779237
GATGAAATCCTTGGTCx-2,0.7391283502065717
GATTCAGCATTAACCGx-2,0.767903467779237
GCAGCCATCCCTAATTx-2,0.7197772394518004
GATCTAGGTCACACGCx-2,0.4403354459724395
GCAAACTTCAGTTGACx-2,0.6235247827969274
GATCGTAGTATCAGTCx-2,0.7391283502065717
GCAGTTACACCGCTAGx-2,0.4649634295571679
GATCTAGAGCCAGTTTx-2,0.7391283502065717
GATTCAGGTAGCCTCGx-2,0.874508260932309
GCAGTTAAGGTGCACAx-2,0.7391283502065717
GCACTCTAGCGACGTAx-2,0.95771494342202
GATCGTAGTCACAAGGx-2,0.6235247827969274
GATGCTACACCTGGTGx-2,0.767903467779237
GATGAGGCACGGTTTAx-2,0.6263477168311127
GATGCTACAGATCCATx-2,0.767903467779237
GATCGTATCACTCCTGx-2,0.9859049811406733
GCAGTTACAGGGTATGx-2,0.7391283502065717
GATCGTACACTTCGAAx-2,0.95771494342202
GCAGTTAAGTATTGGAx-2,0.5496408320427421
GATCTAGAGACAAAGGx-2,0.7391283502065717
GATCGTATCGACAGCCx-2,0.4918176621306598
GCAGCCATCCGTACAAx-2,0.95771494342202
GATCGATGTACATCCAx-2,0.95771494342202
GATGCTAGTAGAGCTGx-2,0.6235247827969274
GATCGCGGTTCCACGGx-2,1.0
GATCGTAGTTGAACTCx-2,0.6435762848968962
GATTCAGAGGTGTTAAx-2,0.767903467779237
GATCGTACAATGTAAGx-2,0.6235247827969274
GCAGCCATCAATCACGx-2,0.767903467779237
GATCGCGCAGACGCTCx-2,0.5742688156274705
GCACTCTGTTCCCGAGx-2,0.7398361237311784
GATCGATGTGCCTGGTx-2,0.95771494342202
GCACTCTTCTCGAGTAx-2,0.49498813900759076
GATGAGGGTTACGCGCx-2,0.5496408320427421
GCAGCCAGTGGCGAATx-2,0.9718099622813466
GATCGCGCACGCCAGTx-2,1.0
GATGAAATCACTCTTAx-2,0.7391283502065717
GCAGCCATCTGTCAAGx-2,0.7391283502065717
GATCGCGGTCGAGTTTx-2,0.6235247827969274
GATGCTAAGGATGGTCx-2,0.8311739596601646
GATTCAGTCACGCATAx-2,0.7391283502065717
GATGCTATCAGTGTTGx-2,0.6566914541812677
GATGAAATCGCGCCAAx-2,0.5742688156274705
GATGAGGAGTATGACAx-2,0.767903467779237
GATTCAGCAGACAAATx-2,0.95771494342202
GCAGTTAGTTACTGACx-2,0.7391283502065717
GATCGATGTCAGAGGTx-2,0.7590195354462885
GCACATACAAGAGGCTx-2,0.95771494342202
GATTCAGTCGTTTGCCx-2,0.6566914541812677
GATCGATCACATGTGTx-2,0.7398361237311784
GATGAAAGTGAAAGAGx-2,0.95771494342202
GCATACAAGCTTATCGx-2,0.6435762848968962
GCCTCTAGTTCAGCGCx-2,0.5496408320427421
GCGCAACTCAGCACATx-2,0.767903467779237
GCATACAAGCCAGTTTx-2,0.95771494342202
GCGCAACAGGAGTTTAx-2,0.6716510111243639
GCATGCGGTGGCAAACx-2,0.767903467779237
GCGAGAAAGAGTGACCx-2,0.95771494342202
GCGCAGTAGCTTATCGx-2,0.9859049811406733
GCATGATGTCTAGTCAx-2,0.767903467779237
GCGACCACACCTATCCx-2,0.6235247827969274
GCGAGAAAGAGTACATx-2,0.767903467779237
GCGCAACAGCACGCCTx-2,0.49498813900759076
GCAGTTATCCGCATCTx-2,0.6235247827969274
GCATGATAGTCCGTATx-2,0.7583117619216819
GCCTCTATCGGAAATAx-2,0.5742545581559637
GCGCAACTCTCGAGTAx-2,0.6235247827969274
GCATACAGTGCGCTTGx-2,0.5496408320427421
GCATGATTCGTGGTCGx-2,0.5749623316805703
GCATGTACATCCTTGCx-2,0.8260855668043812
GCGAGAACAGCTGCTGx-2,0.6235247827969274
GCATGTAGTGCCTGGTx-2,0.8311739596601646
GCCTCTAGTAAAGTCAx-2,0.4918176621306598
GCATACATCGGTCTAAx-2,0.767903467779237
GCCTCTAGTCAGGACAx-2,0.9718099622813466
GCATGATTCAGCTTAGx-2,0.95771494342202
GCGCAACCACTATCTTx-2,0.95771494342202
GCCTCTATCCGCTGTTx-2,0.6235247827969274
GCATGTAAGAGCTATAx-2,0.95771494342202
GCATACACACTTACGAx-2,0.7391283502065717
GCGACCAGTCGCATCGx-2,0.5496408320427421
GCATACACACACCGACx-2,0.7391283502065717
GCCAAATCAATAAGCAx-2,0.95771494342202
GCGCAACGTCTGGTCGx-2,0.767903467779237
GCATGATCACATCTTTx-2,0.95771494342202
GCATGCGAGAACTGTAx-2,0.5496408320427421
GCGCAACAGAGGTACCx-2,0.6235247827969274
GCGCAGTGTGTTGAGGx-2,0.5496408320427421
GCATGCGCAATAAGCAx-2,0.767903467779237
GCCAAATCATATGGTCx-2,1.0
GCCTCTATCTACCAGAx-2,0.7398361237311784
GCGCAGTGTCGATTGTx-2,1.0
GCATGATGTCCGACGTx-2,0.95771494342202
GCGACCAGTGTAACGGx-2,0.5749623316805703
GCAGTTAGTTCGTCTCx-2,0.6235247827969274
GCCTCTAGTTGTCGCGx-2,0.5496408320427421
GCGCAACTCCACGACGx-2,1.0
GCATGATGTATAATGGx-2,0.5496408320427421
GCGCAACTCCACTGGGx-2,0.95771494342202
GCCAAATTCCCTGACTx-2,0.767903467779237
GCGACCACATTGAGCTx-2,0.5496408320427421
GCATGATAGCCTATGTx-2,0.95771494342202
GCGACCACATAAAGGTx-2,0.5988967992121988
GCGACCACAGATTGCTx-2,0.6235247827969274
GCCTCTACACGCTTTCx-2,1.0
GCATGCGCAGAGCCAAx-2,0.6235247827969274
GCGCAACCAAGAGGCTx-2,0.5496408320427421
GCATGCGAGCCATCGCx-2,0.7398361237311784
GCATACACAGTGGGATx-2,0.767903467779237
GCGCAACCAGCATACTx-2,0.7398361237311784
GCATGTAGTTAAAGTGx-2,0.767903467779237
GCGCAACTCATGCTCCx-2,0.5496408320427421
GCGCAGTCATCCTAGAx-2,0.767903467779237
GCATGCGCACACAGAGx-2,0.767903467779237
GCATGCGGTGGTTTCAx-2,0.5496408320427421
GCGACCACACCTCGTTx-2,0.5496408320427421
GCATACAGTAGGACACx-2,0.5496408320427421
GCATGATAGGTGTGGTx-2,0.767903467779237
GCATGATCAGGGCATAx-2,0.8463182232136558
GCCTCTATCTGGGCCAx-2,0.95771494342202
GCGCAACCAGCCTTTCx-2,0.8944444515410923
GCATGATCATGTAGTCx-2,1.0
GCATGCGGTAGGAGTCx-2,0.95771494342202
GCCTCTATCCTGCTTGx-2,0.6235247827969274
GCGAGAAGTGGCTCCAx-2,0.767903467779237
GCGACCAAGCCACCTGx-2,0.6235247827969274
GCCTCTATCAGCTTAGx-2,0.7391283502065717
GCGACCAAGGGCTTGAx-2,0.6235247827969274
GCCAAATCATCAGTCAx-2,0.95771494342202
GCGCAGTCAACTGCGCx-2,0.7391283502065717
GCCTCTAAGACCACGAx-2,0.8944444515410923
GCATACAAGGACAGCTx-2,1.0
GCCAAATAGCACCGTCx-2,0.8944444515410923
GCGCAACAGCTCCTCTx-2,0.767903467779237
GCATGATAGAATTCCCx-2,0.6235247827969274
GCAGTTATCGGTTCGGx-2,0.95771494342202
GCGAGAATCGGTTAACx-2,0.740543897255785
GCGCAGTCAGGGTTAGx-2,0.38179630643692636
GCATGTAGTTGCGTTAx-2,0.8944444515410923
GCAGTTATCACCCTCAx-2,0.767903467779237
GCGCAACTCGCGTAGCx-2,0.5496408320427421
GCATACATCATAAAGGx-2,0.767903467779237
GCATACAAGTGTGAATx-2,0.767903467779237
GCGAGAATCTTGCATTx-2,0.5496408320427421
GCGCAGTTCCAATGGTx-2,1.0
GCTGCGACACGTCAGCx-2,0.95771494342202
GGACAAGGTATAATGGx-2,0.7391283502065717
GCTGCAGAGACAGACCx-2,0.767903467779237
GGAATAAAGGCCATAGx-2,0.5496408320427421
GCGCCAAAGTCACGCCx-2,0.5496408320427421
GCTGCTTGTGCACCACx-2,0.767903467779237
GCTCCTAAGAGCCCAAx-2,0.7391283502065717
GCGCGATGTTGACGTTx-2,0.9859049811406733
GCTGCAGAGACTACAAx-2,0.767903467779237
GCTGCGAGTGGGTCAAx-2,0.7391283502065717
GGAATAATCCCAACGGx-2,0.6566914541812677
GCTCCTAAGCGATTCTx-2,0.767903467779237
GCTCTGTAGGATTCGGx-2,0.5496408320427421
GCTCCTATCCTTAATCx-2,0.5496408320427421
GGAACTTTCTGGCGTGx-2,0.6435762848968962
GCTCCTAGTACTCGCGx-2,0.8848527456835372
GCGCGATTCTTGTCATx-2,0.7398361237311784
GCTCTGTGTTCCGGCAx-2,0.5442441061770477
GCTTGAATCCGTAGGCx-2,0.7391283502065717
GGACAAGTCCACGTTCx-2,0.9226344892597457
GCTGGGTCACAACTGTx-2,0.5496408320427421
GCGCGATGTGAAGGCTx-2,0.9859049811406733
GCTCTGTGTCTTGATGx-2,0.767903467779237
GGAAAGCAGGATGTATx-2,0.6235247827969274
GCTGCAGGTCACCTAAx-2,0.5496408320427421
GGAACTTGTACAGACGx-2,0.9859049811406733
GCTGGGTAGAGTGACCx-2,0.7391283502065717
GGAACTTGTTCCGGCAx-2,0.767903467779237
GCGGGTTGTCAAGCGAx-2,0.8944444515410923
GCTCCTACAAGTCATCx-2,0.767903467779237
GCTGCTTAGGTGTGGTx-2,0.7391283502065717
GGAATAAGTAAGCACGx-2,0.6235247827969274
GCGCGATGTTCACCTCx-2,1.0
GCTCCTATCGGCGCATx-2,0.6235247827969274
GCTGCAGTCCGAACGCx-2,0.7412516707803916
GGACAAGAGAGGGCTTx-2,0.6235247827969274
GGACAGAAGATCCGAGx-2,0.767903467779237
GCTGCTTCATGCCCGAx-2,0.7217133288159753
GGAATAAGTGCCTGTGx-2,0.5496408320427421
GCTCTGTTCAATACCGx-2,0.6716510111243639
GGAATAATCGATGAGGx-2,0.767903467779237
GCGCCAAGTTGTCGCGx-2,0.767903467779237
GCGCGATCACATGTGTx-2,0.7391283502065717
GCTCTGTTCGGCATCGx-2,0.6235247827969274
GGAATAACAGCTTAACx-2,0.4918176621306598
GGAATAAGTGATGATAx-2,0.8944444515410923
GCTGCTTAGTGGGTTGx-2,0.5496408320427421
GCGCGATGTTTGTTGGx-2,0.95771494342202
GCGCGATAGTGCGATGx-2,0.95771494342202
GCGCAGTTCGGAAATAx-2,0.767903467779237
GCTGGGTCATCACAACx-2,0.7391283502065717
GGACAAGTCAAACAAGx-2,0.95771494342202
GCTGCTTGTGAGGGAGx-2,0.5496408320427421
GCTGCAGCAACGCACCx-2,0.767903467779237
GGAACTTGTTAAGAACx-2,0.5496408320427421
GCTGCTTTCAGGCGAAx-2,0.7391283502065717
GCGCCAACAAGCTGGAx-2,0.7391283502065717
GGAACTTTCCCGGATGx-2,1.0
GCTTCCATCTCTGCTGx-2,0.95771494342202
GCGCCAAGTCGCGGTTx-2,0.6235247827969274
GCTGGGTGTCTGGAGAx-2,0.767903467779237
GCTCCTACAGTATCTGx-2,0.6235247827969274
GCGGGTTGTTATCCGAx-2,0.6235247827969274
GGAACTTGTTTAGCTGx-2,0.4423533999972293
GCTGCAGGTGTGTGCCx-2,0.767903467779237
GCTGCAGTCCAGGGCTx-2,0.5742545581559637
GCGCGATAGCCTATGTx-2,0.5496408320427421
GCGGGTTTCGCCCTTAx-2,0.95771494342202
GCGCCAACATTGGGCCx-2,0.5496408320427421
GCTCTGTCAATCACACx-2,0.767903467779237
GCTTCCATCAGATAAGx-2,1.0
GCGCGATCATGCCTTCx-2,0.7398361237311784
GCTGGGTCACAGCCCAx-2,0.5496408320427421
GCTGCAGTCCACTGGGx-2,0.6235247827969274
GCGGGTTCAATCTACGx-2,0.767903467779237
GCTGCTTAGCTCCCAGx-2,0.6235247827969274
GCGCGATCAGTAACGGx-2,0.767903467779237
GCTGCAGCAGCTTAACx-2,1.0
GCTCTGTTCAACACTGx-2,0.95771494342202
GGAACTTCAGTTAACCx-2,0.9859049811406733
GCTGCAGGTACCGAGAx-2,0.6235247827969274
GCTCCTACAAGTACCTx-2,0.38568275293728826
GCTCTGTGTATAGTAGx-2,0.7412516707803916
GCTTCCAAGGCACATGx-2,0.6235247827969274
GGAACTTAGACTACAAx-2,0.95771494342202
GCGCCAAGTTTGACACx-2,0.7391283502065717
GCTGCGACATGGATGGx-2,0.8311739596601646
GCTCTGTTCGAACGGAx-2,0.95771494342202
GCTGCTTGTTCCGGCAx-2,0.767903467779237
GCGGGTTAGGATGGTCx-2,0.9718099622813466
GGAATAAGTGGACGATx-2,0.767903467779237
GCTTCCATCGACCAGCx-2,0.9718099622813465
GGACAGAAGACAGACCx-2,0.6235247827969274
GCTTCCATCTGCTGTCx-2,0.767903467779237
GGAAAGCCATTAACCGx-2,0.6716510111243639
GGACAAGAGCCCGAAAx-2,0.6235247827969274
GGACAAGTCGCAGGCTx-2,0.5742688156274705
GGATGTTGTAAGGGAAx-2,0.5496408320427421
GGCGACTTCGCGATCGx-2,0.6235247827969274
GGATGTTAGGCAGTCAx-2,0.767903467779237
GGCGTGTTCCACTCCAx-2,0.767903467779237
GGCTCGACAAGGACTGx-2,0.767903467779237
GGACAGACACTGTGTAx-2,0.38568275293728826
GGCGTGTGTCAAACTCx-2,0.95771494342202
GGACGTCCAAGAAAGGx-2,0.767903467779237
GGCGACTTCGACAGCCx-2,0.7391283502065717
GGACAGACATAGTAAGx-2,1.0
GGAGCAACATGGTTGTx-2,0.9859049811406733
GGAGCAACACTAGTACx-2,0.767903467779237
GGCGACTAGAGAGCTCx-2,0.6235247827969274
GGCAATTAGATCCGAGx-2,0.9718099622813466
GGCTGGTCAAACGTGGx-2,0.767903467779237
GGACAGAGTGATGATAx-2,0.767903467779237
GGAGCAACATCATCCCx-2,1.0
GGATGTTGTCCGTTAAx-2,0.6235247827969274
GGACAGAAGTCAAGGCx-2,0.7398361237311784
GGATGTTAGTACGACGx-2,0.5496408320427421
GGCAATTAGTTAGGTAx-2,0.6235247827969274
GGCAATTGTACCCAATx-2,0.5496408320427421
GGCCGATGTAGCCTCGx-2,0.767903467779237
GGCCGATGTGACAAATx-2,0.6235247827969274
GGCGACTTCGGCGGTTx-2,0.767903467779237
GGATGTTTCCCAGGTGx-2,0.5496408320427421
GGAGCAAGTGCGAAACx-2,0.6235247827969274
GGATTACAGGCTCAGAx-2,0.6235247827969274
GGACATTAGTCATGCTx-2,0.95771494342202
GGATTACAGAGTAAGGx-2,0.7391283502065717
GGATTACTCCTTTCTCx-2,0.5496408320427421
GGACATTGTAGCGCAAx-2,0.767903467779237
GGCCGATAGTATCGAAx-2,0.7391283502065717
GGCGACTAGGTGTGGTx-2,0.5496408320427421
GGCCGATAGTCCCACGx-2,0.767903467779237
GGACGTCCACGACTCGx-2,0.7391283502065717
GGCTCGATCCGTACAAx-2,1.0
GGATGTTAGCTGCGAAx-2,0.7391283502065717
GGCCGATTCTCAACTTx-2,0.7391283502065717
GGCGACTCAAGTACCTx-2,0.7391283502065717
GGACATTAGCTCTCGGx-2,0.767903467779237
GGACGTCTCTGCGGCAx-2,0.5442441061770477
GGACAGATCTGCCCTAx-2,0.767903467779237
GGATTACTCTTCCTTCx-2,0.9718099622813466
GGACATTAGTGGAGAAx-2,0.6235247827969274
GGCTCGAAGGCCATAGx-2,0.5496408320427421
GGATTACGTCTGCAATx-2,0.5496408320427421
GGCGTGTGTAGCGTAGx-2,0.6584428369350477
GGCGACTGTAAGAGGAx-2,0.49498813900759076
GGCGTGTGTGGCCCTAx-2,0.6235247827969274
GGCGTGTTCGTCGTTCx-2,0.7217133288159753
GGACAGATCTTGCATTx-2,0.8131738584155563
GGACAGAGTTACGCGCx-2,0.8452689785194913
GGAGCAACATCCGTGGx-2,0.7391283502065717
GGCCGATTCTAACTGGx-2,0.767903467779237
GGCAATTAGAATGTTGx-2,0.7391283502065717
GGACGTCAGATGCGACx-2,0.767903467779237
GGCGACTGTGTCTGATx-2,0.5496408320427421
GGCGTGTGTCGGGTCTx-2,1.0
GGACATTTCGGTTAACx-2,0.6235247827969274
GGATGTTAGAATTCCCx-2,0.5496408320427421
GGCCGATTCCCTTGCAx-2,0.5496408320427421
GGCGACTTCAGGATCTx-2,0.767903467779237
GGATTACAGTGTACCTx-2,0.95771494342202
GGACATTAGCCGCCTAx-2,1.0
GGATTACGTCAGAGGTx-2,0.7391283502065717
GGAGCAATCAAAGACAx-2,0.6235247827969274
GGCCGATGTCTGATTGx-2,0.7391283502065717
GGAGCAAAGGTGCTAGx-2,1.0
GGAGCAACAATGCCATx-2,0.5496408320427421
GGACATTGTCAGATAAx-2,1.0
GGCTCGAAGCCCAACCx-2,0.5496408320427421
GGCTCGACATCATCCCx-2,0.7391283502065717
GGACGTCTCCAACCAAx-2,0.9226344892597457
GGCGTGTAGCTTCGCGx-2,0.6235247827969274
GGCAATTAGGATGTATx-2,0.6716510111243639
GGATGTTCAATCTACGx-2,0.5496408320427421
GGCTCGAGTTCCTCCAx-2,0.8452689785194913
GGACATTTCAGGTTCAx-2,0.95771494342202
GGATGTTCAGACTCGCx-2,0.767903467779237
GGATTACAGAGACTATx-2,0.7391283502065717
GGCTGGTAGCGATTCTx-2,0.767903467779237
GGCCGATGTCAATGTCx-2,0.7391283502065717
GGCAATTCACGGTTTAx-2,0.7412516707803916
GGCCGATAGGTTCCTAx-2,0.767903467779237
GGACGTCTCGCCAAATx-2,0.5496408320427421
GGCTCGACAGGGTATGx-2,0.7391283502065717
GGACAGACAAGCGAGTx-2,0.39492191913221475
GGATTACGTTGAGTTCx-2,0.8311739596601646
GGCCGATGTTCAGGCCx-2,0.5357200356860823
GGACAGAGTAAAGGAGx-2,0.95771494342202
GGCGACTGTATGGTTCx-2,0.5496408320427421
GGCTCGAAGTGAACATx-2,0.7391283502065717
GGATGTTCACAGGAGTx-2,0.6235247827969274
GGATGTTCATCACCCTx-2,0.5988967992121988
GGATTACAGTCGAGTGx-2,0.38876247500226374
GGAGCAATCCGAGCCAx-2,0.767903467779237
GGTGAAGGTAGAAGGAx-2,0.4918176621306598
GGGCATCGTTCCACAAx-2,0.6235247827969274
GGTGAAGTCTCGAGTAx-2,0.767903467779237
GGCTGGTTCTCGATGAx-2,0.8452689785194913
GGGAATGTCTTGCAAGx-2,0.767903467779237
GGGATGACATCGGAAGx-2,0.95771494342202
GGGCATCCACCTCGGAx-2,0.767903467779237
GGGTCTGTCAACCATGx-2,0.95771494342202
GGGATGAGTGTATGGGx-2,0.5496408320427421
GGGATGATCGTCGTTCx-2,1.0
GGTGTTAGTGAGGCTAx-2,0.767903467779237
GGGAGATCAACGATGGx-2,0.5496408320427421
GGTGAAGTCCACGAATx-2,0.7391283502065717
GGGCATCAGTCCGTATx-2,0.5496408320427421
GGGCACTCATCGGACCx-2,0.7391283502065717
GGTGTTACATCACAACx-2,0.767903467779237
GGCTGGTCACGAAATAx-2,0.767903467779237
GGGCATCAGTGGGATCx-2,0.95771494342202
GGGCATCCACCAGGCTx-2,0.7391283502065717
GGGTTGCGTGCGATAGx-2,0.7391283502065717
GGTGTTAGTGATAAGTx-2,1.0
GGGACCTAGTGACTCTx-2,0.767903467779237
GGGACCTTCGCAAACTx-2,0.5496408320427421
GGGATGAGTATTACCGx-2,0.7391283502065717
GGGAATGGTGTAATGAx-2,0.95771494342202
GGGCATCCATGCCCGAx-2,0.5496408320427421
GGTATTGTCAGCCTAAx-2,0.740543897255785
GGGACCTAGTGTGGCAx-2,0.7391283502065717
GGGAATGAGTAGCCGAx-2,0.95771494342202
GGTGAAGCAGGAATCGx-2,0.5742688156274705
GGTGCGTCAGTCACTAx-2,0.6573992277058743
GGTGTTAGTATAGGTAx-2,0.767903467779237
GGGCACTTCAAAGTAGx-2,0.767903467779237
GGGTTGCTCATGTCCCx-2,0.767903467779237
GGTATTGGTATAATGGx-2,0.767903467779237
GGCTGGTCATCCGTGGx-2,1.0
GGTATTGGTAACGCGAx-2,0.767903467779237
GGGCATCCAGTAAGCGx-2,0.95771494342202
GGTATTGTCCTTGCCAx-2,0.5742688156274705
GGGAATGTCATTGCGAx-2,0.8944444515410923
GGGTTGCGTTCCGTCTx-2,0.6235247827969274
GGTGTTACAATGACCTx-2,0.95771494342202
GGGAGATGTAAGGGCTx-2,0.6235247827969274
GGTGAAGCATCGACGCx-2,0.5742688156274705
GGTGCGTAGGTGATTAx-2,0.6235247827969274
GGGATGACAATCGAAAx-2,0.8119905479450544
GGTGCGTTCGGAATCTx-2,0.5442441061770477
GGTGTTACAATCCAACx-2,0.6235247827969274
GGTGCGTCAGCTTCGGx-2,0.767903467779237
GGGTCTGAGTGTGAATx-2,0.8452689785194913
GGGAATGTCCCAAGATx-2,0.7412516707803916
GGTATTGTCTCCAACCx-2,0.767903467779237
GGTGAAGCACCGTTGGx-2,0.9226344892597456
GGTGCGTGTCGCTTTCx-2,0.7391283502065717
GGCTGGTTCCACTGGGx-2,0.95771494342202
GGGATGACAATACGCTx-2,0.95771494342202
GGGCATCTCCCACTTGx-2,0.5496408320427421
GGCTGGTCATCCTAGAx-2,0.6235247827969274
GGTGCGTCATTAGCCAx-2,0.5496408320427421
GGCTGGTTCAGCTTAGx-2,0.5496408320427421
GGGTTGCGTGTTCGATx-2,0.49498813900759076
GGGTTGCTCCAAAGTCx-2,0.767903467779237
GGGTTGCCACACATGTx-2,0.7391283502065717
GGGCACTGTAGGGACTx-2,0.6235247827969274
GGGACCTTCTATGTGGx-2,1.0
GGTGAAGTCATCGCTCx-2,0.5742688156274705
GGGCACTCAACACCCGx-2,0.5988967992121988
GGTATTGTCTTTAGGGx-2,0.95771494342202
GGTGCGTGTTCGTCTCx-2,0.6235247827969274
GGGCACTTCTGCGTAAx-2,1.0
GGGTTGCTCGTAGGTTx-2,0.46980934851174505
GGGCATCCATGCTAGTx-2,0.767903467779237
GGGTCTGAGATGCGACx-2,0.95771494342202
GGGCATCTCGAGAGCAx-2,0.5496408320427421
GGGACCTCAATGCCATx-2,0.7830477313327281
GGGAGATCAGACTCGCx-2,0.5496408320427421
GGGCATCAGTATTGGAx-2,0.9859049811406733
GGTATTGAGGGAAACAx-2,0.95771494342202
GGGAGATGTACCCAATx-2,0.95771494342202
GGGATGAAGCTGCGAAx-2,0.767903467779237
GGGAGATTCGTAGGAGx-2,0.6258084202309993
GGGCACTTCACCGTAAx-2,1.0
GGGTTGCCACGGACAAx-2,0.6235247827969274
GGGAATGCACGGATAGx-2,0.767903467779237
GGTGTTAGTCACAAGGx-2,0.6235247827969274
GGTGAAGTCACTTATCx-2,0.95771494342202
GGTATTGTCACAAACCx-2,0.4918176621306598
GGGAGATTCGGTGTCGx-2,1.0
GGTGAAGCATCCTTGCx-2,0.7391283502065717
GGTGTTAAGCACACAGx-2,0.6235247827969274
GGGAATGCATTTCAGGx-2,0.9859049811406733
GGGCATCCATGGGAACx-2,0.8463182232136558
GGTATTGTCCTGCCATx-2,0.95771494342202
GGGAGATCAATGAAACx-2,0.767903467779237
GGGTTGCTCACTTCATx-2,0.8311739596601646
GGTGTTACAAACCTACx-2,0.95771494342202
GGGATGAAGGGCATGTx-2,0.767903467779237
GGTGTTATCGCGCCAAx-2,0.9718099622813466
GTCACAATCATGGTCAx-2,0.767903467779237
GTAACTGTCTTGTTTGx-2,0.767903467779237
GTATTCTAGTGCGTGAx-2,0.8311739596601646
GTCATTTAGTACGATAx-2,0.767903467779237
GTATTCTAGAGCCTAGx-2,0.767903467779237
GTAGTCATCAACCATGx-2,0.7391283502065717
GTACTCCTCTGCGGCAx-2,0.6566914541812677
GTACTTTTCAACCAACx-2,0.8944444515410923
GTCACGGTCAGGTAAAx-2,1.0
GTATTCTTCACTGGGCx-2,0.7391283502065717
GTCATTTAGACTTTCGx-2,0.5496408320427421
GTACTCCAGCAATATGx-2,0.8356772726619361
GTACTCCGTTGGTGGAx-2,0.6235247827969274
GTATCTTTCTGCAGTAx-2,1.0
GTATTCTGTACCCAATx-2,0.6235247827969274
GTACGTACACGACTCGx-2,0.7391283502065717
GTAGGCCCACATCCAAx-2,0.6716510111243639
GTAGTCAAGACCTTTGx-2,0.767903467779237
GTACGTATCTGCGACGx-2,0.5742545581559637
GTAGGCCAGTTAGCGGx-2,0.767903467779237
GTCATTTAGCGATGACx-2,0.4918176621306598
GGTGTTATCACATACGx-2,0.6235247827969274
GTACGTACAATGGATAx-2,0.4918176621306598
GTCACAATCCGCATAAx-2,0.6235247827969274
GTACGTATCTGTGCAAx-2,0.8311739596601646
GTCACGGGTGTTTGGTx-2,0.95771494342202
GTAACTGGTAGCGCAAx-2,0.7391283502065717
GTACTTTCACAGTCGCx-2,0.6235247827969274
GTCACAAGTGCGATAGx-2,0.7398361237311784
GTAGGCCCAAGCGCTCx-2,0.439521575246669
GTATTCTCAGTCAGAGx-2,0.4918176621306598
GTAGTCAGTATCAGTCx-2,1.0
GTCACAAGTAAACCTCx-2,0.4403354459724395
GTCACGGGTCTCCATCx-2,0.4711228736871189
GGTGTTATCGTGGGAAx-2,0.7391283502065717
GTACTTTTCAGTTAGCx-2,0.691019129449869
GTATCTTGTTCAGGCCx-2,0.767903467779237
GTATTCTGTTCCACTCx-2,0.767903467779237
GTACTCCGTGTTGGGAx-2,0.6235247827969274
GTCAAGTGTAGCAAATx-2,0.5496408320427421
GTCACGGTCTTCGGTCx-2,0.5496408320427421
GTAACTGTCCAAACTGx-2,0.5496408320427421
GTACTTTGTATAATGGx-2,0.5496408320427421
GTATTCTGTCGGCTCAx-2,0.5742688156274705
GTAACGTGTAAGTGGCx-2,0.7391283502065717
GTAGTCACAGATCCATx-2,0.41762126893051404
GTATTCTCATTTCACTx-2,0.5496408320427421
GTAGTCACAACTGCGCx-2,0.6566914541812677
GTATCTTCAAGCCTATx-2,0.7391283502065717
GTACTCCAGGTGACCAx-2,0.5496408320427421
GTAGTCACAGCCTGTGx-2,0.767903467779237
GTAGTCAGTCGCGAAAx-2,0.767903467779237
GTAGTCAGTTCAGCGCx-2,0.7391283502065717
GTAGGCCAGATGAGAGx-2,0.7412516707803916
GTATTCTTCACTTACTx-2,0.767903467779237
GTAACTGAGACACGACx-2,0.5496408320427421
GTACTTTTCAGTTGACx-2,0.95771494342202
GTAACTGAGCGTAGTGx-2,0.6235247827969274
GTAACTGAGAGTCGGTx-2,0.5442441061770477
GTCACGGTCCCAACGGx-2,1.0
GTAACTGCAAGTTCTGx-2,0.7391283502065717
GTATCTTGTGTCGCTGx-2,0.5496408320427421
GTCATTTAGACTGTAAx-2,0.8944444515410923
GTACGTAAGTGGGTTGx-2,0.6235247827969274
GTAACTGGTAGGCATGx-2,0.9718099622813466
GTACTTTAGGAGTTTAx-2,0.5496408320427421
GTAACGTAGCCGTCGTx-2,0.6235247827969274
GTAACTGGTACCGTTAx-2,0.5496408320427421
GTACGTATCTCTGTCGx-2,0.7391283502065717
GTAACGTTCTTATCTGx-2,0.9718099622813466
GTAACGTGTCTCGTTCx-2,0.5496408320427421
GTATCTTCAGGCTGAAx-2,0.6235247827969274
GTAACGTAGCCAGTAGx-2,0.7391283502065717
GTATCTTCATATACCGx-2,0.5496408320427421
GTCATTTCAGGGTATGx-2,0.9718099622813466
GTAGGCCAGGATATACx-2,0.767903467779237
GTCATTTCACGCTTTCx-2,0.6235247827969274
GTAGTCAAGTCGATAAx-2,0.95771494342202
GTCACAAAGCGTTGCCx-2,0.5496408320427421
GTACTTTCACATCTTTx-2,0.95771494342202
GTACTTTCAATCGGTTx-2,0.5496408320427421
GTCACAATCGCATGGCx-2,0.5473238282420231
GTACGTATCATAAAGGx-2,0.9718099622813466
GTACTTTGTTCGGCACx-2,0.7391283502065717
GTCACAATCCGTCATCx-2,0.7391283502065717
GTAGGCCTCTTGTCATx-2,0.767903467779237
GTACTTTTCAGCTCTCx-2,0.7391283502065717
GTCAAGTCAAGGCTCCx-2,0.6235247827969274
GTATCTTAGAAGAAGCx-2,0.7217133288159753
GTATTCTTCATAAAGGx-2,0.767903467779237
GTCAAGTGTGACTACTx-2,0.767903467779237
GTCACAACATGCCTAAx-2,0.6235247827969274
GTAACGTCATACGCCGx-2,0.7398361237311784
GTAACTGTCTACGAGTx-2,0.767903467779237
GTACTCCTCGACAGCCx-2,0.7349215030052916
GTAACGTAGCACCGTCx-2,0.9718099622813466
GTCTCGTTCAGCTCGGx-2,0.75013560311334
GTGCGGTTCCCACTTGx-2,0.9859049811406733
GTGCAGCTCGGAAATAx-2,0.5496408320427421
GTCATTTTCGCGTTTCx-2,0.9859049811406733
GTGTGCGCACATAACCx-2,0.95771494342202
GTGGGTCCAGTCGTGCx-2,0.8311739596601646
GTCTCGTTCGGAGCAAx-2,0.6235247827969274
GTCTTCGTCAATCACGx-2,0.6235247827969274
GTGAAGGCACCCTATCx-2,0.6435762848968962
GTGCATATCTGGGCCAx-2,0.767903467779237
GTGCGGTAGCCAGAACx-2,0.7391283502065717
GTGGGTCAGAGTAAGGx-2,0.6235247827969274
GTGCAGCAGCCTTGATx-2,0.7391283502065717
GTGCGGTTCGCGGATCx-2,0.4918176621306598
GTCCTCACAGCAGTTTx-2,0.9859049811406733
GTCTCGTAGTACCGGAx-2,0.6235247827969274
GTCATTTGTCAGTGGAx-2,0.4918176621306598
GTGAAGGGTCTAGCGCx-2,0.7391283502065717
GTGCAGCAGATCACGGx-2,0.5196161225923192
GTCGTAAAGGTTACCTx-2,0.6235247827969274
GTGCTTCGTTAGTGGGx-2,0.9859049811406733
GTGGGTCCAGCATGAGx-2,0.767903467779237
GTGCATAGTTCGGGCTx-2,0.5496408320427421
GTGAAGGCACATTAGCx-2,0.9859049811406733
GTCGGGTCATGCCACGx-2,0.5496408320427421
GTGAAGGGTCATACTGx-2,0.7830477313327281
GTGAAGGAGGAGTTTAx-2,0.39492191913221475
GTGAAGGTCTCCCTGAx-2,0.7398361237311784
GTGCATAGTTTGCATGx-2,0.95771494342202
GTCTTCGCATGCCTAAx-2,0.8989477645428638
GTGCTTCGTGTTCTTTx-2,0.5496408320427421
GTGCAGCTCTGGGCCAx-2,0.95771494342202
GTGAAGGAGCTGCCCAx-2,0.7391283502065717
GTCGTAAGTTACAGAAx-2,0.767903467779237
GTGCGGTAGGCAGGTTx-2,1.0
GTGCGGTTCACTTCATx-2,0.95771494342202
GTGGGTCGTCCATGATx-2,0.767903467779237
GTCCTCATCGTGGGAAx-2,0.6235247827969274
GTGCTTCCAAGTTGTCx-2,0.7391283502065717
GTCATTTTCTCTGTCGx-2,0.6235247827969274
GTGAAGGAGACTAAGTx-2,0.41762126893051404
GTCGTAATCATAAAGGx-2,0.767903467779237
GTCGGGTGTGAAAGAGx-2,0.95771494342202
GTGCAGCGTGTATGGGx-2,0.5496408320427421
GTCTTCGGTATTCTCTx-2,1.0
GTCGGGTGTCATGCATx-2,0.41762126893051404
GTCTTCGAGCCCAGCTx-2,0.5473238282420231
GTGGGTCAGCCAGTTTx-2,0.9130427834021906
GTCATTTGTACGCTGCx-2,0.5496408320427421
GTCGTAAAGTTAACGAx-2,0.7391283502065717
GTCATTTTCCTCCTAGx-2,0.7197772394518004
GTCCTCAGTCAAACTCx-2,0.767903467779237
GTGAAGGCAGCCAGAAx-2,0.767903467779237
GTGAAGGCACTTAAGCx-2,0.95771494342202
GTGCGGTAGTCACGCCx-2,0.95771494342202
GTGCTTCGTTGCGTTAx-2,0.6235247827969274
GTGCAGCGTCGAAAGCx-2,1.0
GTCTCGTTCTGGTGTAx-2,0.7391283502065717
GTCTCGTCATGCAACTx-2,0.5988967992121988
GTGCATATCCCAACGGx-2,0.767903467779237
GTGCATATCTACCTGCx-2,0.95771494342202
GTCTCGTTCTGCTTGCx-2,0.7391283502065717
GTCCTCACAAGGTTTCx-2,0.767903467779237
GTGGGTCTCAGCTTAGx-2,0.7197772394518004
GTGAAGGCAGCTGTATx-2,0.95771494342202
GTGTGCGCAGCCAGAAx-2,0.3459713439433387
GTGAAGGGTAGAAGGAx-2,1.0
GTCTCGTGTCAATACCx-2,0.7391283502065717
GTGAAGGTCGGCGCATx-2,0.7391283502065717
GTCGTAACACGGTGTCx-2,0.767903467779237
GTCGTAATCCTGTACCx-2,0.95771494342202
GTCGTAACAAGCGCTCx-2,0.49498813900759076
GTGCATACATCACGTAx-2,0.4918176621306598
GTGCTTCAGCAGCGTAx-2,0.767903467779237
GTGCAGCCATTTCACTx-2,0.95771494342202
GTGCAGCTCTAGAGTCx-2,0.6584428369350477
GTCGGGTCACAGGCCTx-2,0.95771494342202
GTCGTAACACACGCTGx-2,0.5988967992121988
GTCTTCGAGGCCCGTTx-2,0.8267933403289878
GTCGTAATCAAGGCTTx-2,0.6716510111243639
GTCATTTTCGAATGCTx-2,0.7391283502065717
GTCGGGTTCCGTCAAAx-2,0.5473238282420231
GTCATTTGTCTTGATGx-2,0.5496408320427421
GTGAAGGTCGAACGGAx-2,0.767903467779237
GTGCTTCCATGAACCTx-2,0.8215822538026095
GTCGTAATCCTTTCGGx-2,0.6235247827969274
GTGAAGGTCTGCCAGGx-2,0.6716510111243639
GTGCATAAGTTACGGGx-2,0.7391283502065717
GTCGTAAGTCGAAAGCx-2,0.7391283502065717
GTGGGTCCATGCGCACx-2,0.7197772394518004
GTCTCGTAGGCTACGAx-2,0.6235247827969274
GTCCTCACAATGTAAGx-2,0.4918176621306598
GTGCTTCGTGGACGATx-2,0.9859049811406733
GTCCTCAGTGCAACGAx-2,0.6235247827969274
GTGCGGTGTCGTTGTAx-2,0.9718099622813465
GTGCATATCTGTTGAGx-2,0.767903467779237
GTCGTAAGTGCCTTGGx-2,0.767903467779237
TAAGAGACAGCCAATTx-2,0.6235247827969274
TAAGAGAAGAAGATTCx-2,0.6235247827969274
GTTCGGGCATGTCCTCx-2,0.95771494342202
TAAGAGATCGAGGTAGx-2,0.6235247827969274
GTTACAGTCGCTGATAx-2,0.5988967992121988
GTTAAGCCACAGACTTx-2,0.767903467779237
GTTCGGGTCTTGTACTx-2,0.39492191913221475
TAAACCGCATACGCTAx-2,0.95771494342202
TAAACCGGTTGTACACx-2,0.6235247827969274
TAAACCGTCCACTGGGx-2,0.7391283502065717
TAAGAGATCGGTTCGGx-2,0.95771494342202
GTTTCTATCTGGTGTAx-2,0.95771494342202
GTTCGGGCACGAAGCAx-2,0.6716510111243639
TAAGAGAGTCTAGTGTx-2,0.7197772394518004
GTTAAGCAGCTTATCGx-2,0.6235247827969274
GTTCGGGGTGCAACGAx-2,0.4918176621306598
GTTCGGGCAAGGTTTCx-2,1.0
GTGTGCGGTCTGGAGAx-2,0.7391283502065717
TAAGAGAAGAACAATCx-2,0.7391283502065717
TAAACCGAGCGAGAAAx-2,0.740543897255785
GTTAAGCGTCTTTCATx-2,1.0
GTTCGGGTCTCCCTGAx-2,0.41762126893051404
GTTCGGGGTGTTCTTTx-2,1.0
GTTCATTAGTCCGGTCx-2,0.5496408320427421
GTTTCTAGTTCCACGGx-2,0.7391283502065717
TAAGAGACAAAGTGCGx-2,0.5496408320427421
TAAACCGCACGGCTACx-2,0.7391283502065717
TAAGAGAGTGAGGGTTx-2,0.767903467779237
GTTACAGCACTGTCGGx-2,0.5496408320427421
GTTTCTATCTGCTTGCx-2,0.784983820696903
GTTAAGCTCTGCTGTCx-2,1.0
GTTCATTAGATTACCCx-2,0.95771494342202
TAAACCGGTGGACGATx-2,0.5496408320427421
GTTCGGGTCTCGTTTAx-2,0.767903467779237
GTTACAGAGCATGGCAx-2,0.767903467779237
GTTCTCGGTCTAAAGAx-2,0.5988967992121988
GTTAAGCTCCGAAGAGx-2,0.767903467779237
GTGTTAGAGTAGGCCAx-2,0.7391283502065717
GTTCATTTCAAGAAGTx-2,0.9718099622813466
GTTCGGGAGGGTATCGx-2,0.7391283502065717
GTTCATTTCCTGCAGGx-2,0.6235247827969274
GTTTCTACAATCCGATx-2,0.5496408320427421
GTTACAGGTTGATTCGx-2,0.49498813900759076
GTGTGCGCATCCTAGAx-2,0.7391283502065717
GTTCTCGGTTGCTCCTx-2,0.767903467779237
GTTCTCGTCTCCCTGAx-2,0.5496408320427421
GTTCTCGGTTCCACAAx-2,0.7412516707803916
GTGTGCGTCGTTTGCCx-2,0.7391283502065717
GTTTCTAGTTAAGACAx-2,0.5742688156274705
GTTACAGGTATCACCAx-2,0.6235247827969274
TAAACCGCACGCTTTCx-2,0.7391283502065717
TAAGAGACATTCCTGCx-2,0.7391283502065717
GTGTTAGGTTACGCGCx-2,0.5496408320427421
GTGTGCGGTGGCCCTAx-2,0.7391283502065717
GTTCGGGGTCAACATCx-2,0.7197772394518004
TAAACCGTCGGTCCGAx-2,0.767903467779237
GTTCTCGGTAGCCTCGx-2,0.7398361237311784
GTGTGCGGTCTCGTTCx-2,0.439521575246669
GTGTGCGGTTAAAGTGx-2,0.5496408320427421
GTTCATTCACCCATGGx-2,0.6235247827969274
GTGTTAGTCCAGGGCTx-2,0.7398361237311784
GTTCATTCACGTCTCTx-2,0.7391283502065717
TAAACCGGTTACTGACx-2,0.7391283502065717
GTTACAGTCTATGTGGx-2,0.767903467779237
TAAGCGTAGAAAGTGGx-2,0.7391283502065717
GTGTGCGGTATTACCGx-2,0.6581070012304809
GTTTCTAAGCTGAAATx-2,0.5496408320427421
GTTCGGGGTCGTCTTCx-2,0.9859049811406733
GTTCGGGAGTGTTGAAx-2,0.5473238282420231
TAAACCGAGTGCCATTx-2,0.5742688156274705
GTTAAGCAGGCGACATx-2,0.740543897255785
GTTCTCGTCGGCGCATx-2,0.767903467779237
GTTACAGCAGTATAAGx-2,0.8275011138535944
GTGTGCGCATCACAACx-2,0.5496408320427421
GTGTTAGCATGGTAGGx-2,0.8944444515410923
TAAGCGTCAAACGTGGx-2,0.6235247827969274
TAAACCGAGAGGACGGx-2,0.41762126893051404
GTTACAGTCCGATATGx-2,0.7391283502065717
GTTTCTACATGCATGTx-2,0.8848527456835372
GTTTCTATCGAATGGGx-2,0.95771494342202
GTTTCTAAGTGTACCTx-2,0.9718099622813466
GTTCATTCAAGTCTGTx-2,0.5496408320427421
GTGTTAGCATTTGCCCx-2,0.6235247827969274
GTTTCTACAATGGTCTx-2,0.767903467779237
GTTACAGCAAGTACCTx-2,0.95771494342202
GTGTTAGCACTAAGTCx-2,0.7391283502065717
GTTACAGCATGGGACAx-2,0.95771494342202
GTTTCTAGTGGTACAGx-2,0.767903467779237
TAAACCGCATAGGATAx-2,0.6235247827969274
GTTTCTAGTTCGGCACx-2,0.95771494342202
TAAGAGAGTAAGGATTx-2,0.5496408320427421
GTGTGCGCAGGTGCCTx-2,0.6235247827969274
TAAGAGATCTGCGTAAx-2,0.5496408320427421
GTTTCTACAGCGTCCAx-2,0.767903467779237
TACACGACAAAGGTGCx-2,0.7391283502065717
TACACGAGTCGCATATx-2,0.95771494342202
TACTCGCGTACATCCAx-2,0.9859049811406733
TACTCATAGATCACGGx-2,0.95771494342202
TACACGACAATCCAACx-2,0.5496408320427421
TACTTGTCAAGACGTGx-2,0.5496408320427421
TACTCGCGTCGCGAAAx-2,0.95771494342202
TACGGGCAGCGTGAGTx-2,0.95771494342202
TACTCGCAGGATGCGTx-2,0.5496408320427421
TACAGTGAGCCCAGCTx-2,0.6235247827969274
TACCTATGTTGCGCACx-2,0.767903467779237
TACGGGCCAAAGAATCx-2,0.767903467779237
TACTCATAGACTAGATx-2,0.8452689785194913
TAAGTGCCACTGTGTAx-2,1.0
TACTCGCTCTACTTACx-2,0.784983820696903
TACCTTAAGTAGTGCGx-2,0.5496408320427421
TACGGATGTTGTTTGGx-2,0.5496408320427421
TACAGTGCACCTCGGAx-2,0.767903467779237
TACTCATAGAGGGATAx-2,0.6471167558944465
TAAGTGCAGAAGGCCTx-2,0.95771494342202
TACCTATCAGTCGTGCx-2,0.767903467779237
TACACGAAGTATTGGAx-2,0.9718099622813466
TACGGTAGTCTAGGTTx-2,0.6235247827969274
TAAGTGCAGATGTTAGx-2,0.5496408320427421
TACAGTGAGCGTTGCCx-2,0.95771494342202
TACGGTAAGACAATACx-2,0.767903467779237
TACGGATCACCGGAAAx-2,0.767903467779237
TACCTATTCAAAGTAGx-2,0.5496408320427421
TACGGATAGGCCGAATx-2,0.767903467779237
TACTTACGTTTGGCGCx-2,0.767903467779237
TACACGATCATTTGGGx-2,0.767903467779237
TACACGACAATGTTGCx-2,1.0
TACCTATTCCAAACACx-2,0.95771494342202
TACGGGCAGGCTAGGTx-2,0.6716510111243639
TACCTTACATTCTCATx-2,0.5496408320427421
TACACGACATCCAACAx-2,0.767903467779237
TACACGAGTATCACCAx-2,0.6997605546951613
TAAGCGTGTGACTCATx-2,0.7830477313327281
TACGGGCTCCGAACGCx-2,0.6235247827969274
TAAGCGTTCATGCAACx-2,0.7391283502065717
TACTCATGTCAGAATAx-2,0.9718099622813466
TACGGGCCATTACGACx-2,0.7391283502065717
TACTCATGTGAACCTTx-2,0.95771494342202
TAAGCGTCAGTAAGCGx-2,0.8311739596601646
TACTTGTCACACATGTx-2,0.95771494342202
TACTCGCCAGGGTATGx-2,0.5496408320427421
TACCTATCACCACCAGx-2,0.767903467779237
TACCTATAGGGCATGTx-2,0.767903467779237
TACGGATGTTTAGGAAx-2,0.5496408320427421
TACGGTAGTAAATACGx-2,0.6235247827969274
TACGGTACACCCATTCx-2,0.9718099622813465
TACCTATAGACACTAAx-2,0.767903467779237
TACGGGCCAATGGAATx-2,0.7391283502065717
TACTCGCCAGCTCGACx-2,0.8311739596601646
TACGGGCCAGATGGGTx-2,0.95771494342202
TACGGGCTCACTTCATx-2,0.5496408320427421
TACTTGTCAAGCCGTCx-2,0.767903467779237
TACACGACAGCTTCGGx-2,1.0
TACCTTATCGCCAAATx-2,0.6997605546951613
TACTCGCTCCGTAGTAx-2,1.0
TACTTACCAGACAGGTx-2,0.7412516707803916
TACGGTAAGTCGAGTGx-2,0.8311739596601646
TACTCATGTAGCGTCCx-2,0.767903467779237
TACAGTGGTTTGTTGGx-2,1.0
TACGGGCTCGGATGGAx-2,0.5496408320427421
TACCTATAGCCACGTCx-2,0.6235247827969274
TACGGTAGTTGATTGCx-2,0.5496408320427421
TACTCGCTCTGGGCCAx-2,0.9718099622813466
TACGGGCTCCGTCATCx-2,0.95771494342202
TACACGATCACTATTCx-2,0.7391283502065717
TACGGATGTAGTAGTAx-2,0.95771494342202
TACAGTGTCTGCGTAAx-2,0.5988967992121988
TACCTATTCATCTGCCx-2,0.6584428369350477
TACTTACAGCTAAGATx-2,0.9718099622813465
TACCTATGTAGCTCCGx-2,0.95771494342202
TACACGAAGCAGGTCAx-2,0.3101463814497511
TACGGATGTTGGTGGAx-2,0.95771494342202
TACTCATAGAGATGAGx-2,0.5496408320427421
TAAGTGCAGGTACTCTx-2,0.767903467779237
TACTCATTCTGGAGCCx-2,0.5496408320427421
TAAGTGCGTTTGGCGCx-2,0.7398361237311784
TAAGTGCTCATAGCACx-2,0.7391283502065717
TACCTATTCGGCGCATx-2,0.5496408320427421
TACCTTAGTATAGGGCx-2,0.9085394704004189
TACCTATCACATCCGGx-2,1.0
TACGGTACACATTAGCx-2,0.7391283502065717
TAAGTGCGTGGCGAATx-2,0.5742688156274705
TACCTATCATACGCTAx-2,0.767903467779237
TACTCATGTATTCGTGx-2,0.7349215030052916
TACGGTATCGCGCCAAx-2,0.8311739596601646
TAAGCGTTCGATAGAAx-2,0.8267933403289878
TACAGTGTCAGCCTAAx-2,0.767903467779237
TACTCGCCATCCTAGAx-2,1.0
TACTCATTCTGATACGx-2,0.8944444515410923
TACTCGCCAAATACAGx-2,0.9085394704004189
TAAGCGTGTCAAACTCx-2,0.95771494342202
TAAGTGCCATGTTGACx-2,1.0
TACGGTATCTGGTATGx-2,0.6235247827969274
TAGACCAGTGAAATCAx-2,0.767903467779237
TAGTTGGTCACTTACTx-2,0.95771494342202
TACTTGTTCCAAGTACx-2,0.7349215030052916
TATCAGGAGACGCAACx-2,1.0
TATCAGGAGCAGCCTCx-2,0.7391283502065717
TAGGCATCAGCCAATTx-2,0.7391283502065717
TAGTGGTCATCCGTGGx-2,0.6235247827969274
TAGACCACACAGGCCTx-2,0.767903467779237
TATCTCAGTACCAGTTx-2,0.767903467779237
TAGGCATTCAAAGTAGx-2,0.767903467779237
TAGTTGGAGGGAGTAAx-2,0.5496408320427421
TCAACGACAAACGCGAx-2,0.5749623316805703
TACTTGTGTCAGAATAx-2,0.9859049811406733
TATCTCACACCACGTGx-2,0.7391283502065717
TATCTCAGTGTTGGGAx-2,0.767903467779237
TATGCCCCAGCGAACAx-2,1.0
TATTACCGTGTTTGTGx-2,0.767903467779237
TAGTGGTAGGCGATACx-2,0.6235247827969274
TATGCCCCAAGTTCTGx-2,0.6235247827969274
TATCAGGCAGTCCTTCx-2,0.8260855668043812
TAGGCATCACCCATGGx-2,0.767903467779237
TAGTGGTGTCGAACAGx-2,0.5473238282420231
TAGACCAGTAGCGATGx-2,0.7197772394518004
TAGAGCTTCCTAGTGAx-2,0.6235247827969274
TAGGCATTCTGATACGx-2,0.95771494342202
TATCAGGAGCGGCTTCx-2,0.6235247827969274
TATTACCGTCAATGTCx-2,0.6235247827969274
TATCAGGAGGAACTGCx-2,0.6235247827969274
TAGAGCTGTATGCTTGx-2,0.39492191913221475
TATTACCCACCGATATx-2,0.767903467779237
TATGCCCGTGGACGATx-2,0.95771494342202
TATGCCCGTTCGGCACx-2,0.8944444515410923
TAGGCATTCGCATGGCx-2,0.8311739596601646
TATGCCCGTTATCACGx-2,0.7487200560641268
TAGTTGGAGTTTAGGAx-2,0.5496408320427421
TAGTGGTAGCTGTCTAx-2,0.6566914541812677
TAGAGCTCATAGAAACx-2,0.8944444515410923
TATCAGGTCTGATTCTx-2,0.6584428369350477
TACTTGTCACGAAATAx-2,0.6235247827969274
TAGTTGGTCAGGTAAAx-2,0.8944444515410923
TAGTTGGCATATGAGAx-2,1.0
TAGCCGGGTAAGGATTx-2,1.0
TAGGCATCAAGCGCTCx-2,0.767903467779237
TAGGCATTCCATGCTCx-2,0.6235247827969274
TCAACGACACCCATGGx-2,0.5496408320427421
TAGTGGTGTTGCTCCTx-2,0.5473238282420231
TAGTGGTGTGGGTATGx-2,0.7398361237311784
TAGTGGTGTAGCGTAGx-2,1.0
TATTACCAGATATGGTx-2,0.767903467779237
TATCAGGCAGCCTGTGx-2,0.95771494342202
TATCAGGGTCGACTATx-2,0.5496408320427421
TAGAGCTCAGTCAGCCx-2,0.7391283502065717
TAGAGCTAGGGCTTCCx-2,0.5496408320427421
TATTACCAGGTTACCTx-2,0.767903467779237
TAGCCGGGTAAATGTGx-2,0.767903467779237
TAGGCATGTAAAGGAGx-2,0.4403354459724395
TATCAGGAGAGGTAGAx-2,0.5742688156274705
TAGAGCTCACGAGGTAx-2,0.4711228736871189
TAGCCGGCAGCCACCAx-2,0.5496408320427421
TATCTCATCGGTGTTAx-2,0.7197772394518004
TAGCCGGGTAGTAGTAx-2,1.0
TAGACCAAGCTCAACTx-2,0.7391283502065717
TAGTGGTTCACTATTCx-2,0.95771494342202
TCAACGACAACGATCTx-2,0.95771494342202
TATTACCAGGAGTCTGx-2,0.767903467779237
TAGCCGGGTCTCCACTx-2,0.9718099622813466
TAGTTGGTCAACTCTTx-2,0.6235247827969274
TCAACGACAAGGTGTGx-2,0.9859049811406733
TCAACGACAGTCCTTCx-2,0.95771494342202
TATCAGGCACGGTAGAx-2,0.5742688156274705
TAGTGGTTCGTAGGTTx-2,0.7391283502065717
TATTACCCAGCTCGACx-2,0.6235247827969274
TAGAGCTTCCTCTAGCx-2,0.6235247827969274
TATGCCCGTACCGCTGx-2,1.0
TAGTTGGGTAGCGATGx-2,0.5742545581559637
TAGCCGGTCTGTACGAx-2,0.8311739596601646
TATCTCATCTCGCATCx-2,1.0
TAGCCGGAGTGCTGCCx-2,0.6235247827969274
TATCAGGGTTATCGGTx-2,0.6235247827969274
TATTACCGTCTCCCTAx-2,0.7391283502065717
TAGCCGGGTAACGACGx-2,0.767903467779237
TATCAGGAGCGTCAAGx-2,0.6235247827969274
TACTTGTCATGTAGTCx-2,0.6716510111243639
TAGACCAGTCATACTGx-2,0.6235247827969274
TAGACCATCCGCAGTGx-2,0.7391283502065717
TAGGCATAGGAATGGAx-2,0.9718099622813466
TAGAGCTCATGGGACAx-2,0.5496408320427421
TATGCCCAGTTGAGTAx-2,0.95771494342202
TATTACCAGGACATTAx-2,0.7398361237311784
TAGTGGTGTCTAGCCGx-2,0.6235247827969274
TAGACCAGTGACGGTAx-2,0.9718099622813465
TATCTCAGTTGGTAAAx-2,0.5496408320427421
TCAACGACAGCGAACAx-2,1.0
TAGAGCTAGCCCAATTx-2,0.7412516707803916
TATGCCCAGAATGTGTx-2,0.8989477645428638
TAGTGGTGTGCAGACAx-2,0.7391283502065717
TATGCCCAGGCTCATTx-2,1.0
TCATTACAGGGATACCx-2,0.767903467779237
TCAGCAACAAACGCGAx-2,0.6235247827969274
TCAGGTAAGTGTTAGAx-2,0.95771494342202
TCAGATGGTTATGTGCx-2,0.5496408320427421
TCAGCAAGTTGCGCACx-2,0.767903467779237
TCACGAATCCTCAACCx-2,1.0
TCAGGATTCAGCACATx-2,0.5496408320427421
TCATTACTCATTTGGGx-2,0.95771494342202
TCAACGATCGCCAGCAx-2,1.0
TCCACACCATTCCTGCx-2,0.6584428369350477
TCACAAGCATGGTCATx-2,0.6235247827969274
TCAGCAAGTCATCCCTx-2,0.767903467779237
TCCACACAGCTGCCCAx-2,0.3353251719455968
TCAGCTCGTTTGTTTCx-2,0.95771494342202
TCAATCTGTTGATTGCx-2,0.7398361237311784
TCATTACAGGGCTTCCx-2,0.95771494342202
TCAATCTTCTGATACGx-2,0.5496408320427421
TCACGAATCCAGGGCTx-2,0.95771494342202
TCAATCTTCCGAAGAGx-2,0.95771494342202
TCAGCTCGTACGACCCx-2,0.767903467779237
TCAGATGCAACGATCTx-2,0.7398361237311784
TCAGGATCACCGCTAGx-2,0.767903467779237
TCAGGATCATTCTTACx-2,0.9718099622813465
TCACAAGTCGAGCCCAx-2,0.6235247827969274
TCACAAGGTTCTGTTTx-2,0.6235247827969274
TCCACACCACATGGGAx-2,0.9718099622813466
TCATTACCAGACGCTCx-2,0.7436486707790771
TCAGCTCGTTTAAGCCx-2,0.6235247827969274
TCAGGTATCCAGGGCTx-2,0.7391283502065717
TCAGATGGTCCTCTTGx-2,0.5496408320427421
TCAGGTAAGGGAACGGx-2,0.8311739596601646
TCACAAGAGTATTGGAx-2,0.9718099622813466
TCACGAACAAGAAAGGx-2,0.7412516707803916
TCATTTGCAGGACCCTx-2,0.7391283502065717
TCACAAGAGCTCCTTCx-2,0.7391283502065717
TCAGCTCGTATTCTCTx-2,0.7391283502065717
TCAGCAAGTCTCCACTx-2,0.8848527456835372
TCAGCTCAGGCCCGTTx-2,0.95771494342202
TCAGGTAAGCTAAGATx-2,0.6235247827969274
TCAATCTTCGCAAACTx-2,0.9718099622813466
TCCACACCAACACCTAx-2,0.95771494342202
TCAATCTTCACTTATCx-2,0.41762126893051404
TCCACACTCAAGGCTTx-2,0.95771494342202
TCAACGATCCAATGGTx-2,0.95771494342202
TCACGAACAGCGTAAGx-2,0.6235247827969274
TCACAAGCAATGAATGx-2,0.95771494342202
TCAACGATCGGCTACGx-2,0.5496408320427421
TCATTACTCTTGCATTx-2,0.6235247827969274
TCAGCTCAGCTCTCGGx-2,0.7349215030052916
TCACAAGAGCCACGTCx-2,0.95771494342202
TCACGAACATTTCACTx-2,0.9718099622813466
TCAGCAACAGTGGGATx-2,0.95771494342202
TCAGGATAGGTGATATx-2,0.4918176621306598
TCAGCAATCTCGTTTAx-2,0.7391283502065717
TCAGCAATCTGCGTAAx-2,0.95771494342202
TCAATCTAGTCCGTATx-2,0.767903467779237
TCACGAACAGCTGCACx-2,0.767903467779237
TCAGCTCCAAGGTTCTx-2,0.5496408320427421
TCAGATGCAAGACACGx-2,0.6235247827969274
TCAGGATAGCGGATCAx-2,0.767903467779237
TCAGATGGTACAGCAGx-2,0.4918176621306598
TCAGGTAAGCTAACAAx-2,0.6235247827969274
TCACGAAAGGCATGGTx-2,0.767903467779237
TCAGCTCCAGATCCATx-2,0.740543897255785
TCACGAAGTTTGCATGx-2,0.8311739596601646
TCAGATGGTCGGATCCx-2,0.767903467779237
TCCACACAGTGGTAGCx-2,0.4918176621306598
TCAGATGAGCCACCTGx-2,0.7391283502065717
TCAGCAAGTGACGGTAx-2,0.95771494342202
TCAGGTAGTCCTCTTGx-2,0.95771494342202
TCAATCTTCCAGTATGx-2,0.767903467779237
TCACAAGAGGGTTTCTx-2,0.5496408320427421
TCAGATGTCATATCGGx-2,0.7391283502065717
TCACAAGCATAGGATAx-2,1.0
TCACAAGTCAAGATCCx-2,0.8944444515410923
TCATTTGTCCGCAAGCx-2,0.767903467779237
TCAGGTAAGATCTGAAx-2,0.767903467779237
TCAGGATTCAGCTCTCx-2,0.6235247827969274
TCAGGTACACGGCGTTx-2,0.41762126893051404
TCATTTGTCTTCGGTCx-2,0.767903467779237
TCACAAGTCCACGAATx-2,0.4918176621306598
TCCACACGTAATAGCAx-2,0.7391283502065717
TCAGCTCTCAATCACGx-2,0.7391283502065717
TCAGATGCACACCGCAx-2,0.767903467779237
TCAGATGCATGACGGAx-2,0.7391283502065717
TCAATCTTCATTCACTx-2,0.6235247827969274
TCAGCAAAGGCTATCTx-2,0.5742545581559637
TCACAAGTCCAGTAGTx-2,0.767903467779237
TCATTTGAGAGATGAGx-2,0.95771494342202
TCAATCTGTACCATCAx-2,0.95771494342202
TCAGGATCAAGCGTAGx-2,0.4918176621306598
TCACAAGCAGCCTTGGx-2,0.6235247827969274
TCACGAATCGAATGGGx-2,0.7391283502065717
TCCACACGTTAAAGACx-2,0.5496408320427421
TCACGAAAGTCTCCTCx-2,0.95771494342202
TCAGCAACAGACAGGTx-2,1.0
TCAGCTCTCAGATAAGx-2,0.7391283502065717
TCATTACTCTGCGTAAx-2,0.5749623316805703
TCGCGTTGTGCAGTAGx-2,0.7398361237311784
TCGCGTTTCTAAGCCAx-2,0.7391283502065717
TCGGGACAGGGTATCGx-2,0.5496408320427421
TCTCATATCAAGAAGTx-2,0.7391283502065717
TCGAGGCCAAATCCGTx-2,0.5496408320427421
TCTCATAAGGTGGGTTx-2,0.6235247827969274
TCTCATACAACAACCTx-2,1.0
TCGTACCGTGGTTTCAx-2,0.7391283502065717
TCGGGACTCTTCATGTx-2,0.7391283502065717
TCTCATATCTACGAGTx-2,0.767903467779237
TCTCTAACAGACAGGTx-2,0.767903467779237
TCGCGTTCAAGAGTCGx-2,0.8944444515410923
TCTCTAACAATGGATAx-2,0.5988967992121988
TCGTACCCACCAACCGx-2,0.8848527456835372
TCGGGACAGACAGGCTx-2,0.6235247827969274
TCTCTAAGTCAAAGCGx-2,0.767903467779237
TCGGTAAGTTACTGACx-2,0.6235247827969274
TCTATTGTCGTATCAGx-2,0.5496408320427421
TCGTAGATCCTGCCATx-2,0.6235247827969274
TCGGTAATCGGTTAACx-2,0.767903467779237
TCCCGATGTTCGAATCx-2,0.6235247827969274
TCGGTAAGTAAATACGx-2,0.8944444515410923
TCGCGAGAGTCCCACGx-2,0.6235247827969274
TCGTAGACATTCTTACx-2,0.7391283502065717
TCTCTAACAGAAGCACx-2,0.767903467779237
TCCCGATGTCTTGTCCx-2,0.6584428369350477
TCCCGATCAGACACTTx-2,0.6235247827969274
TCCCGATCACCAGATTx-2,0.6235247827969274
TCGAGGCGTTCGCTAAx-2,0.6235247827969274
TCGGGACTCGCCATAAx-2,0.95771494342202
TCCCGATGTGCTAGCCx-2,0.38568275293728826
TCCCGATTCGTCTGAAx-2,0.7391283502065717
TCGAGGCAGCAATCTCx-2,0.8311739596601646
TCTATTGAGAATCTCCx-2,0.767903467779237
TCGGTAACACCTCGGAx-2,0.4918176621306598
TCTCTAACATCTACGAx-2,0.5742688156274705
TCGAGGCCATGTTCCCx-2,0.7391283502065717
TCGTAGATCTCGCTTGx-2,0.6235247827969274
TCGCGTTTCGCCATAAx-2,0.5496408320427421
TCCCGATCACACGCTGx-2,1.0
TCGAGGCAGTTACGGGx-2,0.7391283502065717
TCGTAGACACGGCTACx-2,1.0
TCGAGGCCAACTGCGCx-2,0.767903467779237
TCGGGACAGTAATCCCx-2,0.6235247827969274
TCGAGGCTCGAGCCCAx-2,0.95771494342202
TCGTAGAGTCACTTCCx-2,0.49498813900759076
TCGAGGCAGTAGATGTx-2,0.6235247827969274
TCGTAGATCTTACCGCx-2,0.7391283502065717
TCGGGACTCGCTAGCGx-2,0.5742688156274705
TCGTACCCACTGCCAGx-2,0.6235247827969274
TCGGGACCATTGTGCAx-2,0.95771494342202
TCGAGGCGTCCGTCAGx-2,0.5496408320427421
TCTATTGGTCAACTGTx-2,0.8311739596601646
TCTCTAACATGGTCATx-2,0.6235247827969274
TCGCGTTCACCGCTAGx-2,0.5496408320427421
TCGTAGAGTAGGGACTx-2,0.8311739596601646
TCTATTGGTCTCTTTAx-2,0.95771494342202
TCTCATACATGCGCACx-2,0.5496408320427421
TCGCGTTAGTTGCAGGx-2,0.95771494342202
TCGCGAGAGTGCAAGCx-2,0.95771494342202
TCGTAGACAGGCAGTAx-2,0.95771494342202
TCTATTGGTTCCGGCAx-2,0.5496408320427421
TCGGTAAGTAACGCGAx-2,1.0
TCGGGACAGATACACAx-2,0.5496408320427421
TCTATTGAGTTAGCGGx-2,0.4918176621306598
TCGAGGCGTTATGCGTx-2,1.0
TCCCGATAGTAGCGGTx-2,0.6235247827969274
TCGAGGCGTAAGAGAGx-2,0.7412516707803916
TCGAGGCTCCGTACAAx-2,0.7391283502065717
TCGGGACGTCAAGCGAx-2,0.5496408320427421
TCCACACTCGGAATCTx-2,0.7391283502065717
TCTCATAGTCTCCACTx-2,0.8452689785194913
TCGTAGATCAGCTGGCx-2,0.9718099622813465
TCGCGAGCAATCGGTTx-2,0.95771494342202
TCGGGACGTCGAACAGx-2,0.5496408320427421
TCTCTAAAGCGCCTTGx-2,0.6235247827969274
TCGTACCAGTGACTCTx-2,0.7391283502065717
TCGTAGACAAATTGCCx-2,1.0
TCGCGTTCATCGATTGx-2,0.95771494342202
TCGCGAGTCCTACAGAx-2,0.6716510111243639
TCCCGATGTCTAGTGTx-2,0.9859049811406733
TCGGTAAAGACCCACCx-2,0.9718099622813466
TCGAGGCCATTCCTCGx-2,0.95771494342202
TCTCATACACAACTGTx-2,0.5496408320427421
TCGTAGAAGAAGGTGAx-2,0.5496408320427421
TCTATTGTCGTTTGCCx-2,0.6235247827969274
TCGGGACTCAGAGACGx-2,0.8311739596601646
TCTATTGTCGACGGAAx-2,0.5742688156274705
TCGTAGATCCTATTCAx-2,0.7391283502065717
TCCCGATTCAACGCTAx-2,0.767903467779237
TCCCGATCATCCTTGCx-2,0.8463182232136558
TCGAGGCTCTCCTATAx-2,0.7391283502065717
TCGTACCCAATCACACx-2,0.767903467779237
TCGAGGCAGCGAAGGGx-2,0.39492191913221475
TCCCGATCAGGTGGATx-2,0.8944444515410923
TCCACACTCTCATTCAx-2,0.6235247827969274
TCTCTAATCGCCCTTAx-2,0.6235247827969274
TGACTTTCAGTGAGTGx-2,0.6235247827969274
TGAGCATAGTGCGATGx-2,0.7398361237311784
TCTGAGAAGCACGCCTx-2,0.6235247827969274
TGAAAGAGTAACGTTCx-2,0.767903467779237
TGACTTTAGGCAATTAx-2,0.5496408320427421
TGACGGCGTTGATTCGx-2,0.767903467779237
TGACTAGGTCTAGAGGx-2,0.4918176621306598
TGACTAGTCTCACATTx-2,1.0
TCTGAGACAGACGCAAx-2,0.95771494342202
TCTGAGATCGTACGGCx-2,1.0
TGAGCATCACATTCGAx-2,0.5496408320427421
TCTTCGGTCCAAGCCGx-2,0.39492191913221475
TCTTTCCGTCCGAACCx-2,0.7391283502065717
TGACTTTAGCTAGTGGx-2,0.6235247827969274
TGACTTTAGATATACGx-2,0.9718099622813466
TGACAACCAAGCTGTTx-2,0.874508260932309
TCTGAGATCTACGAGTx-2,0.4918176621306598
TCTTTCCAGCGTCTATx-2,0.6235247827969274
TGAAAGACAGTACACTx-2,0.767903467779237
TCTGGAATCAGTGCATx-2,0.95771494342202
TGAGAGGAGACAAAGGx-2,0.767903467779237
TGAAAGAGTACAGTGGx-2,0.7391283502065717
TGACTAGTCTTGCAAGx-2,0.8989477645428638
TGACTAGTCTATCCTAx-2,0.5496408320427421
TGAGCATCAGTCTTCCx-2,0.95771494342202
TGACTTTCATATACGCx-2,0.767903467779237
TCTTTCCCACGTCAGCx-2,0.767903467779237
TCTTTCCAGGTGTGGTx-2,0.95771494342202
TGAGAGGTCGCCAGCAx-2,0.7391283502065717
TCTGGAACACGAAAGCx-2,0.7391283502065717
TGACTAGCATCACAACx-2,0.6235247827969274
TGACGGCTCCTCCTAGx-2,0.9130427834021906
TCTTCGGGTTGACGTTx-2,0.8131738584155563
TGACAACCAGTAAGATx-2,0.7391283502065717
TCTTCGGAGATCGGGTx-2,0.6235247827969274
TGACAACAGCCACTATx-2,0.7391283502065717
TGACTAGAGGTGACCAx-2,0.767903467779237
TGACAACGTCCTCTTGx-2,0.5496408320427421
TGAAAGAGTGACTACTx-2,0.6584428369350477
TCTGAGATCCACTCCAx-2,0.95771494342202
TGAGCATCAAGAGGCTx-2,0.7391283502065717
TCTTTCCGTCTCTTTAx-2,0.95771494342202
TGAGAGGAGATATACGx-2,1.0
TCTGGAAAGCGAGAAAx-2,0.767903467779237
TGAAAGAAGAGACTTAx-2,0.6235247827969274
TGACTTTCAGACGCAAx-2,0.7391283502065717
TCTGGAAGTCCCTTGTx-2,0.95771494342202
TGACAACAGCTCTCGGx-2,0.767903467779237
TGACTAGGTCAGCTATx-2,0.767903467779237
TCTTTCCCAAAGTGCGx-2,0.95771494342202
TGAGCATCACAGTCGCx-2,0.7349215030052916
TCTTTCCCACCTCGGAx-2,0.6235247827969274
TGAGAGGTCGACAGCCx-2,0.5496408320427421
TCTTCGGGTTCGTCTCx-2,0.6235247827969274
TCTTTCCGTCTTCGTCx-2,0.767903467779237
TCTTCGGAGGCAAAGAx-2,0.9226344892597457
TCTTTCCCAGGCTGAAx-2,0.6716510111243639
TCTGAGAAGACTACAAx-2,0.6235247827969274
TCTTTCCGTGCCTGCAx-2,0.5496408320427421
TGACTAGCAGGACCCTx-2,0.95771494342202
TCTTTCCGTTGGTTTGx-2,0.38568275293728826
TGACTTTAGATCTGCTx-2,0.9130427834021906
TGAGAGGCAATGACCTx-2,0.5742545581559637
TGAGAGGGTCTCGTTCx-2,0.8944444515410923
TCTTTCCAGTGCTGCCx-2,0.9718099622813466
TGACAACAGAGCTATAx-2,0.5496408320427421
TGACAACGTCACCCAGx-2,0.7391283502065717
TGACAACGTAGCCTCGx-2,0.5496408320427421
TCTGGAAAGTTAGCGGx-2,0.6235247827969274
TGAGCATCAGTATGCTx-2,0.767903467779237
TGACTAGTCAATCTCTx-2,0.7349215030052916
TGACAACAGGGCACTAx-2,0.6235247827969274
TGAGAGGTCACGCGGTx-2,0.7197772394518004
TGACAACAGGGAGTAAx-2,0.6235247827969274
TGAAAGATCCTGTACCx-2,0.5496408320427421
TCTGAGAAGGCTCTTAx-2,0.6235247827969274
TGACGGCTCTTCGGTCx-2,0.5496408320427421
TCTTCGGGTCTGCAATx-2,0.5496408320427421
TCTTTCCTCGTTACAGx-2,0.9859049811406733
TCTGAGAGTCTCATCCx-2,0.767903467779237
TCTTTCCAGCACCGCTx-2,1.0
TCTTCGGAGCTGGAACx-2,0.7391283502065717
TCTGGAAAGACTGTAAx-2,0.6235247827969274
TCTTCGGCACCCATTCx-2,1.0
TGAAAGAAGCACCGCTx-2,0.767903467779237
TGACGGCCATGACGGAx-2,0.5496408320427421
TCTCTAAGTGACGCCTx-2,0.7391283502065717
TCTGGAAAGGCGCTCTx-2,0.5496408320427421
TGAGCATAGACTTGAAx-2,0.95771494342202
TCTTCGGTCCACTGGGx-2,0.7391283502065717
TGACTTTGTTAGAACAx-2,0.95771494342202
TGACTAGTCCAATGGTx-2,0.5742688156274705
TCTGAGATCGCAGGCTx-2,1.0
TGACGGCGTCTTGTCCx-2,0.95771494342202
TCTTCGGAGTCCTCCTx-2,0.9718099622813466
TGACTAGGTTTAAGCCx-2,0.5496408320427421
TGAGCATGTCTCATCCx-2,0.767903467779237
TGCCCATAGCCACGTCx-2,0.9226344892597457
TGCCCTAAGTGGTCCCx-2,0.95771494342202
TGAGCATGTCACTGGCx-2,0.767903467779237
TGCCCTACAGCTTCGGx-2,0.95771494342202
TGCACCTGTATGAAACx-2,0.767903467779237
TGCGCAGCATGGATGGx-2,0.8452689785194913
TGCCAAAAGCTTTGGTx-2,0.6235247827969274
TGAGCCGCAGCCAATTx-2,0.95771494342202
TGCCCTACAAGAAGAGx-2,0.767903467779237
TGCCCTAAGCTACCGCx-2,0.7391283502065717
TGCCCTACACCGAAAGx-2,0.7391283502065717
TGATTTCAGGCAATTAx-2,0.95771494342202
TGATTTCGTCCTAGCGx-2,0.95771494342202
TGCCCATAGGACGAAAx-2,0.6235247827969274
TGCCCATGTTCGGCACx-2,0.5442441061770477
TGCGCAGTCGCTGATAx-2,0.5496408320427421
TGCGTGGAGGTAGCCAx-2,1.0
TGAGGGATCGATGAGGx-2,0.767903467779237
TGAGCATTCACCCGAGx-2,1.0
TGCCAAATCTGAGGGAx-2,1.0
TGAGCCGCATATGGTCx-2,0.767903467779237
TGCGGGTTCAGCCTAAx-2,0.767903467779237
TGCGTGGAGTAGGTGCx-2,0.6235247827969274
TGCCCATAGATATACGx-2,0.8311739596601646
TGCGTGGAGATATACGx-2,0.767903467779237
TGCGTGGAGTGTCCATx-2,0.7391283502065717
TGCCCTAGTCGGATCCx-2,0.5496408320427421
TGCGGGTAGAGGTTATx-2,0.5496408320427421
TGCGCAGTCCAGAGGAx-2,0.6235247827969274
TGCGGGTTCTGGTATGx-2,0.7391283502065717
TGATTTCAGGATATACx-2,0.5954500565694596
TGCCAAAGTGTAAGTAx-2,0.5988967992121988
TGCGCAGAGCGAAGGGx-2,0.7391283502065717
TGAGGGACAACACCCGx-2,0.5496408320427421
TGATTTCAGTGAAGAGx-2,0.45098161797018144
TGCCCTACATGATCCAx-2,0.767903467779237
TGCCCTATCAACCATGx-2,0.7391283502065717
TGCCAAAGTCCTAGCGx-2,0.7391283502065717
TGCCCATTCCAAAGTCx-2,0.7391283502065717
TGATTTCCATCCCATCx-2,0.9859049811406733
TGCCAAACATGGTCTAx-2,0.767903467779237
TGCCAAATCTCGATGAx-2,0.7391283502065717
TGCGCAGTCCTGTAGAx-2,0.5496408320427421
TGCCCTACAAAGAATCx-2,0.767903467779237
TGCGTGGAGGATGTATx-2,1.0
TGCCCATTCGTCACGGx-2,0.6235247827969274
TGAGGGACACTTACGAx-2,0.95771494342202
TGAGGGATCAATACCGx-2,0.767903467779237
TGATTTCTCGTCACGGx-2,0.7349215030052916
TGCGCAGTCATCATTCx-2,0.95771494342202
TGAGCCGAGTGACATAx-2,0.767903467779237
TGCCCATTCAGCTCTCx-2,1.0
TGCGGGTAGACAATACx-2,0.7391283502065717
TGCCAAAGTCCATGATx-2,0.767903467779237
TGCGCAGTCTCTTGATx-2,0.95771494342202
TGCCCTACATCCTTGCx-2,0.767903467779237
TGAGGGAGTCCTCCATx-2,0.7391283502065717
TGCCAAAGTCGACTGCx-2,0.6235247827969274
TGCGCAGAGCGTCTATx-2,0.6235247827969274
TGAGCCGCAGACGCCTx-2,0.7391283502065717
TGAGCCGTCGGATGTTx-2,0.767903467779237
TGCCCTAGTAGATTAGx-2,0.5742545581559637
TGAGGGACACCACGTGx-2,0.6566914541812677
TGCGCAGAGAGACTATx-2,0.5988967992121988
TGCCAAAGTGCACGAAx-2,0.6235247827969274
TGAGGGACAATCCGATx-2,0.6235247827969274
TGAGCCGGTGGGTCAAx-2,0.38568275293728826
TGCACCTCACCAGGCTx-2,0.5496408320427421
TGCCCATAGTCCATACx-2,1.0
TGCACCTCACCCAGTGx-2,0.9718099622813466
TGCGGGTGTCCGAGTCx-2,1.0
TGCGCAGAGCTCTCGGx-2,0.740543897255785
TGCCCTAGTTCACCTCx-2,0.5496408320427421
TGCGCAGAGATAGCATx-2,0.9718099622813466
TGAGCCGTCGGCGGTTx-2,0.6235247827969274
TGCCCATAGATGCCTTx-2,0.5496408320427421
TGCGGGTCAAGTTGTCx-2,0.767903467779237
TGAGCATTCTGAGGGAx-2,0.6235247827969274
TGAGGGAGTCGAAAGCx-2,0.6235247827969274
TGAGCCGAGTTAGGTAx-2,0.767903467779237
TGATTTCAGCCGGTAAx-2,0.6235247827969274
TGATTTCTCAGGTTCAx-2,0.9226344892597457
TGCCCATTCATCTGTTx-2,0.95771494342202
TGAGCATTCTGTCTATx-2,0.6235247827969274
TGAGCATGTCTGGAGAx-2,0.6235247827969274
TGAGCCGCAGTACACTx-2,0.8944444515410923
TGCCCATTCTACTTACx-2,0.95771494342202
TGCGTGGAGATATGCAx-2,0.7391283502065717
TGCCCATTCGCGTAGCx-2,0.7398361237311784
TGATTTCCATCGGTTAx-2,0.767903467779237
TGCCCTATCGCAGGCTx-2,0.6235247827969274
TGCCCATGTGATGTCTx-2,0.767903467779237
TGAGGGAAGTTACGGGx-2,0.9718099622813465
TGCCAAAAGGATGGTCx-2,0.5496408320427421
TGAGCCGTCTTGACGAx-2,0.9859049811406733
TGATTTCGTTAAGTAGx-2,0.8267933403289878
TGCCCTAAGGTCGGATx-2,0.7583117619216819
TGCCAAAAGCTTCGCGx-2,0.6235247827969274
TGATTTCAGTCCATACx-2,0.5496408320427421
TGTATTCTCCTAGAACx-2,0.7391283502065717
TGGGCGTGTGTATGGGx-2,0.6235247827969274
TGGCGCAGTAGGGTACx-2,0.7391283502065717
TGGGAAGCAACTTGACx-2,0.8944444515410923
TGGGCGTGTCCGACGTx-2,0.5496408320427421
TGGACGCGTCACCCAGx-2,0.95771494342202
TGGGCGTGTCTGATTGx-2,0.6235247827969274
TGGCTGGTCGTTTAGGx-2,0.6235247827969274
TGGACGCCATGGGAACx-2,1.0
TGCTACCAGTGGTAATx-2,0.767903467779237
TGGACGCAGTTCGCATx-2,1.0
TGTCCCACATCCGCGAx-2,0.9718099622813465
TGGTTCCCAGTAAGCGx-2,0.6235247827969274
TGGTTAGAGATCTGCTx-2,0.7398361237311784
TGGTTCCGTTCCCGAGx-2,1.0
TGGTTCCCACGGATAGx-2,0.767903467779237
TGGTTAGAGCTGCGAAx-2,0.767903467779237
TGGGCGTTCCCATTATx-2,1.0
TGCTACCGTCGACTATx-2,0.767903467779237
TGTCCCATCCAAACACx-2,0.9859049811406733
TGGACGCCAAACTGCTx-2,0.9226344892597457
TGGGAAGCACTGAAGGx-2,0.4918176621306598
TGCTGCTAGTCGTTTGx-2,0.4918176621306598
TGGACGCTCAGGATCTx-2,0.6258084202309993
TGGTTCCTCCTATTCAx-2,0.95771494342202
TGTGGTACAAACCCATx-2,0.95771494342202
TGGCGCAGTTCCGGCAx-2,0.7391283502065717
TGGGAAGAGGAGTCTGx-2,0.5988967992121988
TGGTTAGAGAGCCTAGx-2,0.6235247827969274
TGTCCCAAGAGTCGGTx-2,0.7391283502065717
TGGGAAGAGGAGTAGAx-2,0.7391283502065717
TGGCCAGTCCAGAAGGx-2,0.767903467779237
TGGGAAGAGTCGCCGTx-2,0.9718099622813466
TGGGAAGGTAGCCTCGx-2,0.767903467779237
TGGGAAGGTATGCTTGx-2,0.767903467779237
TGTGGTAAGGAATGGAx-2,0.6235247827969274
TGCGTGGGTCATGCATx-2,1.0
TGTCCCAAGCTAAACAx-2,0.7412516707803916
TGGCTGGAGTGTGGCAx-2,0.767903467779237
TGGCCAGTCTCCAACCx-2,0.7349215030052916
TGCTGCTAGTCAATAGx-2,0.767903467779237
TGGCTGGGTTTCGCTCx-2,0.767903467779237
TGCTACCGTCCGTCAGx-2,0.4918176621306598
TGGTTCCAGATGAGAGx-2,0.9130427834021906
TGCTGCTGTCTGATCAx-2,0.4918176621306598
TGTCCCAAGGCTAGGTx-2,0.7197772394518004
TGTCCCAGTGAGGGTTx-2,0.767903467779237
TGGTTAGGTCTTTCATx-2,0.7391283502065717
TGCTACCCATCCAACAx-2,0.740543897255785
TGGTTCCAGTCATGCTx-2,0.5496408320427421
TGGCGCACACTCTGTCx-2,0.767903467779237
TGCTGCTAGCTACCTAx-2,0.95771494342202
TGCTGCTTCAATAAGGx-2,0.6235247827969274
TGGCGCAAGGAGTTTAx-2,0.95771494342202
TGTCCCAGTTAAGACAx-2,0.7391283502065717
TGGTTCCAGTACACCTx-2,0.6716510111243639
TGGCGCACAGCTGGCTx-2,0.767903467779237
TGGGAAGGTCGCTTCTx-2,0.95771494342202
TGGCGCATCCCGGATGx-2,0.5496408320427421
TGGACGCGTAGCGTCCx-2,0.767903467779237
TGGACGCGTTAAGATGx-2,0.5496408320427421
TGGACGCTCACAATGCx-2,0.5496408320427421
TGTCCCATCAATCACGx-2,0.9859049811406733
TGGACGCAGTGTCTCAx-2,0.7391283502065717
TGGCTGGTCTACTCATx-2,0.8311739596601646
TGGTTCCTCAAGGTAAx-2,0.95771494342202
TGGTTCCAGTCTCGGCx-2,1.0
TGGGAAGAGCCCAACCx-2,0.767903467779237
TGGTTCCTCAAGAAGTx-2,0.9718099622813466
TGTCCCACACAGCCCAx-2,0.6235247827969274
TGTCCCACACCCATGGx-2,0.95771494342202
TGGTTCCCAGTATAAGx-2,0.767903467779237
TGGCCAGGTAGCTGCCx-2,0.5496408320427421
TGGACGCTCCTCGCATx-2,0.767903467779237
TGTGGTAAGCGTGAACx-2,0.7391283502065717
TGCTGCTCAGGTCCACx-2,0.767903467779237
TGTATTCAGACTTTCGx-2,1.0
TGGCGCAAGGATGGAAx-2,0.767903467779237
TGCTGCTCAGTCACTAx-2,0.5496408320427421
TGGGAAGCACAGACTTx-2,0.8463182232136558
TGGCGCATCACTATTCx-2,0.95771494342202
TGCTACCCAGGGTACAx-2,0.5496408320427421
TGGCCAGAGACCTAGGx-2,0.767903467779237
TGCTGCTGTGATGCCCx-2,0.8267933403289878
TGGCTGGGTCCTCTTGx-2,0.5496408320427421
TGGCTGGCAGGCTCACx-2,0.95771494342202
TGGCTGGCAACTGGCCx-2,0.5496408320427421
TGTATTCCATGCTAGTx-2,0.767903467779237
TGGTTCCAGATGTTAGx-2,0.7391283502065717
TGGGCGTGTACCCAATx-2,0.767903467779237
TGCGTGGTCATAACCGx-2,0.6566914541812677
TGGGAAGTCCAGTATGx-2,0.767903467779237
TGGTTCCGTAAACGCGx-2,1.0
TGGTTCCGTATAAACGx-2,0.95771494342202
TGGCCAGGTACAAGTAx-2,0.767903467779237
TTAGGACGTATTCTCTx-2,0.767903467779237
TTAGTTCCAGTTAACCx-2,0.7295536519197505
TTAACTCCACCAGGCTx-2,0.5496408320427421
TTAACTCTCAAAGTAGx-2,0.5496408320427421
TGTTCCGAGCTGCCCAx-2,0.767903467779237
TGTGTTTTCGCCAGCAx-2,0.9085394704004189
TTAGTTCAGTACCGGAx-2,0.5496408320427421
TGTGTTTTCTGGGCCAx-2,0.95771494342202
TTAGGCATCGCAAGCCx-2,0.9859049811406733
TGTGTTTGTTCCCTTGx-2,0.6584428369350477
TTAGGCACAAAGCAATx-2,0.5742688156274705
TTCGGTCGTCTCTCGTx-2,0.95771494342202
TGTTCCGTCGTATCAGx-2,0.7391283502065717
TTCGAAGTCGTTGACAx-2,0.5496408320427421
TTAGGCATCACAGGCCx-2,0.767903467779237
TTCGGTCAGGTGGGTTx-2,0.95771494342202
TGTTCCGGTCTGCAATx-2,0.767903467779237
TTCCCAGCACATTAGCx-2,0.5496408320427421
TTCCCAGGTCACCTAAx-2,0.5496408320427421
TTAGTTCTCGTAGGTTx-2,0.6235247827969274
TTAGGCAGTTCCCGAGx-2,0.95771494342202
TTAGGCAGTTTAGGAAx-2,0.6235247827969274
TTATGCTAGCTGCAAGx-2,0.767903467779237
TTAGTTCGTGAGGGAGx-2,0.95771494342202
TTCCCAGTCTTCGAGAx-2,0.767903467779237
TTAGTTCAGACATAACx-2,0.767903467779237
TTAGGCAAGTCGCCGTx-2,0.8306058873768866
TTCCCAGAGGATGTATx-2,0.7391283502065717
TTCGGTCAGGATCGCAx-2,0.767903467779237
TTCGAAGGTCCAGTGCx-2,0.9859049811406733
TTAGTTCAGGTAGCCAx-2,0.6716510111243639
TGTTCCGTCAACGAAAx-2,0.767903467779237
TTCCCAGGTATATGGAx-2,0.5496408320427421
TTAACTCTCGCCGTGAx-2,0.41762126893051404
TGTGGTATCACAACGTx-2,0.6235247827969274
TTAGGCAAGCACCGCTx-2,0.41762126893051404
TTCCCAGCACAAGACGx-2,0.5496408320427421
TTCTACAAGAAGGTTTx-2,0.4918176621306598
TTAACTCCACTTAACGx-2,0.7398361237311784
TTAGGACCATCACGATx-2,0.8498802773475806
TGTTCCGAGACTAAGTx-2,0.5496408320427421
TTCTACAAGCTAAACAx-2,0.5496408320427421
TTAGGACTCAACACACx-2,0.7349215030052916
TTAGGCAAGAAACCGCx-2,0.767903467779237
TTATGCTCACGGCTACx-2,0.9226344892597457
TTCGAAGGTAGTACCTx-2,0.9226344892597457
TTAGGACTCGTTTAGGx-2,0.95771494342202
TTCCCAGAGTGGGATCx-2,0.6235247827969274
TGTGGTATCAGGCAAGx-2,0.767903467779237
TGTGGTAGTGGTTTCAx-2,0.6235247827969274
TTAGGACAGAGCCTAGx-2,0.7391283502065717
TTAGGCAGTTGATTGCx-2,0.8452689785194913
TTAGTTCTCAGGTTCAx-2,0.767903467779237
TGTGGTATCACATGCAx-2,0.95771494342202
TTAGGCAAGGCCCGTTx-2,0.5496408320427421
TGTGGTAGTTCGCTAAx-2,1.0
TGTGTTTGTGCGCTTGx-2,0.4918176621306598
TTCGGTCAGATCCCGCx-2,0.7398361237311784
TGTTCCGAGCGAAGGGx-2,1.0
TTCTACATCAACACCAx-2,0.9718099622813466
TTAACTCGTGTAACGGx-2,0.6235247827969274
TTAGTTCTCATCTGTTx-2,0.767903467779237
TTAGTTCCATGACGGAx-2,0.7197772394518004
TTCTACAAGTTCGCATx-2,1.0
TTAGTTCCAGGACGTAx-2,0.691019129449869
TTCCCAGCATGTCTCCx-2,0.8463182232136558
TGTGGTACATATACCGx-2,0.767903467779237
TGTTCCGCATCGGTTAx-2,0.767903467779237
TTAGTTCGTTACGACTx-2,0.6235247827969274
TTAGGACAGTCAATAGx-2,0.767903467779237
TGTGGTACAATAGCAAx-2,0.8306058873768866
TGTTCCGCATTGGTACx-2,0.5742688156274705
TTCCCAGGTGTTGGGAx-2,0.7391283502065717
TTATGCTTCTTGTATCx-2,0.6235247827969274
TTAGGCAGTATTCTCTx-2,0.95771494342202
TTAACTCTCTCTTGATx-2,0.6235247827969274
TGTTCCGCATGGGACAx-2,0.5988967992121988
TTAACTCAGGTACTCTx-2,0.767903467779237
TTAGTTCGTCTAGGTTx-2,0.7391283502065717
TTCCCAGCAGTTCATGx-2,0.95771494342202
TTAACTCAGAACAATCx-2,0.6235247827969274
TTCTACAGTCGTCTTCx-2,0.7487200560641268
TTATGCTGTCGCGTGTx-2,0.6235247827969274
TTAGTTCCACCGCTAGx-2,0.9718099622813466
TTCTACAGTAGGCATGx-2,0.8311739596601646
TTAGGACCACCTTGTCx-2,0.5496408320427421
TTCGGTCGTGATGTGGx-2,0.767903467779237
TTAGTTCAGTACATGAx-2,0.95771494342202
TTAACTCGTACCTACAx-2,0.767903467779237
TTAGGACAGAGGTAGAx-2,0.7398361237311784
TTCGGTCGTCCAGTATx-2,0.95771494342202
TTCGGTCTCGTACGGCx-2,0.7349215030052916
TGTGTTTAGTTATCGCx-2,0.767903467779237
TGTGGTACATTAGGCTx-2,0.9718099622813466
TTGAACGTCATAACCGx-2,0.767903467779237
TTGACTTTCCTTGCCAx-2,0.6235247827969274
TTGGCAACAGGAATCGx-2,0.5496408320427421
TTGGAACCATGAGCGAx-2,0.7391283502065717
TTGACTTGTTACGGAGx-2,0.95771494342202
TTGACTTTCGCTTGTCx-2,0.767903467779237
TTGAACGGTCAGAGGTx-2,0.7391283502065717
TTGCCGTCACTGTGTAx-2,0.95771494342202
TTGGAACGTTGGACCCx-2,0.95771494342202
TTGCGTCTCGATCCCTx-2,0.7391283502065717
TTGACTTGTGCAACTTx-2,0.5496408320427421
TTGACTTTCTTGTACTx-2,0.6235247827969274
TTCTCCTCAGATGGCAx-2,0.7391283502065717
TTGGAACGTTCGAATCx-2,1.0
TTGCGTCGTCATACTGx-2,0.9859049811406733
TTGTAGGGTCTGCGGTx-2,0.767903467779237
TTGAACGTCGGCGCATx-2,0.767903467779237
TTGCCGTCAATCTACGx-2,0.7391283502065717
TTGCCGTTCATCATTCx-2,0.7391283502065717
TTGGAACAGAGCTATAx-2,0.9085394704004189
TTGAACGAGGTGCTAGx-2,0.95771494342202
TTCTTAGTCCCATTATx-2,1.0
TTCTCAACAGTAACGGx-2,0.767903467779237
TTGCCGTCAGTCACTAx-2,0.95771494342202
TTCTCAAAGACTACAAx-2,0.6235247827969274
TTCTCCTAGAACAACTx-2,0.7391283502065717
TTGCGTCTCATCACCCx-2,0.7391283502065717
TTGCGTCAGTTATCGCx-2,0.5742688156274705
TTGGCAATCTCATTCAx-2,0.767903467779237
TTCTTAGAGCTACCGCx-2,1.0
TTGAACGAGTGACATAx-2,0.5496408320427421
TTCTACATCGGAGGTAx-2,0.6235247827969274
TTGACTTCAGTCTTCCx-2,1.0
TTGCGTCAGCAGCGTAx-2,0.767903467779237
TTGCCGTCACACGCTGx-2,0.6235247827969274
TTCTCCTTCCTTTCGGx-2,0.7391283502065717
TTGACTTCACGAAACGx-2,0.767903467779237
TTGTAGGGTAGGGTACx-2,0.9718099622813466
TTGGAACAGCTGCGAAx-2,1.0
TTCTCCTGTAAGAGGAx-2,0.7391283502065717
TTGGAACTCGCATGATx-2,0.7391283502065717
TTCTTAGGTAGAGGAAx-2,0.95771494342202
TTCTCCTAGCCCGAAAx-2,1.0
TTGCCGTTCTCCAACCx-2,0.95771494342202
TTGGAACAGTCCAGGAx-2,0.5496408320427421
TTGTAGGCAATTGCTGx-2,0.6235247827969274
TTGACTTTCTTATCTGx-2,0.7391283502065717
TTGGAACAGAGTACATx-2,0.6716510111243639
TTGCCGTGTCGCTTTCx-2,0.9718099622813466
TTCTTAGGTGGTTTCAx-2,0.9859049811406733
TTGGAACGTATCAGTCx-2,0.9718099622813466
TTGGCAAAGTCGTTTGx-2,0.767903467779237
TTGAACGTCTCCTATAx-2,0.6235247827969274
TTGACTTGTTTCGCTCx-2,0.767903467779237
TTGCCGTAGAAGGTTTx-2,0.49443733209647345
TTGGAACGTAGCGCTCx-2,0.5742688156274705
TTCTCAATCATCGGATx-2,0.767903467779237
TTGACTTTCTCAAGTGx-2,0.6235247827969274
TTCTCAAGTTGAGGTGx-2,0.767903467779237
TTCTTAGTCAGCTGGCx-2,0.6235247827969274
TTCTCCTCACCTTGTCx-2,0.5442441061770477
TTGAACGTCTGATTCTx-2,0.767903467779237
TTGCGTCCACCACGTGx-2,0.95771494342202
TTCTACATCGATCCCTx-2,0.5489822060908583
TTGGCAATCGGTGTTAx-2,0.767903467779237
TTCTCCTCATGAAGTAx-2,0.5742545581559637
TTGAACGAGTGCTGCCx-2,0.5496408320427421
TTCTCCTAGCCGATTTx-2,0.9085394704004189
TTGGAACTCTGAAAGAx-2,0.7391283502065717
TTGGAACGTTAAGATGx-2,0.767903467779237
TTGGCAACAGCTGCTGx-2,0.4918176621306598
TTCTCCTCAATGGAGCx-2,0.95771494342202
TTGGAACGTGTGCCTGx-2,0.95771494342202
TTGGAACCACCTATCCx-2,0.5496408320427421
TTGTAGGCAACGCACCx-2,0.5496408320427421
TTCTCAAGTAAGAGGAx-2,0.767903467779237
TTGGAACCAGCCTGTGx-2,0.5988967992121988
TTGTAGGGTACTCAACx-2,0.7398361237311784
TTGGAACCAATAAGCAx-2,0.767903467779237
TTGAACGGTTATCGGTx-2,0.6235247827969274
TTCTCAAAGGTGCTAGx-2,0.95771494342202
TTGGAACAGCACGCCTx-2,0.9859049811406733
TTGGAACCAGAGCCAAx-2,0.8311739596601646
TTGAACGCATGGAATAx-2,0.5496408320427421
TTGGAACAGACTAGATx-2,0.6471167558944465
TTGCGTCCACGTTGGCx-2,0.7398361237311784
TTGGCAACACGTAAGGx-2,0.7349215030052916
TTCTACATCGGTCTAAx-2,0.767903467779237
TTGGCAAAGATATGCAx-2,0.767903467779237
TTGGCAACAAGGTTTCx-2,0.5496408320427421
TTCTCCTTCCTGCTTGx-2,0.7391283502065717
TTCTCAAAGTGCTGCCx-2,0.46804315162214344
TTCTCCTCACATCTTTx-2,0.8944444515410923
TTGCCGTTCGAGAGCAx-2,1.0
TTCTCCTAGGAATCGCx-2,0.6235247827969274
TTGCCGTCATCCTTGCx-2,0.767903467779237
TTTACTGCACCAGGTCx-2,0.6235247827969274
TTTGCGCGTATAGGTAx-2,1.0
TTTACTGCATTACCTTx-2,0.7391283502065717
TTTGTCAGTGCAGACAx-2,0.767903467779237
TTTACTGAGTGAACGCx-2,0.5496408320427421
TTTACTGGTTTGACACx-2,0.767903467779237
TTTCCTCCAGACGCAAx-2,0.95771494342202
TTTGCGCGTGACGCCTx-2,0.5473238282420231
TTTATGCGTATATCCGx-2,0.5496408320427421
TTTATGCCACTTCTGCx-2,0.6584428369350477
TTTGGTTCAATGCCATx-2,0.5742688156274705
TTTGTCAAGCCAGGATx-2,0.5496408320427421
TTTGTCATCGGAGGTAx-2,1.0
TTTGCGCTCACGCATAx-2,0.5496408320427421
TTTATGCAGTCATCCAx-2,0.6235247827969274
TTTCCTCTCTTTACGTx-2,0.767903467779237
TTTGTCAAGGTACTCTx-2,0.5742688156274705
TTGTAGGGTTAAGACAx-2,0.7391283502065717
TTTCCTCTCATCGGATx-2,1.0
TTTGGTTAGCTAGTGGx-2,0.95771494342202
TTGTAGGGTGACGCCTx-2,0.6235247827969274
TTTGGTTGTGACTCATx-2,0.7391283502065717
TTGTAGGGTTGCTCCTx-2,0.7391283502065717
TTTGGTTCACAGACTTx-2,0.6235247827969274
TTTACTGTCACGATGTx-2,0.6235247827969274
TTTACTGAGGATGGAAx-2,0.7391283502065717
TTTGCGCCAGATCTGTx-2,0.6716510111243639
TTTCCTCCAGGCGATAx-2,0.5496408320427421
TTTGTCACAATGTAAGx-2,0.767903467779237
TTTATGCTCTCCGGTTx-2,0.38568275293728826
TTTGCGCAGCAATATGx-2,0.49498813900759076
TTTGCGCCAAAGAATCx-2,0.767903467779237
TTTGGTTAGAAGAAGCx-2,0.95771494342202
TTTATGCTCGGCATCGx-2,0.767903467779237
TTTATGCTCCGTCATCx-2,0.5496408320427421
TTTATGCGTGTATGGGx-2,0.8452689785194913
TTTGTCAGTCATTAGCx-2,0.95771494342202
TTTATGCTCTTCAACTx-2,0.6235247827969274
TTTGCGCGTTCGTGATx-2,0.9859049811406733
TTGTAGGTCCAATGGTx-2,0.5489822060908583
TTTATGCGTGTGTGCCx-2,0.95771494342202
TTTCCTCAGAGTCGGTx-2,0.767903467779237
TTTGCGCTCTGGCGACx-2,0.6584428369350477
TTTGTCACACAACTGTx-2,0.5442441061770477
TTTGTCATCTGTTGAGx-2,0.5496408320427421
TTTACTGTCTTTACGTx-2,0.5496408320427421
TTTCCTCAGGCTACGAx-2,0.9859049811406733
TTTCCTCCAATGGTCTx-2,0.7391283502065717
TTTCCTCTCCACTCCAx-2,0.767903467779237
TTTGTCACATCGGGTCx-2,0.6235247827969274
TTGTAGGGTTCCCTTGx-2,0.6235247827969274
TTTATGCTCTCTGTCGx-2,0.95771494342202
TTTCCTCTCGTTTGCCx-2,0.41762126893051404
TTTACTGTCACAAACCx-2,0.767903467779237
TTTGGTTCAACAACCTx-2,0.5496408320427421
TTTGTCAAGTACGTAAx-2,0.767903467779237
TTTGTCAAGCAGGTCAx-2,0.6235247827969274
TTTACTGAGTCTTGCAx-2,0.5496408320427421
TTTACTGTCCACTCCAx-2,0.9859049811406733
TTGTAGGGTGCACGAAx-2,0.6235247827969274
TTTACTGTCGATGAGGx-2,0.7391283502065717
TTTATGCAGTACCGGAx-2,0.7391283502065717
TTGTAGGTCTGTTTGTx-2,0.8463182232136558
AACTCCCGTCCGTGACx-3,0.9859049811406733
AAACGGGGTTGCCTCTx-3,0.9859049811406733
AACGTTGTCGGCTTGGx-3,1.0
AACTCCCTCGAACTGTx-3,1.0
AACTCAGCACATCTTTx-3,1.0
AAAGCAAAGCACAGGTx-3,1.0
AACCATGAGCGATCCCx-3,1.0
AACACGTCAAGTCATCx-3,0.95771494342202
AACTCCCCATGACGGAx-3,0.767903467779237
AACTCAGCAAAGTGCGx-3,0.9718099622813466
AACCATGAGTATCGAAx-3,1.0
AAAGTAGTCATCTGCCx-3,1.0
AAAGCAATCCGCAAGCx-3,0.5496408320427421
AAACCTGCATTCGACAx-3,1.0
AAACGGGGTCTTGTCCx-3,1.0
AACCGCGAGGTAGCCAx-3,1.0
AAACGGGTCAACACACx-3,1.0
AACTCCCCAAGACACGx-3,1.0
AAACGGGGTTAGTGGGx-3,0.7391283502065717
AAACCTGCAAAGGTGCx-3,1.0
AACGTTGCAAGCCCACx-3,1.0
AACGTTGCACAACGCCx-3,0.8311739596601646
AACGTTGGTCTACCTCx-3,0.8126983214696611
AACTCAGCATCTATGGx-3,1.0
AACACGTAGAGCCCAAx-3,0.7391283502065717
AAACCTGGTGCTTCTCx-3,1.0
AACCATGCACGAGAGTx-3,1.0
AACGTTGAGCTGTTCAx-3,1.0
AACACGTCACACCGCAx-3,0.7391283502065717
AACTCAGAGTAGGTGCx-3,0.8452689785194913
AAAGATGAGTGAACGCx-3,1.0
AAAGCAATCATCATTCx-3,1.0
AACACGTAGTACGACGx-3,1.0
AAAGCAAAGACGCAACx-3,1.0
AAACGGGTCCGTACAAx-3,1.0
AACTCCCTCTTGTCATx-3,1.0
AACTCCCGTGACTCATx-3,1.0
AACTCAGGTACAGTTCx-3,1.0
AACGTTGAGACTGGGTx-3,0.9226344892597457
AACTCAGAGGGATACCx-3,0.95771494342202
AAAGTAGGTGCTGTATx-3,1.0
AAAGATGCAAGTAATGx-3,0.7391283502065717
AAAGCAACACGACTCGx-3,1.0
AAATGCCTCAGCTGGCx-3,0.5496408320427421
AAATGCCTCCCATTTAx-3,1.0
AACGTTGTCTCGTTTAx-3,0.7391283502065717
AAACCTGTCAAACGGGx-3,0.7391283502065717
AAAGATGTCAGTTAGCx-3,0.7391283502065717
AACCATGAGGGAAACAx-3,0.7391283502065717
AACACGTCAACTTGACx-3,1.0
AACTCCCGTTAAGATGx-3,1.0
AACCATGTCATCGGATx-3,0.7391283502065717
AAAGTAGTCACTCCTGx-3,1.0
AACCATGAGTACCGGAx-3,1.0
AAACCTGTCTCGATGAx-3,1.0
AACGTTGAGGCTCTTAx-3,0.7391283502065717
AACTCAGGTCAACTGTx-3,0.8452689785194913
AAATGCCCAGGATTGGx-3,1.0
AACACGTGTCTCTCGTx-3,1.0
AAAGCAACATTAGGCTx-3,1.0
AACGTTGGTATTAGCCx-3,0.7391283502065717
AAACCTGTCTGCAAGTx-3,0.7391283502065717
AAAGATGCACAGCCCAx-3,1.0
AACCATGCAGTATCTGx-3,0.46708553106394457
AAAGTAGTCAATCTCTx-3,1.0
AAAGTAGTCTTTAGGGx-3,1.0
AAACCTGGTCGACTGCx-3,1.0
AACCATGAGTGACATAx-3,0.767903467779237
AAATGCCCAACAACCTx-3,0.7391283502065717
AACTCCCAGATGCGACx-3,1.0
AAATGCCTCCCAAGATx-3,1.0
AACCATGGTCTGATCAx-3,1.0
AAACGGGAGGAGCGTTx-3,1.0
AACTCCCTCAGTCAGTx-3,0.41762126893051404
AAAGTAGCACAGATTCx-3,0.7391283502065717
AAAGATGAGTTAAGTGx-3,0.7391283502065717
AAACGGGGTATCAGTCx-3,1.0
AACTCAGTCTCCGGTTx-3,0.6566914541812677
AACGTTGAGAGAGCTCx-3,1.0
AAACCTGCAGGGTATGx-3,0.7391283502065717
AACCGCGTCGCGTTTCx-3,0.5496408320427421
AACACGTTCTGTACGAx-3,0.7391283502065717
AACACGTGTGGCCCTAx-3,0.7391283502065717
AACCATGGTGATAAACx-3,1.0
AACTCAGCAATGGAATx-3,1.0
AAACCTGAGAGGACGGx-3,0.4918176621306598
AACCATGAGGCGATACx-3,1.0
AACCATGTCATCTGCCx-3,0.767903467779237
AAAGATGCACTCGACGx-3,1.0
AACCATGGTGAGTATAx-3,0.767903467779237
AACCATGCAAGTTGTCx-3,0.7391283502065717
AACCATGAGTGAACATx-3,0.6235247827969274
AAAGCAAAGGGTGTTGx-3,1.0
AACACGTAGGCTACGAx-3,1.0
ACACCAAGTTGGTTTGx-3,1.0
AAGACCTTCGGGAGTAx-3,1.0
AAGGAGCGTACCTACAx-3,1.0
AACTCTTCATTTCACTx-3,1.0
AACTTTCGTCTAGGTTx-3,0.767903467779237
AAGTCTGGTTTAGGAAx-3,1.0
AATCCAGCACCTCGGAx-3,0.7391283502065717
ACACCAAAGCGTGTCCx-3,1.0
AAGGTTCCATTACCTTx-3,1.0
AAGACCTTCCTGCAGGx-3,0.95771494342202
AAGGAGCAGCTAACAAx-3,0.9859049811406733
AATCCAGTCACATAGCx-3,1.0
AAGGCAGAGGGTATCGx-3,1.0
AAGGCAGCAGTGACAGx-3,0.7391283502065717
ACACCAATCAAACCGTx-3,1.0
AATCGGTTCTGCCCTAx-3,0.6235247827969274
AAGGAGCTCCCTTGTGx-3,0.7391283502065717
AACTCTTTCCCAGGTGx-3,1.0
AACTCTTTCCTGCAGGx-3,0.7391283502065717
AATCGGTTCGCTGATAx-3,1.0
AACTGGTCATTGGCGCx-3,0.9859049811406733
AAGGCAGTCTATGTGGx-3,1.0
AAGCCGCTCTACTATCx-3,1.0
AACTCTTGTGCAACTTx-3,1.0
AAGTCTGAGATGCCAGx-3,0.874508260932309
AACTCTTAGAGCTTCTx-3,1.0
AAGACCTGTCCGTCAGx-3,0.767903467779237
AAGGTTCCAAGTTAAGx-3,1.0
AAGACCTTCATATCGGx-3,1.0
AACTGGTCACGACTCGx-3,1.0
ACACCAACAGGAATGCx-3,1.0
AAGGTTCGTAGGCTGAx-3,0.7391283502065717
AAGACCTCATTCGACAx-3,0.767903467779237
AAGGCAGAGACCTAGGx-3,0.7391283502065717
AAGGCAGAGTCACGCCx-3,0.8260855668043812
AAGTCTGCAAAGAATCx-3,1.0
AACTCTTAGAGCTATAx-3,1.0
AACTCTTCAGCATACTx-3,1.0
AACTGGTTCTGCTGCTx-3,0.6235247827969274
AATCGGTTCTGCTGTCx-3,0.7391283502065717
AAGGCAGTCTGATACGx-3,0.6235247827969274
AAGACCTAGAAACCATx-3,1.0
AATCGGTGTAAGTGGCx-3,1.0
AATCCAGGTGTTTGGTx-3,1.0
AAGGAGCTCTAGCACAx-3,1.0
AACTCTTGTCGGCATCx-3,1.0
AACTCTTAGTTAACGAx-3,1.0
AATCCAGTCGTCACGGx-3,0.7391283502065717
AAGACCTAGCTTTGGTx-3,0.7391283502065717
AATCGGTAGACTAAGTx-3,0.7391283502065717
AACTTTCTCTAACTTCx-3,1.0
AACTCTTAGCCCAATTx-3,1.0
AACTGGTGTACTCTCCx-3,1.0
AAGACCTCATCCGTGGx-3,1.0
AAGGCAGCACCTTGTCx-3,1.0
AAGACCTAGCGCTTATx-3,0.7197772394518004
ACACCAAGTACTCAACx-3,0.7391283502065717
AAGGAGCGTGCCTGGTx-3,0.9130427834021906
AAGTCTGGTGCATCTAx-3,1.0
AATCCAGCACAAGCCCx-3,0.767903467779237
AATCCAGAGCTTATCGx-3,1.0
AAGGAGCGTTATGCGTx-3,0.7391283502065717
AAGCCGCTCTGCCAGGx-3,1.0
AACTTTCAGCGATGACx-3,1.0
AAGTCTGTCATTCACTx-3,1.0
AAGGCAGCATGGAATAx-3,1.0
ACACCAATCACCGGGTx-3,0.8260855668043812
AAGGTTCTCAGGCGAAx-3,1.0
AAGACCTTCGTTGCCTx-3,0.7391283502065717
AAGCCGCAGCTACCTAx-3,1.0
AATCCAGGTCTGGAGAx-3,1.0
AAGGCAGGTTTAGCTGx-3,1.0
AAGGCAGTCTGGAGCCx-3,1.0
AACTTTCTCCAGAAGGx-3,0.8311739596601646
AAGGCAGTCATGCAACx-3,0.9859049811406733
AAGCCGCTCCACGTGGx-3,1.0
AAGGCAGCATAACCTGx-3,0.8260855668043812
ACACCAACATGGGACAx-3,1.0
ACACCAATCACCGTAAx-3,1.0
AACTTTCAGAGTGAGAx-3,1.0
AAGGCAGTCTGTCAAGx-3,1.0
AAGGCAGTCCAAACTGx-3,0.4918176621306598
AAGCCGCCATAAGACAx-3,1.0
AAGACCTAGTTAACGAx-3,0.6235247827969274
AAGACCTTCACTTATCx-3,1.0
AACTGGTAGGTAGCCAx-3,1.0
AAGGTTCAGTGCAAGCx-3,1.0
AACTCTTCATCGGGTCx-3,0.7391283502065717
AACTTTCTCTTGCCGTx-3,0.7391283502065717
AACTTTCAGTGCGATGx-3,0.7391283502065717
AAGGCAGGTCTGCAATx-3,1.0
ACACCAAAGGGATACCx-3,1.0
AACTTTCCAAGCCATTx-3,0.7391283502065717
AACTCTTGTAAGGGCTx-3,0.7391283502065717
ACACCAAGTACATCCAx-3,0.767903467779237
AATCGGTGTAGCAAATx-3,1.0
ACCCACTGTATCGCATx-3,1.0
ACAGCCGGTTGCCTCTx-3,1.0
ACATGGTGTCGGCACTx-3,0.767903467779237
ACAGCTAAGGGTTCCCx-3,0.9718099622813466
ACAGCTATCCAGAAGGx-3,1.0
ACACTGACATCCAACAx-3,0.7391283502065717
ACATCAGGTAGGACACx-3,0.9859049811406733
ACCGTAAAGACAGACCx-3,0.767903467779237
ACCTTTAAGAGGGCTTx-3,1.0
ACAGCTACAGGGTTAGx-3,1.0
ACCCACTAGTGTCTCAx-3,0.7391283502065717
ACAGCCGAGCCACTATx-3,0.7391283502065717
ACATCAGGTGGCTCCAx-3,1.0
ACAGCCGTCAAACCACx-3,1.0
ACACCGGAGTAGGCCAx-3,0.9859049811406733
ACCGTAAAGCCGGTAAx-3,0.4918176621306598
ACATACGAGTTTGCGTx-3,0.5496408320427421
ACCCACTGTCACCCAGx-3,0.7391283502065717
ACACTGAGTGGTAACGx-3,1.0
ACACTGATCTTAACCTx-3,0.9859049811406733
ACAGCTACACCAACCGx-3,0.7391283502065717
ACATACGCATCTACGAx-3,1.0
ACACCCTCACTGTTAGx-3,1.0
ACCAGTAAGCGATCCCx-3,1.0
ACATACGGTTAAGATGx-3,0.7391283502065717
ACACCGGGTATAGTAGx-3,0.5496408320427421
ACAGCCGCACACAGAGx-3,1.0
ACACCGGCAATGGATAx-3,0.7391283502065717
ACATACGAGCAACGGTx-3,0.5742545581559637
ACATGGTAGTGGCACAx-3,1.0
ACCAGTAAGACCCACCx-3,1.0
ACCCACTAGCATGGCAx-3,1.0
ACCAGTACAGTCCTTCx-3,0.9859049811406733
ACACTGAAGCTAGTTCx-3,1.0
ACCGTAAGTCGACTGCx-3,1.0
ACATACGTCAACACCAx-3,1.0
ACAGCTATCTCGGACGx-3,0.7391283502065717
ACATACGGTAAACCTCx-3,1.0
ACATCAGAGCACAGGTx-3,1.0
ACATCAGGTGAGTATAx-3,0.5496408320427421
ACACTGATCGCCAGCAx-3,1.0
ACATACGGTGTGTGCCx-3,1.0
ACACCCTCACCACGTGx-3,1.0
ACATGGTGTTTAGGAAx-3,1.0
ACACCGGAGACCTAGGx-3,1.0
ACCTTTACAAACGCGAx-3,1.0
ACAGCCGAGTAACCCTx-3,1.0
ACAGCCGCATTACGACx-3,1.0
ACCTTTACAGTCACTAx-3,1.0
ACACCGGGTTTGTTTCx-3,0.7391283502065717
ACCGTAATCGATGAGGx-3,1.0
ACCGTAACAATAGCGGx-3,1.0
ACCAGTATCGTCCGTTx-3,1.0
ACACCCTTCCTATTCAx-3,1.0
ACCAGTACAATGTAAGx-3,1.0
ACACTGATCAGAAATGx-3,1.0
ACATGGTTCACCACCTx-3,0.7391283502065717
ACACCCTTCATTGCGAx-3,1.0
ACATACGTCGCCTGAGx-3,0.9130427834021906
ACATCAGGTTACCGATx-3,1.0
ACAGCCGCACGGATAGx-3,1.0
ACCCACTAGAGCTGGTx-3,0.5496408320427421
ACATACGCAATGGAGCx-3,1.0
ACACCCTCAAGCCGCTx-3,0.7391283502065717
ACACCCTAGTGTGGCAx-3,0.7391283502065717
ACCAGTAAGTCGCCGTx-3,1.0
ACAGCTACAAACGCGAx-3,0.9859049811406733
ACCTTTAAGACTGTAAx-3,1.0
ACATCAGGTACCTACAx-3,0.767903467779237
ACCTTTATCCGATATGx-3,1.0
ACACTGACAAGTAGTAx-3,1.0
ACAGCTATCCATGCTCx-3,0.7391283502065717
ACCCACTCAATGGATAx-3,1.0
ACATACGGTACCGTATx-3,1.0
ACCAGTACAATCCGATx-3,0.7391283502065717
ACAGCTATCTGGCGACx-3,1.0
ACCGTAACAGGGTATGx-3,0.5749623316805703
ACAGCCGCAAGCCTATx-3,1.0
ACCAGTATCGGTCTAAx-3,1.0
ACCGTAATCCACGAATx-3,0.95771494342202
ACAGCTAAGCCGGTAAx-3,0.95771494342202
ACAGCCGCAAAGTGCGx-3,0.95771494342202
ACATGGTGTGCGATAGx-3,0.7391283502065717
ACACTGAAGGCACATGx-3,1.0
ACCAGTAGTGCACCACx-3,1.0
ACCAGTAGTCCGAACCx-3,1.0
ACATACGAGCGATCCCx-3,1.0
ACATCAGTCGCGTAGCx-3,1.0
ACAGCCGTCAGAGCTTx-3,1.0
ACATCAGGTGCTAGCCx-3,1.0
ACAGCCGCACAGGTTTx-3,1.0
ACCCACTAGTGTCCCGx-3,1.0
ACATCAGTCTTAGCCCx-3,1.0
ACAGCTAGTAGCCTATx-3,1.0
ACACCCTAGTCTCGGCx-3,0.8452689785194913
ACGTCAATCTGCGACGx-3,1.0
ACGCAGCAGCCAGTTTx-3,0.5496408320427421
ACGGAGATCTTGGGTAx-3,0.46708553106394457
ACGATGTAGCAGATCGx-3,1.0
ACGTCAAAGTGTCTCAx-3,0.6235247827969274
ACGAGGAAGGTAGCCAx-3,0.5496408320427421
ACGCAGCAGGTGACCAx-3,1.0
ACGAGCCGTAGCGTCCx-3,1.0
ACGAGGATCAAACCGTx-3,1.0
ACGCCGAGTGCACGAAx-3,1.0
ACGCAGCAGCCACGTCx-3,1.0
ACGAGGATCGGCTTGGx-3,0.6566914541812677
ACGCCGAAGCACCGTCx-3,1.0
ACGCCGAGTCGCGTGTx-3,1.0
ACGGAGAAGGGCTTCCx-3,0.9130427834021906
ACGCCGAAGATGTTAGx-3,1.0
ACGCCAGCAATACGCTx-3,0.9859049811406733
ACGGCCACAAGTAATGx-3,0.38568275293728826
ACGATGTTCGAACGGAx-3,1.0
ACGGGTCCAGGGTTAGx-3,1.0
ACGTCAAAGGCTCTTAx-3,0.6235247827969274
ACTATCTTCTTCATGTx-3,1.0
ACGGGCTCAAGGTTTCx-3,0.7391283502065717
ACGGCCACATGCCCGAx-3,1.0
ACGAGGAGTTCAGCGCx-3,0.7391283502065717
ACGGGCTAGTTATCGCx-3,1.0
ACGCCAGTCATCATTCx-3,1.0
ACGGGTCGTTCTGAACx-3,0.7391283502065717
ACGATGTGTGAGGCTAx-3,0.7391283502065717
ACTATCTAGGGAAACAx-3,1.0
ACTATCTGTAGCACGAx-3,0.7391283502065717
ACTATCTTCTCCGGTTx-3,1.0
ACGGCCATCTTAACCTx-3,1.0
ACGAGGACATGAGCGAx-3,1.0
ACGCAGCAGCAGCCTCx-3,0.7391283502065717
ACGCCGACAGCAGTTTx-3,1.0
ACGCCAGAGCGACGTAx-3,1.0
ACGCCGAGTTCGGGCTx-3,0.7391283502065717
ACGATGTCAAGACGTGx-3,1.0
ACGGGCTCACACTGCGx-3,1.0
ACGCAGCCACATTTCTx-3,0.7391283502065717
ACGTCAATCTGGTATGx-3,1.0
ACGCCAGCAGTAAGCGx-3,1.0
ACGGCCATCCAGGGCTx-3,1.0
ACGGAGATCTTACCTAx-3,1.0
ACGATGTTCAACACCAx-3,0.7391283502065717
ACGGGCTCAGTCACTAx-3,0.7391283502065717
ACGAGGACAAGCCATTx-3,0.5742545581559637
ACGGGTCGTTACGACTx-3,1.0
ACGCCGATCTCGATGAx-3,0.7391283502065717
ACGATGTAGATATACGx-3,0.9859049811406733
ACGGGCTTCTTGGGTAx-3,0.767903467779237
ACTGAACAGGACGAAAx-3,1.0
ACGTCAATCGGCCGATx-3,0.7391283502065717
ACGGCCACACTGCCAGx-3,0.7391283502065717
ACGAGGAAGCGTGAACx-3,0.767903467779237
ACGGCCAGTGCATCTAx-3,1.0
ACGGGTCCAATAGCAAx-3,1.0
ACGGGTCCAGGCTGAAx-3,1.0
ACGAGGAAGCCGTCGTx-3,1.0
ACGTCAACACATGTGTx-3,1.0
ACGCCGACAAGGGTCAx-3,1.0
ACGCCGACACTTAAGCx-3,1.0
ACGATACTCTCTAAGGx-3,0.7391283502065717
ACGGAGATCCGTCAAAx-3,0.7391283502065717
ACGGGCTAGGTAGCTGx-3,0.7391283502065717
ACGCCGATCCTTTCGGx-3,0.7391283502065717
ACGGAGAAGAGCAATTx-3,0.9718099622813466
ACGCCAGTCAGCGACCx-3,0.7391283502065717
ACGATACCAGCTCCGAx-3,0.9859049811406733
ACGATACTCACTTCATx-3,1.0
ACGGGTCAGGTGGGTTx-3,0.95771494342202
ACGGAGATCATGCATGx-3,1.0
ACGTCAATCCTCCTAGx-3,1.0
ACGATGTCACACAGAGx-3,0.9226344892597457
ACGATACAGGCTAGGTx-3,0.767903467779237
ACCTTTATCGCAAGCCx-3,1.0
ACGTCAAAGTTGTAGAx-3,1.0
ACGCCAGCAGCGTAAGx-3,0.767903467779237
ACGGGCTTCTTATCTGx-3,0.4918176621306598
ACGGGTCAGACAGACCx-3,1.0
ACGAGGACACACTGCGx-3,1.0
ACGATACTCAACACGTx-3,0.7391283502065717
ACGAGGAAGTAAGTACx-3,1.0
ACGAGGACAGACGCCTx-3,0.7391283502065717
ACGGGTCAGCGTGAGTx-3,0.7391283502065717
ACGCCGATCGTTACGAx-3,0.9130427834021906
ACGGGCTAGGCGTACAx-3,1.0
ACGTCAAGTTACGCGCx-3,0.9859049811406733
ACGAGGATCTTTACGTx-3,1.0
ACGCCAGGTAGCGCTCx-3,1.0
ACGGAGATCACGATGTx-3,0.7391283502065717
ACGATGTTCTGTTTGTx-3,0.7391283502065717
ACGATACGTCCCGACAx-3,1.0
ACGAGCCGTCGCATCGx-3,1.0
ACTGCTCCATGGTTGTx-3,1.0
AGAGTGGCAAGCCGCTx-3,0.7391283502065717
ACTTGTTCAATAGCGGx-3,1.0
AGAGTGGCAAGACACGx-3,1.0
AGAGCTTGTACCGTATx-3,0.7391283502065717
AGACGTTTCCGAATGTx-3,1.0
AGACGTTCATTGGTACx-3,1.0
ACTTGTTCACAACGTTx-3,1.0
ACTGTCCAGTCCATACx-3,1.0
ACTGTCCGTACCGGCTx-3,0.9130427834021906
ACTTGTTCATGTCCTCx-3,1.0
AGAGCGATCAACACCAx-3,1.0
AGAGCTTAGATGGCGTx-3,0.7391283502065717
ACTTTCATCCGCAGTGx-3,1.0
ACTGAGTAGGCACATGx-3,1.0
AGAGCTTTCTTGGGTAx-3,1.0
ACTGTCCAGTCGATAAx-3,0.767903467779237
ACTGAGTGTTATGTGCx-3,0.7391283502065717
ACTGCTCGTTACAGAAx-3,0.767903467779237
ACTGATGAGCTTATCGx-3,1.0
ACTTGTTCACGAAATAx-3,1.0
AGAATAGCACCAGCACx-3,0.7391283502065717
ACTGTCCTCGTAGGAGx-3,0.6235247827969274
ACTGTCCAGAGTAAGGx-3,0.7391283502065717
ACTTTCAGTGGCAAACx-3,1.0
ACTGAACGTCTCCCTAx-3,0.7391283502065717
ACTGCTCAGCCATCGCx-3,0.767903467779237
ACTGAGTTCCTTGGTCx-3,1.0
ACTGCTCTCTGCCAGGx-3,0.5496408320427421
ACTGAACCATAAAGGTx-3,0.6235247827969274
ACTTTCACAGTGACAGx-3,0.7391283502065717
ACTTGTTGTATGAAACx-3,1.0
ACTTGTTGTGTTGGGAx-3,1.0
ACTGAGTAGCAAATCAx-3,1.0
ACTGAGTAGACGCTTTx-3,0.8260855668043812
ACTGATGCAGCCTTTCx-3,0.7391283502065717
ACTGAGTAGTTGTCGTx-3,1.0
ACTGATGAGGCCCGTTx-3,1.0
AGAGCTTTCCACGAATx-3,1.0
ACTGTCCTCATCATTCx-3,1.0
AGAATAGTCCGTCAAAx-3,0.6235247827969274
ACTTTCAGTGTATGGGx-3,1.0
AGACGTTAGTGTACCTx-3,1.0
AGAGCTTAGTGATCGGx-3,1.0
AGAGCGATCTGGTGTAx-3,0.7391283502065717
ACTGTCCGTGTAACGGx-3,0.6566914541812677
ACTTGTTGTGAGGGTTx-3,1.0
ACTTACTGTCAACTGTx-3,1.0
AGAGCGAGTTTACTCTx-3,1.0
ACTGATGGTTTCGCTCx-3,1.0
AGAGCTTGTTCAGACTx-3,0.6235247827969274
AGAGCTTAGATGTGTAx-3,1.0
ACTGCTCGTCCGAAGAx-3,1.0
AGAGCGAGTTCGAATCx-3,1.0
AGAATAGCAGCTCGACx-3,0.9859049811406733
ACTGAACGTCTCAACAx-3,1.0
AGAATAGCAGCTTAACx-3,1.0
ACTTGTTCATACCATGx-3,0.7391283502065717
ACTGATGCATATGCTGx-3,1.0
ACTGAGTTCAGGATCTx-3,1.0
ACTGTCCTCCCATTTAx-3,0.7391283502065717
ACTGATGTCATATCGGx-3,0.5742545581559637
ACTTGTTCATGTCGATx-3,1.0
ACTTGTTAGTGTCCCGx-3,1.0
AGAGCGAAGACAAAGGx-3,1.0
ACTGTCCTCTTGTACTx-3,0.7391283502065717
ACTTTCAGTACGACCCx-3,1.0
AGACGTTAGATGAGAGx-3,0.767903467779237
AGAGCGAGTAGCACGAx-3,1.0
ACTGAGTTCCGGCACAx-3,1.0
ACTGAACGTAAATACGx-3,0.45098161797018144
ACTTACTGTCATATGCx-3,1.0
ACTTTCAAGAATTGTGx-3,1.0
ACTGAGTCACCCAGTGx-3,1.0
ACTGCTCCAGGTCGTCx-3,1.0
AGAATAGCAAAGTGCGx-3,0.9859049811406733
ACTGATGAGACCTTTGx-3,1.0
AGAATAGTCCGAGCCAx-3,1.0
ACTGAGTTCAGTTCGAx-3,1.0
ACTGCTCCATTCTTACx-3,1.0
AGAGCGACAAACTGCTx-3,1.0
ACTGTCCAGGCGCTCTx-3,0.7391283502065717
AGAATAGAGGAATTACx-3,1.0
ACTTTCAGTCTAGCGCx-3,1.0
AGAGTGGCAGCTGGCTx-3,0.7391283502065717
ACTGAGTCATCACAACx-3,1.0
AGAATAGGTGATGCCCx-3,1.0
AGACGTTTCGTTTATCx-3,1.0
ACTGTCCTCATTGCGAx-3,1.0
ACTTACTGTTACCGATx-3,0.7391283502065717
AGACGTTAGTAGCGGTx-3,1.0
AGAGTGGCACATTCGAx-3,1.0
ACTGCTCCAGGAATCGx-3,1.0
AGAGCGAGTTCAGTACx-3,0.9226344892597457
AGAATAGAGAGGTTATx-3,1.0
AGATCTGCAGTCCTTCx-3,1.0
AGATTGCGTTTCGCTCx-3,0.7391283502065717
AGCGTCGTCGTACCGGx-3,1.0
AGGCCACAGGACGAAAx-3,1.0
AGCGGTCGTTCTGTTTx-3,1.0
AGGCCACGTCAAAGATx-3,1.0
AGATTGCTCTGTACGAx-3,1.0
AGGGAGTAGGGTGTGTx-3,1.0
AGCAGCCAGAGTCGGTx-3,0.7391283502065717
AGCAGCCGTTGATTGCx-3,1.0
AGCGGTCGTTTGACTGx-3,1.0
AGATTGCTCCCATTATx-3,1.0
AGCGTATTCACCGGGTx-3,1.0
AGCATACTCGCTTAGAx-3,1.0
AGCGGTCTCCACGACGx-3,1.0
AGCTCCTCAGCATACTx-3,0.4918176621306598
AGCATACTCGTTTATCx-3,1.0
AGCGGTCCACTGTGTAx-3,1.0
AGCCTAAGTTCACGGCx-3,1.0
AGCCTAACAGCTGTGCx-3,0.767903467779237
AGCTTGAAGCGCTCCAx-3,1.0
AGCAGCCTCCGTCAAAx-3,1.0
AGGCCACTCTTGGGTAx-3,1.0
AGGCCACTCGGCGGTTx-3,0.7391283502065717
AGATCTGAGGCGACATx-3,1.0
AGGCCACAGACTAGATx-3,1.0
AGCGTATCATTTCACTx-3,1.0
AGCGTATTCCCTCAGTx-3,1.0
AGCCTAAGTCGACTATx-3,1.0
AGCGGTCGTTCTCATTx-3,1.0
AGCGTCGAGCTACCTAx-3,1.0
AGCTCCTGTCAACATCx-3,0.9859049811406733
AGCAGCCAGTTCGATCx-3,1.0
AGATTGCCAATGGTCTx-3,0.7391283502065717
AGATCTGCAAGTCTGTx-3,1.0
AGCTCTCTCAATCTCTx-3,1.0
AGGGAGTAGAACAACTx-3,0.7412516707803916
AGAGTGGGTGCAACGAx-3,1.0
AGCATACTCAGCTTAGx-3,0.6235247827969274
AGCCTAATCTTGAGGTx-3,1.0
AGGGAGTAGAAACGCCx-3,1.0
AGCAGCCGTGGTGTAGx-3,1.0
AGCAGCCGTGGTCTCGx-3,0.767903467779237
AGCTCCTCATGGGAACx-3,0.7391283502065717
AGGCCACAGACCACGAx-3,1.0
AGCGTCGAGACTAGATx-3,1.0
AGGCCACTCGCCGTGAx-3,0.7391283502065717
AGCGTATCATCTCGCTx-3,1.0
AGGCCACGTTCGGCACx-3,0.7391283502065717
AGCCTAAAGAAACGAGx-3,0.767903467779237
AGCAGCCAGTGGCACAx-3,1.0
AGCTTGATCATGCAACx-3,0.767903467779237
AGCAGCCAGGCAATTAx-3,0.9859049811406733
AGCGTATAGCCGGTAAx-3,0.6566914541812677
AGCTCCTCACGGCCATx-3,0.767903467779237
AGATCTGAGGACACCAx-3,1.0
AGGCCACGTACAAGTAx-3,1.0
AGGCCACCAGCCAATTx-3,0.7391283502065717
AGCATACAGTCAAGGCx-3,1.0
AGGCCACCAATGGTCTx-3,1.0
AGATCTGTCAGCGACCx-3,0.9859049811406733
AGCGTCGAGAGTACATx-3,1.0
AGATTGCGTTCCACAAx-3,1.0
AGCTCTCAGACGACGTx-3,1.0
AGGCCGTTCGAATGGGx-3,0.7391283502065717
AGAGTGGGTGATAAACx-3,0.7391283502065717
AGCTCTCTCATCTGCCx-3,0.7391283502065717
AGCTCTCCACGAAGCAx-3,1.0
AGCGTCGGTTGGTAAAx-3,1.0
AGCCTAAGTATGAATGx-3,1.0
AGCGTATTCGTTACGAx-3,1.0
AGGCCGTTCATGCATGx-3,1.0
AGCCTAAGTGTGACCCx-3,0.7391283502065717
AGGCCACGTATGCTTGx-3,1.0
AGGCCGTAGATCCTGTx-3,1.0
AGATCTGGTTCCCGAGx-3,0.6235247827969274
AGCGGTCCAGTCGTGCx-3,0.7391283502065717
AGGCCACTCTCGCTTGx-3,1.0
AGATTGCGTGCACTTAx-3,1.0
AGATTGCAGGCTAGGTx-3,1.0
AGCATACCAGGTGGATx-3,1.0
AGGCCACCAAAGGCGTx-3,0.767903467779237
AGGGAGTAGGCGCTCTx-3,1.0
AGAGTGGTCGTACCGGx-3,1.0
AGCCTAAAGACTGGGTx-3,0.4918176621306598
AGCCTAATCTGTGCAAx-3,1.0
AGATTGCCAAGCTGGAx-3,0.7391283502065717
AGATCTGTCTATCCTAx-3,1.0
AGCAGCCCAGGTGGATx-3,0.7391283502065717
AGCGTCGCACGAGAGTx-3,1.0
AGGCCGTCATCAGTACx-3,1.0
AGCTCCTTCACAGTACx-3,0.9859049811406733
AGCGGTCCAGACAAATx-3,1.0
AGCAGCCGTTCAGGCCx-3,0.7391283502065717
AGCCTAACAGCCAGAAx-3,1.0
AGCTCCTGTTCGAATCx-3,0.9718099622813466
AGGCCGTCACACCGCAx-3,0.5496408320427421
AGCTCTCTCATGTCTTx-3,1.0
ATAACGCGTCATATCGx-3,1.0
AGTTGGTGTATATCCGx-3,1.0
ATAAGAGTCCACTCCAx-3,0.7398361237311784
AGGTCATAGGCTCATTx-3,1.0
AGGGTGAAGGCTACGAx-3,1.0
ATAGACCCACTACAGTx-3,0.9130427834021906
AGTAGTCGTTACGCGCx-3,1.0
AGTTGGTAGGATGCGTx-3,0.9859049811406733
ATCATCTCAGTATAAGx-3,1.0
AGTGGGAAGTCATCCAx-3,0.7391283502065717
AGGTCCGCAACTGGCCx-3,0.95771494342202
ATCACGATCAAACGGGx-3,1.0
AGGTCATGTATGGTTCx-3,1.0
AGTGGGAAGATCCGAGx-3,1.0
AGGGAGTAGTTTCCTTx-3,0.4918176621306598
AGTAGTCGTTCAGTACx-3,1.0
AGGGATGCAGCCAATTx-3,0.9718099622813466
AGGGAGTGTCGGATCCx-3,1.0
AGGGTGACACCAGGTCx-3,1.0
AGGGATGAGCTTCGCGx-3,0.6584428369350477
ATCATCTCAATAGCAAx-3,1.0
AGGGATGGTGTAACGGx-3,1.0
AGTGGGAGTCAGTGGAx-3,0.9859049811406733
ATCACGATCCTGCAGGx-3,1.0
AGGTCATAGCTATGCTx-3,0.5496408320427421
AGTAGTCTCTGTACGAx-3,1.0
ATAAGAGCAATGGAGCx-3,0.95771494342202
ATCACGAAGGCCCGTTx-3,0.9718099622813466
AGGGAGTTCAACCATGx-3,1.0
AGGGATGGTGAAAGAGx-3,0.7391283502065717
AGGTCATAGGATGCGTx-3,1.0
ATCACGACAGTCGATTx-3,1.0
ATAAGAGTCGAGAGCAx-3,1.0
AGGGATGTCGTTACGAx-3,1.0
AGGGTGATCGCCAGCAx-3,0.767903467779237
AGTGTCAGTAAGTGGCx-3,0.6235247827969274
ATAAGAGGTCGCTTTCx-3,1.0
ATCACGAGTTGTCTTTx-3,1.0
ATCATCTAGCGTCTATx-3,1.0
AGGTCCGTCTTTAGGGx-3,1.0
AGTGAGGAGGCTACGAx-3,0.7391283502065717
AGTGTCATCTGGTGTAx-3,0.7391283502065717
AGTGTCAGTAAGTGTAx-3,1.0
AGTGTCACACAGGCCTx-3,1.0
ATAGACCAGAGATGAGx-3,1.0
ATCATCTAGGCTAGACx-3,1.0
AGGGATGTCGATGAGGx-3,0.7391283502065717
ATAAGAGCAGCTCGACx-3,1.0
AGTGAGGAGACCGGATx-3,0.8463182232136558
ATAACGCTCGCTGATAx-3,1.0
ATAACGCCATGGTCTAx-3,1.0
AGGGATGGTCACCTAAx-3,1.0
AGTGAGGAGGTTACCTx-3,0.7391283502065717
ATAACGCCACTGTCGGx-3,1.0
AGTCTTTCATCACAACx-3,1.0
AGTAGTCAGTGTTGAAx-3,1.0
AGGGATGCAAACCTACx-3,0.9130427834021906
AGGGAGTCACCTTGTCx-3,1.0
AGTGGGACATGCCACGx-3,1.0
AGTTGGTAGTGGAGAAx-3,1.0
AGGGTGACACGGCCATx-3,1.0
AGTCTTTCACCCTATCx-3,0.9859049811406733
AGTAGTCCAGTTCATGx-3,1.0
AGGGATGCAATGGAGCx-3,1.0
ATAACGCTCCTACAGAx-3,1.0
AGTTGGTTCTGCCCTAx-3,0.9130427834021906
ATAGACCAGCGTTGCCx-3,0.7391283502065717
AGGGTGATCGACGGAAx-3,1.0
ATAACGCAGGTGGGTTx-3,1.0
AGTGTCATCGTGGACCx-3,1.0
ATAACGCGTCACCTAAx-3,1.0
AGGTCATAGGGTTTCTx-3,0.9859049811406733
AGGTCCGTCGCGGATCx-3,1.0
AGTAGTCGTCCAGTTAx-3,0.95771494342202
ATAAGAGTCACTCCTGx-3,0.9859049811406733
ATAACGCGTGGTAACGx-3,1.0
AGTCTTTCACGTAAGGx-3,0.7391283502065717
AGTAGTCAGAGGACGGx-3,0.9859049811406733
ATAGACCCAAACCTACx-3,0.7391283502065717
AGGTCATAGAAGCCCAx-3,1.0
ATAACGCTCGATAGAAx-3,1.0
AGGTCATGTCAGAATAx-3,1.0
AGGGTGACATCTACGAx-3,0.7391283502065717
AGGTCCGGTCTTGCGGx-3,0.9226344892597457
AGGGAGTAGTACCGGAx-3,1.0
AGGTCATTCACATAGCx-3,0.767903467779237
AGGTCCGAGGGAGTAAx-3,1.0
ATAGACCCATGCGCACx-3,0.767903467779237
ATCACGACAATGTAAGx-3,1.0
AGTGTCAGTGACTCATx-3,0.767903467779237
AGGGTGAAGAGGACGGx-3,1.0
ATAAGAGTCCTTGGTCx-3,1.0
ATGAGGGGTACTTGACx-3,1.0
ATGAGGGTCGAGAGCAx-3,0.7391283502065717
ATTACTCCAATTGCTGx-3,0.8311739596601646
ATGGGAGAGCGATGACx-3,0.7391283502065717
ATCGAGTGTCATGCATx-3,1.0
ATCCACCCAGTAACGGx-3,0.9226344892597457
ATCTACTCAATAGCGGx-3,0.9859049811406733
ATGGGAGCAGAAGCACx-3,0.7391283502065717
ATGTGTGTCCCTGACTx-3,1.0
ATCATGGAGCTAGTTCx-3,1.0
ATCATCTTCAGGCAAGx-3,1.0
ATCATGGCAGGTCTCGx-3,1.0
ATGTGTGGTCGAGTTTx-3,1.0
ATGAGGGTCAAGATCCx-3,0.7391283502065717
ATCTGCCCAAAGTGCGx-3,0.767903467779237
ATCGAGTCACAGCCCAx-3,1.0
ATGGGAGTCTCGAGTAx-3,1.0
ATCCGAAAGTTCGATCx-3,1.0
ATCTGCCTCTTGAGGTx-3,0.9859049811406733
ATGAGGGTCTTACCTAx-3,0.5496408320427421
ATCATGGAGGAGTTTAx-3,1.0
ATCATCTTCCTAGAACx-3,1.0
ATGCGATGTGCCTGTGx-3,0.7391283502065717
ATCATGGAGAAGATTCx-3,1.0
ATCTGCCAGGACAGAAx-3,0.7391283502065717
ATTACTCGTACAGTGGx-3,0.95771494342202
ATCGAGTGTTCCAACAx-3,0.767903467779237
ATCTGCCGTGCTGTATx-3,1.0
ATCATCTGTACAAGTAx-3,0.7391283502065717
ATGTGTGGTCGAATCTx-3,1.0
ATCCACCCACGGCCATx-3,1.0
ATCGAGTTCTTCCTTCx-3,1.0
ATCGAGTCACTAGTACx-3,1.0
ATTACTCAGCTCCTTCx-3,0.9130427834021906
ATGGGAGGTTCACCTCx-3,1.0
ATCATCTGTCGTCTTCx-3,0.7391283502065717
ATTACTCCACCCTATCx-3,1.0
ATCCACCTCCGTCAAAx-3,1.0
ATCTGCCAGTGTACTCx-3,1.0
ATCTGCCAGGCATGGTx-3,1.0
ATCCGAACATCGGACCx-3,0.7391283502065717
ATGAGGGAGCCCAATTx-3,1.0
ATGCGATCAAGTAATGx-3,0.7391283502065717
ATCATCTGTTGAGTTCx-3,1.0
ATTACTCAGTGCGTGAx-3,1.0
ATCATCTTCGCCCTTAx-3,1.0
ATCTGCCGTAGTGAATx-3,0.9859049811406733
ATCTGCCAGACGCACAx-3,0.7391283502065717
ATTACTCAGGATGTATx-3,1.0
ATGGGAGGTGCGGTAAx-3,0.5056343110053327
ATTACTCCACGGCCATx-3,0.7391283502065717
ATGGGAGGTAAGTGGCx-3,1.0
ATCTGCCAGCGTGTCCx-3,1.0
ATGGGAGCATGACATCx-3,1.0
ATCTGCCTCTGATACGx-3,0.7391283502065717
ATGTGTGTCAGCACATx-3,1.0
ATCCGAACATTAGCCAx-3,1.0
ATGCGATGTGCAACTTx-3,1.0
ATCATCTTCGCAAACTx-3,1.0
ATCGAGTAGGGCACTAx-3,0.7391283502065717
ATCATGGAGTGTGAATx-3,0.767903467779237
ATCGAGTCACCCATTCx-3,0.9859049811406733
ATGTGTGGTGCGATAGx-3,0.7391283502065717
ATGGGAGTCGGAGCAAx-3,1.0
ATCTACTGTCCTCTTGx-3,0.767903467779237
ATCTGCCGTGTGCCTGx-3,1.0
ATCATCTCAGTCAGAGx-3,1.0
ATCGAGTAGTACATGAx-3,1.0
ATCATGGGTCGCGAAAx-3,0.7391283502065717
ATCCACCTCGCTTGTCx-3,1.0
ATGCGATTCCCACTTGx-3,0.9859049811406733
ATCCACCGTCACTGGCx-3,1.0
ATTACTCAGCCAGTAGx-3,0.7391283502065717
ATCGAGTGTACCTACAx-3,0.7391283502065717
ATCATCTGTGTTGGGAx-3,0.9130427834021906
ATCATCTCATCACGATx-3,1.0
ATCATCTCAGTCGTGCx-3,1.0
ATCTACTCACAGGAGTx-3,0.5742545581559637
ATCATGGTCCAGAGGAx-3,1.0
ATGGGAGTCGAACTGTx-3,0.767903467779237
ATCCGAATCAGCACATx-3,0.5988967992121988
ATCTACTAGTGCTGCCx-3,1.0
ATGCGATCACCACCAGx-3,1.0
ATGCGATCAATAACGAx-3,1.0
ATCATGGAGTAGGCCAx-3,0.767903467779237
ATCCGAATCCACGAATx-3,1.0
ATCCGAAGTGTGGCTCx-3,1.0
ATCTGCCGTCCAGTGCx-3,1.0
ATGAGGGTCCTACAGAx-3,1.0
ATCTGCCGTGCACTTAx-3,0.9859049811406733
ATCTACTCACCGAAAGx-3,1.0
ATCGAGTGTTTCGCTCx-3,1.0
ATTATCCGTTAAGAACx-3,1.0
ATTTCTGAGTCGATAAx-3,0.9859049811406733
CAACCAATCCAAAGTCx-3,1.0
ATTTCTGAGCTTTGGTx-3,0.7391283502065717
ATTATCCGTCTCAACAx-3,1.0
CAAGGCCAGTGGCACAx-3,0.7391283502065717
CAACCTCCACCCAGTGx-3,1.0
ATTCTACGTTCAGTACx-3,0.7391283502065717
CAACTAGTCGAATGGGx-3,1.0
ATTCTACCATCTCCCAx-3,0.7391283502065717
CAAGATCTCAATCACGx-3,0.6235247827969274
CAACCAATCCAAACACx-3,1.0
ATTGGTGGTACAGTTCx-3,1.0
CAAGGCCTCGCACTCTx-3,1.0
CAACCTCTCGTCGTTCx-3,1.0
CAACCAATCTTCGAGAx-3,0.7391283502065717
ATTTCTGAGCTGCAAGx-3,1.0
ATTGGTGAGTGGACGTx-3,1.0
ATTTCTGCACTGTGTAx-3,0.7391283502065717
CAAGGCCCATCCCACTx-3,1.0
CAACTAGCACTGTGTAx-3,1.0
ATTGGACCAAGCCTATx-3,0.7391283502065717
ATTATCCAGCCGTCGTx-3,1.0
CAAGATCTCTGGTGTAx-3,1.0
ATTTCTGTCATCATTCx-3,0.7391283502065717
CAAGATCCAAAGCGGTx-3,0.767903467779237
ATTCTACTCACAATGCx-3,0.7391283502065717
ATTTCTGTCTTCATGTx-3,1.0
CAACCAATCCTCAATTx-3,1.0
ATTCTACAGTCTCGGCx-3,0.6235247827969274
CAAGGCCTCGGAGGTAx-3,0.7391283502065717
ATTACTCTCTGCTGTCx-3,0.7391283502065717
CAACCAAGTAGGACACx-3,0.7391283502065717
CAAGATCGTTATGTGCx-3,0.9130427834021906
CAAGATCAGAACAATCx-3,1.0
CAACTAGGTTGGACCCx-3,1.0
CAAGATCTCGAACGGAx-3,0.7487200560641268
CAACTAGCATATGAGAx-3,1.0
ATTCTACAGGGAAACAx-3,0.767903467779237
ATTGGACTCTACTTACx-3,1.0
ATTGGTGAGCTGCCCAx-3,0.7391283502065717
ATTATCCAGATGGGTCx-3,0.7490165218646182
ATTGGACGTAGAAGGAx-3,1.0
CAAGATCAGATGTTAGx-3,1.0
CAACCTCGTCAATGTCx-3,1.0
ATTCTACCATCTCGCTx-3,1.0
ATTCTACCAAAGAATCx-3,0.5496408320427421
CAAGGCCGTAAGGGCTx-3,1.0
ATTTCTGGTCAAAGCGx-3,1.0
ATTTCTGAGCGATTCTx-3,1.0
CAAGGCCTCCACTGGGx-3,1.0
ATTGGTGTCTTGCCGTx-3,1.0
ATTATCCTCTTAGCCCx-3,1.0
CAACCAAAGAAGGTTTx-3,1.0
CAACTAGTCACGACTAx-3,1.0
CAAGATCAGAGGGATAx-3,0.7391283502065717
ATTGGACAGATGCCAGx-3,1.0
CAACTAGAGTTGAGTAx-3,0.7391283502065717
CAAGATCGTCTGGTCGx-3,1.0
CAAGATCGTAGCGTAGx-3,1.0
ATTGGTGAGATATACGx-3,0.767903467779237
CAAGGCCAGTCAATAGx-3,0.8848527456835372
ATTTCTGTCCTGTACCx-3,0.7391283502065717
CAAGGCCTCACATACGx-3,1.0
CAAGAAAGTACTCTCCx-3,1.0
CAAGAAACATTCTTACx-3,0.5496408320427421
CAAGAAATCACCCGAGx-3,1.0
CAAGAAATCTCTTGATx-3,1.0
CAAGATCAGCTCTCGGx-3,0.7391283502065717
ATTTCTGAGATACACAx-3,1.0
ATTGGACAGCGTGTCCx-3,1.0
ATTTCTGCATTGGCGCx-3,0.7391283502065717
CAAGATCCAGGCTGAAx-3,1.0
ATTTCTGTCATGTCTTx-3,0.9859049811406733
CAACCTCAGCTCTCGGx-3,0.4918176621306598
CAAGGCCGTGAAATCAx-3,0.7391283502065717
CAACTAGCATCCTTGCx-3,1.0
CAACCAAGTCTTGATGx-3,1.0
ATTATCCGTAGATTAGx-3,1.0
ATTACTCTCGAATGGGx-3,1.0
CAAGGCCCACTTGGATx-3,0.767903467779237
ATTGGACAGAAGGTGAx-3,1.0
ATTTCTGTCACCAGGCx-3,0.767903467779237
CAACCTCAGCAACGGTx-3,0.95771494342202
CAAGATCAGCACCGTCx-3,0.6235247827969274
CAAGAAACAGCGTAAGx-3,0.9859049811406733
ATTGGACCACGGTAGAx-3,1.0
CAAGAAAAGTCCAGGAx-3,0.8452689785194913
ATTGGACCATGTAAGAx-3,1.0
CAACCAATCTTATCTGx-3,1.0
CAACCTCGTCGACTATx-3,0.7391283502065717
CAAGAAATCAACACACx-3,1.0
ATTGGACGTATCGCATx-3,0.7391283502065717
CAACCAAGTAACGACGx-3,0.6235247827969274
CAACTAGAGGCTCTTAx-3,1.0
CACATAGTCCTCATTAx-3,1.0
CAAGTTGAGCTCTCGGx-3,1.0
CACACCTGTAGCAAATx-3,0.7391283502065717
CAGAATCCATCGACGCx-3,1.0
CACCACTAGACAATACx-3,1.0
CACACAACAGACAAGCx-3,1.0
CAAGGCCTCGTGACATx-3,1.0
CACAGTAGTAAATACGx-3,1.0
CACATTTAGTACGCGAx-3,1.0
CACACAAAGTGGTAATx-3,0.7391283502065717
CACAAACAGGGTTCCCx-3,0.7391283502065717
CACTCCATCTTTAGTCx-3,1.0
CACACCTGTTGACGTTx-3,1.0
CACAAACCAGCGAACAx-3,0.9718099622813466
CACCACTTCGTTGCCTx-3,0.5496408320427421
CAAGTTGTCCGCATAAx-3,0.9859049811406733
CACCAGGAGTGACATAx-3,1.0
CACACAACACTATCTTx-3,1.0
CACCTTGTCCTAGGGCx-3,1.0
CACACAACACACGCTGx-3,1.0
CACCACTTCGAATCCAx-3,1.0
CAGAATCTCTCTAGGAx-3,0.767903467779237
CACAGTAAGAGACTTAx-3,1.0
CACTCCAAGCGACGTAx-3,1.0
CAGAGAGAGAAAGTGGx-3,0.7391283502065717
CACAGGCTCCAGAGGAx-3,1.0
CACACTCTCGTTTGCCx-3,1.0
CAGAGAGAGAAGCCCAx-3,1.0
CACACTCAGCCTATGTx-3,1.0
CACACTCCACCGTTGGx-3,1.0
CACCAGGTCGAGGTAGx-3,1.0
CACACAACAATACGCTx-3,0.6471167558944465
CACTCCACACGGATAGx-3,1.0
CACCTTGCACGACGAAx-3,0.7391283502065717
CACATAGTCAGAGACGx-3,0.7391283502065717
CACACAAGTGTTTGTGx-3,1.0
CACACAACATCACGATx-3,1.0
CACCAGGTCACGATGTx-3,0.6566914541812677
CAAGTTGCAATGTAAGx-3,0.767903467779237
CACCAGGCAAACTGTCx-3,1.0
CAGAATCCATCGATTGx-3,1.0
CACAAACAGAGCTGCAx-3,1.0
CAGAATCCATCGGACCx-3,1.0
CACCTTGCACCAACCGx-3,1.0
CACCACTCAACCGCCAx-3,0.7398361237311784
CACCACTCACAGGTTTx-3,1.0
CAGAATCAGTTGAGTAx-3,1.0
CACATAGCAGGACGTAx-3,1.0
CACTCCACACGCATCGx-3,0.5496408320427421
CACCTTGGTGTTGAGGx-3,1.0
CACTCCAGTCTCCATCx-3,1.0
CAGAATCGTAGCTAAAx-3,0.6235247827969274
CACAGTAGTGACAAATx-3,0.8463182232136558
CACACCTTCCTGCCATx-3,1.0
CACATAGAGCTGCAAGx-3,1.0
CACATAGCAAAGCAATx-3,1.0
CACACAAGTCGGCATCx-3,1.0
CACAGGCCACCATCCTx-3,0.9859049811406733
CACATTTAGGCCCTTGx-3,0.7391283502065717
CACATTTTCTAAGCCAx-3,1.0
CACATTTGTGTGCGTCx-3,1.0
CACAGGCTCGTTTATCx-3,1.0
CACAGGCGTCCGAATTx-3,1.0
CACCACTTCTGTTGAGx-3,0.7391283502065717
CACACCTAGCAGCGTAx-3,1.0
CACAGTACATCGTCGGx-3,0.7391283502065717
CACTCCACATAGTAAGx-3,1.0
CACATTTTCGGATGTTx-3,1.0
CAGAATCGTACAGTTCx-3,0.9718099622813466
CACATAGCATTGGGCCx-3,1.0
CACCAGGGTTACGGAGx-3,1.0
CACCAGGAGGTGCTAGx-3,0.767903467779237
CACCACTGTTATGCGTx-3,1.0
CAAGTTGCATTATCTCx-3,1.0
CACAGTAAGGGATCTGx-3,1.0
CACCTTGAGCCAGGATx-3,1.0
CACTCCAAGAGACGAAx-3,1.0
CACCACTTCGCCAAATx-3,1.0
CACCAGGCAATCTGCAx-3,0.7391283502065717
CACACTCTCCTACAGAx-3,1.0
CACACTCCAGGGAGAGx-3,1.0
CACACCTAGGGTTTCTx-3,1.0
CACACAATCTTGAGGTx-3,1.0
CACACCTTCCTAGGGCx-3,1.0
CACATAGTCCACTCCAx-3,1.0
CACATAGAGAACAATCx-3,1.0
CACCTTGCACCGAATTx-3,1.0
CACACTCTCAAAGTAGx-3,1.0
CAGAATCCAGATCCATx-3,1.0
CACTCCAAGAATCTCCx-3,0.7197772394518004
CACTCCAAGACTAGGCx-3,0.6566914541812677
CACACCTCATCGATGTx-3,0.7391283502065717
CACAAACGTCCGCTGAx-3,1.0
CACTCCACAGGTGGATx-3,0.7391283502065717
CAGCAGCAGGAGTTGCx-3,0.7391283502065717
CAGAGAGTCTCTGCTGx-3,1.0
CAGCATAAGAGAACAGx-3,0.767903467779237
CAGCATATCGGGAGTAx-3,0.7391283502065717
CAGCCGATCAGAGGTGx-3,1.0
CAGCCGATCAAACCACx-3,1.0
CAGTAACCAAAGCGGTx-3,1.0
CAGCAGCGTGATAAACx-3,0.7391283502065717
CAGCGACCATCCGGGTx-3,0.5496408320427421
CATATGGAGCTGCAAGx-3,0.767903467779237
CAGTCCTGTCGGATCCx-3,0.767903467779237
CAGCTAATCTTGCATTx-3,1.0
CAGATCAAGAAACCGCx-3,0.767903467779237
CAGTAACTCGTTACAGx-3,0.7391283502065717
CAGCATAAGACACTAAx-3,1.0
CAGCATAAGATGAGAGx-3,0.7391283502065717
CAGGTGCAGAGGTACCx-3,1.0
CAGCCGATCGTTGACAx-3,1.0
CAGGTGCCACCACGTGx-3,1.0
CAGCGACGTGGTCCGTx-3,1.0
CAGTAACTCCGTAGGCx-3,0.7391283502065717
CAGCTGGAGATCTGAAx-3,1.0
CAGCGACCAGACGCAAx-3,0.7391283502065717
CAGCAGCCAATGGATAx-3,1.0
CATATGGCACAACGCCx-3,1.0
CAGCTGGGTATAAACGx-3,1.0
CATATGGCAGTCACTAx-3,1.0
CAGCGACCACATCTTTx-3,0.7398361237311784
CAGTCCTGTCTTCGTCx-3,1.0
CAGAGAGTCGCCGTGAx-3,1.0
CAGCTGGTCAGAGACGx-3,0.7391283502065717
CAGCCGAGTTACCAGTx-3,0.5357200356860823
CAGATCACAAGTTGTCx-3,1.0
CAGCAGCGTCTAGCGCx-3,1.0
CAGCTGGAGGACAGCTx-3,1.0
CAGGTGCAGTGCCAGAx-3,0.7391283502065717
CAGGTGCGTCAGCTATx-3,0.9226344892597457
CAGCCGAAGGATGCGTx-3,1.0
CAGCTAACAATCGGTTx-3,1.0
CAGCAGCCAGAGTGTGx-3,1.0
CAGTAACCATGGTTGTx-3,1.0
CAGATCACACTACAGTx-3,0.7391283502065717
CAGCAGCTCTTTAGTCx-3,0.7391283502065717
CAGTCCTCACAACGCCx-3,0.7391283502065717
CAGCTAATCCGGGTGTx-3,0.5496408320427421
CAGAGAGTCGAATGCTx-3,0.7391283502065717
CAGCCGAGTCCGTTAAx-3,1.0
CAGCAGCGTTGTGGCCx-3,1.0
CAGAGAGTCCAGGGCTx-3,0.7391283502065717
CAGATCATCACTTACTx-3,1.0
CAGCGACGTTCGCTAAx-3,1.0
CAGATCACACAGGAGTx-3,0.7391283502065717
CAGTAACTCCTTTCTCx-3,1.0
CAGCATATCACCAGGCx-3,0.7391283502065717
CAGTCCTTCCACTGGGx-3,1.0
CAGCGACAGGTGTTAAx-3,0.6235247827969274
CAGTAACGTCTTTCATx-3,1.0
CAGAGAGCAGATGGCAx-3,1.0
CAGGTGCAGAAACCTAx-3,0.6235247827969274
CAGCATAAGTGGGTTGx-3,0.9226344892597457
CAGCTGGGTTCTGGTAx-3,1.0
CAGTAACAGAGGACGGx-3,0.9130427834021906
CAGCCGACACTAAGTCx-3,1.0
CAGATCACAAGCCGCTx-3,1.0
CAGCTAACATAAAGGTx-3,1.0
CAGAGAGTCTACCTGCx-3,0.9718099622813466
CAGCATACACTTACGAx-3,0.7391283502065717
CAGCAGCTCGGTGTTAx-3,0.9859049811406733
CAGCAGCTCACGATGTx-3,1.0
CAGATCAAGATGTAACx-3,1.0
CAGCAGCCACCAGGTCx-3,1.0
CAGCATAGTCCGTCAGx-3,0.7391283502065717
CAGTAACGTACAGCAGx-3,0.8260855668043812
CAGGTGCAGTCAAGCGx-3,1.0
CAGTCCTCAAGCGAGTx-3,1.0
CAGTAACTCTCGCATCx-3,0.9718099622813466
CAGGTGCGTGCACTTAx-3,0.7391283502065717
CAGGTGCAGATGTAACx-3,1.0
CAGCTGGAGCCGTCGTx-3,0.9859049811406733
CATATGGCACTTCTGCx-3,1.0
CAGGTGCGTCTGGTCGx-3,1.0
CAGCCGAAGGGTATCGx-3,0.7391283502065717
CAGCTGGCAATGGATAx-3,1.0
CAGATCATCTTCCTTCx-3,1.0
CAGCTGGAGCTCCTTCx-3,0.767903467779237
CAGCTGGTCTGCGGCAx-3,0.9718099622813466
CAGCTGGCACGTTGGCx-3,1.0
CAGCCGACAGAGCCAAx-3,0.4918176621306598
CAGAGAGGTGATGTCTx-3,1.0
CATATGGCAGTAAGCGx-3,1.0
CAGCTAAGTGTTTGTGx-3,0.7391283502065717
CAGCCGACAGGGTACAx-3,0.5496408320427421
CAGTAACAGTCTTGCAx-3,1.0
CAGCTGGAGCTATGCTx-3,1.0
CAGGTGCCACATGGGAx-3,0.7391283502065717
CAGCCGATCTTGAGACx-3,0.9859049811406733
CATGACAAGGCCATAGx-3,1.0
CATCCACAGAGCTGCAx-3,1.0
CATCAGACAGACAAATx-3,1.0
CATCCACGTGTGAAATx-3,1.0
CATGGCGGTTCCACGGx-3,1.0
CATCGGGAGGTGATTAx-3,0.9718099622813466
CATTATCAGATATGCAx-3,1.0
CATGCCTCATGTCTCCx-3,0.7391283502065717
CATGGCGTCAACGGGAx-3,0.7391283502065717
CATCGAATCTGATTCTx-3,1.0
CCAATCCGTTGGAGGTx-3,1.0
CATGGCGCAATACGCTx-3,0.767903467779237
CATGGCGCACCAGGTCx-3,1.0
CATCAGATCCGTTGTCx-3,0.767903467779237
CATTATCTCGTAGGAGx-3,0.8452689785194913
CCAATCCCAAACAACAx-3,0.767903467779237
CCAATCCAGACATAACx-3,1.0
CATATTCGTGTGCGTCx-3,1.0
CATCCACGTGCCTTGGx-3,1.0
CATCGAAAGCCGATTTx-3,0.7391283502065717
CATGGCGTCCCATTTAx-3,0.9859049811406733
CCAATCCAGCCTTGATx-3,1.0
CATGGCGTCACAAACCx-3,1.0
CATATGGGTTACGGAGx-3,0.95771494342202
CATTCGCCACGTGAGAx-3,0.5496408320427421
CATATGGGTCTCACCTx-3,1.0
CATGACAAGACCCACCx-3,1.0
CATCCACAGAAACCATx-3,1.0
CATCGGGGTTGTTTGGx-3,1.0
CATCGGGCAATGTTGCx-3,1.0
CATGCCTTCGTCACGGx-3,1.0
CATATTCCACTGAAGGx-3,1.0
CATCGAACATCGACGCx-3,0.767903467779237
CATGACAAGACATAACx-3,0.7391283502065717
CATATGGTCAAGCCTAx-3,0.6566914541812677
CCAATCCTCTATGTGGx-3,0.7391283502065717
CATGCCTTCGCACTCTx-3,1.0
CATGGCGTCGGAGCAAx-3,0.7391283502065717
CATGACAAGGTAGCCAx-3,1.0
CATGGCGGTCAGATAAx-3,1.0
CATATTCAGTTACGGGx-3,1.0
CATTATCGTGCCTGGTx-3,1.0
CATTATCAGCTAAACAx-3,1.0
CCAATCCAGAGTCTGGx-3,1.0
CATGACATCCGGCACAx-3,0.9859049811406733
CATCCACCAGATCGGAx-3,0.7391283502065717
CATCAAGAGACGACGTx-3,1.0
CATCAAGTCCTCGCATx-3,1.0
CATCCACTCATGTAGCx-3,1.0
CATCCACCATCGATGTx-3,0.5988967992121988
CATTATCGTCCAAGTTx-3,1.0
CATGACATCTTCTGGCx-3,0.7391283502065717
CATATGGTCATCGGATx-3,0.7391283502065717
CATTATCCAAGAAGAGx-3,0.9226344892597457
CCACCTAGTATTAGCCx-3,1.0
CATCCACTCCGCTGTTx-3,1.0
CATATTCTCATTGCCCx-3,1.0
CATCGGGCAAGCCGTCx-3,1.0
CATTATCAGGCACATGx-3,1.0
CATGGCGTCGAATCCAx-3,1.0
CATATTCTCAGAGCTTx-3,1.0
CATTATCGTATCGCATx-3,0.9859049811406733
CATCGAAAGAGCTGGTx-3,0.767903467779237
CATCGAATCTGCAAGTx-3,1.0
CATGACATCGCCAGCAx-3,1.0
CATCGAAGTATCACCAx-3,1.0
CCAATCCTCACTGGGCx-3,1.0
CATTATCAGTACGCGAx-3,0.7391283502065717
CATCCACGTTTGGGCCx-3,1.0
CATGACAGTACCATCAx-3,1.0
CATTCGCCACTTACGAx-3,0.7391283502065717
CATGCCTTCTCACATTx-3,0.7391283502065717
CATTATCAGTACGTAAx-3,1.0
CATCCACGTCCGTGACx-3,1.0
CATATTCCATCGGGTCx-3,0.5496408320427421
CATCAGATCTGGAGCCx-3,1.0
CATCCACCACCAGTTAx-3,1.0
CATGGCGAGACACTAAx-3,1.0
CCACCTAAGCTAGTTCx-3,1.0
CCAATCCTCTAACTCTx-3,0.7391283502065717
CCACCTAAGGAATCGCx-3,0.4918176621306598
CCACCTAAGGGAGTAAx-3,1.0
CATTCGCTCGTTGACAx-3,1.0
CATGGCGTCACCCTCAx-3,0.9718099622813466
CATGGCGCACCACCAGx-3,1.0
CATATTCCACTGCCAGx-3,1.0
CCACCTAAGCGTCTATx-3,0.9226344892597457
CATGACAAGTTTAGGAx-3,1.0
CATCGAAGTTATCGGTx-3,0.6435762848968962
CATCCACGTCACTTCCx-3,0.7412516707803916
CATTCGCGTTCAGACTx-3,0.9859049811406733
CATTATCCACGAGGTAx-3,1.0
CATCAGATCACCGGGTx-3,1.0
CATATGGGTGCCTGTGx-3,1.0
CATGACAGTCGCGGTTx-3,1.0
CATGACACAATCCGATx-3,0.767903467779237
CATGACAAGGATGGTCx-3,1.0
CATGACATCTCCGGTTx-3,0.9130427834021906
CCATTCGAGGCTAGACx-3,1.0
CCGGGATCACTGTTAGx-3,1.0
CCAGCGAGTTCCGGCAx-3,1.0
CCCAGTTCACGCTTTCx-3,0.95771494342202
CCATGTCCAAATACAGx-3,1.0
CCACCTATCGCCATAAx-3,0.9130427834021906
CCACGGATCTCTGAGAx-3,1.0
CCGTGGACAGTACACTx-3,1.0
CCCAATCGTCTCTTTAx-3,1.0
CCCAGTTCACCTATCCx-3,1.0
CCCAGTTAGATGTTAGx-3,1.0
CCGTACTAGTATCGAAx-3,1.0
CCACGGAAGTTTGCGTx-3,1.0
CCCAATCTCCTCTAGCx-3,1.0
CCGTGGACAACGCACCx-3,0.7391283502065717
CCGTACTTCCCGGATGx-3,1.0
CCACGGAAGTGATCGGx-3,1.0
CCGGGATTCTGCTGTCx-3,0.5496408320427421
CCCAGTTCATCACGATx-3,1.0
CCATTCGAGGGAGTAAx-3,1.0
CCGTACTCAGTTCCCTx-3,1.0
CCATGTCCATATACGCx-3,1.0
CCGTGGAGTAGAAAGGx-3,1.0
CCCAGTTGTTGAGTTCx-3,0.7391283502065717
CCACCTATCGCATGATx-3,0.8944444515410923
CCAGCGAGTCAAAGCGx-3,0.7391283502065717
CCAGCGACACGGCTACx-3,0.767903467779237
CCGGGATTCAGTTAGCx-3,0.7391283502065717
CCACGGATCCCATTTAx-3,1.0
CCACCTAGTGAGGCTAx-3,0.9859049811406733
CCGGGATTCACATGCAx-3,0.9718099622813466
CCGTACTAGGGTGTTGx-3,0.7391283502065717
CCACCTATCCTACAGAx-3,0.41762126893051404
CCACGGATCACTGGGCx-3,1.0
CCAGCGAGTCCAGTATx-3,0.7391283502065717
CCACGGAAGAGCAATTx-3,0.9859049811406733
CCAGCGACAATCTGCAx-3,0.7391283502065717
CCCATACTCCTCAATTx-3,1.0
CCGGGATTCAGAGACGx-3,0.7391283502065717
CCCTCCTAGTCGCCGTx-3,0.9859049811406733
CCACTACGTCGTTGTAx-3,1.0
CCGGTAGGTGATGTCTx-3,1.0
CCCAATCGTGCATCTAx-3,0.7391283502065717
CCCATACAGCGAGAAAx-3,0.5988967992121988
CCATGTCTCCGAACGCx-3,1.0
CCCAGTTCAATTCCTTx-3,1.0
CCATGTCCATCACAACx-3,1.0
CCGTACTTCTAACCGAx-3,1.0
CCATGTCGTATGCTTGx-3,1.0
CCGGGATGTTGGGACAx-3,0.7391283502065717
CCCAATCAGACAATACx-3,0.4918176621306598
CCCAGTTGTTCGCTAAx-3,1.0
CCAGCGAGTTACTGACx-3,0.7391283502065717
CCGGGATTCATCGATGx-3,0.7391283502065717
CCATGTCTCCTATTCAx-3,0.9718099622813466
CCGGGATTCTTGCAAGx-3,1.0
CCACTACGTCGCTTCTx-3,1.0
CCCAGTTTCACTTCATx-3,1.0
CCCAGTTAGTTTAGGAx-3,1.0
CCCAGTTTCCTCAATTx-3,1.0
CCCAATCGTGATAAACx-3,0.7391283502065717
CCAGCGATCAGTTAGCx-3,0.767903467779237
CCATTCGAGGCTCTTAx-3,1.0
CCACGGACATCACGTAx-3,0.7391283502065717
CCGGGATCACGCTTTCx-3,0.7391283502065717
CCGGTAGTCATGTCTTx-3,0.7391283502065717
CCGTGGACACATAACCx-3,1.0
CCACCTATCGCCAAATx-3,0.7391283502065717
CCGTGGAAGACTAGGCx-3,1.0
CCAGCGAAGCCGATTTx-3,1.0
CCACGGAGTCAGTGGAx-3,1.0
CCCTCCTTCATTATCCx-3,0.6235247827969274
CCGTACTAGCCCAGCTx-3,0.9859049811406733
CCACTACCACTGCCAGx-3,1.0
CCACGGATCCGCTGTTx-3,0.9718099622813466
CCCAATCAGCTGAACGx-3,0.9859049811406733
CCCAATCAGTGGGCTAx-3,1.0
CCACGGAAGCGATATAx-3,0.6235247827969274
CCACTACGTAGAAGGAx-3,0.5496408320427421
CCAGCGATCAACCAACx-3,1.0
CCGTACTGTTATTCTCx-3,1.0
CCACCTAGTGGTGTAGx-3,0.767903467779237
CCCATACTCTTCCTTCx-3,0.6235247827969274
CCACGGAGTTCCTCCAx-3,1.0
CCAGCGAAGTCAAGGCx-3,0.767903467779237
CCCAGTTTCTAAGCCAx-3,1.0
CCATTCGCAGTAAGCGx-3,1.0
CCATGTCGTTTAGGAAx-3,0.7391283502065717
CCCAATCGTGCTCTTCx-3,0.7391283502065717
CCGTGGAAGATAGTCAx-3,1.0
CCGTGGAGTATAGGTAx-3,0.7391283502065717
CCATGTCCACAGGCCTx-3,1.0
CCGTACTAGTCCATACx-3,1.0
CCCAATCTCTGCTTGCx-3,1.0
CCAGCGAAGTCAATAGx-3,1.0
CCGGTAGAGAAAGTGGx-3,0.9718099622813466
CGAACATAGATCGATAx-3,0.95771494342202
CCTTTCTAGAATAGGGx-3,1.0
CCTACACGTCAATACCx-3,0.767903467779237
CCGTTCACAGCTGGCTx-3,0.9859049811406733
CGAACATCAAACGTGGx-3,0.767903467779237
CCTCTGAGTGAAAGAGx-3,0.6566914541812677
CCTAGCTTCAATCTCTx-3,0.8260855668043812
CCTTTCTGTAGCGTAGx-3,1.0
CCTATTATCCGTTGCTx-3,0.767903467779237
CCTTACGGTAGCTCCGx-3,1.0
CCTTCCCCACAGAGGTx-3,0.8989477645428638
CGAACATAGAACTGTAx-3,0.7391283502065717
CCGTGGAGTTCCGTCTx-3,0.8119905479450544
CCTAAAGAGAACAACTx-3,1.0
CCTTACGAGTCATGCTx-3,0.7391283502065717
CCTTCGATCTGGGCCAx-3,1.0
CGAACATAGGCGATACx-3,1.0
CCTACCACACGACGAAx-3,0.767903467779237
CCGTTCATCCAAATGCx-3,0.7391283502065717
CCTTCCCAGACTCGGAx-3,1.0
CCTAAAGGTACGACCCx-3,0.7391283502065717
CCTAGCTAGAATGTGTx-3,1.0
CCTTTCTTCAGCTTAGx-3,0.767903467779237
CCTAAAGTCAACACACx-3,1.0
CCTATTATCATTTGGGx-3,0.7391283502065717
CCTACCATCACAGTACx-3,0.9859049811406733
CCTCTGATCTTGTATCx-3,1.0
CCTACCATCTTAGAGCx-3,1.0
CCTTTCTTCTTTACGTx-3,1.0
CCGTTCAGTACGCACCx-3,1.0
CCGTTCACATTCGACAx-3,0.9226344892597457
CCTTCGAAGGCATGTGx-3,1.0
CCTATTACATTACCTTx-3,0.5742545581559637
CCTACACGTAGCCTATx-3,1.0
CCTAAAGCAGCCTATAx-3,0.9859049811406733
CCTAAAGCAGTACACTx-3,1.0
CCTTCCCAGTAAGTACx-3,1.0
CCTATTACAGTAGAGCx-3,0.767903467779237
CCTTCGAAGTCACGCCx-3,0.767903467779237
CGAACATAGTCTTGCAx-3,0.7391283502065717
CGAACATAGCTAGCCCx-3,0.7391283502065717
CCGTGGATCATATCGGx-3,0.7391283502065717
CCTCTGATCTGCCCTAx-3,1.0
CCTCTGATCAATACCGx-3,0.7391283502065717
CCTAGCTGTCGCGAAAx-3,0.95771494342202
CCTAGCTGTTGAACTCx-3,0.7391283502065717
CCTATTACACCATCCTx-3,1.0
CCGTGGAGTTAGATGAx-3,0.95771494342202
CCTTACGCACATTAGCx-3,0.9859049811406733
CCGTTCAGTCATATCGx-3,0.6566914541812677
CCGTGGAGTTACGGAGx-3,0.5442441061770477
CCTACACCAACGATCTx-3,1.0
CCTCAGTAGATGTAACx-3,0.9859049811406733
CCTACCATCTGTGCAAx-3,1.0
CGAACATAGGATGCGTx-3,0.9859049811406733
CCTACCAAGTCTCCTCx-3,0.9859049811406733
CCTATTAGTCCTCTTGx-3,0.767903467779237
CCTTACGAGTTCGCGCx-3,0.7583117619216819
CCGTGGATCGCCGTGAx-3,0.7391283502065717
CCTACACGTCACTGGCx-3,1.0
CCTACCAGTTAAAGACx-3,0.7391283502065717
CCTCAGTTCGAACTGTx-3,0.9859049811406733
CCTATTACAATCACACx-3,1.0
CCTACCAAGGGTCGATx-3,0.8452689785194913
CCTACACTCTACGAGTx-3,0.9130427834021906
CCTTCCCCAAATTGCCx-3,1.0
CCTTCGAGTAAACGCGx-3,0.7391283502065717
CCTCTGATCCTGCAGGx-3,0.7391283502065717
CGAACATGTGGTTTCAx-3,1.0
CCGTTCAGTTAAGTAGx-3,0.7391283502065717
CCGTTCACATCGGAAGx-3,1.0
CCTTCGACAACTTGACx-3,1.0
CCGTTCATCGGCGGTTx-3,0.7391283502065717
CCTACACTCGCGTTTCx-3,1.0
CCTATTACATTTCACTx-3,1.0
CCTACCAGTCAGAATAx-3,1.0
CCGTTCATCTGCCCTAx-3,1.0
CCTAAAGAGACCTAGGx-3,0.7391283502065717
CGAACATGTCTGCGGTx-3,1.0
CCTTCGAGTTCGTCTCx-3,1.0
CCTCTGAAGCTACCGCx-3,0.7391283502065717
CCTTCCCTCTATGTGGx-3,0.6235247827969274
CCTTCCCTCATCGCTCx-3,1.0
CCTACACCAAACTGTCx-3,0.7391283502065717
CCTCTGAGTAGGCATGx-3,1.0
CCTTACGGTTATCGGTx-3,1.0
CCTTACGTCAGAAATGx-3,1.0
CCTTCGACATAAGACAx-3,1.0
CCTACACGTGCCTGGTx-3,0.6235247827969274
CCTAGCTGTCGATTGTx-3,0.4918176621306598
CCTTCGAAGTGGACGTx-3,1.0
CGAACATGTTGAGTTCx-3,0.7391283502065717
CCTTCGAAGGCACATGx-3,1.0
CCTTCGAGTACCGAGAx-3,0.7391283502065717
CGACTTCGTATATCCGx-3,0.767903467779237
CGATTGAAGCCAACAGx-3,1.0
CGCCAAGTCTCCAGGGx-3,1.0
CGAGAAGGTGAAGGCTx-3,0.95771494342202
CGCCAAGCAATCGAAAx-3,0.7391283502065717
CGATGGCAGGTGATTAx-3,1.0
CGACCTTTCCCTAACCx-3,1.0
CGATGGCCAACACCTAx-3,1.0
CGATCGGGTTGAACTCx-3,0.767903467779237
CGATGGCGTACCGTTAx-3,1.0
CGATCGGTCGCACTCTx-3,1.0
CGATGTAGTACAAGTAx-3,1.0
CGAGCACGTAACGCGAx-3,1.0
CGACCTTTCCCAAGTAx-3,1.0
CGAGAAGGTCGCCATGx-3,1.0
CGAGCACCATGCCTTCx-3,0.7391283502065717
CGAGCCATCCGTAGGCx-3,0.767903467779237
CGAATGTCACAAGACGx-3,1.0
CGAATGTAGATGAGAGx-3,0.8306058873768866
CGAATGTTCAGGCAAGx-3,1.0
CGATGTAGTGTCAATCx-3,0.7391283502065717
CGAGCACTCAGAGACGx-3,0.7391283502065717
CGAGAAGGTAAGTAGTx-3,1.0
CGATGTACACACTGCGx-3,1.0
CGACTTCTCCTATGTTx-3,1.0
CGAGAAGGTACGACCCx-3,1.0
CGACCTTCACGGATAGx-3,1.0
CGACTTCCATTACCTTx-3,1.0
CGAGAAGCACTTAAGCx-3,0.5496408320427421
CGAATGTTCATCATTCx-3,0.7391283502065717
CGATGTACACGTGAGAx-3,1.0
CGATTGAAGATACACAx-3,1.0
CGATGGCCAGGAATGCx-3,1.0
CGACTTCCAAATACAGx-3,0.95771494342202
CGAGCACCACGTTGGCx-3,1.0
CGAATGTCAGTTCCCTx-3,0.767903467779237
CGAGAAGGTTGATTGCx-3,1.0
CGAGAAGCATAAAGGTx-3,0.767903467779237
CGATGGCTCGTCACGGx-3,1.0
CGAGCACAGGGATACCx-3,1.0
CGATGTACATTCACTTx-3,0.6235247827969274
CGATGGCGTTAAGAACx-3,0.767903467779237
CGAATGTAGTTACGGGx-3,0.7391283502065717
CGCCAAGCACCGATATx-3,0.767903467779237
CGAATGTGTAGAGTGCx-3,0.9859049811406733
CGCGGTAAGATGCGACx-3,0.7391283502065717
CGATGTATCCAAACTGx-3,1.0
CGACTTCTCGGAGGTAx-3,1.0
CGAGCCACATGCATGTx-3,1.0
CGATGGCCAACTGGCCx-3,1.0
CGATGGCGTCAAAGCGx-3,1.0
CGACTTCTCATCGCTCx-3,1.0
CGATGTACACAACGTTx-3,1.0
CGAGAAGTCCCATTATx-3,1.0
CGAGCACGTATAGGTAx-3,0.767903467779237
CGAATGTAGAGACTATx-3,0.5742545581559637
CGAACATTCCTGCAGGx-3,1.0
CGAATGTAGAGGTTATx-3,0.7391283502065717
CGCCAAGGTCCAACTAx-3,0.9226344892597456
CGAGCACTCATTATCCx-3,1.0
CGATGTAGTTTCCACCx-3,0.6235247827969274
CGACTTCGTCAACATCx-3,1.0
CGATGGCTCTGGCGACx-3,1.0
CGACTTCAGCTAGTTCx-3,1.0
CGAGCACCATGGTAGGx-3,0.7398361237311784
CGAGCCATCAACACGTx-3,1.0
CGACCTTTCGCGTAGCx-3,0.767903467779237
CGACCTTGTTCGAATCx-3,1.0
CGACTTCGTGACGCCTx-3,1.0
CGAATGTTCTTCCTTCx-3,0.7391283502065717
CGAGAAGGTAGCCTCGx-3,0.6235247827969274
CGACCTTTCCTCAATTx-3,0.9718099622813466
CGATGGCCAGTGAGTGx-3,0.9130427834021906
CGAGAAGAGTACGATAx-3,0.49498813900759076
CGAGCCATCCGCGGTAx-3,0.7391283502065717
CGACCTTAGTCGATAAx-3,1.0
CGCCAAGGTTACGACTx-3,0.773456025475173
CGAACATTCTTCGAGAx-3,1.0
CGACTTCTCAGGTAAAx-3,1.0
CGCCAAGCAGTCGATTx-3,1.0
CGATCGGTCCCAACGGx-3,1.0
CGATGGCGTTCGCGACx-3,0.9226344892597457
CGACTTCGTAGGAGTCx-3,0.7398361237311784
CGAATGTGTTCCACAAx-3,1.0
CGATGTATCCAAAGTCx-3,0.7391283502065717
CGAGCCAAGTGATCGGx-3,1.0
CGATGGCCAAGGCTCCx-3,0.6716510111243639
CGAGAAGAGATCCCGCx-3,1.0
CGATCGGGTAGCGTGAx-3,1.0
CGATCGGGTGACTACTx-3,0.7391283502065717
CGATTGAAGGAATCGCx-3,0.7391283502065717
CGAATGTGTATATCCGx-3,0.4918176621306598
CGAGCCATCCCAAGTAx-3,1.0
CGAATGTAGGCGCTCTx-3,1.0
CGAGCACGTGGTAACGx-3,1.0
CGCTATCAGAAGGTGAx-3,1.0
CGGAGCTTCTTGACGAx-3,1.0
CGCTGGAGTACACCGCx-3,1.0
CGGTTAAAGTTGCAGGx-3,1.0
CGCGGTATCTGTTTGTx-3,1.0
CGGAGTCGTGCTGTATx-3,0.6235247827969274
CGGGTCACATGTAGTCx-3,1.0
CGCGGTATCGTGTAGTx-3,0.95771494342202
CGCGGTAGTAGAGCTGx-3,0.767903467779237
CGCTATCCAAGCCATTx-3,1.0
CGGAGTCCACGGTAGAx-3,1.0
CGGAGTCTCGCCTGTTx-3,1.0
CGGACTGAGCGGATCAx-3,0.9130427834021906
CGCGGTATCTGTCAAGx-3,1.0
CGCTATCCATCGGACCx-3,0.7391283502065717
CGCGTTTAGTACGTAAx-3,1.0
CGGTTAACAGGTCTCGx-3,1.0
CGGACGTAGTGCAAGCx-3,0.7391283502065717
CGGGTCAGTTGGGACAx-3,1.0
CGTAGCGGTCAGCTATx-3,0.7391283502065717
CGGACTGAGGATGTATx-3,0.4918176621306598
CGCGGTATCCGAACGCx-3,1.0
CGCGGTAGTGAACCTTx-3,1.0
CGCTTCATCTGGCGTGx-3,1.0
CGGAGTCTCTTTACGTx-3,0.9859049811406733
CGGACACCATCGTCGGx-3,0.7391283502065717
CGGAGCTTCCTTTACAx-3,0.95771494342202
CGGACGTAGAAACGAGx-3,0.767903467779237
CGGACGTTCCACGACGx-3,1.0
CGTAGCGGTTCCACTCx-3,0.7391283502065717
CGGGTCAAGTGGTAATx-3,0.7391283502065717
CGGACACGTTACGACTx-3,0.9859049811406733
CGGAGCTCAAGAGGCTx-3,1.0
CGCGGTACATAACCTGx-3,1.0
CGCTATCCACACCGACx-3,1.0
CGGTTAAAGTGGACGTx-3,1.0
CGGAGTCGTACATCCAx-3,1.0
CGGCTAGAGTAGCGGTx-3,0.7398361237311784
CGGAGTCTCTACCAGAx-3,1.0
CGGCTAGGTAATAGCAx-3,1.0
CGGGTCACACCCATGGx-3,0.9226344892597457
CGGCTAGTCGCAAACTx-3,1.0
CGGGTCAGTCTAAACCx-3,0.7391283502065717
CGGAGCTAGCCACGCTx-3,0.7391283502065717
CGCGGTACAATCAGAAx-3,1.0
CGGGTCATCCCTCTTTx-3,1.0
CGTAGCGGTAGAGGAAx-3,1.0
CGCTATCGTTCCATGAx-3,1.0
CGCTATCTCCGCTGTTx-3,1.0
CGGGTCACACTATCTTx-3,1.0
CGTAGCGGTCAATGTCx-3,0.8944444515410923
CGGACACGTAAGTGGCx-3,0.767903467779237
CGCTATCAGGTGATATx-3,0.9718099622813465
CGCGTTTAGAATGTTGx-3,1.0
CGTAGCGAGCTTTGGTx-3,1.0
CGCTGGAAGGTCGGATx-3,0.767903467779237
CGGAGTCGTTAAGACAx-3,1.0
CGGCTAGAGCTTCGCGx-3,0.767903467779237
CGTAGCGCAATAGAGTx-3,1.0
CGGACTGTCAGCGATTx-3,1.0
CGTAGCGTCTGTCTATx-3,1.0
CGCTATCAGCTAGGCAx-3,0.4918176621306598
CGGACTGTCCCGGATGx-3,1.0
CGGAGTCGTAGGGTACx-3,1.0
CGCTATCTCGAGGTAGx-3,0.9859049811406733
CGGTTAATCAGAAATGx-3,1.0
CGGCTAGGTGTCTGATx-3,0.767903467779237
CGGCTAGCAAGGTTCTx-3,0.9859049811406733
CGGCTAGAGCAGCGTAx-3,0.7391283502065717
CGGCTAGAGCGTGAGTx-3,0.7391283502065717
CGGGTCAAGACGCAACx-3,0.95771494342202
CGGCTAGCAAGTTCTGx-3,1.0
CGGAGCTCAGTCGATTx-3,0.6235247827969274
CGGACACAGGATTCGGx-3,0.7391283502065717
CGGACTGCATCTGGTAx-3,1.0
CGCGGTACAGCCAGAAx-3,0.9859049811406733
CGGTTAATCACCTCGTx-3,0.9718099622813465
CGTAGCGAGTGGGCTAx-3,0.7391283502065717
CGCGTTTCAGCCAATTx-3,0.9859049811406733
CGGAGTCTCATAGCACx-3,1.0
CGGCTAGTCTCAAGTGx-3,1.0
CGGCTAGTCTCCTATAx-3,1.0
CGGACACAGGCGTACAx-3,1.0
CGGACGTCAGAGCCAAx-3,1.0
CGGAGTCGTCCTAGCGx-3,0.7391283502065717
CGGTTAAGTAATAGCAx-3,0.7391283502065717
CGGACACGTGACGGTAx-3,0.7391283502065717
CGGCTAGAGATGCGACx-3,1.0
CGGACGTAGCTATGCTx-3,0.767903467779237
CGCTATCGTTTGACTGx-3,1.0
CGGCTAGGTATCAGTCx-3,1.0
CGGGTCAAGGGAGTAAx-3,0.6235247827969274
CGTAGCGTCTTCGAGAx-3,0.7391283502065717
CGGCTAGGTCCGTTAAx-3,1.0
CGCGTTTCAGATCGGAx-3,0.7391283502065717
CGTCTACCATGGGACAx-3,1.0
CGTGTAAGTCCAACTAx-3,1.0
CGTAGGCCAAGCCGTCx-3,0.9718099622813466
CGTCCATTCGAACTGTx-3,0.9859049811406733
CGTCACTGTTCACCTCx-3,0.7391283502065717
CGTGAGCAGCACACAGx-3,1.0
CGTGTAAGTAGGACACx-3,1.0
CGTGTCTAGTCTCGGCx-3,0.8260855668043812
CGTGAGCAGATCGGGTx-3,1.0
CTAACTTGTACACCGCx-3,1.0
CGTAGGCAGTGTCTCAx-3,0.95771494342202
CGTTAGACACAAGCCCx-3,1.0
CGTCCATCATTTCAGGx-3,1.0
CGTTGGGAGCGTTCCGx-3,1.0
CGTTCTGGTTCACCTCx-3,0.9859049811406733
CTAACTTCAACACCTAx-3,0.7391283502065717
CGTGAGCGTGATGCCCx-3,1.0
CGTGAGCCACACCGCAx-3,1.0
CGTGTCTAGGAGTCTGx-3,0.8463182232136558
CTAACTTGTCTTGATGx-3,1.0
CGTTGGGCAGGAATGCx-3,0.5496408320427421
CGTTGGGAGGGATCTGx-3,1.0
CGTCTACAGAGTAAGGx-3,1.0
CGTCAGGTCGAATCCAx-3,1.0
CGTCACTTCGTACCGGx-3,1.0
CGTGTCTTCAGCGACCx-3,0.4918176621306598
CGTAGGCAGAGATGAGx-3,0.7391283502065717
CGTGAGCAGTTCGCGCx-3,0.6235247827969274
CGTCTACAGTGTTAGAx-3,0.7391283502065717
CGTCCATTCCTGCAGGx-3,1.0
CGTGTCTAGGAGTACCx-3,0.7391283502065717
CTAACTTGTACCCAATx-3,0.51616937994958
CGTTGGGTCTCCGGTTx-3,1.0
CGTTAGATCATACGGTx-3,1.0
CGTAGGCTCGTGGACCx-3,1.0
CGTCACTGTTCTGGTAx-3,0.41762126893051404
CGTGAGCCATACTCTTx-3,1.0
CGTGAGCTCCACGTGGx-3,1.0
CGTAGGCGTCCATCCTx-3,1.0
CGTCACTTCGTTACGAx-3,0.7391283502065717
CGTTCTGTCCGAAGAGx-3,1.0
CGTAGGCCAAGCCCACx-3,1.0
CTAACTTTCCCTCAGTx-3,1.0
CGTCAGGAGCTGCAAGx-3,1.0
CGTCCATTCAAACCGTx-3,0.7391283502065717
CGTGTAAGTCCGTCAGx-3,1.0
CGTGAGCCAAGCGATGx-3,1.0
CGTTCTGGTGCAACTTx-3,0.767903467779237
CGTAGGCTCAAGGCTTx-3,0.6399671987445441
CGTCAGGAGCCAGAACx-3,1.0
CGTGTAAGTCTCACCTx-3,1.0
CGTTCTGTCGTGGTCGx-3,0.9226344892597457
CGTTCTGTCTGGTGTAx-3,1.0
CGTAGGCGTCTCTCTGx-3,1.0
CTAACTTTCACATACGx-3,1.0
CGTCAGGTCACATGCAx-3,0.9859049811406733
CGTGTAAAGAGGGCTTx-3,1.0
CTAACTTCAAGGTTCTx-3,0.7391283502065717
CGTTGGGAGTAGGCCAx-3,1.0
CGTGTAATCTTGACGAx-3,1.0
CGTCACTAGAAGAAGCx-3,1.0
CGTCACTGTAAGAGGAx-3,1.0
CGTGAGCTCTCCAACCx-3,0.7391283502065717
CGTAGGCTCCTGCTTGx-3,1.0
CGTTGGGTCTCGATGAx-3,1.0
CGTTGGGTCTGGTGTAx-3,1.0
CTAACTTTCGGCTACGx-3,1.0
CGTTGGGTCGTTTATCx-3,0.6235247827969274
CGTCTACGTCAGCTATx-3,0.7391283502065717
CGTGTCTTCTTTACGTx-3,0.9859049811406733
CGTTCTGAGACATAACx-3,1.0
CGTCTACGTCTGATTGx-3,1.0
CGTGTAATCTACGAGTx-3,1.0
CGTTGGGGTATATCCGx-3,0.7391283502065717
CGTAGGCCATGACGGAx-3,0.7391283502065717
CGTTGGGTCCTCAATTx-3,1.0
CGTTGGGGTCAAAGCGx-3,0.7391283502065717
CGTAGGCGTCGCTTCTx-3,1.0
CGTTGGGTCCGCGCAAx-3,1.0
CGTCACTAGTATGACAx-3,1.0
CTAACTTGTACCGAGAx-3,1.0
CGTCTACAGCATGGCAx-3,1.0
CGTTAGAAGCCCAATTx-3,1.0
CGTCAGGCAGGATTGGx-3,0.7391283502065717
CGTAGGCAGAACTCGGx-3,0.767903467779237
CTAAGACGTAGTACCTx-3,1.0
CTAACTTCACTGTGTAx-3,1.0
CGTCACTTCTGTGCAAx-3,1.0
CTAACTTTCAGAGCTTx-3,0.9859049811406733
CGTTGGGGTTATCACGx-3,1.0
CGTTAGATCCCTAATTx-3,1.0
CGTAGGCGTTCGGGCTx-3,1.0
CGTCTACGTCGAGATGx-3,1.0
CGTCACTCACTTCGAAx-3,0.4918176621306598
CGTCCATTCGAATGCTx-3,0.767903467779237
CTACGTCGTCGGCTCAx-3,1.0
CTAGAGTAGAGTAAGGx-3,1.0
CTACATTTCCCATTATx-3,1.0
CTCAGAACACGTGAGAx-3,1.0
CTACACCGTACTTCTTx-3,1.0
CTCAGAAAGTAGTGCGx-3,1.0
CTCCTAGAGAGGTAGAx-3,1.0
CTCATTATCTCTTATGx-3,1.0
CTACACCAGCGTGAACx-3,0.767903467779237
CTACGTCAGGGATCTGx-3,0.7391283502065717
CTCACACGTACTTAGCx-3,1.0
CTAATGGAGACTACAAx-3,1.0
CTACGTCAGATGTGGCx-3,0.767903467779237
CTAGAGTCACAAGACGx-3,1.0
CTCACACCATACTACGx-3,1.0
CTAGCCTAGGATGTATx-3,0.7490165218646182
CTCACACCAATCTACGx-3,1.0
CTAATGGGTCACTGGCx-3,0.6235247827969274
CTCAGAACAGGAATCGx-3,1.0
CTAGAGTCACAGATTCx-3,0.5496408320427421
CTAGCCTCACAACGCCx-3,0.767903467779237
CTACGTCGTGCGAAACx-3,1.0
CTCACACCATGAACCTx-3,0.7391283502065717
CTAATGGAGGTGCACAx-3,1.0
CTAATGGAGCTAGTCTx-3,1.0
CTAATGGTCTTGTATCx-3,0.767903467779237
CTACATTCAACTTGACx-3,1.0
CTAGCCTTCACAATGCx-3,0.7391283502065717
CTAGAGTGTTATCGGTx-3,1.0
CTAGAGTTCGAATGCTx-3,1.0
CTAGCCTCACATGGGAx-3,0.7391283502065717
CTCACACGTGTAAGTAx-3,1.0
CTCACACTCCTATGTTx-3,1.0
CTACCCAAGCTCCTCTx-3,0.5742545581559637
CTCACACGTCTCACCTx-3,0.6235247827969274
CTCCTAGAGCCAGAACx-3,1.0
CTCATTATCAGAAATGx-3,1.0
CTAGAGTAGGCTCAGAx-3,1.0
CTCACACTCAGCTTAGx-3,1.0
CTACCCAGTTCTCATTx-3,0.8604132420729824
CTAAGACGTCAATACCx-3,0.7391283502065717
CTACGTCTCCTTTCTCx-3,1.0
CTACCCAAGCACCGTCx-3,1.0
CTCAGAAAGGCTCTTAx-3,0.9859049811406733
CTAGCCTAGAGATGAGx-3,0.7391283502065717
CTAATGGCAATGAAACx-3,1.0
CTACCCACACTTAACGx-3,0.9859049811406733
CTCATTATCGGATGTTx-3,1.0
CTACATTAGTCATCCAx-3,1.0
CTAGCCTAGGGCTTGAx-3,1.0
CTAGTGAGTCTGATTGx-3,1.0
CTAGCCTAGAGTCTGGx-3,0.9859049811406733
CTACGTCCACGAAGCAx-3,0.6235247827969274
CTAATGGTCACATACGx-3,1.0
CTCAGAATCTTATCTGx-3,1.0
CTAGTGATCAGCCTAAx-3,1.0
CTCAGAACACCCATGGx-3,0.7391283502065717
CTCAGAAAGCACGCCTx-3,1.0
CTAGTGATCACCTCGTx-3,1.0
CTACATTGTTGATTGCx-3,0.7391283502065717
CTAATGGTCACGACTAx-3,1.0
CTCATTAAGGGTTTCTx-3,1.0
CTCACACAGCTAAACAx-3,0.7391283502065717
CTAGAGTGTGGCGAATx-3,0.5496408320427421
CTACACCCACAGACTTx-3,1.0
CTACATTGTCTTGTCCx-3,0.9859049811406733
CTACCCACAGCCTTTCx-3,1.0
CTACACCTCGCCTGTTx-3,1.0
CTCATTAGTTACCAGTx-3,1.0
CTACACCCAGTCAGCCx-3,1.0
CTACACCCACAACGCCx-3,1.0
CTAATGGAGCTACCGCx-3,1.0
CTAATGGCACCATGTAx-3,1.0
CTAATGGAGTACTTGCx-3,0.7391283502065717
CTACACCCATACAGCTx-3,0.7391283502065717
CTCAGAATCAACGCTAx-3,0.9130427834021906
CTACATTCAGTCGATTx-3,1.0
CTAGCCTAGCCACCTGx-3,0.7391283502065717
CTCAGAACAGGTTTCAx-3,0.7391283502065717
CTCACACGTCATGCATx-3,1.0
CTACCCATCACTTACTx-3,1.0
CTACGTCGTGCCTTGGx-3,1.0
CTACGTCGTTACGTCAx-3,0.6235247827969274
CTACATTTCCTCAATTx-3,1.0
CTCAGAATCCCATTTAx-3,0.9859049811406733
CTAGTGACATGGGACAx-3,1.0
CTAGAGTTCAGTACGTx-3,1.0
CTAGTGAGTCTTGCGGx-3,1.0
CTAATGGGTATCACCAx-3,1.0
CTAGAGTTCACGACTAx-3,0.7391283502065717
CTCACACTCCACTGGGx-3,1.0
CTCCTAGAGGGCTTGAx-3,1.0
CTACATTAGTCTCCTCx-3,0.7391283502065717
CTAGTGATCATGTGGTx-3,0.7391283502065717
CTAGAGTTCCACGTGGx-3,1.0
CTAGCCTGTCAAGCGAx-3,1.0
CTCGAGGAGCAGACTGx-3,0.4918176621306598
CTCGTCAGTCATGCCGx-3,1.0
CTCGAAAAGAAGAAGCx-3,0.7391283502065717
CTGAAACTCCAGGGCTx-3,1.0
CTCTGGTCATGGAATAx-3,0.8944444515410923
CTCGTCAAGCTGTCTAx-3,0.4918176621306598
CTGAAACGTTCTCATTx-3,0.767903467779237
CTCCTAGGTAGCTAAAx-3,1.0
CTCGGAGGTTAAGACAx-3,0.7391283502065717
CTCTAATGTGAAAGAGx-3,1.0
CTCGAGGGTATAATGGx-3,1.0
CTCGAGGAGCGAGAAAx-3,1.0
CTGAAACTCGAATCCAx-3,1.0
CTCGGAGAGTACGACGx-3,1.0
CTCGAGGTCAGCTCTCx-3,0.8260855668043812
CTCTAATAGTGGGATCx-3,1.0
CTCTAATTCTCAACTTx-3,0.9718099622813466
CTCGGGAGTACCATCAx-3,1.0
CTCTAATCACCAGCACx-3,1.0
CTCGGGAGTTAGAACAx-3,0.9226344892597457
CTCGAGGGTGCATCTAx-3,1.0
CTCGTCACAGTCACTAx-3,0.7391283502065717
CTCTGGTGTCACAAGGx-3,1.0
CTCGGAGCAGACGCTCx-3,0.7391283502065717
CTCTAATAGCGTGAGTx-3,1.0
CTCTAATAGTAAGTACx-3,0.7391283502065717
CTCTGGTGTAGCACGAx-3,0.7391283502065717
CTCTACGTCGTTACGAx-3,1.0
CTCTACGCAATAGAGTx-3,0.767903467779237
CTCGGAGGTCTTCGTCx-3,1.0
CTCCTAGGTCTGATCAx-3,0.767903467779237
CTCGAGGAGCCCAATTx-3,1.0
CTCGTACCACACCGCAx-3,0.767903467779237
CTCTAATAGGTAGCCAx-3,0.7391283502065717
CTCTACGGTGTATGGGx-3,0.7391283502065717
CTCGAGGGTTCGAATCx-3,1.0
CTCCTAGCATTGGGCCx-3,1.0
CTCGAGGCACAAGACGx-3,0.9859049811406733
CTCGTCACAAGAGGCTx-3,1.0
CTCTAATTCTAACGGTx-3,0.767903467779237
CTCCTAGAGTTAGGTAx-3,1.0
CTCGAAACAGTCGTGCx-3,1.0
CTCTGGTCATGTCGATx-3,1.0
CTCTGGTGTGTGCGTCx-3,1.0
CTCGTCATCTTCTGGCx-3,0.7391283502065717
CTCTAATAGCGTTGCCx-3,1.0
CTCGTCATCACCCGAGx-3,0.9859049811406733
CTGAAACTCATAGCACx-3,1.0
CTCTACGCAGCCTTGGx-3,1.0
CTCGGAGTCTGCTTGCx-3,1.0
CTCGAAAAGTACGATAx-3,1.0
CTGAAACTCCAAACACx-3,1.0
CTCGTCAAGGCATGTGx-3,1.0
CTCGGGAGTGCATCTAx-3,0.7391283502065717
CTCGTCACACCACCAGx-3,1.0
CTCGGGACAGGCAGTAx-3,0.767903467779237
CTCGAAAGTAAGAGGAx-3,0.7391283502065717
CTGAAACAGCGCTCCAx-3,1.0
CTCGGAGGTTTGCATGx-3,1.0
CTCGAAAAGGCGCTCTx-3,1.0
CTGAAACTCAACTCTTx-3,1.0
CTCTGGTCAAAGGTGCx-3,1.0
CTCGAAACATATACGCx-3,1.0
CTCTGGTAGTGTACGGx-3,1.0
CTCGGGACACGAAGCAx-3,0.8260855668043812
CTGAAGTAGCCAACAGx-3,0.8452689785194913
CTCGAAATCGCAAGCCx-3,1.0
CTCGTCAAGTTATCGCx-3,0.7391283502065717
CTCGAAACATGAAGTAx-3,1.0
CTGAAACAGTGCCAGAx-3,1.0
CTCGAAATCATTGCGAx-3,1.0
CTGAAACTCTCCAACCx-3,1.0
CTCGTCATCCTCATTAx-3,1.0
CTCGAAACAAGCCCACx-3,1.0
CTCCTAGTCGTATCAGx-3,1.0
CTCGAGGTCTTCGAGAx-3,0.767903467779237
CTGAAACAGTACATGAx-3,1.0
CTCGAGGCAGACAAATx-3,0.767903467779237
CTGAAGTAGAATGTTGx-3,0.5742545581559637
CTCGAGGTCTCACATTx-3,1.0
CTCTGGTTCAGTTAGCx-3,1.0
CTGAAACAGCTGATAAx-3,0.767903467779237
CTCTAATCAGACACTTx-3,1.0
CTCGAAAAGTGATCGGx-3,1.0
CTCGTACAGTCCGGTCx-3,0.8452689785194913
CTGAAACAGAAACGAGx-3,1.0
CTCTGGTAGCTATGCTx-3,0.7398361237311784
CTCGTCACACACCGCAx-3,1.0
CTCTGGTAGGCAGGTTx-3,0.9859049811406733
CTCTAATTCAGATAAGx-3,1.0
CTGCGGAAGCTACCGCx-3,1.0
CTGCCTAAGGTGCACAx-3,0.9130427834021906
CTGGTCTCACCTTGTCx-3,0.9085394704004189
CTGTGCTGTAAAGGAGx-3,0.5988967992121988
CTGTGCTGTCAACTGTx-3,1.0
CTGCCTACATTGAGCTx-3,1.0
CTTCTCTTCTGCGACGx-3,1.0
CTGCTGTTCCCTCAGTx-3,1.0
CTTAACTCAGATAATGx-3,0.6235247827969274
CTGATCCAGAAGAAGCx-3,0.9130427834021906
CTGATCCCACGGCTACx-3,1.0
CTTAGGAGTGAAAGAGx-3,1.0
CTGGTCTGTGTAAGTAx-3,1.0
CTGTTTATCATATCGGx-3,0.5496408320427421
CTTAACTTCAACGCTAx-3,0.7391283502065717
CTGATCCGTGACTACTx-3,0.4918176621306598
CTGTGCTAGATCCGAGx-3,1.0
CTGATCCTCCCATTTAx-3,0.7391283502065717
CTGGTCTCAGCTCGACx-3,1.0
CTTAGGAAGACAGACCx-3,0.9718099622813466
CTTCTCTGTCCCGACAx-3,0.7391283502065717
CTGTGCTGTCATGCATx-3,1.0
CTGCCTACAAGCGATGx-3,1.0
CTGTTTATCTACTTACx-3,1.0
CTGATAGCATGATCCAx-3,0.7391283502065717
CTGATCCAGCGGATCAx-3,0.7391283502065717
CTGTTTAAGGCATGGTx-3,1.0
CTTAACTTCGTCACGGx-3,0.7391283502065717
CTGATAGTCTGTCTATx-3,1.0
CTTACCGTCCGTCATCx-3,1.0
CTGCTGTGTAGCAAATx-3,1.0
CTGCGGACATACTACGx-3,1.0
CTTAACTGTCCTCTTGx-3,1.0
CTGAAGTCAGCTGTATx-3,0.7391283502065717
CTGCGGAGTTCGGGCTx-3,1.0
CTGTTTAGTCCGAAGAx-3,1.0
CTTAGGATCACGATGTx-3,1.0
CTGTGCTAGCCACGTCx-3,1.0
CTGGTCTTCTAACGGTx-3,1.0
CTGATAGCATCGATTGx-3,1.0
CTGCTGTGTTATGCGTx-3,0.9859049811406733
CTTACCGTCGGTTAACx-3,1.0
CTGCTGTAGGAATTACx-3,1.0
CTGGTCTTCTTATCTGx-3,1.0
CTGTTTAAGAGTACCGx-3,1.0
CTTAACTTCGCTGATAx-3,1.0
CTTAACTTCCGCGCAAx-3,1.0
CTGTTTACAATGACCTx-3,0.4918176621306598
CTTCTCTTCCTAGAACx-3,1.0
CTTCTCTTCTCTGTCGx-3,1.0
CTGTTTAGTGACAAATx-3,1.0
CTGTTTACACTCAGGCx-3,0.9226344892597457
CTGAAGTTCGTCTGCTx-3,1.0
CTTAGGAAGCCCAACCx-3,1.0
CTGCCTATCAAAGACAx-3,0.740543897255785
CTGAAGTCAGACAGGTx-3,1.0
CTGAAGTGTACCGGCTx-3,0.9718099622813466
CTTAACTAGAGTCGGTx-3,0.9130427834021906
CTGGTCTCAGCGATCCx-3,0.7487200560641268
CTGAAGTTCTCTGTCGx-3,1.0
CTTAACTCAAGACGTGx-3,1.0
CTGAAGTTCGTAGATCx-3,1.0
CTGTGCTTCAACACTGx-3,1.0
CTGCGGATCAGCGATTx-3,0.767903467779237
CTTGGCTAGCCAGTAGx-3,0.7391283502065717
CTTCTCTGTCTAACGTx-3,1.0
CTGATAGAGGATATACx-3,1.0
CTTAGGAAGTGAAGAGx-3,0.9859049811406733
CTGCTGTGTCGACTGCx-3,1.0
CTGATCCCACTAAGTCx-3,1.0
CTTGGCTAGAGTCTGGx-3,1.0
CTTAGGAAGAATTGTGx-3,1.0
CTGCCTATCTTGACGAx-3,0.9859049811406733
CTGTGCTTCGGGAGTAx-3,1.0
CTGTTTAGTTCCTCCAx-3,0.7391283502065717
CTGTTTACACGGACAAx-3,1.0
CTGCTGTGTCCGTTAAx-3,1.0
CTGGTCTTCACGCATAx-3,1.0
CTTCTCTCAATCTACGx-3,0.9718099622813466
CTGATAGAGTCAATAGx-3,0.7391283502065717
CTGAAGTGTTAGGGTGx-3,1.0
CTGCCTACACAACGTTx-3,0.767903467779237
CTTAGGAGTCCAGTTAx-3,0.7197772394518004
CTGCGGATCAACGGCCx-3,1.0
CTGCGGATCGCGGATCx-3,0.95771494342202
CTTAACTAGTGTACTCx-3,1.0
CTGCCTACAGTGAGTGx-3,0.5496408320427421
CTTCTCTGTATATGGAx-3,0.9226344892597457
CTTAGGATCTGGAGCCx-3,1.0
CTGATAGTCCTAGGGCx-3,0.7391283502065717
CTGCGGATCACAGTACx-3,1.0
CTGCCTAGTGCGGTAAx-3,1.0
CTTAGGACACGGCCATx-3,0.7391283502065717
CTGCCTACAGTATAAGx-3,0.7391283502065717
CTGATAGTCACAACGTx-3,0.7391283502065717
CTGGTCTCAGGTCTCGx-3,1.0
GAAGCAGAGAGCTGCAx-3,1.0
GACCTGGCAACTGCGCx-3,0.9859049811406733
GAACGGACAATAACGAx-3,0.4403354459724395
GAACATCAGTTAAGTGx-3,1.0
GAATGAACAGCATACTx-3,1.0
GAATAAGGTCAAAGCGx-3,0.9859049811406733
GAACATCAGTAGCCGAx-3,1.0
GAACCTAAGCACACAGx-3,1.0
GAAGCAGCAAGACACGx-3,1.0
GACACGCTCCCATTATx-3,0.9718099622813466
GACAGAGAGTTCGCGCx-3,1.0
GAATGAAAGGTCGGATx-3,0.7391283502065717
GAAACTCCATGAAGTAx-3,1.0
GAATGAACAAGGTTTCx-3,1.0
GAACATCCAAAGGCGTx-3,1.0
GACACGCGTTCCATGAx-3,0.767903467779237
GAAGCAGGTGTGAATAx-3,1.0
GACCAATGTAGCGTGAx-3,0.7391283502065717
GAATAAGGTGCTAGCCx-3,1.0
GACCAATCATGGGAACx-3,0.9859049811406733
GAAATGATCGGTGTTAx-3,1.0
CTTTGCGGTCTTGATGx-3,0.767903467779237
GACCTGGTCTAGCACAx-3,0.9859049811406733
GAACGGACAAACCCATx-3,0.7391283502065717
GACAGAGGTGACTACTx-3,1.0
CTTGGCTTCCTAGAACx-3,0.4918176621306598
GACCTGGTCCGTACAAx-3,0.95771494342202
GAAACTCAGTAGCCGAx-3,1.0
GAAACTCTCCTAGTGAx-3,1.0
GAATGAAAGTGAACGCx-3,1.0
GAACCTATCGTGGTCGx-3,0.767903467779237
GACCTGGCATCGATTGx-3,1.0
GAATGAAAGCAGGCTAx-3,0.7391283502065717
GACAGAGGTCGGCATCx-3,1.0
GACGCGTAGTTCGATCx-3,1.0
GAATGAAAGGCGCTCTx-3,0.7391283502065717
GAACGGAGTTCAGACTx-3,1.0
GAATGAACAGAAGCACx-3,1.0
GAATAAGTCTTCAACTx-3,1.0
GAAACTCCACAACGCCx-3,1.0
GAAACTCCACCTTGTCx-3,0.7391283502065717
GAAACTCGTGTAAGTAx-3,1.0
GAACCTAAGGACAGAAx-3,1.0
GAAGCAGGTCTGATTGx-3,0.7391283502065717
GAACCTACAAAGCGGTx-3,1.0
GACACGCCACAAGACGx-3,1.0
GAATGAAGTGTCCTCTx-3,1.0
GACCTGGCAAGAGTCGx-3,0.767903467779237
CTTTGCGCACCGAAAGx-3,1.0
CTTGGCTTCGGTTAACx-3,0.9859049811406733
CTTGGCTGTACCGAGAx-3,1.0
GAAGCAGAGTTTAGGAx-3,0.7391283502065717
GAAATGAAGGATGGAAx-3,0.9859049811406733
GAAATGAAGGATGGTCx-3,0.7391283502065717
CTTTGCGCACGGACAAx-3,0.8848527456835372
GAACGGACAAAGTGCGx-3,1.0
GACAGAGGTATTCTCTx-3,1.0
GAATAAGTCCATGAGTx-3,0.7391283502065717
GAACGGAGTTCGGCACx-3,0.7391283502065717
CTTTGCGCATGCTAGTx-3,0.7391283502065717
CTTGGCTCAGGACGTAx-3,1.0
GACAGAGAGCCGGTAAx-3,1.0
GACCAATTCACTATTCx-3,1.0
GAAACTCGTTGTCGCGx-3,1.0
GAACCTACACGTCTCTx-3,1.0
GAAGCAGGTCTACCTCx-3,0.95771494342202
GAACGGAGTGGGTCAAx-3,1.0
CTTGGCTAGTGTGGCAx-3,1.0
CTTTGCGAGCAACGGTx-3,1.0
CTTGGCTCAGGGAGAGx-3,1.0
GAAACTCCAAGACACGx-3,1.0
GAAATGACATCACGTAx-3,0.9718099622813466
GAAACTCTCAGCGACCx-3,1.0
GAAATGAGTCTGGTCGx-3,1.0
GAAATGATCGGAATCTx-3,0.9085394704004189
GACCAATAGACGCTTTx-3,0.7391283502065717
GAATAAGGTCATACTGx-3,1.0
GACCAATGTAGCTTGTx-3,1.0
CTTGGCTTCTTCGAGAx-3,0.7391283502065717
GAAACTCTCTAACTGGx-3,1.0
GAAACTCGTCGCTTTCx-3,1.0
GACACGCCATCGGTTAx-3,1.0
GACCAATTCTTTACACx-3,0.7391283502065717
GAAGCAGAGTGTTAGAx-3,1.0
GAACGGAAGATGTGTAx-3,1.0
GACAGAGAGGGTCGATx-3,1.0
GACACGCTCTCTTATGx-3,1.0
GAACCTAGTCTAGTCAx-3,1.0
GAATAAGCAAACTGTCx-3,1.0
GAACATCCATGCCTAAx-3,0.767903467779237
GAACGGAAGGCAAAGAx-3,1.0
GAACCTACAGATGGGTx-3,1.0
GACAGAGGTTCGTCTCx-3,1.0
GAACGGACATAGTAAGx-3,1.0
CTTTGCGGTGAGTGACx-3,0.9859049811406733
GACCTGGTCTTCGGTCx-3,1.0
GAAACTCAGCATGGCAx-3,1.0
GAGTCCGCACAAGACGx-3,0.9859049811406733
GATCTAGAGTAGATGTx-3,1.0
GACGCGTCATCGGACCx-3,1.0
GACGTTACAGCCAGAAx-3,0.7391283502065717
GATCGTATCGTAGGTTx-3,1.0
GACGTTACAGGCTGAAx-3,1.0
GATCGTACACATCCGGx-3,1.0
GACTGCGTCCGGCACAx-3,1.0
GACTACAAGGCGATACx-3,0.7391283502065717
GATCGATAGTACGTTCx-3,1.0
GATGAAAAGCTTTGGTx-3,1.0
GAGGTGAGTAAATACGx-3,1.0
GATCTAGAGTTCGCGCx-3,1.0
GATCAGTTCGCCAAATx-3,0.7398361237311784
GAGGTGAAGTGAATTGx-3,0.7391283502065717
GACGTGCAGAGGTTATx-3,1.0
GATCGCGGTCATACTGx-3,1.0
GACGTGCAGCCGTCGTx-3,1.0
GAGGTGACACGAAATAx-3,1.0
GATCGATCAGACGCCTx-3,1.0
GAGCAGACAGTGGGATx-3,0.5496408320427421
GAGGTGAAGCGCTCCAx-3,0.9718099622813466
GATCGCGTCAAACCGTx-3,1.0
GACGTGCAGTGTACTCx-3,0.6566914541812677
GACTACAAGCCGGTAAx-3,1.0
GACTACAAGATGAGAGx-3,1.0
GACTGCGTCACATGCAx-3,0.5496408320427421
GAGTCCGTCACAAACCx-3,1.0
GACGTTACAAGGACTGx-3,0.767903467779237
GACGGCTGTCCGAACCx-3,1.0
GACTACACACGGTTTAx-3,1.0
GAGCAGAGTGAACCTTx-3,0.7391283502065717
GATCGTAGTCATGCCGx-3,1.0
GATCGCGTCCGGCACAx-3,0.7391283502065717
GAGTCCGTCAAGGTAAx-3,0.9718099622813466
GATCGTACAATCGAAAx-3,1.0
GACGTTAGTGACCAAGx-3,0.7391283502065717
GACTAACGTCCCGACAx-3,0.9859049811406733
GAGGTGAGTTTGGGCCx-3,1.0
GACTACAGTGTTCTTTx-3,1.0
GAGTCCGCAGGCGATAx-3,0.4918176621306598
GATCGATCAAGTCTACx-3,0.7391283502065717
GATCTAGCACTTCGAAx-3,1.0
GACGGCTCATCACGATx-3,1.0
GACTGCGCAATGAATGx-3,1.0
GATCTAGTCCGCATAAx-3,1.0
GACTAACAGAGATGAGx-3,1.0
GAGTCCGGTCTACCTCx-3,0.7391283502065717
GATCGATGTTCTGTTTx-3,0.7391283502065717
GATCGCGCATGGTTGTx-3,0.7391283502065717
GAGGTGATCACGGTTAx-3,1.0
GAGGTGAGTAACGTTCx-3,1.0
GACGCGTCAAAGAATCx-3,1.0
GATCAGTGTACCTACAx-3,0.7391283502065717
GAGTCCGCATACGCCGx-3,0.7391283502065717
GACGCGTCAATTGCTGx-3,1.0
GATCAGTCACATCTTTx-3,1.0
GAGGTGATCCCAAGATx-3,1.0
GACGGCTAGTGCTGCCx-3,1.0
GAGTCCGTCATACGGTx-3,0.7102935194205631
GATCGATTCTCCCTGAx-3,1.0
GACTACACAAACCCATx-3,0.7391283502065717
GACTAACCATAACCTGx-3,1.0
GATCTAGCAGCCTTTCx-3,0.7391283502065717
GAGTCCGGTTGGGACAx-3,1.0
GATCGTAAGCTACCTAx-3,1.0
GACTACACAAGCGAGTx-3,1.0
GATCGATGTAGGACACx-3,1.0
GATCTAGAGTAATCCCx-3,1.0
GACTACATCGTAGGAGx-3,1.0
GACGCGTTCTACTCATx-3,1.0
GATGAAAAGAGTAAGGx-3,0.8944444515410923
GACTGCGGTCCATCCTx-3,0.8452689785194913
GAGGTGATCAGGCCCAx-3,0.7391283502065717
GAGGTGAAGAGCCTAGx-3,0.5742545581559637
GATCGTAAGGCTATCTx-3,1.0
GATCGTAAGGCTAGGTx-3,1.0
GATCGTACATCTACGAx-3,1.0
GACGGCTCAGCGTCCAx-3,1.0
GATCGCGCAACTGCTAx-3,1.0
GATCAGTGTTTAGCTGx-3,0.9859049811406733
GACGCGTTCAAACGGGx-3,1.0
GACGTGCGTGTGCGTCx-3,1.0
GATCGTAAGTGGGCTAx-3,0.9859049811406733
GACTACAGTTGATTGCx-3,1.0
GATCTAGGTCCGAACCx-3,1.0
GACTAACAGACAAAGGx-3,0.5442441061770477
GAGCAGACATGTTGACx-3,1.0
GATCAGTCACCCATTCx-3,1.0
GAGCAGAGTTAAAGACx-3,1.0
GAGTCCGAGAGACTATx-3,0.7391283502065717
GACGTGCAGCTAAGATx-3,1.0
GACGGCTTCGTTGCCTx-3,1.0
GATTCAGCAAGCCGCTx-3,0.767903467779237
GATGAAAGTGCGATAGx-3,1.0
GCATGTAGTTGTACACx-3,1.0
GCATGATAGCTAACTCx-3,1.0
GCAATCAGTGTCGCTGx-3,0.9859049811406733
GCAAACTCACAGGTTTx-3,0.9859049811406733
GCACTCTGTGTCGCTGx-3,1.0
GCAAACTAGAGCTGGTx-3,1.0
GATGAGGTCAGCTGGCx-3,0.8311739596601646
GATGAGGCACTCGACGx-3,1.0
GATGAGGAGAATTCCCx-3,0.9859049811406733
GCCAAATAGCTATGCTx-3,1.0
GATTCAGCACCAACCGx-3,1.0
GCATGCGGTTCAGACTx-3,0.4918176621306598
GCACTCTTCCATGAACx-3,0.7391283502065717
GATGAAACACGAGAGTx-3,0.7391283502065717
GCACATACACGGCGTTx-3,0.4918176621306598
GATGCTATCACTTCATx-3,1.0
GATGCTAGTTCTGGTAx-3,0.5496408320427421
GCAGTTAAGAGAACAGx-3,1.0
GCAATCACACTGTTAGx-3,1.0
GCACTCTAGCGATCCCx-3,1.0
GCAGCCAGTTATCGGTx-3,1.0
GATTCAGCAAGTTGTCx-3,1.0
GCATACAAGAAACCATx-3,1.0
GCCAAATAGCACAGGTx-3,1.0
GCAAACTCACATGACTx-3,0.4918176621306598
GCAGTTAAGTATCGAAx-3,1.0
GCATGTACACCCATTCx-3,1.0
GATTCAGAGCCACCTGx-3,1.0
GATTCAGGTAATTGGAx-3,1.0
GCAATCACATAGTAAGx-3,1.0
GCAATCACATCCAACAx-3,1.0
GCACTCTTCCGTAGTAx-3,0.9859049811406733
GCAGTTATCATTATCCx-3,0.9226344892597456
GCATACATCTGCCAGGx-3,1.0
GCATGCGCAAGCGCTCx-3,1.0
GCAGTTACACCGGAAAx-3,0.767903467779237
GATGAAACACTGTTAGx-3,1.0
GCATGTAAGGGAAACAx-3,1.0
GCATGTAAGATGTGGCx-3,1.0
GCAAACTCACGACGAAx-3,1.0
GATTCAGGTCGACTGCx-3,1.0
GATTCAGTCCTGTACCx-3,0.7391283502065717
GCACATATCCAGTAGTx-3,1.0
GCATGTATCTTTACACx-3,1.0
GATGAGGAGGCCCGTTx-3,0.7391283502065717
GCATGATTCCTCTAGCx-3,1.0
GCATGCGAGATATACGx-3,1.0
GCAGCCACATCTCGCTx-3,0.9859049811406733
GCAAACTGTTCGTGATx-3,0.9859049811406733
GCACTCTCAAGCTGGAx-3,1.0
GCACATAAGACTTGAAx-3,0.7391283502065717
GCACATAAGGAATTACx-3,1.0
GATTCAGCATAGTAAGx-3,1.0
GCAATCAGTGATGTCTx-3,1.0
GCAGTTATCATGTCCCx-3,1.0
GCACTCTGTAGCTTGTx-3,1.0
GATTCAGCAAGGACTGx-3,1.0
GATGAGGCAGGACCCTx-3,1.0
GATGAAACAAGCCTATx-3,1.0
GCATGCGGTCGTCTTCx-3,0.8260855668043812
GCACTCTCAGATGGGTx-3,0.9130427834021906
GCAGTTAGTATATCCGx-3,0.9859049811406733
GCATGCGCAAAGCGGTx-3,1.0
GCCAAATAGGCATGGTx-3,1.0
GCATACAAGAGTCTGGx-3,0.7391283502065717
GATGAAAGTTCCGTCTx-3,0.767903467779237
GCATGATCATTATCTCx-3,1.0
GATGAAATCGATCCCTx-3,0.7391283502065717
GCAAACTGTATCGCATx-3,1.0
GCACATACATTGGCGCx-3,1.0
GCAGCCATCTGTCTCGx-3,0.7391283502065717
GCATGCGCATCCAACAx-3,1.0
GCACTCTCATCCTAGAx-3,1.0
GCACATACACACTGCGx-3,1.0
GCATGCGTCCTATTCAx-3,1.0
GCATACAAGACGACGTx-3,0.7391283502065717
GCATGATTCACCAGGCx-3,1.0
GCAGTTATCAAAGTAGx-3,0.7391283502065717
GCACTCTAGATCTGCTx-3,0.7391283502065717
GCAGTTATCACTTCATx-3,0.767903467779237
GATGCTACAAGTACCTx-3,1.0
GATTCAGCACAAGACGx-3,0.7391283502065717
GCACTCTGTTCAACCAx-3,1.0
GCATGCGAGCGTAGTGx-3,0.767903467779237
GATGAGGAGAGGTACCx-3,0.9859049811406733
GATTCAGCACCGAATTx-3,1.0
GCATACACAGTTCCCTx-3,1.0
GATGAAAGTTGTACACx-3,1.0
GCATGATTCGATAGAAx-3,1.0
GATGCTAAGAGTCTGGx-3,1.0
GATGAAAGTAGCCTCGx-3,0.7391283502065717
GCGCCAATCATCGGATx-3,1.0
GCGACCACAGACTCGCx-3,1.0
GCGCAACTCTCATTCAx-3,0.7391283502065717
GCCTCTATCAGCTCGGx-3,1.0
GCGCAGTGTAGCTAAAx-3,1.0
GCGAGAAGTAAATGTGx-3,0.9718099622813466
GCGCAACTCTGTCCGTx-3,1.0
GCGGGTTAGTTGAGTAx-3,0.7391283502065717
GCGCCAACAGGCTGAAx-3,1.0
GCGCGATAGTCCGTATx-3,0.7391283502065717
GCTCCTAGTACAGACGx-3,0.8452689785194913
GCTCCTATCATGTAGCx-3,1.0
GCGCGATTCACCGGGTx-3,1.0
GCGCGATCACTATCTTx-3,1.0
GCTCCTAAGGCTAGACx-3,0.7391283502065717
GCGACCAGTAGAGTGCx-3,1.0
GCGACCATCCGAGCCAx-3,1.0
GCGAGAAAGGCAGGTTx-3,1.0
GCGCAACTCGTCTGAAx-3,0.7391283502065717
GCGCGATCATCGGACCx-3,1.0
GCTCTGTCACCAGATTx-3,1.0
GCTCCTATCTCTGTCGx-3,1.0
GCGACCAGTGCTAGCCx-3,1.0
GCGAGAAGTGAAATCAx-3,0.5496408320427421
GCGCAGTCAAGAAAGGx-3,0.7391283502065717
GCGCAGTTCAAACGGGx-3,1.0
GCGGGTTTCCGTAGGCx-3,1.0
GCTGCAGAGTCCCACGx-3,0.7391283502065717
GCGGGTTTCGCATGGCx-3,0.7391283502065717
GCCTCTAGTCGAAAGCx-3,0.767903467779237
GCGCAACGTCCCGACAx-3,1.0
GCGAGAAAGCCGCCTAx-3,1.0
GCGACCACATTCTCATx-3,0.4918176621306598
GCGACCAAGGGTGTTGx-3,0.9130427834021906
GCGACCAGTTGGACCCx-3,1.0
GCTGCAGAGCCCTAATx-3,1.0
GCTCTGTGTCCGAATTx-3,0.7391283502065717
GCCAAATGTACCGCTGx-3,0.9718099622813466
GCGCAGTGTACATCCAx-3,0.767903467779237
GCTCCTATCTACCTGCx-3,1.0
GCCAAATCATCGTCGGx-3,0.7391283502065717
GCCAAATGTTCCACTCx-3,1.0
GCGCAGTAGCCACGTCx-3,0.767903467779237
GCGCCAAAGCGTGTCCx-3,0.767903467779237
GCGGGTTCATCGGACCx-3,0.7391283502065717
GCTGCAGAGCATCATCx-3,0.8452689785194913
GCGAGAATCCGTCATCx-3,0.95771494342202
GCGAGAACAACCGCCAx-3,0.7391283502065717
GCTCCTAAGGATCGCAx-3,1.0
GCGCAACAGCGATAGCx-3,0.95771494342202
GCCAAATCACCGCTAGx-3,1.0
GCCAAATAGGCTAGCAx-3,1.0
GCTCTGTTCACCACCTx-3,0.7391283502065717
GCGCGATAGCGTGAGTx-3,1.0
GCGCAGTCATCGGACCx-3,0.9859049811406733
GCGCAACCATCCTAGAx-3,1.0
GCCTCTAAGACGACGTx-3,1.0
GCTCCTATCACCAGGCx-3,0.9859049811406733
GCTCCTAGTGTGCCTGx-3,1.0
GCCAAATTCTGGTTCCx-3,1.0
GCGCAACCAAACGTGGx-3,0.7391283502065717
GCTCCTAAGGAGCGTTx-3,0.7391283502065717
GCGCAGTAGTTAGCGGx-3,0.9859049811406733
GCGCCAATCATATCGGx-3,1.0
GCGCCAACAATGTTGCx-3,0.7391283502065717
GCGCAGTGTTACGCGCx-3,1.0
GCGCAACGTTAAGACAx-3,1.0
GCTCCTAAGACCCACCx-3,0.767903467779237
GCGCCAAAGGTGGGTTx-3,1.0
GCGACCAAGACATAACx-3,0.767903467779237
GCTGCAGCATCCTAGAx-3,1.0
GCGACCAAGTGGGATCx-3,1.0
GCGCAGTAGCGCCTTGx-3,0.767903467779237
GCGACCAGTGCACCACx-3,1.0
GCGCAGTTCCCATTTAx-3,0.7391283502065717
GCTCCTACACCTATCCx-3,1.0
GCTCCTAAGCTGCCCAx-3,0.7391283502065717
GCGCGATCAGCCAGAAx-3,0.7391283502065717
GCGCCAAGTTGATTCGx-3,0.6235247827969274
GCGCAGTAGCTCTCGGx-3,0.9859049811406733
GCTCTGTCAAGAAGAGx-3,1.0
GCGGGTTGTGCATCTAx-3,1.0
GCGGGTTCATGTTGACx-3,1.0
GCTCCTACACTGTTAGx-3,1.0
GCTCTGTGTATATGAGx-3,1.0
GCGCAACAGGCTAGCAx-3,1.0
GCCTCTACAATCGAAAx-3,0.6587205484503873
GCGGGTTAGGGATCTGx-3,0.7391283502065717
GCGAGAAAGAGATGAGx-3,0.767903467779237
GCGCCAATCAAACCGTx-3,1.0
GCGGGTTTCATTCACTx-3,0.7391283502065717
GCTCTGTGTACCAGTTx-3,0.8452689785194913
GCTGCAGAGGTGTTAAx-3,1.0
GCGCAACGTAAGGGCTx-3,1.0
GCGAGAATCCAGAGGAx-3,1.0
GCTGCAGGTACGAAATx-3,1.0
GCTGCAGGTCTCCATCx-3,1.0
GGAACTTTCTTACCTAx-3,1.0
GGACGTCTCCTCAATTx-3,0.7391283502065717
GGAGCAAGTCTAGTGTx-3,1.0
GCTGCGAAGGCCCTTGx-3,0.6716510111243639
GGAAAGCTCCTATGTTx-3,1.0
GGAGCAAGTGCTGTATx-3,1.0
GGAACTTCATGCATGTx-3,1.0
GCTTGAACACACGCTGx-3,1.0
GGAAAGCGTAAATACGx-3,1.0
GGAACTTGTAAACCTCx-3,1.0
GCTGCGAAGCCGTCGTx-3,0.9226344892597457
GCTTCCAGTCTCCACTx-3,0.7391283502065717
GCTGCTTGTCTTTCATx-3,0.4918176621306598
GGAAAGCAGACAAGCCx-3,0.7398361237311784
GGACGTCTCCGGCACAx-3,1.0
GCTTCCATCGTCCGTTx-3,0.9859049811406733
GGATGTTAGAAACGCCx-3,0.7391283502065717
GCTGCTTCATTAGGCTx-3,1.0
GCTTGAACAATGAATGx-3,1.0
GGAAAGCTCTACTCATx-3,1.0
GCTGCTTAGTGGAGTCx-3,1.0
GGAAAGCCAGGGAGAGx-3,0.9859049811406733
GGACGTCTCAGCTCGGx-3,1.0
GCTTCCACATGCCTAAx-3,0.7391283502065717
GCTTCCAAGCAGACTGx-3,1.0
GCTGGGTGTATAGTAGx-3,1.0
GGAACTTTCAGCTCGGx-3,0.6735871004885388
GGAAAGCGTCTCTCGTx-3,1.0
GGAATAACAACACGCCx-3,1.0
GCTGCAGGTAGATTAGx-3,0.9859049811406733
GGACGTCGTATGAATGx-3,0.7391283502065717
GGACGTCTCACAGTACx-3,0.7391283502065717
GGAATAATCGTTGCCTx-3,0.767903467779237
GCTTGAAGTGCCTTGGx-3,1.0
GGACGTCGTTCGTCTCx-3,1.0
GCTGCTTCAGATCGGAx-3,1.0
GGAATAAAGCTCCTCTx-3,1.0
GCTGGGTAGTCAATAGx-3,1.0
GCTTGAATCCAGAGGAx-3,1.0
GGACAGATCAGTGTTGx-3,0.7391283502065717
GGAACTTCACATTAGCx-3,0.767903467779237
GCTGCTTTCGCAAGCCx-3,1.0
GCTTCCACACTAAGTCx-3,1.0
GCTGCTTTCGCCAAATx-3,0.7391283502065717
GGACAAGGTTGGTTTGx-3,0.7391283502065717
GGACAAGGTGTGAAATx-3,1.0
GGACATTTCTAGCACAx-3,1.0
GGACATTAGAGGTACCx-3,0.6235247827969274
GGACGTCCACTAGTACx-3,1.0
GCTTGAATCATCATTCx-3,1.0
GGACAAGAGCGCTTATx-3,1.0
GCTGCGAAGAGTAATCx-3,0.7391283502065717
GGACGTCTCTTGTTTGx-3,0.8260855668043812
GCTTCCAGTTTGGGCCx-3,0.7391283502065717
GGACAGAAGGACAGCTx-3,1.0
GGACGTCCATATGCTGx-3,0.7391283502065717
GGAATAAGTTCGGCACx-3,1.0
GGAAAGCCAGTATAAGx-3,0.9130427834021906
GGAAAGCTCCACGCAGx-3,1.0
GGAATAAAGATAGCATx-3,0.7391283502065717
GCTTCCAAGTTAGCGGx-3,1.0
GGACAGACAAGTAATGx-3,0.767903467779237
GCTGGGTAGGACACCAx-3,1.0
GCTTCCAGTCAGCTATx-3,1.0
GGAGCAAAGATCCCATx-3,1.0
GCTGCTTAGCTAACTCx-3,1.0
GGAAAGCTCGGATGTTx-3,1.0
GCTGGGTTCGCGTTTCx-3,0.9718099622813466
GGAATAACACCAGGTCx-3,0.767903467779237
GGACGTCAGTTCGCATx-3,0.7391283502065717
GCTTGAAGTAGTACCTx-3,1.0
GGAAAGCCATGTTGACx-3,1.0
GCTTGAACAGTCCTTCx-3,0.6235247827969274
GGACAAGTCACATGCAx-3,0.7391283502065717
GCTGGGTAGCGATCCCx-3,1.0
GGAATAATCAACGGGAx-3,1.0
GGACAAGCATCACAACx-3,0.7391283502065717
GCTTGAACATCCAACAx-3,0.767903467779237
GCTTCCACATCCGCGAx-3,1.0
GCTTGAAAGAAAGTGGx-3,0.9718099622813466
GCTTGAAAGTAGCGGTx-3,0.7391283502065717
GCTGCTTAGGTGCTTTx-3,1.0
GGATGTTGTCTGCGGTx-3,0.7391283502065717
GGACAAGCAGGCAGTAx-3,0.7391283502065717
GCTGCAGGTCGTTGTAx-3,1.0
GGACAAGTCTCGCATCx-3,0.6235247827969274
GGACAAGTCGGCATCGx-3,1.0
GGAATAAAGACAAGCCx-3,1.0
GCTTCCAAGGTGCTAGx-3,1.0
GCTTGAATCATTCACTx-3,1.0
GCTGGGTTCTCCAGGGx-3,0.7391283502065717
GGACAGAAGTGACATAx-3,0.9718099622813466
GGAACTTCAGGTCCACx-3,0.7391283502065717
GGCTGGTCAGATGGGTx-3,1.0
GGGCATCTCTTGACGAx-3,1.0
GGGTCTGTCAAGGCTTx-3,1.0
GGGTCTGAGAGACTTAx-3,1.0
GGATTACTCACAAACCx-3,1.0
GGCAATTGTATGAATGx-3,1.0
GGGTTGCAGATGCGACx-3,1.0
GGCCGATGTGTCAATCx-3,0.9859049811406733
GGGTTGCTCTGGTGTAx-3,1.0
GGATGTTTCCGCAGTGx-3,0.7391283502065717
GGCGTGTGTTCGTCTCx-3,1.0
GGCAATTTCAATCACGx-3,1.0
GGCTCGAGTCGCTTCTx-3,1.0
GGGAATGCAGAGCCAAx-3,1.0
GGGTCTGAGAGCTATAx-3,1.0
GGCCGATAGGGTATCGx-3,0.767903467779237
GGCGACTCAAACGCGAx-3,1.0
GGCGTGTTCTATCGCCx-3,1.0
GGGTCTGCATCACGTAx-3,0.7391283502065717
GGGTCTGGTATCACCAx-3,1.0
GGGTCTGAGAGGTACCx-3,1.0
GGCCGATTCGTTGCCTx-3,1.0
GGGTCTGTCAAGGTAAx-3,1.0
GGGCACTAGCTGAAATx-3,1.0
GGCAATTCAGCAGTTTx-3,1.0
GGCAATTGTGGGTCAAx-3,0.6235247827969274
GGGCATCGTAACGCGAx-3,1.0
GGGCATCCAGGGCATAx-3,1.0
GGCAATTCACGGACAAx-3,1.0
GGCCGATGTCGTGGCTx-3,1.0
GGGAGATTCAAGCCTAx-3,1.0
GGCGTGTTCAGAGACGx-3,1.0
GGGTCTGCAGCGTAAGx-3,1.0
GGCTGGTAGTGAACGCx-3,0.7391283502065717
GGATTACGTAGCGCTCx-3,1.0
GGGACCTAGTCTCGGCx-3,1.0
GGGCATCTCACAGGCCx-3,0.7391283502065717
GGCAATTTCTTCCTTCx-3,0.4918176621306598
GGGTCTGTCCTGCAGGx-3,0.7391283502065717
GGGTCTGAGCAGCGTAx-3,1.0
GGGCATCAGTCTTGCAx-3,1.0
GGCTGGTAGACTGGGTx-3,0.95771494342202
GGATTACGTATAGGGCx-3,1.0
GGGTCTGTCAACGGCCx-3,0.7391283502065717
GGGCATCGTCTTCTCGx-3,0.767903467779237
GGCTCGAAGAATTCCCx-3,1.0
GGGAGATCAGCCTTTCx-3,1.0
GGGAATGAGCACACAGx-3,0.767903467779237
GGCGTGTTCAAGATCCx-3,0.7391283502065717
GGGTTGCCAAGCTGAGx-3,0.6566914541812677
GGGATGATCGCCTGAGx-3,1.0
GGGATGATCCAACCAAx-3,0.9859049811406733
GGATTACAGTCGTTTGx-3,1.0
GGATGTTTCCTATTCAx-3,0.7391283502065717
GGATTACAGTCTCAACx-3,1.0
GGGAATGGTTATCACGx-3,1.0
GGGAGATTCCGCGCAAx-3,1.0
GGCTCGACAAGCCGTCx-3,0.95771494342202
GGCGACTCATCCCATCx-3,1.0
GGGATGACACTCAGGCx-3,1.0
GGGACCTAGCTCTCGGx-3,0.7391283502065717
GGGCATCCACTTACGAx-3,1.0
GGCTCGACACACATGTx-3,1.0
GGGACCTCATTTCACTx-3,1.0
GGGTTGCCATAAGACAx-3,1.0
GGGACCTTCTGCGGCAx-3,1.0
GGGTTGCAGGTGGGTTx-3,1.0
GGGATGAGTTCCTCCAx-3,0.7391283502065717
GGCTCGAAGTGTCCATx-3,0.7391283502065717
GGGATGATCATGCTCCx-3,0.7391283502065717
GGGAGATCAAGAGGCTx-3,0.5496408320427421
GGCGTGTTCCCATTATx-3,0.9859049811406733
GGGCACTGTTCAACCAx-3,1.0
GGCGTGTTCACGACTAx-3,1.0
GGCTCGAGTCATCCCTx-3,0.7391283502065717
GGGCATCCAGACGCCTx-3,1.0
GGCTGGTCACATTAGCx-3,1.0
GGGAATGCATCGTCGGx-3,1.0
GGGTTGCCAAGTCATCx-3,1.0
GGGAGATAGTGCGTGAx-3,0.7391283502065717
GGGACCTAGTTGTCGTx-3,1.0
GGATTACTCTGTTTGTx-3,1.0
GGGAATGTCTGCCAGGx-3,0.9130427834021906
GGCTGGTAGCACGCCTx-3,0.7391283502065717
GGGTCTGGTCTCAACAx-3,1.0
GGCCGATGTCCCTTGTx-3,1.0
GGATTACTCTGCTGTCx-3,0.7391283502065717
GGATGTTTCCGCTGTTx-3,1.0
GGGCATCTCCTCAATTx-3,1.0
GGGACCTTCCTAGAACx-3,1.0
GGCTGGTAGAAACGAGx-3,0.7391283502065717
GGATTACGTGTTCTTTx-3,1.0
GGCTCGAGTCACCTAAx-3,1.0
GGGCATCGTTGGTTTGx-3,0.7391283502065717
GGCCGATAGCTCAACTx-3,1.0
GGTGTTAAGGGATCTGx-3,0.6581070012304809
GTATTCTAGTGCGATGx-3,0.7391283502065717
GGTATTGCAAGCGATGx-3,0.767903467779237
GTACTTTCATTCCTGCx-3,1.0
GTACTTTAGCAGCGTAx-3,1.0
GGTGCGTGTACCGTATx-3,0.4918176621306598
GGTGAAGCAGTATAAGx-3,0.7391283502065717
GGTATTGGTGCAGTAGx-3,1.0
GTACTCCCATGATCCAx-3,0.9859049811406733
GTAGTCAAGACACTAAx-3,0.9718099622813466
GTCAAGTAGGTGCTAGx-3,1.0
GTAACTGTCATCATTCx-3,1.0
GGTGCGTTCCGTAGTAx-3,0.7391283502065717
GGTGTTAGTAAGAGGAx-3,1.0
GTATTCTTCACCTCGTx-3,1.0
GTAACTGTCGGTTCGGx-3,0.9718099622813466
GTAACGTGTATATCCGx-3,1.0
GTATTCTTCCACGTTCx-3,0.9859049811406733
GTATTCTTCTGCGACGx-3,0.9718099622813466
GTCAAGTAGGCAGGTTx-3,0.767903467779237
GGTGAAGCATACGCTAx-3,1.0
GTACTTTTCGAACGGAx-3,1.0
GGTGTTATCTTCGAGAx-3,1.0
GGTATTGTCATAAAGGx-3,1.0
GGTGAAGGTTTAGGAAx-3,1.0
GGTGCGTTCTTGAGACx-3,1.0
GTAGTCACACATGACTx-3,1.0
GTATTCTTCCCTTGTGx-3,0.767903467779237
GGTATTGTCTGATTCTx-3,1.0
GTATCTTGTACCGTATx-3,0.6235247827969274
GTAGTCAGTGCGCTTGx-3,0.6235247827969274
GTCAAGTGTACAGCAGx-3,1.0
GGTGCGTTCGAGGTAGx-3,1.0
GTACTCCTCGCGGATCx-3,1.0
GTAGTCAGTCACTTCCx-3,0.767903467779237
GTACTCCTCACGGTTAx-3,0.7391283502065717
GGTATTGCAGGAATGCx-3,0.6235247827969274
GTACTTTGTAACGTTCx-3,1.0
GTATTCTCAGTTTACGx-3,1.0
GTATCTTCAATACGCTx-3,0.767903467779237
GGTATTGCATACTACGx-3,1.0
GTAGGCCAGGATATACx-3,0.5496408320427421
GTAACGTTCAACACCAx-3,1.0
GGTGAAGCAGACGCTCx-3,1.0
GTAACGTTCAGGATCTx-3,0.7391283502065717
GTCAAGTGTGACGCCTx-3,0.9859049811406733
GTCAAGTGTGATAAACx-3,0.9859049811406733
GGTATTGTCCGATATGx-3,1.0
GGTGTTACAGATCCATx-3,0.5742688156274705
GTAGTCACAGATTGCTx-3,0.9859049811406733
GTCAAGTAGGAGCGTTx-3,1.0
GTCAAGTCAGGTGCCTx-3,1.0
GGTGCGTGTCGAGATGx-3,0.4918176621306598
GTACTCCGTTCCACAAx-3,1.0
GTATTCTAGGACTGGTx-3,0.9130427834021906
GGTGCGTGTCATATGCx-3,0.7391283502065717
GTCAAGTCAGCTGCTGx-3,0.9859049811406733
GTACTCCAGTCGCCGTx-3,1.0
GGTATTGAGCTGGAACx-3,1.0
GTATCTTAGGCCATAGx-3,1.0
GGTATTGGTACCGCTGx-3,1.0
GTAGGCCAGTCCGGTCx-3,1.0
GGTGAAGAGAACTGTAx-3,1.0
GTAACTGGTTGGACCCx-3,1.0
GTATTCTAGCTTTGGTx-3,0.9859049811406733
GTACTTTGTATTACCGx-3,0.7391283502065717
GGTGCGTAGATGTAACx-3,1.0
GTACTTTTCTCCTATAx-3,1.0
GTATTCTGTAGAGGAAx-3,1.0
GTACTTTGTACCGTTAx-3,1.0
GGTATTGAGAATGTTGx-3,1.0
GTACGTAGTTCGGGCTx-3,1.0
GGTGAAGCAAGACGTGx-3,1.0
GTCAAGTGTGGTGTAGx-3,0.7391283502065717
GTAGGCCGTTCTCATTx-3,0.39492191913221475
GTAACTGAGCTACCTAx-3,0.9859049811406733
GTATCTTAGGAATTACx-3,1.0
GTATCTTAGTCACGCCx-3,0.7391283502065717
GGTATTGGTAGATTAGx-3,1.0
GGTGCGTTCCCTAATTx-3,1.0
GTAGGCCAGAACAATCx-3,1.0
GTAACTGGTACGCTGCx-3,1.0
GTAGGCCGTAGCCTATx-3,0.95771494342202
GTACTCCGTCATATCGx-3,1.0
GTACGTAAGGCTCATTx-3,1.0
GTCAAGTCAAAGGAAGx-3,1.0
GTCAAGTGTTCGGCACx-3,0.767903467779237
GTACGTAAGGGAAACAx-3,1.0
GGTGCGTTCCTTGGTCx-3,1.0
GTATCTTTCGAGAACGx-3,0.7391283502065717
GTAGTCATCGGTGTCGx-3,1.0
GTACGTATCTCCTATAx-3,0.8260855668043812
GTATCTTGTAGCGCAAx-3,1.0
GTATTCTCACGAAATAx-3,1.0
GTATCTTCAGTGACAGx-3,1.0
GTACTCCGTCTCACCTx-3,1.0
GTGCATACACCCAGTGx-3,1.0
GTCTCGTAGTACGCGAx-3,1.0
GTCGTAACAAGTAATGx-3,1.0
GTCATTTCAGTAACGGx-3,1.0
GTGAAGGCATGGTAGGx-3,1.0
GTCTTCGAGCTTATCGx-3,1.0
GTCATTTGTCTCTCTGx-3,1.0
GTGAAGGCATTCACTTx-3,1.0
GTGCGGTTCCGCAAGCx-3,1.0
GTGTGCGGTCAAAGATx-3,0.9130427834021906
GTGCGGTTCCGGCACAx-3,1.0
GTGTGCGAGATCTGCTx-3,1.0
GTGCGGTAGGTAGCCAx-3,1.0
GTCATTTCAAAGCAATx-3,0.767903467779237
GTCTCGTTCAGTACGTx-3,1.0
GTGCTTCCAACGATGGx-3,1.0
GTGCTTCCAGTAAGATx-3,1.0
GTCTTCGAGCCAGAACx-3,0.6235247827969274
GTGGGTCTCGGAATCTx-3,0.7391283502065717
GTCAAGTTCATACGGTx-3,0.767903467779237
GTCCTCACAGATCGGAx-3,1.0
GTGTGCGCATGCCTAAx-3,1.0
GTGAAGGAGTGAACGCx-3,1.0
GTCACAACATGTAAGAx-3,0.95771494342202
GTGGGTCGTAGCGCTCx-3,0.7391283502065717
GTCTTCGAGGATTCGGx-3,0.6235247827969274
GTCCTCACACGGATAGx-3,1.0
GTCACGGCATTCTCATx-3,0.7391283502065717
GTCCTCATCGTCACGGx-3,0.7391283502065717
GTCACAAGTAAACACAx-3,1.0
GTCTCGTCAGATCTGTx-3,0.7391283502065717
GTCAAGTTCTAACTCTx-3,0.7391283502065717
GTCTTCGCATACCATGx-3,1.0
GTCATTTTCTTATCTGx-3,1.0
GTCACGGGTGCGCTTGx-3,1.0
GTCACGGAGCTAACTCx-3,0.7391283502065717
GTCGTAAAGATCGGGTx-3,1.0
GTCAAGTTCTCGCTTGx-3,1.0
GTCGGGTCAGTATGCTx-3,0.4918176621306598
GTGCAGCAGAGATGAGx-3,1.0
GTGGGTCTCGATGAGGx-3,1.0
GTCTCGTCAGGCTCACx-3,1.0
GTGCGGTAGCACGCCTx-3,0.7391283502065717
GTGTGCGCAGGGCATAx-3,1.0
GTCTTCGTCTGTCTCGx-3,0.6235247827969274
GTCACGGTCAGGATCTx-3,1.0
GTCGTAAGTACGACCCx-3,1.0
GTCGTAAAGTACACCTx-3,1.0
GTCGTAAGTCTCCCTAx-3,0.7391283502065717
GTCACAAAGAAACCGCx-3,1.0
GTGCATAAGAGGTTATx-3,0.9718099622813466
GTCACGGCACTCAGGCx-3,1.0
GTCTTCGAGGCTCATTx-3,1.0
GTCTCGTCACCGAAAGx-3,1.0
GTGCAGCGTTGGTAAAx-3,1.0
GTCTCGTAGCTATGCTx-3,0.7391283502065717
GTGAAGGCACTAGTACx-3,0.4649634295571679
GTCGTAACACGGCTACx-3,1.0
GTCGTAATCGCGGATCx-3,0.7490165218646182
GTCACGGCATGGTCATx-3,0.95771494342202
GTCATTTGTAGTAGTAx-3,1.0
GTCACAATCAGCGATTx-3,1.0
GTCTTCGCAAATTGCCx-3,1.0
GTGCGGTTCCTGCAGGx-3,1.0
GTCACAAAGAGTAAGGx-3,0.7391283502065717
GTCCTCAAGTACACCTx-3,1.0
GTGAAGGTCCAAACACx-3,1.0
GTCACAAAGTAGTGCGx-3,1.0
GTGCAGCTCCTCCTAGx-3,1.0
GTGCTTCGTTTGTGTGx-3,1.0
GTCATTTTCCATGAACx-3,1.0
GTGCGGTAGAGCAATTx-3,0.7490165218646182
GTGCGGTTCGCACTCTx-3,1.0
GTGCATAGTACGACCCx-3,1.0
GTCTTCGCAGTGGAGTx-3,1.0
GTCTTCGCATCCGTGGx-3,1.0
GTGCAGCCAAGAAGAGx-3,0.767903467779237
GTGCTTCTCGTAGGAGx-3,0.4918176621306598
GTCCTCATCTAACCGAx-3,0.5742688156274705
GTGAAGGTCGATAGAAx-3,1.0
GTGTGCGAGCTAGTGGx-3,1.0
GTGCATATCACTTCATx-3,0.767903467779237
GTGCGGTGTACTCTCCx-3,1.0
GTGCAGCAGAGCCTAGx-3,1.0
GTGCGGTTCGGATGTTx-3,1.0
GTGCTTCAGATTACCCx-3,0.6566914541812677
GTCATTTAGGCATGTGx-3,0.767903467779237
GTCATTTCACCATCCTx-3,1.0
GTGAAGGGTCGATTGTx-3,0.7391283502065717
GTCTCGTTCACGATGTx-3,0.9130427834021906
GTCACAATCCTTAATCx-3,0.6566914541812677
GTCCTCATCGGCATCGx-3,0.767903467779237
GTCTCGTGTCGGCTCAx-3,0.7391283502065717
GTGGGTCCACGTTGGCx-3,1.0
GTGCATATCCCTAACCx-3,1.0
GTCTCGTGTTGATTCGx-3,1.0
GTTCATTAGCGTCTATx-3,0.9718099622813466
TAAGTGCCACAGGTTTx-3,1.0
GTTCATTTCAGATAAGx-3,0.7391283502065717
TAAGCGTCAGCCTTGGx-3,0.6235247827969274
GTGTTAGGTCTAGCGCx-3,0.7391283502065717
TAAGTGCAGTGTCCATx-3,1.0
GTTAAGCCAGCCTTTCx-3,1.0
GTTCGGGTCCCTAATTx-3,0.767903467779237
GTTTCTAGTCACACGCx-3,1.0
GTGTTAGAGCTCTCGGx-3,1.0
GTTAAGCGTGCAACGAx-3,1.0
GTTCGGGGTACGACCCx-3,1.0
GTTAAGCTCAACGGCCx-3,1.0
GTTTCTAAGCCACGTCx-3,1.0
GTTCTCGGTTGTGGCCx-3,0.7391283502065717
GTTTCTACAAACAACAx-3,1.0
GTTAAGCCAGTAACGGx-3,1.0
GTTAAGCAGAAGGTGAx-3,1.0
GTGTGCGTCAAACCACx-3,1.0
GTGTTAGCAGTTCATGx-3,0.9859049811406733
TAAACCGCATTCACTTx-3,0.767903467779237
GTTCGGGGTCGAACAGx-3,0.767903467779237
GTTAAGCAGGGTATCGx-3,1.0
GTTCTCGAGACTCGGAx-3,1.0
GTTTCTAAGGCAGGTTx-3,1.0
TAAGTGCAGGTGCACAx-3,0.7391283502065717
GTTTCTAAGTACATGAx-3,1.0
GTTTCTAGTGAGGGTTx-3,0.5742545581559637
TAAGAGAGTGTGCGTCx-3,0.9859049811406733
TAAACCGGTCCGAGTCx-3,1.0
GTTCGGGTCCCAGGTGx-3,1.0
TAAGAGAGTTTGACTGx-3,0.7391283502065717
GTTTCTAGTATAAACGx-3,1.0
GTTCTCGGTGGTCCGTx-3,1.0
GTTAAGCAGGGTGTTGx-3,1.0
GTTTCTAAGAACTCGGx-3,1.0
GTTCATTAGATCGGGTx-3,1.0
TACACGAAGGGTCGATx-3,1.0
GTTCATTCATGTCTCCx-3,1.0
GTGTTAGGTAGGAGTCx-3,1.0
GTGTTAGGTGCAACGAx-3,1.0
GTTACAGCACATTTCTx-3,1.0
GTTCGGGTCTGCAGTAx-3,0.5496408320427421
TAAGCGTAGTCCATACx-3,1.0
GTTTCTACACTGCCAGx-3,0.7391283502065717
GTTACAGGTCCTAGCGx-3,1.0
GTGTTAGCACCAGGTCx-3,0.767903467779237
GTTCTCGGTGTATGGGx-3,0.9085394704004189
GTTCGGGAGGGATCTGx-3,1.0
GTGTTAGTCCTATGTTx-3,1.0
GTTCATTGTCGCGAAAx-3,1.0
GTTTCTATCACCGTAAx-3,1.0
TAAGAGATCGCGATCGx-3,1.0
GTTACAGGTGTCAATCx-3,0.767903467779237
TAAACCGTCTCATTCAx-3,0.7391283502065717
GTTCATTTCACCTTATx-3,0.9226344892597457
GTTCGGGTCGGTTAACx-3,1.0
TAAACCGTCTGCTGTCx-3,0.7391283502065717
TAAGTGCTCAAGCCTAx-3,0.767903467779237
GTTCGGGGTTTGGGCCx-3,1.0
GTTCTCGCAGACGCCTx-3,0.7391283502065717
GTTCTCGCATCATCCCx-3,0.5742545581559637
TAAGAGAAGGAATTACx-3,1.0
TAAGCGTGTCTGCAATx-3,1.0
GTTAAGCCAAGCTGGAx-3,1.0
TAAGTGCAGCAGCCTCx-3,0.6612117747537731
GTTCTCGTCATTCACTx-3,1.0
GTGTTAGAGTAAGTACx-3,1.0
GTTACAGAGGCATGGTx-3,1.0
GTTCGGGCATATGCTGx-3,0.767903467779237
GTTCGGGAGGCAAAGAx-3,0.6235247827969274
GTTCGGGCAAAGAATCx-3,0.7398361237311784
GTTAAGCGTTTCGCTCx-3,0.5742688156274705
TAAGAGAAGTCAATAGx-3,1.0
GTGTGCGGTGAAATCAx-3,1.0
TAAACCGGTGTTGAGGx-3,1.0
TACACGAAGTAGATGTx-3,0.9718099622813466
GTGTTAGGTAAGCACGx-3,0.767903467779237
GTGTTAGCACTTAACGx-3,1.0
TAAACCGGTGGTTTCAx-3,0.41762126893051404
GTTCGGGTCCTGTAGAx-3,0.95771494342202
GTGTGCGTCTGTTGAGx-3,1.0
GTTCTCGTCAAAGTAGx-3,0.767903467779237
GTTAAGCTCATTGCCCx-3,1.0
TAAGCGTTCGTGGACCx-3,1.0
GTTCATTAGCCATCGCx-3,1.0
TAAGAGAGTCGCATCGx-3,0.95771494342202
TAAGTGCGTCAGTGGAx-3,1.0
TAAGTGCCACTTAAGCx-3,1.0
GTGTTAGAGACAGACCx-3,1.0
GTGTTAGTCATGCTCCx-3,0.9859049811406733
GTTACAGTCGTGGTCGx-3,1.0
GTTTCTAGTTTAAGCCx-3,1.0
GTGTGCGGTGTGGCTCx-3,0.7391283502065717
TAAGAGAAGTGGGCTAx-3,0.767903467779237
TAAACCGGTCAAAGATx-3,1.0
TAGGCATCACCGAATTx-3,0.6716510111243639
TACGGTACACGGACAAx-3,0.5496408320427421
TACCTTAGTCGCGAAAx-3,1.0
TACCTATCAAGTAATGx-3,1.0
TACTCATAGGCAAAGAx-3,0.7391283502065717
TAGACCATCACTGGGCx-3,1.0
TACGGATAGCTAACTCx-3,0.9130427834021906
TACGGGCTCGAGGTAGx-3,1.0
TAGGCATTCTTCGGTCx-3,1.0
TAGACCACACCAGGCTx-3,1.0
TAGCCGGCAGGTGCCTx-3,1.0
TACAGTGAGCAATCTCx-3,1.0
TACTCGCCACTCAGGCx-3,0.7391283502065717
TACTTGTCAGTAGAGCx-3,1.0
TACTTGTTCTACCAGAx-3,1.0
TACTTACGTGAGGCTAx-3,1.0
TACAGTGGTACCATCAx-3,0.7391283502065717
TAGTGGTAGAGTTGGCx-3,1.0
TACCTATAGCATCATCx-3,1.0
TACCTATCACCAGGTCx-3,0.7391283502065717
TACCTATTCAAACGGGx-3,0.767903467779237
TACTTGTTCGGACAAGx-3,1.0
TACTCGCAGCGTGTCCx-3,1.0
TAGACCAAGATGTGGCx-3,1.0
TACGGGCCAAAGTCAAx-3,1.0
TACGGGCGTCGCATCGx-3,1.0
TACGGGCCAGCCTTTCx-3,1.0
TACCTTAGTGGTGTAGx-3,1.0
TAGTGGTAGCTAAACAx-3,1.0
TACACGACAATGAATGx-3,0.8944444515410923
TACTTGTAGGATGTATx-3,0.7391283502065717
TAGCCGGAGATGTAACx-3,1.0
TACCTATGTACCATCAx-3,1.0
TAGAGCTCAGGATTGGx-3,1.0
TAGTGGTAGCTGGAACx-3,1.0
TACTTGTAGGCAATTAx-3,1.0
TACTTACGTTACGACTx-3,0.9859049811406733
TAGACCAAGGCAGGTTx-3,1.0
TACTCATAGATAGTCAx-3,1.0
TAGACCAGTTGCGTTAx-3,0.9859049811406733
TACTTACGTATGAATGx-3,0.9859049811406733
TAGACCACAGGGCATAx-3,0.7391283502065717
TAGACCATCCTCAATTx-3,0.9226344892597457
TACCTTAGTTACGGAGx-3,1.0
TAGTGGTAGGGCACTAx-3,0.7391283502065717
TACCTTAAGAGTACCGx-3,0.9859049811406733
TACGGGCAGCAGCCTCx-3,1.0
TACTCGCTCATAACCGx-3,1.0
TACCTATCACTCTGTCx-3,1.0
TAGTGGTCAGTCAGCCx-3,1.0
TACACGAGTCGGATCCx-3,0.9859049811406733
TAGTGGTGTAGCAAATx-3,0.9130427834021906
TAGACCAGTAACGCGAx-3,1.0
TAGACCAGTACCATCAx-3,1.0
TAGCCGGAGTGAATTGx-3,0.7391283502065717
TAGACCATCAACGGCCx-3,1.0
TACTCGCGTCCGAAGAx-3,1.0
TACGGGCCAAGACGTGx-3,1.0
TACCTTACATTGCGGCx-3,1.0
TACTCGCTCTGCTGTCx-3,0.7391283502065717
TACCTTAGTCTCTTATx-3,0.7391283502065717
TAGAGCTCATCACGATx-3,0.7391283502065717
TACTTACCAAGTTGTCx-3,0.767903467779237
TACGGATTCGGCGGTTx-3,1.0
TACTTACCATAGGATAx-3,1.0
TACCTATAGCAGGTCAx-3,0.767903467779237
TACGGGCGTCTGCAATx-3,1.0
TAGCCGGGTTAGATGAx-3,0.9859049811406733
TACGGGCTCAACACCAx-3,1.0
TACGGTATCTTTCCTCx-3,1.0
TACGGGCGTGATGTGGx-3,1.0
TACGGGCAGTACTTGCx-3,1.0
TACGGATAGTTGAGTAx-3,1.0
TAGTGGTAGTACGACGx-3,0.6471167558944465
TACTTACGTAACGTTCx-3,1.0
TAGTGGTCATGCTAGTx-3,1.0
TACGGATGTCCGCTGAx-3,1.0
TACCTTACAAAGTGCGx-3,1.0
TACAGTGCAGGCTCACx-3,1.0
TACGGATAGGGTCGATx-3,0.767903467779237
TACCTTAGTACCGGCTx-3,1.0
TAGCCGGTCAGCAACTx-3,1.0
TACTCATGTTGTACACx-3,1.0
TACGGTAAGATCGGGTx-3,0.6235247827969274
TACTCGCAGACACGACx-3,1.0
TACACGATCTCCAGGGx-3,1.0
TAGTGGTCATACCATGx-3,1.0
TAGACCACATCATCCCx-3,1.0
TACAGTGAGCTCCTCTx-3,0.7391283502065717
TACTCGCCAGACAGGTx-3,0.9085394704004189
TAGACCACAGGACCCTx-3,1.0
TACGGATGTATCACCAx-3,0.7391283502065717
TACTCGCTCAGCGACCx-3,1.0
TAGCCGGGTAGCTGCCx-3,1.0
TAGAGCTGTCGGCATCx-3,0.8452689785194913
TATCTCATCCTATTCAx-3,0.767903467779237
TAGTTGGGTAATCGTCx-3,0.7391283502065717
TAGTGGTTCAACACGTx-3,1.0
TATCAGGGTAAATGACx-3,0.7391283502065717
TATGCCCAGGCAAAGAx-3,1.0
TAGTTGGGTAAATACGx-3,1.0
TATTACCAGAAGGGTAx-3,0.7391283502065717
TCAGCAATCCGCTGTTx-3,1.0
TATCTCAGTGTCTGATx-3,1.0
TCAGCAACATGGTTGTx-3,1.0
TCACAAGGTGTAATGAx-3,1.0
TATCTCATCTCTGCTGx-3,0.9859049811406733
TATCTCAGTATAGGTAx-3,1.0
TCAATCTAGTGAACGCx-3,1.0
TATCAGGAGCCACCTGx-3,0.7391283502065717
TATTACCTCTCAAGTGx-3,0.7391283502065717
TCACGAAAGTTCGATCx-3,1.0
TCAATCTAGGAGTCTGx-3,1.0
TATCTCACACGTCAGCx-3,0.7391283502065717
TCACGAAGTCAAAGATx-3,0.9130427834021906
TCAACGACACATCCGGx-3,1.0
TCAGATGGTTACCAGTx-3,1.0
TAGTTGGGTCACTTCCx-3,1.0
TCAACGACAAGCTGAGx-3,0.9718099622813466
TATGCCCCAGATGGCAx-3,0.8260855668043812
TATCTCATCATTGCCCx-3,1.0
TATTACCGTCCGACGTx-3,0.8944444515410923
TCACAAGTCTTGTATCx-3,0.7391283502065717
TATGCCCAGGCTCTTAx-3,1.0
TCACGAAGTCCAGTATx-3,1.0
TCACAAGGTTTGGCGCx-3,1.0
TCAATCTCAAGTAGTAx-3,1.0
TCAACGATCAGCCTAAx-3,1.0
TCAGATGCATATACGCx-3,1.0
TAGTTGGAGCTAGTTCx-3,1.0
TAGTTGGGTCATCGGCx-3,0.7391283502065717
TCAACGATCCATGAACx-3,1.0
TAGTTGGTCACCGTAAx-3,0.767903467779237
TCACGAAAGAATTCCCx-3,0.9859049811406733
TCAGATGTCCCATTATx-3,1.0
TCAGCAACATCACGTAx-3,1.0
TATCTCAAGATGGGTCx-3,1.0
TCACGAACACGTCTCTx-3,0.5496408320427421
TCAGCAATCATCGGATx-3,1.0
TCAATCTTCCGTAGTAx-3,0.4918176621306598
TCAATCTTCAGAAATGx-3,0.7391283502065717
TATTACCGTGGGTCAAx-3,1.0
TCAGCTCCAGTGGGATx-3,1.0
TCAGCTCAGAATAGGGx-3,0.7391283502065717
TCACAAGTCCGCTGTTx-3,1.0
TCAGCTCGTGAGTATAx-3,0.7391283502065717
TATCTCAAGCTTTGGTx-3,1.0
TCACGAACACGCTTTCx-3,1.0
TCAGCTCAGATGCCTTx-3,0.6566914541812677
TCAGATGAGACAATACx-3,1.0
TAGTTGGTCGGCTACGx-3,0.7391283502065717
TAGTGGTTCGGTGTCGx-3,1.0
TCAGCTCCAGTAACGGx-3,1.0
TAGTGGTTCCTCATTAx-3,1.0
TCAGATGGTTTACTCTx-3,1.0
TAGTGGTTCACAATGCx-3,1.0
TCAATCTTCCGTTGCTx-3,0.7391283502065717
TCAGCAAAGTCTCGGCx-3,0.8260855668043812
TATGCCCCATCAGTACx-3,0.7391283502065717
TAGTTGGCAGCTTAACx-3,1.0
TATCTCACAAAGAATCx-3,0.4918176621306598
TCAACGAAGTCGTACTx-3,1.0
TATGCCCCAGTATGCTx-3,1.0
TCAATCTGTAGCTGCCx-3,0.8260855668043812
TCACGAACACTCAGGCx-3,1.0
TCAGATGTCAGTTCGAx-3,1.0
TCAGATGAGATCCGAGx-3,1.0
TCACGAATCAGTGTTGx-3,1.0
TCAGATGTCAGCATGTx-3,0.767903467779237
TCAGATGTCGGACAAGx-3,0.7391283502065717
TATCAGGGTTGGTTTGx-3,1.0
TCAGCAAGTGAGCGATx-3,1.0
TCAGATGAGTGAAGAGx-3,0.7391283502065717
TAGTGGTTCTTGCCGTx-3,1.0
TAGTTGGTCTGCTTGCx-3,0.6235247827969274
TATCAGGCACAACGTTx-3,0.9859049811406733
TCACAAGTCTTCGAGAx-3,1.0
TATGCCCTCAGCTGGCx-3,0.767903467779237
TCAGCAAAGCGTAATAx-3,1.0
TCAACGAAGAGTACATx-3,1.0
TATCTCAAGAATTCCCx-3,1.0
TCAATCTGTTTGGGCCx-3,0.5742688156274705
TCACGAATCAACACGTx-3,1.0
TATCTCAAGTCTCCTCx-3,0.7391283502065717
TATCAGGGTCTAAAGAx-3,1.0
TCACGAACAAACGCGAx-3,1.0
TATCAGGGTCAGGACAx-3,1.0
TATTACCGTCACCCAGx-3,0.7391283502065717
TCAACGAGTGAGGCTAx-3,1.0
TCACGAAAGTCCCACGx-3,0.5496408320427421
TATGCCCGTTACAGAAx-3,0.767903467779237
TATCAGGTCTTCCTTCx-3,1.0
TCACAAGAGGAACTGCx-3,1.0
TCTATTGGTGACGGTAx-3,0.8260855668043812
TCAGGATCAATGGACGx-3,1.0
TCAGGATAGCAGATCGx-3,1.0
TCGGTAAGTCTAGGTTx-3,1.0
TCATTTGGTTAAGGGCx-3,0.9859049811406733
TCGGTAAGTATAAACGx-3,1.0
TCGGGACCAGTACACTx-3,0.7391283502065717
TCAGGATTCTCGCTTGx-3,1.0
TCAGGATGTCTTCAAGx-3,0.767903467779237
TCATTTGAGCTACCGCx-3,1.0
TCGCGTTCATGCAATCx-3,0.5496408320427421
TCATTACCAATCTGCAx-3,1.0
TCATTACAGTTAGCGGx-3,1.0
TCGTAGAAGCTTCGCGx-3,1.0
TCAGGTACAAGCCGCTx-3,1.0
TCGTAGAGTCTAGCCGx-3,1.0
TCAGGTATCTTTACACx-3,0.7391283502065717
TCCCGATCAGCTTAACx-3,1.0
TCGTACCAGATTACCCx-3,0.5496408320427421
TCTATTGAGATCGGGTx-3,1.0
TCGTAGACATCGGACCx-3,1.0
TCAGGATTCAAAGACAx-3,1.0
TCAGGATAGTGACATAx-3,0.767903467779237
TCGCGTTCAAAGTCAAx-3,1.0
TCGGGACCACGGCCATx-3,1.0
TCGTAGACACACCGCAx-3,1.0
TCGTACCAGTCGTACTx-3,0.767903467779237
TCGTAGATCGTGGGAAx-3,0.7391283502065717
TCGCGTTAGCTGCGAAx-3,1.0
TCGAGGCGTCGGATCCx-3,1.0
TCAGGATTCAACGAAAx-3,0.767903467779237
TCGGGACAGTGGAGAAx-3,0.7391283502065717
TCATTTGTCAACACTGx-3,1.0
TCGTAGAGTAGAGGAAx-3,0.767903467779237
TCAGGATAGGCTCATTx-3,1.0
TCGGGACAGCTGCAAGx-3,1.0
TCGGGACTCCCAAGTAx-3,1.0
TCGCGAGGTACCGAGAx-3,1.0
TCTATTGGTCATGCATx-3,1.0
TCGGTAACACATAACCx-3,1.0
TCGGTAAGTAGCACGAx-3,1.0
TCGGTAATCTTTCCTCx-3,1.0
TCCCGATCAAGTTCTGx-3,0.5442441061770477
TCGCGTTTCAGGCAAGx-3,1.0
TCATTTGCATGTTGACx-3,1.0
TCTATTGGTCAATGTCx-3,0.5742545581559637
TCGCGTTGTGTCGCTGx-3,1.0
TCATTACCACAGGTTTx-3,1.0
TCAGGTAGTGGTAACGx-3,1.0
TCATTTGCATGGTCTAx-3,1.0
TCCCGATTCTAAGCCAx-3,0.7391283502065717
TCGTACCGTTAAGATGx-3,1.0
TCATTTGGTTCTGGTAx-3,0.4918176621306598
TCGAGGCCACACGCTGx-3,1.0
TCAGGATAGTGTCTCAx-3,1.0
TCCACACAGAAGATTCx-3,1.0
TCCCGATGTGACGGTAx-3,0.7391283502065717
TCGAGGCAGTGCCAGAx-3,1.0
TCAGGTAGTTAAAGACx-3,1.0
TCCACACAGGTGGGTTx-3,0.767903467779237
TCCCGATCACCTATCCx-3,1.0
TCGTACCTCGCTTGTCx-3,1.0
TCCACACCATACTACGx-3,0.767903467779237
TCAGGATGTACATGTCx-3,1.0
TCGCGTTAGCACACAGx-3,1.0
TCCCGATAGACAGGCTx-3,1.0
TCGTACCTCATAGCACx-3,1.0
TCCACACTCTGATTCTx-3,0.6566914541812677
TCATTTGCAAAGGTGCx-3,0.7391283502065717
TCAGGTAAGCGTGTCCx-3,0.7391283502065717
TCGGGACGTGTGCCTGx-3,1.0
TCGGTAAAGGCCATAGx-3,1.0
TCGAGGCAGGCATGTGx-3,1.0
TCAGGATTCTCAAGTGx-3,1.0
TCGCGAGTCTACGAGTx-3,0.767903467779237
TCATTACGTACATGTCx-3,1.0
TCATTTGGTCAGAAGCx-3,0.7391283502065717
TCGTAGAGTCCGAGTCx-3,0.7391283502065717
TCCCGATGTTCTCATTx-3,0.9859049811406733
TCGGGACGTCCGAACCx-3,1.0
TCGCGTTGTTATCCGAx-3,1.0
TCGGGACGTCTCTCGTx-3,1.0
TCCACACCACAGCGTCx-3,1.0
TCCACACCATCCAACAx-3,1.0
TCAGGATCAAGACGTGx-3,0.7391283502065717
TCATTTGGTATCACCAx-3,1.0
TCTATTGAGGCAGGTTx-3,1.0
TCGTAGACACCTGGTGx-3,1.0
TCGAGGCCACGGATAGx-3,1.0
TCGCGAGCATGCATGTx-3,0.8848527456835372
TCATTTGCAGGCTGAAx-3,1.0
TCGCGTTCACGTCAGCx-3,1.0
TCAGGTACAGCGAACAx-3,0.7391283502065717
TCGGGACGTTTGACTGx-3,1.0
TCCACACAGCCTTGATx-3,1.0
TCGCGAGAGCGAGAAAx-3,0.7391283502065717
TCTTCGGTCCGCGGTAx-3,0.7391283502065717
TGACGGCAGGCGTACAx-3,1.0
TCTGGAAAGGATGCGTx-3,0.9859049811406733
TGAGCCGGTAGTGAATx-3,1.0
TGAGAGGGTTGTGGCCx-3,0.7391283502065717
TGAGAGGAGTCTCGGCx-3,0.9859049811406733
TCTTTCCCACAGCGTCx-3,0.7391283502065717
TGAGCCGTCTAACGGTx-3,1.0
TCTGGAATCGCTTGTCx-3,0.9130427834021906
TCTCATAGTCTCCACTx-3,1.0
TCTGAGACAGGTGGATx-3,1.0
TCTGGAAAGATATGCAx-3,1.0
TCTGGAATCGTCCGTTx-3,0.7391283502065717
TGACTTTCATGCAATCx-3,1.0
TCTCATAAGGCATGGTx-3,1.0
TCTCTAAGTGACTCATx-3,0.8260855668043812
TGACTAGGTCGGGTCTx-3,0.7391283502065717
TCTATTGTCCGAACGCx-3,1.0
TCTCATATCGCTGATAx-3,0.7391283502065717
TCTATTGTCCCATTATx-3,1.0
TGAAAGATCTGGCGTGx-3,0.4918176621306598
TGACGGCCAGGTGGATx-3,0.7391283502065717
TCTCTAACAAGTAGTAx-3,1.0
TGAGCCGTCTGGGCCAx-3,1.0
TGAGCATAGGACTGGTx-3,0.7391283502065717
TCTCTAAGTTAGTGGGx-3,1.0
TCTTTCCCATGGAATAx-3,1.0
TCTCTAAGTAAGCACGx-3,1.0
TCTGGAATCCACGCAGx-3,1.0
TGAAAGATCAGTCAGTx-3,0.9718099622813466
TCTCATACACCAACCGx-3,0.7391283502065717
TGAGAGGAGTCCGTATx-3,1.0
TCTTTCCAGTGTCCATx-3,1.0
TGAGCCGCATCAGTCAx-3,0.7436486707790771
TGACGGCAGATCCCATx-3,1.0
TGAGCATCAGCTGTGCx-3,0.7391283502065717
TGAGAGGCACGAGAGTx-3,0.8260855668043812
TGAGCCGCAATGAATGx-3,1.0
TCTCATAGTAAATGACx-3,1.0
TGAGAGGGTAAGGATTx-3,1.0
TCTCTAAGTTTGACTGx-3,1.0
TCTCTAAGTGTTCTTTx-3,1.0
TGAGCATCACCCTATCx-3,1.0
TGACTTTGTCCATGATx-3,1.0
TGAGCATCAGATGGCAx-3,1.0
TGAGAGGAGGACATTAx-3,0.7391283502065717
TCTCATAAGTATCTCGx-3,1.0
TGACGGCAGGACACCAx-3,0.7391283502065717
TCTGAGACAAGGCTCCx-3,0.7391283502065717
TGAGCCGAGATGGGTCx-3,0.9859049811406733
TCTCTAAAGGTCGGATx-3,1.0
TCTGGAATCCAAACACx-3,0.5988967992121988
TCTCTAAGTAGAGTGCx-3,1.0
TCTTCGGTCCTGCCATx-3,1.0
TGAGCATTCCGAACGCx-3,0.7391283502065717
TGAGCCGGTCTACCTCx-3,0.7391283502065717
TGAGAGGGTCATATGCx-3,0.7391283502065717
TGAAAGAGTCAGAAGCx-3,0.7391283502065717
TCTTTCCCACGAAATAx-3,1.0
TGAGAGGCATAGTAAGx-3,0.9859049811406733
TGAGAGGGTGTAAGTAx-3,0.8311739596601646
TGAGAGGCATCATCCCx-3,1.0
TGAGCCGGTCTCTCGTx-3,0.9859049811406733
TCTGGAAAGCTACCGCx-3,1.0
TGACTAGGTGGCGAATx-3,1.0
TGACAACCAGGCAGTAx-3,1.0
TGAGCATTCTTGACGAx-3,1.0
TCTGAGACATCCTTGCx-3,0.9226344892597457
TCTCTAAGTCCTCCATx-3,0.9718099622813466
TGAGCATAGCTTCGCGx-3,1.0
TCTCTAAGTTGTGGCCx-3,1.0
TCTTTCCAGGCCCTTGx-3,1.0
TCTGAGACAGGTCCACx-3,1.0
TGACAACCAAATTGCCx-3,0.7391283502065717
TGAGCATCATAGTAAGx-3,1.0
TCTTCGGTCCGAGCCAx-3,0.7391283502065717
TGAGAGGAGGGATCTGx-3,1.0
TGACAACAGGGTGTGTx-3,1.0
TGAGAGGCATCGATGTx-3,1.0
TGAAAGACATGGTCTAx-3,0.7391283502065717
TGACAACTCATTATCCx-3,1.0
TGACTAGAGACAAGCCx-3,0.95771494342202
TGAGGGAAGAATCTCCx-3,1.0
TGACTAGCAAATACAGx-3,1.0
TGAGAGGCAGGGATTGx-3,1.0
TGACTTTTCATTATCCx-3,0.9859049811406733
TGAAAGACAGGAATGCx-3,0.767903467779237
TCTTCGGAGGTGACCAx-3,1.0
TGACGGCTCGTGGTCGx-3,1.0
TCTATTGGTTGATTCGx-3,0.7391283502065717
TGACTAGTCAGCTTAGx-3,1.0
TGAAAGAGTTGTGGCCx-3,1.0
TGACAACGTAAACCTCx-3,1.0
TCTTCGGAGTTACGGGx-3,1.0
TGACTAGTCAACACACx-3,0.9226344892597457
TCTTCGGGTCGGCTCAx-3,1.0
TCTGAGAGTACTTAGCx-3,0.7391283502065717
TGAAAGAAGAACAACTx-3,1.0
TCTCATAGTTTGTTTCx-3,1.0
TGCTACCGTCTAGCGCx-3,0.7391283502065717
TGCCCTAGTGATGCCCx-3,0.95771494342202
TGGACGCGTTAAGAACx-3,1.0
TGCGGGTGTATAGGTAx-3,1.0
TGCCCATAGTGGGCTAx-3,0.767903467779237
TGCCCATTCCAAACTGx-3,1.0
TGCGCAGGTCACTGGCx-3,0.767903467779237
TGATTTCCATATGAGAx-3,1.0
TGAGGGATCCGTCAAAx-3,1.0
TGAGGGAGTGTTCTTTx-3,1.0
TGCCCATGTGTGTGCCx-3,1.0
TGCTACCCATCGGTTAx-3,0.7391283502065717
TGCGTGGGTACAGACGx-3,1.0
TGCCCTAAGAATCTCCx-3,0.7391283502065717
TGCCCATAGTTGAGTAx-3,0.767903467779237
TGCCCATCAGATCCATx-3,0.7391283502065717
TGCGTGGCATTCTTACx-3,1.0
TGCTACCCATGGGACAx-3,1.0
TGGACGCCATGGGACAx-3,1.0
TGCCCTAAGACTAAGTx-3,1.0
TGCTGCTGTTAAAGACx-3,1.0
TGCGCAGAGAGTGAGAx-3,1.0
TGCCCATGTTCCTCCAx-3,1.0
TGCGTGGTCGCTTGTCx-3,1.0
TGCCCATCATATGGTCx-3,0.9718099622813466
TGCGTGGAGTTCGCATx-3,0.8260855668043812
TGCCCATGTTAAGACAx-3,1.0
TGCGCAGTCTCCCTGAx-3,1.0
TGCACCTGTCCAAGTTx-3,1.0
TGAGGGATCTGGCGTGx-3,0.7391283502065717
TGCCAAAGTGAGCGATx-3,1.0
TGCGTGGAGCCCAATTx-3,1.0
TGCGTGGGTTGTGGAGx-3,1.0
TGCACCTCATAAGACAx-3,1.0
TGCTACCAGCTACCTAx-3,1.0
TGCTGCTCATAAAGGTx-3,0.4918176621306598
TGCGCAGCACGGTAAGx-3,0.9859049811406733
TGAGGGACATTGCGGCx-3,1.0
TGCCCATGTCATCCCTx-3,0.7391283502065717
TGATTTCAGAAGGCCTx-3,1.0
TGCGGGTTCAACACTGx-3,1.0
TGCCAAATCTCTGAGAx-3,1.0
TGCGTGGAGGTCGGATx-3,1.0
TGGACGCGTCATATGCx-3,1.0
TGCCCATTCAATACCGx-3,1.0
TGCCCATGTCCTAGCGx-3,1.0
TGCGGGTGTCTACCTCx-3,1.0
TGCCCTAAGTAGGTGCx-3,1.0
TGCACCTGTAGCTTGTx-3,1.0
TGCCCTACATGCAATCx-3,1.0
TGCTACCAGTCCCACGx-3,0.9718099622813466
TGGCCAGTCTACCTGCx-3,1.0
TGCCAAATCACAGTACx-3,1.0
TGGACGCGTTCGGGCTx-3,1.0
TGCGCAGGTTGCGCACx-3,1.0
TGGCGCAAGACGCAACx-3,1.0
TGATTTCAGGCAAAGAx-3,0.7391283502065717
TGGACGCTCCGTTGTCx-3,1.0
TGCGGGTCAGCCAATTx-3,1.0
TGAGGGATCAGTTTGGx-3,1.0
TGAGGGAGTCCAGTATx-3,1.0
TGCCCATCAGCATACTx-3,0.767903467779237
TGCCCATGTCTTCTCGx-3,1.0
TGCGGGTTCACAACGTx-3,0.8848527456835372
TGCGTGGGTCTTCAAGx-3,1.0
TGCCCTAGTTGGTAAAx-3,0.7391283502065717
TGCGCAGGTACCGTATx-3,0.7391283502065717
TGCCAAAAGAACTCGGx-3,0.7391283502065717
TGGACGCGTTCGCTAAx-3,1.0
TGATTTCGTACTTGACx-3,1.0
TGGACGCTCCGCTGTTx-3,0.7349215030052916
TGCTGCTGTGGTTTCAx-3,1.0
TGCGTGGGTGTTAAGAx-3,0.7391283502065717
TGCGGGTAGATAGGAGx-3,0.7391283502065717
TGCGCAGCACAGACTTx-3,1.0
TGCCCTATCCCAGGTGx-3,1.0
TGATTTCTCAACACCAx-3,1.0
TGCTACCAGGAGCGAGx-3,1.0
TGGCCAGCATTCTTACx-3,1.0
TGCGGGTGTTGCGTTAx-3,1.0
TGCCCTATCTGTCTATx-3,1.0
TGGCCAGTCACTTACTx-3,1.0
TGCACCTCACAGCCCAx-3,1.0
TGCGCAGAGGAGTTTAx-3,1.0
TGGACGCCAGGCAGTAx-3,1.0
TGGCCAGTCCAGTATGx-3,1.0
TGAGGGATCGGAATCTx-3,1.0
TGCTGCTGTACCCAATx-3,0.7391283502065717
TGCGCAGGTGCACGAAx-3,0.7391283502065717
TGATTTCCATGGTCTAx-3,1.0
TGCGCAGCAAGTACCTx-3,0.784983820696903
TGGCCAGCACCTCGGAx-3,1.0
TGATTTCCAAGCCATTx-3,1.0
TGCCCTATCCTGCAGGx-3,1.0
TGCCAAACACCAGTTAx-3,0.9859049811406733
TGGGCGTCAAAGTGCGx-3,1.0
TGTTCCGGTCGGCATCx-3,1.0
TGTTCCGGTCGGCACTx-3,1.0
TGTCCCATCATCTGCCx-3,1.0
TGTCCCATCAGCATGTx-3,1.0
TTAACTCAGATGTGTAx-3,1.0
TGTGGTAGTAATCACCx-3,0.8260855668043812
TGTATTCAGACAGAGAx-3,1.0
TGTTCCGGTGCACCACx-3,1.0
TGGGAAGCACATCCAAx-3,1.0
TGTCCCAAGTTGTAGAx-3,0.7391283502065717
TGTATTCTCATAAAGGx-3,1.0
TGGTTCCAGGGTATCGx-3,0.7391283502065717
TTAACTCTCACCATAGx-3,1.0
TTAGGACGTTAAGTAGx-3,0.767903467779237
TGGTTCCGTCGATTGTx-3,1.0
TGGTTCCCATCTGGTAx-3,1.0
TGGTTAGCAGCTCCGAx-3,1.0
TGTCCCACAGGGCATAx-3,1.0
TGTGGTAGTCTTGATGx-3,1.0
TTAGGACGTGGTAACGx-3,1.0
TGGGAAGAGTGGGTTGx-3,1.0
TGGCTGGGTTTGTGTGx-3,1.0
TGGGAAGCAAGGTTCTx-3,0.767903467779237
TGGGAAGAGCTAAGATx-3,1.0
TGGGAAGTCACGCGGTx-3,1.0
TGGGCGTTCTTCTGGCx-3,1.0
TGGGCGTCATTGGTACx-3,1.0
TTAACTCAGAGTACCGx-3,0.7391283502065717
TTAACTCCACCGCTAGx-3,1.0
TGGGCGTCAGCGATCCx-3,1.0
TGTATTCGTCTGCGGTx-3,1.0
TGGGAAGGTAAGTGGCx-3,1.0
TGGTTCCAGGGATACCx-3,0.7436486707790771
TGGGCGTCACGGATAGx-3,1.0
TGTATTCGTGACTACTx-3,0.5496408320427421
TGTGTTTAGCGTTGCCx-3,1.0
TTAGGACAGACTAGATx-3,0.5988967992121988
TGGGAAGAGCAACGGTx-3,1.0
TGGCGCAGTTACTGACx-3,1.0
TGTATTCCACAGATTCx-3,0.7391283502065717
TGGCTGGTCTTCATGTx-3,0.7391283502065717
TTAACTCGTTACTGACx-3,0.767903467779237
TGTCCCATCGTCACGGx-3,1.0
TGGGCGTTCCTCAACCx-3,1.0
TGGTTAGCACAGAGGTx-3,1.0
TGTGTTTAGACATAACx-3,1.0
TGTGTTTGTATAGGGCx-3,1.0
TGGTTCCTCCGCTGTTx-3,1.0
TGTGGTATCGTACCGGx-3,1.0
TGTATTCAGGACAGCTx-3,1.0
TGTTCCGTCAGGCAAGx-3,0.7391283502065717
TGGGCGTCACCAGATTx-3,0.7391283502065717
TGGGCGTTCTGCCAGGx-3,0.6235247827969274
TGTTCCGCAATGTTGCx-3,1.0
TGGGAAGAGATCCCGCx-3,0.8260855668043812
TGGGCGTCAGATTGCTx-3,1.0
TGGGCGTCAGCCTTGGx-3,0.7487200560641268
TTAACTCAGTCGCCGTx-3,0.767903467779237
TGTCCCAGTCCAGTGCx-3,1.0
TTAACTCTCGCCAAATx-3,1.0
TGGGAAGAGTCGTACTx-3,1.0
TGTTCCGCAACGATCTx-3,1.0
TTAGGACGTAGTACCTx-3,1.0
TGTTCCGTCCCTTGTGx-3,1.0
TGTTCCGTCTCGTATTx-3,0.7398361237311784
TGTTCCGTCTGAGGGAx-3,1.0
TGTGGTAGTTTCCACCx-3,1.0
TTAACTCTCTGCCAGGx-3,1.0
TGTTCCGTCTTGTATCx-3,1.0
TGGTTAGCATGGTCATx-3,0.767903467779237
TGGGCGTTCCTATGTTx-3,0.7391283502065717
TGGGCGTAGCTTCGCGx-3,1.0
TGGTTCCAGTCCAGGAx-3,1.0
TGTGTTTCAGTGAGTGx-3,1.0
TGGGAAGTCTCATTCAx-3,0.6235247827969274
TGGTTCCTCTTATCTGx-3,1.0
TGGCTGGAGTTTCCTTx-3,1.0
TGGCTGGAGTAACCCTx-3,0.49498813900759076
TGTCCCACATGCGCACx-3,1.0
TGTATTCAGCGGCTTCx-3,1.0
TGTGTTTGTACAGCAGx-3,0.9130427834021906
TGTGGTAAGTTGAGATx-3,0.5496408320427421
TGTTCCGTCACCAGGCx-3,1.0
TGTATTCAGCGCTCCAx-3,0.7391283502065717
TGGTTCCCATGTCCTCx-3,1.0
TGTGGTAGTATGAAACx-3,0.7391283502065717
TGGTTAGGTTGTCTTTx-3,1.0
TGTGTTTAGGTGCTTTx-3,1.0
TGGTTCCCAGTAGAGCx-3,0.8131738584155563
TGTGGTAAGAAAGTGGx-3,1.0
TTAGGACTCACTCCTGx-3,1.0
TTCTACATCTAACCGAx-3,1.0
TTCTCAATCATTGCGAx-3,0.7391283502065717
TTAGTTCCAATGGAATx-3,1.0
TTGCGTCAGTACGCGAx-3,1.0
TTAGTTCTCGCGTTTCx-3,0.9718099622813466
TTCTCAACAACAACCTx-3,1.0
TTCGGTCGTCCTCCATx-3,1.0
TTCCCAGGTCACTGGCx-3,0.7391283502065717
TTGAACGAGCATCATCx-3,0.7391283502065717
TTCTCAAAGGTGCTTTx-3,0.9859049811406733
TTCTCCTCAAGTAGTAx-3,0.5988967992121988
TTCGGTCAGTTTCCTTx-3,1.0
TTGAACGCAGGTCTCGx-3,1.0
TTGAACGTCTCAAACGx-3,0.767903467779237
TTCTACATCCAAAGTCx-3,1.0
TTCTCCTTCCTAGAACx-3,0.767903467779237
TTAGTTCAGAAACGAGx-3,1.0
TTATGCTCAATAAGCAx-3,1.0
TTGAACGCATGACGGAx-3,0.7391283502065717
TTCTCCTTCCCTAATTx-3,1.0
TTGAACGGTACTTAGCx-3,0.9859049811406733
TTCGAAGCAACGATCTx-3,1.0
TTCTCAACATCTATGGx-3,1.0
TTCGGTCAGGGATACCx-3,1.0
TTCTCAAAGGACAGAAx-3,0.8306058873768866
TTATGCTAGTGGTAGCx-3,1.0
TTGCGTCCACCGCTAGx-3,1.0
TTAGTTCCAGGTCCACx-3,1.0
TTAGGCAAGAAGGGTAx-3,1.0
TTCTTAGTCCGGCACAx-3,1.0
TTGCCGTAGCTGCGAAx-3,1.0
TTCTCCTAGCGTAGTGx-3,0.9130427834021906
TTCTTAGTCCCGGATGx-3,1.0
TTCTCAACATGAAGTAx-3,0.767903467779237
TTCTTAGTCCTCAACCx-3,1.0
TTAGGCAGTCGGCATCx-3,0.9859049811406733
TTATGCTCAGATGGGTx-3,1.0
TTCTCAAAGGTGATATx-3,0.7391283502065717
TTCCCAGAGTGCTGCCx-3,1.0
TTAGTTCGTCTGGTCGx-3,1.0
TTATGCTCACAACGTTx-3,1.0
TTAGTTCCAGCCTTTCx-3,1.0
TTGACTTAGCGATCCCx-3,1.0
TTCTCAAAGTGAAGTTx-3,0.9859049811406733
TTGCCGTTCACGCATAx-3,1.0
TTGACTTAGGGTGTTGx-3,0.8260855668043812
TTCTCCTTCATGTCCCx-3,1.0
TTCGGTCCACCTATCCx-3,1.0
TTCGGTCTCTATCGCCx-3,0.7398361237311784
TTCCCAGGTAACGTTCx-3,0.7391283502065717
TTATGCTAGCGTGAACx-3,1.0
TTGCCGTAGACTTGAAx-3,0.7391283502065717
TTATGCTCATTGGGCCx-3,1.0
TTCTACAGTGGTAACGx-3,1.0
TTGACTTTCTGGTGTAx-3,1.0
TTCGGTCAGCGTAATAx-3,1.0
TTCTCCTCAGTAAGATx-3,1.0
TTCCCAGGTTTCCACCx-3,1.0
TTCGGTCCAGGGATTGx-3,0.95771494342202
TTCTACATCCCACTTGx-3,0.6566914541812677
TTGACTTTCACGGTTAx-3,1.0
TTAGGCACAGCGAACAx-3,0.7391283502065717
TTAGGCAGTTACGGAGx-3,1.0
TTAGTTCAGCAAATCAx-3,0.767903467779237
TTGAACGTCATTATCCx-3,1.0
TTCTTAGGTGCCTTGGx-3,0.7391283502065717
TTCGAAGAGAATTCCCx-3,0.7391283502065717
TTGACTTGTAGCGTCCx-3,0.95771494342202
TTCTCCTCAGAGCCAAx-3,1.0
TTGCCGTTCCTAGTGAx-3,0.95771494342202
TTGAACGGTCTGGAGAx-3,1.0
TTCGGTCAGAGGTTATx-3,1.0
TTCCCAGCATCACAACx-3,0.5496408320427421
TTGCCGTTCACATACGx-3,0.39492191913221475
TTCTTAGAGCTAGTGGx-3,1.0
TTCGGTCAGAGCCCAAx-3,0.5496408320427421
TTGCCGTAGGCTCTTAx-3,1.0
TTCTACATCGAATGCTx-3,0.7391283502065717
TTCGAAGCAGCCAATTx-3,1.0
TTGAACGCAAGCCGTCx-3,1.0
TTAGGCAGTACTCTCCx-3,1.0
TTCCCAGCAGGGTACAx-3,0.5742545581559637
TTAGTTCGTAAGGGCTx-3,1.0
TTCTTAGTCTGATACGx-3,0.9859049811406733
TTCGGTCGTCTCTCTGx-3,1.0
TTAGTTCCATGCCTTCx-3,0.95771494342202
TTCTCCTCAATAAGCAx-3,1.0
TTAGTTCTCAGAGACGx-3,0.7391283502065717
TTCTTAGGTCATGCATx-3,0.7412516707803916
TTAGGACTCCGAATGTx-3,1.0
TTGCCGTCAGATGAGCx-3,0.7391283502065717
TTCCCAGCAGATGAGCx-3,1.0
TTCTCAATCATTTGGGx-3,1.0
TTTACTGAGCTGGAACx-3,1.0
TTGCGTCTCTTTAGTCx-3,1.0
TTTGCGCCACACCGACx-3,0.7391283502065717
TTTCCTCTCCACGCAGx-3,0.7391283502065717
TTTACTGTCTGAGTGTx-3,0.7391283502065717
TTGCGTCGTTAAAGTGx-3,1.0
TTTGGTTAGCAGGTCAx-3,1.0
TTTGGTTGTCGCGGTTx-3,1.0
TTTATGCAGGCACATGx-3,1.0
TTTATGCGTTCTGTTTx-3,1.0
TTTGGTTGTGTCCTCTx-3,1.0
TTGGAACAGAGGTTGCx-3,0.7391283502065717
TTTATGCGTAGTAGTAx-3,0.8260855668043812
TTGGCAATCGTACCGGx-3,0.7391283502065717
TTTACTGAGACACGACx-3,1.0
TTTGGTTAGGAATTACx-3,1.0
TTTGGTTAGAGTACATx-3,1.0
TTGGCAAAGTCCCACGx-3,1.0
TTGGAACAGACTAGGCx-3,1.0
TTGTAGGAGTGTACTCx-3,1.0
TTTATGCCAGCCAATTx-3,0.4918176621306598
TTTGCGCAGTCCTCCTx-3,0.7391283502065717
TTTATGCGTAGAGGAAx-3,1.0
TTTGCGCCAAGGTTTCx-3,1.0
TTGGAACTCACTTACTx-3,1.0
TTTACTGTCTAACTGGx-3,1.0
TTTATGCCATGCATGTx-3,0.7391283502065717
TTTCCTCTCTTTAGGGx-3,0.9859049811406733
TTTGCGCGTATATGAGx-3,1.0
TTGGCAAAGTTCGATCx-3,1.0
TTTCCTCTCGGTCTAAx-3,1.0
TTTGCGCCACTCAGGCx-3,1.0
TTTGGTTCACAGAGGTx-3,1.0
TTTGGTTGTCCAGTATx-3,0.7391283502065717
TTGGAACGTCCTCCATx-3,0.4918176621306598
TTTACTGGTACAGTGGx-3,1.0
TTTGCGCCAGTCAGAGx-3,0.7391283502065717
TTTCCTCCACATAACCx-3,1.0
TTTCCTCAGAAACCTAx-3,0.8260855668043812
TTGCGTCCATGGTCATx-3,0.95771494342202
TTGCGTCTCACGAAGGx-3,0.7490165218646182
TTTGTCAGTCGCCATGx-3,1.0
TTGCGTCGTCTTTCATx-3,1.0
TTTATGCAGTGGAGAAx-3,1.0
TTGGCAATCCAATGGTx-3,1.0
TTTCCTCCACACTGCGx-3,1.0
TTGCGTCGTTGTCTTTx-3,1.0
TTTGCGCTCCACTCCAx-3,1.0
TTTGGTTAGGACATTAx-3,0.5496408320427421
TTTGTCAAGTATTGGAx-3,0.6235247827969274
TTGCGTCGTGACGGTAx-3,1.0
TTTCCTCAGAGCTGGTx-3,1.0
TTTGTCACAAGCGAGTx-3,1.0
TTGTAGGCAGATCTGTx-3,0.767903467779237
TTTGTCATCACTTATCx-3,1.0
TTGGCAAGTCCGAGTCx-3,1.0
TTTGTCATCTGTCTATx-3,0.7391283502065717
TTTACTGAGATGCGACx-3,0.9859049811406733
TTTATGCGTAAACACAx-3,1.0
TTTGCGCTCTGGTTCCx-3,0.5742688156274705
TTTCCTCCAGACACTTx-3,0.7391283502065717
TTGGCAATCCTATGTTx-3,0.8260855668043812
TTTCCTCAGAAACCATx-3,1.0
TTTCCTCGTCCGCTGAx-3,0.767903467779237
TTGGCAACAGATCTGTx-3,1.0
TTTACTGTCCCGACTTx-3,0.9718099622813466
TTTACTGTCGCAAGCCx-3,0.7391283502065717
TTTGGTTCATCCAACAx-3,0.7391283502065717
TTTATGCTCTGGCGACx-3,0.6584428369350477
TTTATGCTCCGAACGCx-3,1.0
TTTGCGCGTGGCAAACx-3,0.7391283502065717
TTTACTGTCCTTTCGGx-3,1.0
TTGTAGGGTTCTGTTTx-3,0.767903467779237
TTTATGCTCAATACCGx-3,0.7391283502065717
TTGGCAAGTCTTCTCGx-3,1.0
