index,0
AACTCTTCACGAGAGTx-0,0.012213209014195979
AAGACCTAGCGTGTCCx-0,0.0802819036373405
AAACCTGAGCAGACTGx-0,0.013073034454903168
AACTGGTTCGTCCAGGx-0,0.5159422399741088
AACGTTGGTCAGAATAx-0,0.031227782269125606
AACTCTTAGTCACGCCx-0,0.03942745646880743
AACACGTAGGGTTCCCx-0,0.747270731633484
AACTCCCGTCCTGCTTx-0,0.011027187191184673
AACTGGTCACCTCGTTx-0,0.024556616401550428
AAAGTAGGTATCTGCAx-0,0.04691289462230412
AACCATGAGAGTCGGTx-0,0.16956432819789125
AAAGATGAGCTAACTCx-0,0.06289407450698084
AAATGCCAGCGCCTCAx-0,0.4410426451427488
AACTCCCAGAGTGAGAx-0,0.058249613974546345
AAAGCAATCGTTTATCx-0,0.21589762194041107
AAGACCTGTAGAGCTGx-0,0.08735457086316649
AAAGTAGTCACATGCAx-0,0.02908507998997507
AAATGCCAGGGTCTCCx-0,0.011544358210664414
AAACCTGAGTTATCGCx-0,0.05730124116612371
AAATGCCCATGCATGTx-0,0.1026125380091232
AACTTTCTCCGCAGTGx-0,0.07994521251273223
AACCATGCAATCGAAAx-0,0.018053410713761677
AAAGATGTCCACGCAGx-0,0.0335954803151333
AAGCCGCCACATCTTTx-0,0.213485482208692
AACGTTGAGAGTGACCx-0,0.05410418547872821
AAGCCGCAGAAACGCCx-0,0.15921293438105175
AACGTTGAGATCGGGTx-0,0.16267663961175902
AAAGCAACATTAGGCTx-0,0.034714427273809356
AACTGGTGTAAATGACx-0,0.09371837074052539
AACTCTTTCTTGCATTx-0,0.010541776919973656
AAATGCCTCTGACCTCx-0,0.04685186083102658
AAAGTAGAGGCCATAGx-0,0.23508079197235304
AAGACCTAGAGTTGGCx-0,0.2866770449221436
AAATGCCAGCAGGCTAx-0,0.01603069552455917
AAACGGGCAGCGATCCx-0,0.04187827138521228
AAACGGGAGGCTAGGTx-0,0.032325308610528874
AAATGCCGTTCACCTCx-0,0.028387729521319797
AAACCTGGTCTCTTTAx-0,0.024200874154365247
AAAGTAGGTTGAGGTGx-0,0.3115087570299558
AAAGTAGTCGGCGCATx-0,0.26253513523188116
AACTGGTTCGCTTAGAx-0,0.09343945563186574
AAATGCCAGGCTAGCAx-0,0.043168126262824395
AAACGGGGTCTAGTGTx-0,0.031321822186681315
AACCATGGTGCGCTTGx-0,0.3288275557218005
AAGACCTTCGTCCAGGx-0,0.045164465296824656
AACTCCCGTAGGAGTCx-0,0.0733379623425542
AAAGTAGGTCAAGCGAx-0,0.33375737768507063
AACTGGTGTTTGTTTCx-0,0.075563163665444
AACACGTGTCCAACTAx-0,0.010574660114720904
AAACGGGCATCGGAAGx-0,0.06588737074988882
AAGACCTAGCTAAACAx-0,0.6543996258883337
AACCATGAGCAGGCTAx-0,0.021460604012455125
AACTCAGTCCATGAACx-0,0.06502837760739472
AACTGGTCACGTGAGAx-0,0.07974781992807715
AACACGTTCTTAACCTx-0,0.1838895937690173
AAACCTGTCCTAAGTGx-0,0.021753882369581316
AACGTTGTCAGCTGGCx-0,0.02221051320741043
AACTTTCCACGGCGTTx-0,0.08157950237003858
AAACGGGGTAAAGGAGx-0,0.019751715970701977
AAACCTGTCTTGAGACx-0,0.026341411396506993
AAGACCTAGTCACGCCx-0,0.07344640303599459
AACCGCGGTATCAGTCx-0,0.28653962114491405
AACGTTGAGCGTAGTGx-0,0.07529063523799658
AACTCAGGTTCGCGACx-0,0.20960668550037367
AAATGCCAGATACACAx-0,0.04021107028810653
AACTCCCCAATCGGTTx-0,0.028558877468029237
AACTTTCGTCTTGTCCx-0,0.06393985653738023
AACCATGGTCGAATCTx-0,0.11481099909119702
AAAGATGGTCTAGAGGx-0,0.02141949230135299
AAAGATGAGCTAGTGGx-0,0.02149767016840795
AAAGATGAGGTAAACTx-0,0.10570202536290779
AAACCTGCAATCGGTTx-0,0.04423280212582613
AACTCAGCACTTGGATx-0,0.057784760622736644
AAAGTAGTCAAGGTAAx-0,0.10806172534946396
AAAGCAACACGGTAAGx-0,0.07568165373860924
AACTTTCTCTCCAACCx-0,0.008088282459204532
AAGACCTTCTGTCAAGx-0,0.017844307944681823
AACCGCGGTGTTTGTGx-0,0.029188338388207728
AAACCTGGTCCAAGTTx-0,0.01364991234858678
AAACGGGAGATCCGAGx-0,0.021322176676130143
AACCATGTCATAACCGx-0,0.05579869377716927
AACTCCCTCTTGACGAx-0,0.04933951460947228
AACTGGTTCTTACCTAx-0,0.0720679289060937
AACTCCCCAGCTGTGCx-0,0.06720094306156105
AAAGATGTCGCACTCTx-0,0.009504243190403126
AACCGCGGTCAGATAAx-0,0.12801671125886013
AAGCCGCCAGAGTGTGx-0,0.056273557740512986
AACTGGTCACCCAGTGx-0,0.2806295180253546
AAACGGGTCGAATGGGx-0,0.26624843724490216
AAGCCGCCACGGACAAx-0,0.07497631654250639
AACCGCGAGCAGGTCAx-0,0.08556450598708366
AAACCTGGTCATTAGCx-0,0.019610651220009094
AAGACCTAGGAATTACx-0,0.10074747344572677
AACGTTGGTCGCGGTTx-0,0.1895946218646324
AACTTTCAGCGATCCCx-0,0.017909822520725777
AAGGCAGAGTGGGTTGx-0,0.1857831527713651
AATCGGTCAAAGCGGTx-0,0.1554403419178821
ACATCAGCATTGCGGCx-0,0.04759467342730699
ACCAGTAAGTGTCCCGx-0,0.006505121168092988
ACACCCTAGGTAGCTGx-0,0.09667449482172444
ACAGCCGGTTACCGATx-0,0.06040144384041241
ACCGTAAGTGCTGTATx-0,0.0029725368447144546
ACCAGTAGTAGAGTGCx-0,0.041513726471366884
AAGGCAGTCTACTCATx-0,0.004133682035362106
AATCGGTGTCTTCAAGx-0,0.08074848165629851
ACCGTAAGTAGCGCTCx-0,0.08560365524306117
AAGGCAGGTCAAAGCGx-0,0.10286725950796263
ACACTGAAGGGTTCCCx-0,0.03681243368929904
ACGAGCCCAAGTCTGTx-0,0.08691562205231007
ACACCGGCAGATGGGTx-0,0.0633252379807675
ACCTTTAGTTCCAACAx-0,0.475282986625783
ACCCACTTCGTTGCCTx-0,0.03532730166633331
ACACTGAAGCACAGGTx-0,0.38250863878131613
ACCCACTAGACTACAAx-0,0.062156490858298316
AATCGGTTCGCCAGCAx-0,0.01686344826631706
ACATCAGGTTCTCATTx-0,0.044752458446482624
ACATACGCATTGTGCAx-0,0.08956258490326358
ACCTTTACAATAGAGTx-0,0.02650851497386471
AATCGGTCACGAAATAx-0,0.08599356001534969
ACCTTTATCGGTTAACx-0,0.25144378483062707
ACCCACTAGGCTAGACx-0,0.03049106343194438
ACAGCTAAGGACATTAx-0,0.09269282219858177
ACCAGTAAGATGTCGGx-0,0.0727298877226693
ACACTGAGTAGCGCTCx-0,0.026316694348714732
AATCGGTTCGGTTCGGx-0,0.028926489157396595
ACACCAAGTCCAAGTTx-0,0.088785435084058
ACAGCTAAGTTCGCATx-0,0.023940315425679846
ACACCCTGTGGTGTAGx-0,0.06624123606267089
ACATGGTTCGAATGCTx-0,0.055886291032343986
ACACCCTCACAGACAGx-0,0.11249834020764587
ACATGGTGTTTCCACCx-0,0.04989821824845658
AAGTCTGGTACTCGCGx-0,0.14337817075353815
AAGGAGCGTAATAGCAx-0,0.02936976698884506
ACCTTTACAAGCCGCTx-0,0.04393938954741403
ACACTGAAGGCGTACAx-0,0.019560396443504307
ACACCCTTCTACCAGAx-0,0.09047072514307009
ACACTGAGTGAACCTTx-0,0.11231962113365782
ACATGGTGTACCTACAx-0,0.319433909078591
ACGAGCCAGTGGGATCx-0,0.031317710250103145
ACCGTAATCCACGCAGx-0,0.09892308953183163
AAGTCTGGTGAGGCTAx-0,0.01185210968806328
AAGGAGCTCGCAAGCCx-0,0.5086857166164171
AATCCAGTCACTGGGCx-0,0.2661750749496614
ACGAGCCAGAACTGTAx-0,0.08546750748350851
ACCTTTACATCGGAAGx-0,0.21814790172277965
ACATGGTTCGTCTGAAx-0,0.022096311543453824
ACCCACTGTTCCAACAx-0,0.03747273513546332
ACCCACTGTCCATGATx-0,0.12117244266261554
ACATGGTGTGACAAATx-0,0.0678988127610927
AAGGAGCGTCTCCACTx-0,0.209525781410664
ACAGCCGGTCTAAACCx-0,0.027677806523466995
ACACCGGGTGATGATAx-0,0.48760309476841207
AAGGCAGTCCGCTGTTx-0,0.028703614606715465
ACACCCTGTAAGGGAAx-0,0.07649367377831877
ACAGCCGTCGTGACATx-0,0.037763628227113565
ACACTGATCTTGTACTx-0,0.3310881629618147
ACACCCTTCGTATCAGx-0,0.010952486725740689
ACCCACTTCGGTTCGGx-0,0.02515021259393198
ACATACGAGAACTGTAx-0,0.07010093294793208
ACATCAGTCACGAAGGx-0,0.08061849499750222
AAGGCAGCACGTGAGAx-0,0.009599374817538869
ACATCAGGTGATGTGGx-0,0.07762301905588513
ACAGCCGAGGCCCTTGx-0,0.021494488220135402
ACCGTAATCAGGCCCAx-0,0.32136864269819476
AAGGCAGCACAACTGTx-0,0.09851639683106168
AATCGGTGTAAGGATTx-0,0.04569954522612794
ACATCAGGTTGCGCACx-0,0.03892156410514687
ACGAGCCAGGTAGCCAx-0,0.16533718197360991
AAGGTTCCATGCCTTCx-0,0.06131940377309448
ACACTGAGTAGAAAGGx-0,0.4821962042718813
AATCCAGGTCGCGGTTx-0,0.0874897590859262
ACACTGAGTTAGTGGGx-0,0.05547237296121035
ACACCAAGTCGGCATCx-0,0.01426324943039759
ACACCGGCACCGGAAAx-0,0.08187694511671628
ACCTTTAAGATGCGACx-0,0.31620216168959286
ACCCACTTCCGGCACAx-0,0.04019619279091779
ACACCGGAGTGCGATGx-0,0.019811646911227235
ACACCCTCATTGGTACx-0,0.016709645115120214
ACGAGCCAGACAAAGGx-0,0.17971494077020864
ACACCGGTCTTGAGACx-0,0.23916012299844128
ACACTGATCTCCAACCx-0,0.028461621366294196
AATCCAGAGCTTATCGx-0,0.013773093717432773
ACCGTAAAGCGATCCCx-0,0.14287583897010545
ACATGGTGTCCAAGTTx-0,0.054545916117827054
ACACTGAAGCGTCTATx-0,0.2826320369124898
AAGCCGCTCAGGTAAAx-0,0.38703552662609936
ACATACGAGTGTCTCAx-0,0.41314354721875485
ACATCAGTCGCCTGTTx-0,0.3009818453717157
ACCAGTATCATCATTCx-0,0.023786724263231886
ACTGTCCGTTAAGTAGx-0,0.02938859787795608
ACGATGTTCGGCTTGGx-0,0.04518884397510333
ACTGTCCCACAGACTTx-0,0.033548869931282664
ACTGTCCTCCCTAACCx-0,0.025642913790479192
ACGGGTCAGGGAACGGx-0,0.051387958398352064
ACGCCAGTCTGCTGCTx-0,0.021053857248737165
ACTGATGGTTGTGGCCx-0,0.08233084471341115
ACGTCAATCAGCGACCx-0,0.5983604015373009
ACGATACCACGCTTTCx-0,0.2601888638892633
ACTGATGTCACATAGCx-0,0.8218924704663629
ACTGAGTCATCCTAGAx-0,0.06145629937102628
ACGATGTAGGTACTCTx-0,0.030040330751333975
ACGGGCTAGCCAGTAGx-0,0.03752591162484717
ACGTCAACACAGTCGCx-0,0.00688129605087441
ACGATGTAGGGCTTGAx-0,0.038618152127312684
ACTGAGTTCTGCCCTAx-0,0.06768812033867827
ACGGGCTCATCGTCGGx-0,0.21921944755635173
ACGATGTTCTGGAGCCx-0,0.7306537332627459
ACGCAGCAGTTGCAGGx-0,0.09959130391334677
ACGGGCTGTAGCGTAGx-0,0.050566317956966915
ACTATCTTCTGATTCTx-0,0.8335965196007438
ACTTACTTCCGCAAGCx-0,0.5309479361276032
ACTGCTCAGTAGATGTx-0,0.18192341464993342
ACGTCAATCGCCCTTAx-0,0.09475077521758137
ACGCAGCTCAATCACGx-0,0.1675156182658821
ACTGAGTAGAGTCTGGx-0,0.47288541535236256
ACGATACTCCTCAACCx-0,0.08782125333256571
ACGCCGATCGGACAAGx-0,0.012910266733653772
ACGATGTAGAGAGCTCx-0,0.2390620074250084
ACTTACTCACTAAGTCx-0,0.04700749106421767
ACGCCAGCATCTCGCTx-0,0.6496096210425706
ACGTCAAGTGAGTATAx-0,0.030266193724692
ACGGGTCCACGGCTACx-0,0.1782215455879806
ACGGGCTCACAAGTAAx-0,0.07586570866445816
ACTGCTCTCTCTGCTGx-0,0.0925221464138284
ACGCCGAGTCCAGTGCx-0,0.013458074823834739
ACGCAGCTCGTCCGTTx-0,0.026002167952511618
ACGAGGATCTCACATTx-0,0.024627903149753678
ACTGATGCAACTGCTAx-0,0.04056070135594141
ACGATACGTTATCCGAx-0,0.07753846155636461
ACTATCTCATATACCGx-0,0.04249008096249421
ACTGCTCAGACTTGAAx-0,0.06440356943831065
ACGGAGACACATGGGAx-0,0.052244452514853185
ACGTCAAAGAGCCTAGx-0,0.0711822493684846
ACGAGGATCTGGTGTAx-0,0.44496697709246047
ACGGGTCAGCCACTATx-0,0.08160332342305912
ACTGATGGTACAGCAGx-0,0.015273437714079718
ACTGCTCAGCGATAGCx-0,0.03693342062818143
ACTGAACAGCTAGCCCx-0,0.04518328506108593
ACTGAGTTCTAACCGAx-0,0.07702936511221403
ACTGAACTCTAAGCCAx-0,0.24527595784244
ACGCAGCCAAACGTGGx-0,0.018439230553155845
ACGATACGTACTTGACx-0,0.030139898184794883
ACGGGCTGTCGCATATx-0,0.6470751804586365
ACGTCAAAGCGCCTCAx-0,0.28756386429718317
ACTGTCCCAATCCGATx-0,0.03883479172946239
ACTGCTCAGGCAGGTTx-0,0.03524767375548856
ACGGGCTTCTTATCTGx-0,0.02443635682671327
ACGTCAATCTCAAACGx-0,0.6184401915525598
ACGATACTCCCTGACTx-0,0.05810593225390739
ACGGGCTCATCTGGTAx-0,0.06441593682158953
ACGCAGCTCTACTCATx-0,0.013134407808979596
ACGCCGATCGGTCTAAx-0,0.0060865947634127894
ACGGGCTCAACGATGGx-0,0.19839359603745008
ACTGAGTGTATCTGCAx-0,0.03657558090510603
ACGCCAGGTGATAAGTx-0,0.33871202455413596
ACGGAGATCCCTCTTTx-0,0.06758999484106505
ACGCCGACAATAGCGGx-0,0.09963509759072357
ACTGCTCTCCTTGGTCx-0,0.026095230819789778
ACTGAACTCGGCGCATx-0,0.09367050126091937
ACTGAGTAGGCATGGTx-0,0.020679060491894375
ACTGAACTCAGCCTAAx-0,0.32289730001859585
ACGCCAGTCCAGAGGAx-0,0.045710530083623836
ACGGAGACACGGATAGx-0,0.1069777036161739
ACTATCTCAGTATGCTx-0,0.3187821853368127
ACGATGTGTGTCGCTGx-0,0.09825438074375595
ACTGATGCAGCGAACAx-0,0.027281026250055757
ACGCCGACAGCTGTATx-0,0.03139410208626666
ACGGCCAGTCCCGACAx-0,0.11265070457654154
ACGATGTAGGATGTATx-0,0.08958940284255258
ACGATACAGTCACGCCx-0,0.007841452775972596
ACGATACCATGCATGTx-0,0.06639962441688195
ACTGAACAGCTGTTCAx-0,0.02082810602987711
ACGGCCAGTACCGTATx-0,0.16195608532452993
ACGAGCCGTCTAAAGAx-0,0.38458516364884865
ACGATGTCACCACGTGx-0,0.03224365425359506
ACTGAACAGCTAGTCTx-0,0.197594150207812
ACTATCTCATTGCGGCx-0,0.24577085287299918
ACTGATGGTACAAGTAx-0,0.06408447030634236
ACGATACAGCGCCTCAx-0,0.08996046786304765
ACGATACGTCTTTCATx-0,0.037575919913841814
ACGATGTGTCCGCTGAx-0,0.010111524222923217
ACGTCAAGTACTCAACx-0,0.03205289864194429
ACTGATGTCTGGCGTGx-0,0.1539986576893671
ACGGGCTCACAGCGTCx-0,0.2124846917933583
ACGATACAGCTGGAACx-0,0.07752450831502947
AGGCCACTCGCCTGAGx-0,0.024613081097362037
AGAGCTTGTTGACGTTx-0,0.5081099111584768
AGCATACTCATCTGTTx-0,0.025927562108595113
AGACGTTAGATAGTCAx-0,0.0309246923931589
AGCAGCCAGGAGTAGAx-0,0.04456786559354241
AGATCTGGTGGAAAGAx-0,0.04611936082626131
AGAGCGAGTTCTCATTx-0,0.5785360212287081
ACTTTCACACCGGAAAx-0,0.011515489221983042
ACTTTCATCGGCGCATx-0,0.08160662315804319
AGCGTATAGAGGTTGCx-0,0.4316336217652276
AGGCCACCAATCGAAAx-0,0.03223584779916094
AGCGTCGAGATAGTCAx-0,0.04491166699464001
AGCGGTCTCCCTCTTTx-0,0.13608602342693218
AGGCCGTAGTTCGATCx-0,0.028760092692220778
AGATTGCGTTGTGGAGx-0,0.04405426655770059
AGCGGTCGTACAGCAGx-0,0.033109549145723595
AGACGTTCAACAACCTx-0,0.20694961730076608
AGCCTAACAGCATGAGx-0,0.09684792902417559
AGAATAGTCAGTCAGTx-0,0.03405951367964013
AGAGTGGTCATGCTCCx-0,0.2932288034442037
AGAGCGAGTAGCGCTCx-0,0.3280232595254568
AGCTCCTTCCTTGACCx-0,0.08109771576768199
AGACGTTCAGTTAACCx-0,0.04287030584246146
ACTTTCATCAGTACGTx-0,0.11558927871575872
AGACGTTCAAGTCTACx-0,0.048482356598345856
AGCGGTCCATATACGCx-0,0.03143387802511689
AGCCTAATCCGTTGCTx-0,0.02548761016193338
AGCGGTCGTGCAACTTx-0,0.21973077607122551
AGCGTATAGGTGATTAx-0,0.1417174651891889
AGCTTGAAGTCATCCAx-0,0.028485427590168814
AGCTCTCAGTAACCCTx-0,0.03829825558296432
ACTTGTTAGGCAGTCAx-0,0.020986489378914303
ACTTTCATCCGCATCTx-0,0.04921422412219288
AGCGTCGGTTTGGCGCx-0,0.03547844331293797
ACTTTCAGTATCTGCAx-0,0.16722435039606792
AGCATACAGTGGACGTx-0,0.41801458232031785
AGAGTGGTCACCTTATx-0,0.06939772001949915
AGCATACGTGATGTGGx-0,0.046865354803572255
AGCAGCCTCAGGATCTx-0,0.03353834644641154
AGCGTCGTCTCCGGTTx-0,0.06549888577254101
AGCTCTCCATGCTGGCx-0,0.04316740132161365
AGATCTGTCAGCGATTx-0,0.06700320552062941
AGGCCGTAGTGCGTGAx-0,0.06372642289000854
ACTTTCAGTATTCGTGx-0,0.02716170908821021
AGCTCTCGTTCAGGCCx-0,0.04810500177423552
ACTTGTTAGTACATGAx-0,0.051799587472919274
ACTTGTTCACCGCTAGx-0,0.1653640469774777
AGACGTTGTTGATTGCx-0,0.03282819072817104
AGCTCCTTCGGCGCTAx-0,0.12130887252965608
AGGCCGTGTGTTTGTGx-0,0.1487070209403694
AGAGCGAAGTCCCACGx-0,0.052096480139620434
AGCGTATCAACACCCGx-0,0.15737635482220905
AGACGTTCACGTCAGCx-0,0.03611935298795747
AGCGGTCCATGGTCATx-0,0.026262598130222865
AGAGCGACATGAAGTAx-0,0.4511148195289478
AGCCTAACAGTTAACCx-0,0.37606433587423715
AGCAGCCCACACCGACx-0,0.11541757225241976
ACTTTCACACAGCCCAx-0,0.016171823444913927
AGACGTTCACCGATATx-0,0.6901619210885076
AGGGAGTAGTGTACCTx-0,0.41313964517590646
AGCTTGACACTTACGAx-0,0.021988135841254534
AGAATAGAGCGGATCAx-0,0.19179217351921338
AGCATACAGCCTTGATx-0,0.01598248658089806
ACTTTCAAGCAGATCGx-0,0.06893680828665964
AGATCTGTCTCCAACCx-0,0.007502738166645623
AGCGGTCTCCTGTAGAx-0,0.05391244343712595
AGAATAGAGGGAAACAx-0,0.4782360746905139
AGAGCTTTCCATGAGTx-0,0.09166556681553376
AGCATACCACCACCAGx-0,0.013129703453286446
AGCATACAGGGTTCCCx-0,0.09317427176466289
AGCAGCCCATGGGACAx-0,0.5227662489868129
AGCGTCGGTCATCCCTx-0,0.02823730667474664
AGAGTGGGTTACGACTx-0,0.0420548667365048
AGATCTGGTCGCGAAAx-0,0.013012601235303291
AGCTCTCTCGTTACAGx-0,0.489933925202426
AGGCCACGTGCAACGAx-0,0.043703990544231325
AGAATAGTCACATAGCx-0,0.08451323092932402
AGATCTGAGATGCCTTx-0,0.07308744678399677
AGATCTGGTCCAACTAx-0,0.050032720905454874
AGAGTGGTCACCTCGTx-0,0.027537700591700996
AGCTCCTGTTGATTCGx-0,0.012467832685943984
AGACGTTGTTACAGAAx-0,0.012031650323334192
AGAGCGACAAAGGTGCx-0,0.03863601769385972
AGCGGTCCAAGCTGAGx-0,0.060250459755669
ACTTGTTAGAGCTGGTx-0,0.07988612689500796
AGGCCGTCAAAGGAAGx-0,0.059492774055924215
AGCAGCCAGACGACGTx-0,0.3201234022643973
AGAATAGGTTCTGTTTx-0,0.024499041157236494
AGCTCCTGTAAGAGAGx-0,0.04911058747476938
AGCGGTCTCTGGCGTGx-0,0.06011318235311079
AGCAGCCAGACAATACx-0,0.02871903749748181
AGCCTAAAGATCCCATx-0,0.35360086561710913
AGGCCACGTGTAACGGx-0,0.35936488397901906
ACTTGTTCAAGCCATTx-0,0.020874594340086185
AGATCTGGTTAAGACAx-0,0.647286404520414
AGACGTTGTCGCGTGTx-0,0.040038483930790174
ACTTTCAAGCTGCGAAx-0,0.02636148487756188
ATGCGATAGATAGTCAx-0,0.4980505758593531
ATCTACTAGTGCTGCCx-0,0.18454334720830376
AGGGTGAAGCATCATCx-0,0.09633491715818344
AGTGGGAAGCGTGAACx-0,0.0366303036192458
ATCATGGTCTCAAGTGx-0,0.09281095134769402
ATCTACTAGATGTCGGx-0,0.05646984080348129
AGTGAGGTCAATAAGGx-0,0.03857875994278602
ATCGAGTCACATGGGAx-0,0.06660236849964529
ATAACGCAGCTAGTGGx-0,0.09274446519048708
AGGTCCGGTCAAAGCGx-0,0.039222641619510855
ATGAGGGCAGGGCATAx-0,0.024405960689859302
ATCACGATCAGCAACTx-0,0.024547432882358864
AGGTCATTCGCCTGTTx-0,0.49238221044556324
ATGAGGGAGCCATCGCx-0,0.028730007280494775
AGTGTCATCATTCACTx-0,0.011612107524928916
ATGAGGGAGGTGACCAx-0,0.047824961373099995
ATCACGACAGACACTTx-0,0.13712910945113335
ATCGAGTCAAGTCTACx-0,0.18299950823617958
ATAGACCGTTGAGGTGx-0,0.015524227551195209
AGTCTTTTCTTTACACx-0,0.04905672149928399
AGGTCATTCAACACACx-0,0.16468951872281493
AGTAGTCCAAGCCGTCx-0,0.33324369158168266
ATCATCTTCCGTACAAx-0,0.017484019935560435
AGTTGGTCACAGCGTCx-0,0.012202096573337888
AGTTGGTTCTCCAACCx-0,0.05634597026740816
ATCATGGCAGGACGTAx-0,0.021014266735729297
AGGTCATTCTGTTGAGx-0,0.5240175942965296
ATCATCTAGAATAGGGx-0,0.46652134404409706
ATAAGAGAGCAGGTCAx-0,0.045901041526671384
ATGAGGGCAAAGGCGTx-0,0.07302554085351116
AGGTCCGAGGATGTATx-0,0.14871777969075967
AGGTCCGTCTTTAGGGx-0,0.04270520836342592
ATCATGGTCTGTTGAGx-0,0.11495223310133523
AGGTCCGGTAAACACAx-0,0.027516647139004886
AGGGTGATCTTTACACx-0,0.11662385626260927
ATGAGGGCATCACGTAx-0,0.024067237759556586
ATCATGGTCGCTTAGAx-0,0.2340285181463623
ATAGACCGTAGATTAGx-0,0.01546345636192992
AGGGTGATCGTCGTTCx-0,0.027037793361682123
AGGTCATGTCTAGAGGx-0,0.0395947240800675
AGTGTCAAGCGTGAACx-0,0.05686241573434025
AGTCTTTTCTTTAGTCx-0,0.24375627416249754
ATAAGAGCATGGGACAx-0,0.18073429927477727
AGTGAGGAGGGCATGTx-0,0.522962791345826
AGGGTGATCAGCACATx-0,0.009400106390493875
ATCATCTCAGTCCTTCx-0,0.18555603242825303
ATGAGGGAGTCATCCAx-0,0.08743716960795805
ATAACGCTCTGGCGTGx-0,0.04460644529298948
ATAACGCAGGTGTGGTx-0,0.03994450207679294
ATCATGGAGATGTGGCx-0,0.24115544583705076
ATGAGGGGTGCTTCTCx-0,0.0449730634552386
ATGCGATAGATATACGx-0,0.014374096421527146
AGGTCCGCAGTCAGAGx-0,0.1575814515855708
ATCGAGTCAGGAACGTx-0,0.1821367972034875
AGGGATGTCCAGGGCTx-0,0.5337400158198262
AGGGATGTCATCACCCx-0,0.36696377003599595
AGTGAGGAGGGTCGATx-0,0.021713367153179213
AGTGGGATCGGACAAGx-0,0.014652491094615947
ATCGAGTGTATATGGAx-0,0.030898313778071656
ATAGACCGTTTACTCTx-0,0.00810534749250234
ATCCGAAAGCAACGGTx-0,0.15082793816826048
AGGTCATTCATTGCCCx-0,0.030266294436435127
ATCATGGTCTAGCACAx-0,0.03918360237896633
AGGTCCGTCTCCGGTTx-0,0.03508422850810377
AGTAGTCGTTCGTGATx-0,0.31205294069192824
AGTGGGAGTCTAACGTx-0,0.007100372349149447
AGTAGTCGTTTGACTGx-0,0.013160386182760957
ATCACGAAGTGACATAx-0,0.1324167377308106
ATCGAGTCATGGTCTAx-0,0.720835155673765
AGTAGTCGTCAGAAGCx-0,0.048705061803388794
ATGAGGGAGGCGCTCTx-0,0.028203142261009655
AGGTCATTCGGAGGTAx-0,0.02530293969498306
ATAAGAGTCGTCGTTCx-0,0.13158773989602437
AGGTCATCACTACAGTx-0,0.3463722881818039
AGTGGGACAACACGCCx-0,0.0906554489807725
ATCTGCCTCGCGCCAAx-0,0.1001956903006655
AGTTGGTTCCCAACGGx-0,0.6920719962997827
ATCATGGCAACCGCCAx-0,0.06406185830382825
ATCTACTTCTCAACTTx-0,0.05201908899953124
AGTTGGTTCGTCGTTCx-0,0.020103722132202042
AGGTCCGCATAACCTGx-0,0.02471095864752744
AGTTGGTCACACGCTGx-0,0.3369509780293566
ATCATCTGTCCGTTAAx-0,0.03596855379731094
ATAACGCAGTCAAGGCx-0,0.16900319577370654
ATCGAGTTCTATCCCGx-0,0.04312477594558565
AGTGAGGCATTCTTACx-0,0.09181537464769127
AGGTCATAGACTAGGCx-0,0.016864946476697167
AGGTCATTCAAGGCTTx-0,0.03290843410364774
ATCGAGTGTACTTCTTx-0,0.029818450910044647
AGTCTTTAGTATCTCGx-0,0.09533786405845276
ATAGACCAGCACCGCTx-0,0.03508717879514314
ATCTGCCCACCGAATTx-0,0.026201295074542573
ATCATCTAGCTAACTCx-0,0.08282448949821797
AGTCTTTTCTGCAAGTx-0,0.012871876081190918
AGTGGGATCAGTTAGCx-0,0.04865558407421139
ATGTGTGCACCAGATTx-0,0.009785132062084447
CAACTAGTCAACGCTAx-0,0.011626732994525324
ATTCTACGTGATAAACx-0,0.0
CAAGATCAGTGTACCTx-0,0.5676877241828886
ATTATCCGTACTCAACx-0,0.10627518879695336
CAACTAGTCTCTTGATx-0,0.7204900086109407
ATTGGACTCTTTCCTCx-0,0.07644754408968282
CAACCTCTCCTGCAGGx-0,0.03930053364576028
CAAGAAAGTCCGACGTx-0,0.11696877137514725
ATTTCTGGTAAGGGAAx-0,0.09273181619738693
CAAGGCCCAAGCGCTCx-0,0.07252820193280418
CACACTCTCAAACAAGx-0,0.033536903318557666
CAACCAAGTAAGTGTAx-0,0.1589886176250542
CAACTAGGTCCAAGTTx-0,0.004941277249082374
ATGCGATGTGTAATGAx-0,0.039954531136502644
ATGGGAGGTTCCACGGx-0,0.023159987956090304
ATTGGTGTCGGCGGTTx-0,0.02398485317347816
CACACTCAGAGTGACCx-0,0.224937701343303
CACACTCGTCATCCCTx-0,0.028007206217077307
ATTGGACGTCGTTGTAx-0,0.04939521290199629
CAACTAGGTTCTGAACx-0,0.024309122734613345
ATGGGAGGTACGCTGCx-0,0.021475127038506476
CAACCAAGTCGGCACTx-0,0.08468100817975706
ATGTGTGAGGCTAGACx-0,0.12108312321266285
CAAGATCGTTAGATGAx-0,0.409595093950714
CAAGTTGGTTGCCTCTx-0,0.08113721135482661
CACACTCTCGGTTAACx-0,0.5067902702975569
ATGTGTGAGGTAAACTx-0,0.7227621208067029
CACAGGCCATAAAGGTx-0,0.08630425144166765
CACACAATCGCTTGTCx-0,0.03789014017965082
CACACCTTCTGCTTGCx-0,0.03660172196751352
ATGCGATCACTACAGTx-0,0.05558523133777414
ATTTCTGCAGGGATTGx-0,0.038926194561085606
ATTACTCCAGGTCTCGx-0,0.07831852603377765
ATTTCTGTCACCTCGTx-0,0.2291454622138133
ATTACTCCATCTGGTAx-0,0.1002993373498089
ATTCTACGTTTGTTTCx-0,0.1452205259938719
ATGCGATGTGAACCTTx-0,0.06015036722754728
CAAGAAACACACTGCGx-0,0.02587052870723565
ATTGGTGCAGTGGGATx-0,0.005415047606594629
CACACAACACATCCGGx-0,0.1606769121091272
CAAGATCCAGCTCCGAx-0,0.02418512817492898
ATTTCTGAGTGTTGAAx-0,0.10924337915321372
CACAAACGTGGGTCAAx-0,0.10045864298672948
CAAGATCAGCGTAATAx-0,0.18627994181115323
CACACTCGTTGTACACx-0,0.06361307434171254
ATTGGTGTCGAATGCTx-0,0.20685203480778747
CAACCTCTCTTAACCTx-0,0.024094389289013977
CAACTAGCACTTCTGCx-0,0.12555749263720542
ATTCTACCACTTCGAAx-0,0.12167992088705411
CACACAATCGCAAACTx-0,0.07972101405829801
CAAGATCAGCTAGCCCx-0,0.42516758431386453
ATGCGATCAAACCCATx-0,0.04656874349294712
CACAAACAGCATCATCx-0,0.06462111899882421
CAAGTTGGTTCGTGATx-0,0.03148907605517956
ATTTCTGTCACTATTCx-0,0.0037434066216009802
CAAGATCAGTTACCCAx-0,0.3177469208337227
CAACTAGAGTGGTAATx-0,0.028293463504167952
CAACCAAAGTGGAGTCx-0,0.03648145652987686
CACACTCAGGGAAACAx-0,0.05914045743083442
CAAGATCGTAAATGACx-0,0.5268541397141915
CACAGTAAGAACTCGGx-0,0.02820823465555507
CAAGGCCAGTACTTGCx-0,0.07536179132428794
CACAGTAAGTAACCCTx-0,0.05549638577430636
CACACCTAGCTCCTCTx-0,0.010201589132115515
CAAGTTGTCTTACCGCx-0,0.04160094048033836
ATGCGATGTAGCTGCCx-0,0.03210036270908394
CACAGTAAGGTTACCTx-0,0.5516184672798781
ATGTGTGGTCGAATCTx-0,0.029820586027909664
CAACTAGTCAGCTCTCx-0,0.10332862064025473
ATTATCCAGGGCACTAx-0,0.14924463150530953
ATTGGTGCACAGGAGTx-0,0.013287304296299209
CAACTAGAGGATGGAAx-0,0.6909941120087685
CACACCTCAATAGCAAx-0,0.07998412634519503
CACACAACACACGCTGx-0,0.05412802565522213
CACACAAAGCACCGTCx-0,0.0828305320829128
CACACAAGTTACGTCAx-0,0.010602203150267832
CACACCTAGCCCAACCx-0,0.09489133284364451
CAACTAGTCAGCTTAGx-0,0.041676607611295054
ATTGGACAGATAGCATx-0,0.017038172237872823
CAAGAAAGTAGAGTGCx-0,0.04153826134609759
CAAGATCCACACTGCGx-0,0.0358986669935705
ATTGGTGAGGTGCACAx-0,0.0539293943985133
ATTACTCCAGTATGCTx-0,0.017426441192869256
ATTTCTGGTGTTCGATx-0,0.006207413683931269
ATGCGATTCTGGTGTAx-0,0.06460959293829448
ATGGGAGGTAAGAGGAx-0,0.04582017205149125
CAAGTTGCAGCTCGCAx-0,0.08063252354771899
CACACTCTCCCTAATTx-0,0.032239267546708014
CACAAACAGTACGTTCx-0,0.006757018047657869
ATGTGTGAGTTAGGTAx-0,0.014283750464192963
CAAGAAACATATACGCx-0,0.3250324201756022
CAACCTCCAAGGTTTCx-0,0.10762246229739482
ATTCTACTCTGCTGTCx-0,0.5181207593160935
ATTCTACTCACCGTAAx-0,0.0715881691649553
ATTATCCCAGTGACAGx-0,0.02415529843405297
ATTTCTGAGTGGACGTx-0,0.07289218846149943
CAACCTCTCCTTTCGGx-0,0.007740324086543818
CATGCCTTCAAACGGGx-0,0.015470061805511541
CAGATCAGTTCTCATTx-0,0.010279432622217793
CATCCACTCAAACAAGx-0,0.5294762719142305
CAGCGACGTGTTTGGTx-0,0.039328853373048464
CAGCGACAGTACGCCCx-0,0.08545806660672517
CACCTTGCATATGCTGx-0,0.016734955506051225
CATCAGAGTAAGTAGTx-0,0.32570432722568704
CATCGGGGTTCAGGCCx-0,0.11809646257620761
CATGACACAGGTCGTCx-0,0.5345060817247138
CAGCTGGAGGCTACGAx-0,0.017032670752471796
CAGCATATCGTTGACAx-0,0.055655058306543076
CATCCACAGTCCTCCTx-0,0.024839663688684087
CACAGTATCATCTGTTx-0,0.02902469984436656
CATCCACTCTCTGTCGx-0,0.19447636120876752
CACCACTTCGTCTGAAx-0,0.41280289652677604
CATATTCCATAGACTCx-0,0.031896958367945
CATATTCGTTTCGCTCx-0,0.016302736229429106
CACATTTTCTGTTGAGx-0,0.04373308644305617
CACTCCAAGGCTAGGTx-0,0.15799803775435206
CACCACTCATGTTGACx-0,0.05269860444255904
CATCAGACAGTCACTAx-0,0.03213794626855692
CACAGTAAGTGTGAATx-0,0.2812658817449625
CATATTCCATTCGACAx-0,0.015471524197683077
CACCAGGAGGAATTACx-0,0.02294986606001534
CACCTTGTCGCCCTTAx-0,0.2883789848367636
CACATTTGTCAATACCx-0,0.17405390741113058
CATCAGAAGTGCTGCCx-0,0.06454850519229165
CACCTTGGTCTAACGTx-0,0.17670544290362752
CATATTCCAAAGTCAAx-0,0.25581425015615195
CAGTAACCACGAAGCAx-0,0.7346117537496334
CAGAATCGTTAAGGGCx-0,0.04456196973760709
CACATAGTCACCCTCAx-0,0.586722516688462
CATCAAGAGATCCGAGx-0,0.09572742638075607
CATCAAGAGCTAACTCx-0,0.013427316989889042
CAGCATACACAGAGGTx-0,0.2516182034078601
CACCACTAGTAGATGTx-0,0.0580409415563369
CACCTTGTCCGCATCTx-0,0.018652486414298747
CATGACACAAGGTGTGx-0,0.2581382703791553
CACAGTACAGACAGGTx-0,0.03161229900321252
CATGACACACGGTAGAx-0,0.10895480293886427
CATATTCGTCTCACCTx-0,0.8049791584055888
CACAGTAGTTATGTGCx-0,0.03493018041718769
CATCGAACAAGTAGTAx-0,0.05446190512638113
CATCGAACACCGGAAAx-0,0.04055461144110048
CATATGGAGAGAACAGx-0,0.041537859684226734
CAGAATCCATGCTAGTx-0,0.18883253604353653
CAGTCCTAGATCTGCTx-0,0.02047856779083838
CAGCGACAGCCTCGTGx-0,0.11020103288704404
CATCGAAAGACTGTAAx-0,0.013900402484183047
CAGCTAAAGCAGCCTCx-0,0.020173753428259937
CATCAAGCATAAGACAx-0,0.7280493382710057
CACCTTGGTACACCGCx-0,0.21921208657529942
CAGCCGAAGGTGATTAx-0,0.07698106977299991
CAGCTGGAGCGCCTCAx-0,0.028434886753649302
CAGCAGCGTCTTGATGx-0,0.036174542535185615
CAGCATATCTCTTATGx-0,0.48032800617699023
CAGAATCAGACCCACCx-0,0.004994034637207191
CAGCTGGTCTCAACTTx-0,0.2671926013953512
CACATAGGTAAGAGAGx-0,0.04868211066280215
CATCGAATCACAGTACx-0,0.015471596988429608
CAGAATCCAATGTAAGx-0,0.10017066543688385
CAGCCGACAGTAAGATx-0,0.1815089253070213
CAGGTGCAGACTAAGTx-0,0.2632737871431417
CACATAGGTGGGTATGx-0,0.12747102308089056
CAGCAGCGTCGCGAAAx-0,0.017417473837990152
CACCAGGCATCATCCCx-0,0.04823200157653264
CATCCACAGAGGGCTTx-0,0.03207567410999609
CAGCATATCAGTTGACx-0,0.16564346512650438
CAGCATAGTAATCGTCx-0,0.18320141679506846
CAGCAGCCACGGCTACx-0,0.031632137352359334
CACATAGGTTCCACAAx-0,0.32801828909287545
CATCGGGAGCACAGGTx-0,0.05847799178884001
CATCCACAGTGTGGCAx-0,0.03361535842589288
CAGCGACCAAACGCGAx-0,0.038923521243392344
CAGCAGCGTTCAGTACx-0,0.018506278734490376
CACCAGGAGGATTCGGx-0,0.10866392370617023
CAGCCGACATCCGGGTx-0,0.426371031517649
CATATGGTCTCTAAGGx-0,0.4327652966839374
CATCGGGTCTGATACGx-0,0.050669453385018624
CAGATCATCGCCCTTAx-0,0.14179151313691007
CAGCATACAATGGAGCx-0,0.5562859097321688
CACTCCAGTGCAGTAGx-0,0.03585277460054777
CAGTAACCACCACCAGx-0,0.011136348477410652
CAGGTGCGTCCGTTAAx-0,0.01623118762319803
CACATTTGTTACGACTx-0,0.6649043752178753
CATCAGAGTCGTTGTAx-0,0.03332697718946182
CAGTCCTAGTGGGCTAx-0,0.2673961999269216
CAGCAGCTCCGTCATCx-0,0.35813038321024465
CATCAGAGTATGGTTCx-0,0.014087035452433129
CATATGGAGAAGGACAx-0,0.03430205020007944
CCACGGATCACTGGGCx-0,0.025768511471140898
CCATGTCAGACAGAGAx-0,0.03704357401272818
CCACTACAGCTGCAAGx-0,0.027466050070235937
CCATTCGGTATAGTAGx-0,0.1718246389627029
CCAATCCTCTTAGAGCx-0,0.01509956940955045
CCGGTAGCAGCTATTGx-0,0.021000998900874653
CCCAATCGTTCGTCTCx-0,0.11997608704976102
CCGGGATCAGACGCCTx-0,0.18373992924275728
CCCAATCAGTTAAGTGx-0,0.060444721740776676
CCCTCCTTCGTTGACAx-0,0.05264920493128866
CCACTACAGAGGTTGCx-0,0.4944183351464357
CATTATCGTATTACCGx-0,0.03013618065845879
CCACCTACAAAGTGCGx-0,0.08799133156297302
CCACTACTCCTCAATTx-0,0.022452828193700126
CCACTACAGATGTTAGx-0,0.05483688526997129
CCGGTAGAGTTGTAGAx-0,0.07117152646229397
CCCTCCTTCTCTGTCGx-0,0.02697001579801841
CCAATCCTCACTGGGCx-0,0.04904630360586069
CCACTACCATGTAAGAx-0,0.05236071652289297
CCCAATCCAAGAGTCGx-0,0.0365101501965855
CCATTCGTCACATACGx-0,0.26369375592119715
CCAATCCTCTTCATGTx-0,0.10958313318515253
CCACCTATCGATAGAAx-0,0.5087815250537724
CCACGGAAGGTGTTAAx-0,0.05640484207295908
CCATGTCTCACCCGAGx-0,0.10805425297002172
CCCAATCGTGTGAATAx-0,0.06377527744392253
CATTCGCTCGGAAATAx-0,0.45312835780662014
CATGGCGAGGTCGGATx-0,0.10242144468501663
CATTCGCTCATGTCTTx-0,0.03482620156127942
CCCTCCTGTAGAGCTGx-0,0.1694123260095886
CCACTACTCATACGGTx-0,0.09631230538061968
CCGTGGACACGGCTACx-0,0.19632692233630702
CCGGGATTCGCTAGCGx-0,0.046444747855504974
CCCATACCAAGAAAGGx-0,0.01930645037409502
CCAATCCAGCTGTCTAx-0,0.012191022964272952
CCCAGTTGTACCAGTTx-0,0.02923074666947164
CATTATCAGTTCGCATx-0,0.5057005492277835
CCAGCGATCCCTAACCx-0,0.1668592618028532
CATTCGCTCAACCATGx-0,0.25489720554180273
CCGTGGAAGGCTATCTx-0,0.10967483059483601
CCATGTCAGTTCCACAx-0,0.02738748652590782
CATTATCCATCACGATx-0,0.5553000418263668
CCATTCGTCGTTTGCCx-0,0.07469416609172741
CCAGCGAGTAAACGCGx-0,0.043930825906951784
CCGTGGACATGGGACAx-0,0.030770509558931892
CCCATACTCGGAGGTAx-0,0.09045744531622918
CCGTGGAAGAAGGGTAx-0,0.1748950612688903
CCATGTCCAGGCAGTAx-0,0.4731019588376674
CCACGGACATCGTCGGx-0,0.37757259940301824
CCAGCGAGTACACCGCx-0,0.06514751931632824
CCCATACCATTAGCCAx-0,0.03647655523674513
CCCAGTTTCGGATGGAx-0,0.008451387071226198
CCACCTATCAAGAAGTx-0,0.06810246323023326
CCCTCCTCACGCGAAAx-0,0.016081826609216858
CATGGCGAGGACGAAAx-0,0.039336733967188856
CCGTTCAAGTCTCAACx-0,0.031203142411985494
CATTATCCAATCGGTTx-0,0.03419720418385421
CATTATCCATTATCTCx-0,0.09214948996306133
CCCATACAGAAGATTCx-0,0.03583829057068086
CATTCGCGTAAGAGAGx-0,0.003016355690090081
CCGTACTTCCGGGTGTx-0,0.019625990002301818
CCACCTATCTTGTTTGx-0,0.7153443495077626
CATTCGCGTCGTCTTCx-0,0.027886278835652017
CCACCTAAGGTAGCCAx-0,0.04914820286910227
CCACCTATCAACGGGAx-0,0.03264147463247167
CCCAATCCACAACTGTx-0,0.04967061889150796
CCGTGGAAGCACAGGTx-0,0.03400579473762108
CCACGGACATGTCGATx-0,0.07510174649686714
CCAGCGAAGTGGGATCx-0,0.15570167844493402
CATGGCGGTAAGAGAGx-0,0.0596935564807865
CATTATCGTCCATGATx-0,0.0437878916412969
CATTCGCCATGCTGGCx-0,0.022104582477906417
CCACTACAGTTACCCAx-0,0.03623129462328375
CCACTACGTATGGTTCx-0,0.09228599864302624
CATGGCGCAGATCGGAx-0,0.5072610828847621
CCGTACTAGGAATCGCx-0,0.1348992827870205
CCATTCGTCGGCTTGGx-0,0.08522225292769997
CCACGGAAGCCAGTAGx-0,0.2517085142336361
CATGGCGAGTCGTACTx-0,0.158789152000548
CCGTGGACACACAGAGx-0,0.07764633637028129
CATGCCTTCCTGTAGAx-0,0.009215414015555368
CCACCTACAGCGATCCx-0,0.07372304630861465
CCAATCCCAGACAAATx-0,0.037241247072786615
CCAGCGAGTCATCCCTx-0,0.15159076405141925
CCGGGATAGGGTGTGTx-0,0.15002675578255847
CATTATCAGTATTGGAx-0,0.12370555163450514
CCACTACAGAGTAAGGx-0,0.015138406271814788
CCACTACCATCACGTAx-0,0.13413146116691635
CCCAGTTGTGACTACTx-0,0.006418032414819467
CCACCTAGTCTCGTTCx-0,0.04706407662774431
CCGTGGAAGGCCATAGx-0,0.06720590093392574
CCATGTCTCAGATAAGx-0,0.08394322656506738
CCAGCGATCTATGTGGx-0,0.07718869460975027
CCGTTCAGTCGCGGTTx-0,0.014254718164602994
CGAATGTGTGGTCTCGx-0,0.10756501243777132
CGAGCACGTTTAGGAAx-0,0.5340762193324984
CGAGCCAAGGCTAGCAx-0,0.008750185428040888
CGAGCACGTCATATCGx-0,0.10566771963926254
CGACCTTTCCGAATGTx-0,0.05949440613372125
CGAGCCAAGGCATGGTx-0,0.760094603834366
CGACTTCGTCTCTTTAx-0,0.46415854916208604
CCTTTCTGTAAGTAGTx-0,0.0021270453662083793
CCTCTGATCTCGTATTx-0,0.041920929750785006
CCTACCACACGTCTCTx-0,0.03335316449456809
CCTTCCCCATTCTCATx-0,0.6979648266857887
CCTAAAGCATTCGACAx-0,0.4136406335177136
CGACTTCCACCAACCGx-0,0.03759803343145455
CCTACCAGTGGGTCAAx-0,0.03985091124960152
CCTTACGCAACGCACCx-0,0.0752983434871764
CCTACACCAAGAGGCTx-0,0.21043057949707622
CGAACATAGGTGACCAx-0,0.041527158637886814
CCTAAAGAGCCTATGTx-0,0.17712931235761886
CCTATTAGTATCGCATx-0,0.12126639991168613
CGAGAAGGTGGCCCTAx-0,0.18980824480242894
CCTACACCAAGCGATGx-0,0.008275769010371178
CCTAGCTTCCAGTATGx-0,0.07785381764174705
CCTATTACAAAGGTGCx-0,0.031838632545521654
CGACCTTAGAGCTGGTx-0,0.10025292513758029
CCGTTCATCTACTTACx-0,0.014060987581324335
CGATCGGTCGTACGGCx-0,0.4627291330447817
CGACTTCGTGATGTGGx-0,0.5945859104758476
CCTCTGAGTCCGTCAGx-0,0.030007899073618043
CGATCGGCACGTTGGCx-0,0.03157324269306843
CGATGGCTCCTGTACCx-0,0.04761287696992761
CCTAAAGCATTTCACTx-0,0.05628334518859195
CGATCGGAGTTCGCGCx-0,0.015649982423565495
CGATGGCCAGACAAATx-0,0.03763893373425983
CCTACACCAGATTGCTx-0,0.021397356691875
CCTCTGACACCGCTAGx-0,0.03267174125805614
CGAGAAGCAGTGGAGTx-0,0.18529827558797865
CCTTCCCGTCGGGTCTx-0,0.011931321161435637
CGAACATTCTGTTGAGx-0,0.03780698597720758
CGATGGCCACGAGGTAx-0,0.06349164869771606
CCTTCGAAGGGCATGTx-0,0.1598810212226655
CCTTCCCAGCAGGTCAx-0,0.10063791129595401
CGACTTCTCGTTTGCCx-0,0.02987152273142238
CCGTTCACAGTAAGATx-0,0.03235252624243311
CGAGCACCAACCGCCAx-0,0.02765008052728813
CCTTCCCCAGGGATTGx-0,0.0236887338931014
CGACTTCTCTGGCGACx-0,0.09718761962923876
CCGTTCAGTCACAAGGx-0,0.04297095954088323
CGAGCCACAGCGTTCGx-0,0.025739669783033676
CGAGCCAGTGTCGCTGx-0,0.013575583353032
CGACTTCTCCTATGTTx-0,0.20266107852115192
CCTCAGTGTTTGACACx-0,0.7209278713618134
CCTTTCTCATACTCTTx-0,0.577245797440511
CGACTTCCATTCCTCGx-0,0.3872926636211453
CCGTTCAAGTGCTGCCx-0,0.06997178434469611
CCTCTGAGTAATTGGAx-0,0.11542753920028415
CCTCTGAGTCCCGACAx-0,0.017022367837860475
CCTTACGTCGCACTCTx-0,0.082262208095356
CCTCTGAAGAACTGTAx-0,0.008833769256387432
CCTTCCCTCTTAGAGCx-0,0.5829246756526247
CGAATGTCATCCTTGCx-0,0.5596414270560646
CGAGCACTCTCGTTTAx-0,0.013708273652317745
CGACTTCAGTTAACGAx-0,0.14020059678173052
CGAGCACTCCCTCAGTx-0,0.0892732207397309
CCTACACGTCTGATCAx-0,0.07559929806073301
CGACTTCGTATATGAGx-0,0.05219636374779318
CGAACATGTTGTTTGGx-0,0.5104285876071717
CGAGCCAAGAGCTGGTx-0,0.41899396197569905
CCTAGCTCAGACACTTx-0,0.09810627984741369
CGAACATTCTGGTATGx-0,0.18114914434278626
CCGTTCACAGCCTATAx-0,0.06469048208365524
CCTTCCCGTCGGCTCAx-0,0.023187910311315854
CCTACACTCTGTCCGTx-0,0.3136703361400055
CCTTACGTCACAGGCCx-0,0.20180707991721472
CGATGGCCACATAACCx-0,0.04019524294885588
CCTAAAGGTCAATACCx-0,0.04461820435177646
CCTTACGAGATGTTAGx-0,0.060951482802019556
CGAGCCATCGTATCAGx-0,0.17468114766128046
CCTACCATCATGGTCAx-0,0.0759068252837043
CGAATGTTCTTCCTTCx-0,0.09195095424350519
CCTTTCTAGGGCTTCCx-0,0.04782800524777912
CCTTCGATCACCCTCAx-0,0.023602383122815897
CGATGGCAGATAGCATx-0,0.013465506077290702
CCTTCCCGTATAGGTAx-0,0.11838577614502636
CGATCGGCAGTCGATTx-0,0.046992913054692304
CCTTACGTCCACGCAGx-0,0.07678660702899281
CCTCTGACAAGACACGx-0,0.04017136007711995
CCTATTATCGTACCGGx-0,0.03271315683065401
CGATGGCCAGTCAGCCx-0,0.04542947876509927
CGACCTTGTCCTGCTTx-0,0.15386051084104918
CCTAAAGCAAAGAATCx-0,0.21083112844241064
CGACTTCGTCACTGGCx-0,0.021352877207626946
CCTTCGACAGCTGTGCx-0,0.4042653849085513
CGATCGGCAGCCACCAx-0,0.06927111310928034
CCTATTAAGACATAACx-0,0.0555240017716798
CCTCTGATCTAACTCTx-0,0.10896179337460052
CGTCCATAGTGAAGTTx-0,0.18675859455672636
CGGTTAAGTCATGCATx-0,0.060989865412311745
CGCTGGATCCTTTACAx-0,0.31156148783202625
CGGGTCACACCAGGTCx-0,0.033176114944648394
CGGGTCAGTACAGCAGx-0,0.10210609813703882
CGCTGGAGTATGAATGx-0,0.048207901711153064
CGTCCATAGCGATGACx-0,0.06169708110733423
CGGACACTCATGCAACx-0,0.021744652982226016
CGCTATCGTCCGAATTx-0,0.17177119740435254
CGGACGTAGGGTGTTGx-0,0.24299240849099682
CGGAGCTAGTATTGGAx-0,0.13245482885262055
CGATTGACAACTGCTAx-0,0.3239271796734024
CGATGGCTCTGCCCTAx-0,0.10467199870617684
CGCTGGACAAACTGCTx-0,0.04768701137839003
CGGCTAGCACATCTTTx-0,0.001303447854571199
CGCTTCACACCGAAAGx-0,0.04864688743620653
CGTCACTTCTGCTGCTx-0,0.4907065768510957
CGGAGTCTCTTCGAGAx-0,0.6259286882507024
CGTAGGCGTGGTGTAGx-0,0.09595272986071914
CGTAGCGTCAACGAAAx-0,0.058972688198496
CGATTGATCGTTGACAx-0,0.01688351751777906
CGGACGTGTTGCCTCTx-0,0.2396382541359514
CGTAGCGGTTGGGACAx-0,0.07427722613132731
CGTCAGGCACGAGAGTx-0,0.020566969693780836
CGGAGCTCAGACACTTx-0,0.011995118968179867
CGATGGCTCTATCGCCx-0,0.024731587421296088
CGTAGCGGTCGATTGTx-0,0.013025079915115432
CGGAGTCAGGTCATCTx-0,0.08049179811296732
CGGTTAACAGCTGTATx-0,0.05883867531097468
CGGACACCACACCGACx-0,0.05042393995972455
CGCTATCAGGAGTTTAx-0,0.0243091373414775
CGTCCATCAAAGCGGTx-0,0.044191786431331925
CGGAGCTAGAGCAATTx-0,0.015415988051462806
CGTCCATTCCGTTGCTx-0,0.041867617530026685
CGCTATCTCCCACTTGx-0,0.07045863753128322
CGTCCATTCACGCGGTx-0,0.06967661592591802
CGCCAAGGTTAAGTAGx-0,0.06586498375823356
CGCGGTATCAAGGTAAx-0,0.03522209580124837
CGTCTACAGCTAGTGGx-0,0.04049785488200812
CGTAGCGGTTATGTGCx-0,0.009227729993523413
CGCGTTTCAGGATTGGx-0,0.4779759473400233
CGCTGGATCCAGTATGx-0,0.2011955336630715
CGGGTCACAATAGCGGx-0,0.06466330211674297
CGGTTAATCTGCTTGCx-0,0.06025210726730583
CGGACGTCAGTGGGATx-0,0.18299961897247963
CGCCAAGCAGTTCCCTx-0,0.013005331201433176
CGTCACTGTGCCTGTGx-0,0.22728734323543998
CGGAGTCTCTCAAACGx-0,0.031258051832913976
CGGTTAAAGTTCGCGCx-0,0.09401171355124766
CGATGTAGTCGCTTCTx-0,0.0521889243007525
CGCTGGAGTGGTAACGx-0,0.031078400048154618
CGTCCATTCATTATCCx-0,0.04007996088381957
CGATTGACATTGAGCTx-0,0.34671529632608755
CGGTTAAGTCACCTAAx-0,0.07618263205130921
CGCTTCACAGATTGCTx-0,0.11639350918557492
CGCGGTATCAGAAATGx-0,0.03211807084623706
CGCGTTTGTAAGTGGCx-0,0.23089403871324699
CGATGTATCCTCATTAx-0,0.07168799684807348
CGGGTCAAGCTAGGCAx-0,0.008964881274170219
CGGTTAATCTGTACGAx-0,0.07723355787757868
CGCTGGAGTAAGCACGx-0,0.8714524586120719
CGGAGTCTCCATTCTAx-0,0.05554042780379191
CGTCCATTCCCATTTAx-0,0.029246880011235987
CGGACTGTCCAGAGGAx-0,0.05625218461113427
CGTCAGGAGTGTCCATx-0,0.06093585540200333
CGTAGCGGTAATAGCAx-0,0.05239432559875975
CGGAGTCAGATCACGGx-0,0.010401796894714465
CGGAGTCAGCTACCTAx-0,0.10203449899069567
CGGAGCTCAAGCTGGAx-0,0.02345366147330902
CGCCAAGAGAATTGTGx-0,0.7182883052814892
CGATTGATCTATCCTAx-0,0.03139352195385622
CGGACACCACAAGTAAx-0,0.029813362394556654
CGTAGGCGTTTGTTTCx-0,0.048365520395782596
CGGACGTAGTCTCGGCx-0,0.00782873860891103
CGCTGGATCCGTTGTCx-0,0.04005358548878733
CGGGTCAAGCCTCGTGx-0,0.06332331392039373
CGATGTAAGTGGGATCx-0,0.08243528965216662
CGGACGTTCATCTGCCx-0,0.3251709188526357
CGGACTGAGTACGCGAx-0,0.02236493916561934
CGGAGCTAGATCGATAx-0,0.030564444358442223
CGTCCATGTCCTGCTTx-0,0.08529567510230118
CGTAGCGTCAGAGACGx-0,0.032908791032886166
CGCTGGATCACCGGGTx-0,0.13880933791793348
CGATTGATCCAACCAAx-0,0.09210385987935404
CGGACTGTCGAGCCCAx-0,0.017304213845458265
CGCTGGACACGGTAAGx-0,0.30071906950260213
CGGACACTCGAGAACGx-0,0.08894785141119738
CGTAGCGTCACGATGTx-0,0.040826329263430286
CGCGTTTGTATGAAACx-0,0.035353775501584674
CGTAGGCTCCGCATCTx-0,0.10245256627333046
CGATTGATCCTGTACCx-0,0.28689882678413714
CGGAGCTGTGTGACGAx-0,0.08417272274694305
CGCGTTTTCTCAACTTx-0,0.016064625440366204
CGGGTCATCGAGGTAGx-0,0.24115854504922044
CGTCCATCAGCCTTGGx-0,0.11578197941243398
CTCATTAAGAGTCTGGx-0,0.03770805905977837
CGTTCTGGTAATAGCAx-0,0.12497572602465282
CGTTGGGGTAGATTAGx-0,0.20530811664722703
CTAGAGTAGGTGCTAGx-0,0.03427646848354069
CTCACACGTTCCACAAx-0,0.013082931156752105
CTCACACTCCGGGTGTx-0,0.07324991562627374
CTACGTCCATGACATCx-0,0.026393260009954022
CGTCTACTCGCTGATAx-0,0.13709148331128215
CGTTCTGAGGCTAGCAx-0,0.051720690298363334
CTAGCCTCACAGGCCTx-0,0.0757971999825669
CGTGTAAAGCTCTCGGx-0,0.20830513886002489
CTACACCGTTATCCGAx-0,0.07775961920267456
CTAAGACGTCAGAGGTx-0,0.06734108504853341
CTAACTTTCGTGGTCGx-0,0.08033439464365759
CTACGTCCAAGTCTACx-0,0.014645055574706366
CTAACTTAGCATGGCAx-0,0.036269913791963974
CTACACCTCACATGCAx-0,0.06533269432740786
CTCCTAGGTCCTCCATx-0,0.09158652126973034
CGTTGGGCATAGTAAGx-0,0.09128700720985095
CGTGTCTGTTCCGGCAx-0,0.05038545730011895
CTACACCTCTCCGGTTx-0,0.05096162998238046
CTACACCTCTCTGCTGx-0,0.03170538632442387
CGTTAGAAGCTTTGGTx-0,0.17984460268709684
CTAATGGTCCTCATTAx-0,0.007421295988291418
CTAGAGTAGAAACCTAx-0,0.09384675384591618
CTAAGACCATGGTTGTx-0,0.052328894002403266
CTCACACGTCCTGCTTx-0,0.9593335820258799
CTCACACGTGGCGAATx-0,0.5135755934577576
CGTGTCTCACCACCAGx-0,0.10079717765455402
CGTGAGCGTTCGTGATx-0,0.20640758692620206
CTAGTGAGTTTGCATGx-0,0.1284094055537557
CGTGTCTAGAAACCATx-0,0.08918840281637605
CTACCCAGTATTAGCCx-0,0.006371853519733255
CGTTAGAAGAGCTTCTx-0,0.18333421473112094
CTAGCCTCACGGATAGx-0,0.018694284068849872
CTAGAGTTCGCCGTGAx-0,0.035973968348341746
CTAGAGTCAGTCGATTx-0,0.09792271142560702
CGTGAGCGTTATGCGTx-0,0.13358601733522876
CTCAGAACAGATTGCTx-0,0.04043917809534291
CTCATTACATCCCATCx-0,0.21355806398872498
CTACCCACAGTTCCCTx-0,0.14577922915387814
CGTTCTGCACAAGACGx-0,0.016665875420796034
CTAATGGGTCCAGTATx-0,0.019414182315903937
CTCACACAGATATACGx-0,0.029091807432598177
CTACATTCAGACAAATx-0,0.03351067780183173
CGTTCTGCAAACTGTCx-0,0.04548486256081161
CGTGTAAGTCCTCTTGx-0,0.08055810776529204
CTACATTGTAGCTCCGx-0,0.07562596652827938
CTACACCCACGACGAAx-0,0.17348532527896407
CTACACCAGATGAGAGx-0,0.029301862448691783
CGTTGGGAGAAACGCCx-0,0.027309453665479013
CTAACTTCATGGTTGTx-0,0.05386603716509257
CGTGAGCGTCTTCGTCx-0,0.08736782932921099
CGTGAGCTCAACGCTAx-0,0.041076946795672
CGTGTCTCAAGCTGAGx-0,0.5543972236370528
CTAACTTGTGTGCCTGx-0,0.05696596849184778
CTACACCAGTAGTGCGx-0,0.04283129797552814
CTAATGGCAGTGGAGTx-0,0.02623003696847439
CTCAGAAAGGGTCTCCx-0,0.12453697805486079
CTACGTCCAAGCTGGAx-0,0.02576069368369544
CTACACCGTTCCACGGx-0,0.03811057255604962
CTAGTGATCTCATTCAx-0,0.06656318774900563
CTCACACTCACGAAGGx-0,0.09099173727439791
CGTTCTGAGTGAACATx-0,0.060381599869818746
CTACATTAGGTGACCAx-0,0.06506695081150554
CTACGTCAGCGTGTCCx-0,0.03136196584566253
CGTGTAACACCTCGTTx-0,0.047650384162841286
CTCAGAATCGTATCAGx-0,0.006578194729966826
CGTGTAAAGGTGATATx-0,0.029365381337055484
CTACCCATCTCTTGATx-0,0.012196449240238374
CTAGAGTAGAGACTTAx-0,0.06219677039205409
CTACATTAGATCGATAx-0,0.08158069502146405
CTAGAGTTCTGCGGCAx-0,0.0758917010432372
CTCATTATCGGTGTCGx-0,0.07991077088729621
CTAGAGTTCAAACCGTx-0,0.03801890480993761
CTACGTCGTCTAGCCGx-0,0.296741437284397
CTAGCCTCAATCACACx-0,0.02634877671575279
CTAGCCTCATGACGGAx-0,0.04327693709168489
CGTTAGACATGCCTAAx-0,0.02562482709273903
CTCCTAGTCGGAGCAAx-0,0.07559826940070154
CTACACCGTCTTCTCGx-0,0.11520372050142294
CTAAGACGTACACCGCx-0,0.43778108942993743
CTAAGACAGTACGTTCx-0,0.0477497132666062
CTACGTCCATCGGACCx-0,0.023526078752295166
CTAGAGTCAGCTGTGCx-0,0.04283103669722641
CTAAGACGTTCTGGTAx-0,0.035350979246390746
CGTTAGAAGATGTGTAx-0,0.10211195402089249
CGTGTCTCATCACAACx-0,0.008087657443616017
CTACACCGTCGGATCCx-0,0.01804393671273265
CTCCTAGCAAGAAAGGx-0,0.08745971742986229
CTACACCCACGCATCGx-0,0.15018087770565022
CTAGCCTCAGTGGGATx-0,0.30089832952659923
CGTGTCTAGGCGACATx-0,0.09203124972709323
CTAGAGTCATCAGTACx-0,0.09399068523733309
CTCACACGTAGTGAATx-0,0.06738103576528097
CTCACACCATCGGAAGx-0,0.10044019709072467
CTTAACTGTACTCAACx-0,0.30806299860747494
CTGATCCAGACCGGATx-0,0.026383575867956702
CTGAAGTTCTGATTCTx-0,0.042822085225720605
CTCTGGTAGTGCTGCCx-0,0.14571313402672914
CTCGTACTCGCATGATx-0,0.06996754802992129
CTCTAATCATTACCTTx-0,0.03474941923098873
CTGCTGTAGAAACGAGx-0,0.005843160778521942
CTCGAGGGTAATAGCAx-0,0.17067684785397538
CTCTACGGTCTGCCAGx-0,0.019505873917539527
CTCTACGGTACATCCAx-0,0.5229246562091256
CTGAAACTCCTCAACCx-0,0.022513460749450674
CTCTACGTCAAACGGGx-0,0.08504871631724786
CTGATAGAGGCGACATx-0,0.15451505994091286
CTGGTCTTCGGAAATAx-0,0.015505056884253602
CTGAAGTTCGTTTAGGx-0,0.042457026215692105
CTTACCGTCGGCCGATx-0,0.030922607374448376
CTGTTTACAGCGTTCGx-0,0.022653848147196978
CTGAAGTAGGTGCACAx-0,0.041949297852065436
CTCTAATGTAGCGATGx-0,0.03635029040203804
CTCGGGATCGGCGGTTx-0,0.05376111673764194
CTGCCTATCTCTAGGAx-0,0.26927149565551134
CTCTAATAGAAACCATx-0,0.0464109940048831
CTTAGGAAGAAACCGCx-0,0.06793703931072549
CTGAAGTTCTTGTATCx-0,0.1421709956448366
CTCGAGGTCACCCTCAx-0,0.3219262285720794
CTCTGGTGTCTCAACAx-0,0.050633132084925384
CTGCCTAAGGGTGTGTx-0,0.1185885027653821
CTCGTACGTTTGGCGCx-0,0.07209162689108163
CTCGTCACACAAGTAAx-0,0.7026572342143577
CTCTGGTGTCCGTCAGx-0,0.14807395788592526
CTCGGAGCATTCACTTx-0,0.30463965402893245
CTGATAGGTTCGTTGAx-0,0.6611233584075173
CTTAACTAGCGAGAAAx-0,0.3795699009166898
CTGGTCTGTCGGGTCTx-0,0.13587641680557738
CTCGAAACACCCAGTGx-0,0.6797190958065781
CTTACCGCAATGGAGCx-0,0.038022373434471374
CTGAAACGTTTACTCTx-0,0.01476968317205949
CTCTACGTCCAATGGTx-0,0.22874564358382474
CTGTTTAAGCCAGGATx-0,0.49648293992157533
CTTAACTCACTGAAGGx-0,0.32167252761876924
CTGTTTAAGTCCGTATx-0,0.037386166113295344
CTGCCTAGTCCCTACTx-0,0.7490845236395375
CTGCTGTCATCTACGAx-0,0.030480924037293432
CTGCCTACATCTGGTAx-0,0.013558528612233762
CTGGTCTTCATTCACTx-0,0.40306545120586695
CTTACCGGTCGGGTCTx-0,0.01912153764859307
CTGTTTACATTCTCATx-0,0.05615463154611432
CTTACCGAGGGCACTAx-0,0.006746303542130378
CTCGAAAGTCTTCTCGx-0,0.007459075636709482
CTGTTTAGTCCAAGTTx-0,0.10983078103042851
CTCTAATCAGTATCTGx-0,0.04860738166780125
CTGGTCTCAAACAACAx-0,0.049492564783604254
CTGATCCGTTCAGGCCx-0,0.039126570204013715
CTGATAGAGGAGTACCx-0,0.06849682212667628
CTTACCGAGTAGGTGCx-0,0.08391568448667568
CTTACCGCAATGCCATx-0,0.07332722712735508
CTCGTCATCTTGCCGTx-0,0.11553317031606507
CTCGGAGGTACCTACAx-0,0.05584874870474914
CTGATAGAGTTCGCGCx-0,0.014742450841167733
CTCTAATTCTTTACACx-0,0.09833858540790653
CTCGTACCAGACTCGCx-0,0.30007716744167756
CTGAAGTAGGGATACCx-0,0.14751405341540133
CTGCCTATCGCGCCAAx-0,0.034763907141542545
CTGTGCTAGTTGAGTAx-0,0.25454794286681665
CTGGTCTTCGTGGACCx-0,0.020405846784192966
CTGTTTATCACAGGCCx-0,0.07465481745686575
CTCTAATCACGAGAGTx-0,0.06909674274895347
CTTAGGAAGGTGATATx-0,0.0670254530311916
CTCTAATGTGCAACTTx-0,0.03052059475657641
CTCTACGCAATGCCATx-0,0.26469484983393304
CTCTGGTAGCGTTGCCx-0,0.014129127142696454
CTCGGAGAGGCAGGTTx-0,0.2865490627323904
CTGAAACGTATGCTTGx-0,0.11002341104742044
CTCGAGGCATGCGCACx-0,0.4113075511354347
CTGATCCAGTGGACGTx-0,0.012032810499550562
CTCTAATAGCTGGAACx-0,0.1036712615861918
CTTAACTAGACTCGGAx-0,0.038553872573851886
CTGATAGTCACAAACCx-0,0.32945522650405956
CTTAACTAGTGGTAATx-0,0.09792950393189476
CTTACCGCAAGAAAGGx-0,0.02338383187581289
CTGAAACAGAGCTATAx-0,0.10552279215878532
CTTACCGTCTTCGAGAx-0,0.22895188234406014
CTCTGGTGTGGTCTCGx-0,0.015385623731995259
CTCGGGAGTCGACTATx-0,0.45895128764619103
CTCGGAGGTTCAGTACx-0,0.04565324670622629
CTGTGCTTCGCAAACTx-0,0.017545270563433593
CTCGAAATCGGTGTCGx-0,0.038414866047837275
CTGTGCTAGTGTCCCGx-0,0.4927777748391017
CTTAGGAAGCTAGGCAx-0,0.34763084061731747
CTCGAAAGTCTTGTCCx-0,0.008282751674305467
CTGAAACGTAGCACGAx-0,0.09251814161860142
CTCGAGGGTCTCCCTAx-0,0.025210342129994
CTCGTCAAGAGTACCGx-0,0.14694795184959442
CTCTAATGTAAAGGAGx-0,0.034065646622992565
CTGTTTATCGGCGCATx-0,0.015429593179005574
CTCGAAACAATGCCATx-0,0.08200388285221649
GAATAAGCATGAAGTAx-0,0.37029085394065075
GAACCTAAGATCTGCTx-0,0.013071711078114102
GAATAAGCACCTGGTGx-0,0.17664418242193414
GAAATGACATGGTTGTx-0,0.060939822016314954
GAATGAAGTTCCGGCAx-0,0.048168635405436026
CTTCTCTTCGCCAGCAx-0,0.02945343655686277
CTTGGCTTCACGGTTAx-0,0.2069369686923316
GACGCGTGTGCGAAACx-0,0.5636492939050038
GACGTGCCAATAGCAAx-0,0.10706438861467052
CTTCTCTGTCGTGGCTx-0,0.07603100890549244
CTTCTCTCAATCTGCAx-0,0.5295341843185282
CTTGGCTGTGTGTGCCx-0,0.0971003483004885
CTTTGCGAGGAGTCTGx-0,0.03269840744020356
GACGTTATCGTCCGTTx-0,0.08556808376399663
GAACATCGTAAGAGGAx-0,0.008067293454386932
GACGTGCAGTACTTGCx-0,0.033217056351648705
GAAACTCCAGGGTTAGx-0,0.15424830381626206
GACGTTATCACGATGTx-0,0.1762823798933064
GACACGCTCCATGAGTx-0,0.07374250104593162
GACCTGGCAATAGCGGx-0,0.46314204783082724
GAACGGACACGGCGTTx-0,0.0610851384432589
GACAGAGGTCTAGAGGx-0,0.33216812943569884
GAACCTAAGCTAGTCTx-0,0.4073296057723928
GACCTGGGTAAGGATTx-0,0.1391756346498805
CTTGGCTCAAAGCAATx-0,0.07922594493259716
GACACGCCAGATGAGCx-0,0.0400808823280364
CTTGGCTGTGTTGAGGx-0,0.00229507425628411
GAACGGATCCATGAACx-0,0.01375322687893126
GAAATGACACGCTTTCx-0,0.406032398252869
GAACATCCATTCCTCGx-0,0.9564597042795188
GAAACTCGTTACGTCAx-0,0.9299832097199419
GAAGCAGAGAAAGTGGx-0,0.11168737558625254
GACGGCTAGTGCCAGAx-0,0.07094163656427464
GAAACTCCAAAGGCGTx-0,0.10239794353000888
GAATGAACATATGAGAx-0,0.029717342813007277
GAACGGACAGCTGGCTx-0,0.007986410810227043
CTTGGCTTCCGTACAAx-0,0.0656327155074481
GACGGCTCATGTCGATx-0,0.4409992519536076
GACACGCGTAAATGTGx-0,0.03613669257654572
GACTAACAGTCGCCGTx-0,0.1026383263903
GACAGAGGTCCGAACCx-0,0.4466970507218188
GAATAAGAGCAATATGx-0,0.014620494008318382
GAAATGAAGAAGGACAx-0,0.07156236327647027
GAATAAGCAGGGATTGx-0,0.025041887611768312
GAAGCAGGTTACGCGCx-0,0.031874019407311556
GAATAAGAGGTGCAACx-0,0.15762973815249445
GAAACTCTCTGAGGGAx-0,0.045886950352144996
GAACCTAGTAAGTGGCx-0,0.03506709208272333
CTTGGCTGTCACTGGCx-0,0.0072761866573591285
GACGGCTCATACCATGx-0,0.27344622354663023
CTTGGCTCACGGACAAx-0,0.01772999767681366
GACGTTAGTTTAGGAAx-0,0.034923526735009744
GACCAATAGGATATACx-0,0.09572099233444825
GAACGGATCGCCTGTTx-0,0.05603910053842485
GACTACAAGAAAGTGGx-0,0.06904074936629326
GAAACTCAGAAACGCCx-0,0.33544187381799623
CTTAGGACAGCATGAGx-0,0.015674281992861035
GACGCGTCATAGAAACx-0,0.5395180890020892
GACAGAGAGTGGCACAx-0,0.03930542097838776
GAATAAGAGCCTCGTGx-0,0.03121048354839496
GAAACTCCAATCCGATx-0,0.041975546527257296
GACCTGGAGCGATCCCx-0,0.4073796022121445
GACGTGCCATGGTCATx-0,0.02666152317988687
CTTTGCGAGTTCGCGCx-0,0.005816382904721526
GACCAATTCGTTTAGGx-0,0.00919684202250412
CTTCTCTAGTACATGAx-0,0.07452731479052162
GAAATGAAGAGGTTATx-0,0.0568231031797973
GACCTGGGTCGTTGTAx-0,0.09806971673001864
GACAGAGGTCAGATAAx-0,0.020062910831667034
CTTCTCTTCCATGAACx-0,0.03687822862022542
GAACGGATCTTGCATTx-0,0.17671035652835018
GAACGGATCTTGCAAGx-0,0.09327533040930566
GACCTGGGTATAATGGx-0,0.5606424849765956
GACACGCGTACCAGTTx-0,0.0879635088312064
GACTAACTCAAACCGTx-0,0.1087799843026663
GAAATGAGTACGAAATx-0,0.05361551641714388
GAACATCGTCGCTTTCx-0,0.19061967976106464
GAAACTCGTCCGAACCx-0,0.039165479025944715
GAACCTAAGTCCGTATx-0,0.039539708858679176
GACCTGGGTAGGAGTCx-0,0.06704106803420731
CTTGGCTCAGGGTTAGx-0,0.040672480147783754
GACGTGCCAGCATACTx-0,0.0008145822441630129
GAACGGAGTGACGGTAx-0,0.12221809172633583
GAAGCAGTCTTGGGTAx-0,0.08622398063979289
GAACCTAAGCGATATAx-0,0.5016400087652938
GACGGCTTCGGATGGAx-0,0.6385983637652775
GAACATCTCCATGAGTx-0,0.0049949788738359235
GACGTGCGTCCTCTTGx-0,0.012120006998389518
CTTTGCGCAAGTTCTGx-0,0.13499253124819757
GAATGAAGTAGAAGGAx-0,0.06754337155602494
GACACGCTCATGTCTTx-0,0.03407913137918873
GAACGGATCTTGTTTGx-0,0.04049793557965222
GATCGTACACAGACAGx-0,0.06411651056914697
GAGCAGAAGTTACCCAx-0,0.036965571868255526
GATCGTATCATTCACTx-0,0.041049273774296534
GATCGTAGTATCACCAx-0,0.2190555901172737
GCAGCCATCATGTGGTx-0,0.07515725266111833
GATGCTAGTGAACCTTx-0,0.07983215729004638
GATCAGTCACAGGTTTx-0,0.13666676119022778
GCAGCCATCGATGAGGx-0,0.3598339098568889
GATGAAATCGATCCCTx-0,0.028906248877781104
GATCAGTAGTTACGGGx-0,0.022564408734812726
GAGGTGACAAGGTTCTx-0,0.0709565223282862
GATGCTAGTGTTCTTTx-0,0.01942579781234408
GAGTCCGAGGCGACATx-0,0.07800116374719557
GACTACATCAACCAACx-0,0.011117834949062055
GCAATCAAGGCTCAGAx-0,0.026919687904938164
GCACTCTAGCTACCTAx-0,0.025804451446432185
GATCGTAAGTAGGCCAx-0,0.026441846237706852
GAGGTGATCGGCATCGx-0,0.21558723148454356
GCAGTTACAGAGTGTGx-0,0.06105098128232428
GATCGTACATTGGGCCx-0,0.1295322492787126
GCACATACATAGGATAx-0,0.07959339335883779
GCAAACTTCAGCGACCx-0,0.02497493257353417
GATGAAAGTTCAGACTx-0,0.3206007397953757
GATGAGGAGGGCTTCCx-0,0.048144148627546145
GACTACAGTGAGGGTTx-0,0.06960256331287257
GAGGTGATCGGAAATAx-0,0.0874887158763733
GACTGCGAGTAGCCGAx-0,0.4747440716552249
GCACATACAGATGAGCx-0,0.022278234140666455
GATCTAGGTTCCGTCTx-0,0.07369176593575207
GATGAAAAGGTTCCTAx-0,0.25795539208660356
GAGCAGACAAGCCCACx-0,0.10432825173848151
GACTGCGCAATTGCTGx-0,0.13780025387728292
GCACTCTTCGGCATCGx-0,0.6719811932301031
GATGAAAAGATGTCGGx-0,0.038323432070323064
GCACTCTAGAAGGCCTx-0,0.042694436664418155
GATTCAGAGATGTCGGx-0,0.00579402810617834
GATTCAGAGATGGCGTx-0,0.20500004736853175
GATGAAAGTTTGTGTGx-0,0.1093233469686398
GATGAGGTCGTTTATCx-0,0.03214916993868088
GCAGCCATCATGGTCAx-0,0.08415851062021448
GACTGCGAGTGCAAGCx-0,0.02040826125781531
GACTACATCGTGACATx-0,0.35715530308607146
GATCGTACACTAGTACx-0,0.11003959867456331
GCAAACTGTCGAAAGCx-0,0.02845256492003695
GCAGTTAAGATAGCATx-0,0.01261511285834323
GATGAAACAGGCGATAx-0,0.03745094209953195
GAGCAGATCTAGAGTCx-0,0.023822354969699082
GATCGCGAGTGTCCCGx-0,0.0806425594725651
GCACTCTAGAGAACAGx-0,0.28820575202090515
GCAGTTAAGGAACTGCx-0,0.11415421022199948
GAGTCCGTCGCGATCGx-0,0.017248968780614844
GCAAACTAGCCAACAGx-0,0.08302654776289081
GAGGTGAAGTACGATAx-0,0.040169606611140926
GATCGTAGTGCACCACx-0,0.23274455401110178
GATCAGTAGACCACGAx-0,0.07088936430977572
GACTACATCTGAAAGAx-0,0.13189099094162143
GATGCTAAGGCGTACAx-0,0.15242000907586348
GAGCAGAAGCGACGTAx-0,0.2649075548634827
GATGAAAAGACTAAGTx-0,0.35489168749475125
GATCGTATCAAAGTAGx-0,0.2136769692265527
GATCGCGAGTACGTAAx-0,0.10895831805292856
GATCGATTCGGTGTCGx-0,0.1924055705893647
GCAATCAAGGGTCTCCx-0,0.1871048106137577
GATCGCGGTACTTGACx-0,0.10330860738769858
GATCGATGTGGTCTCGx-0,0.5043093816831085
GATCGCGAGACACGACx-0,0.4070087727217277
GATCAGTGTCACAAGGx-0,0.04071559029514192
GACTGCGCACGGCTACx-0,0.11079254884251995
GAGCAGACAAAGCGGTx-0,0.16249494158319727
GCACTCTGTTCCACTCx-0,0.016163622866144246
GAGCAGAAGCCTCGTGx-0,0.08916163797908247
GATCTAGTCGGAGCAAx-0,0.38844856769098723
GCAGCCAGTAAGTAGTx-0,0.06846697522113593
GATCGATCATGGGACAx-0,0.0067946505928140185
GATCTAGTCCGAGCCAx-0,0.09093605532229188
GATGAGGCATGATCCAx-0,0.04432408185279491
GATGAGGGTGCGAAACx-0,0.4259303512880599
GATCGTACAGATGGCAx-0,0.033453942808440766
GCAATCATCAAACCACx-0,0.04796538365634675
GATGAGGCATTGTGCAx-0,0.027940097248010835
GCACATAAGGGCTCTCx-0,0.06341353796820973
GACTGCGGTTCGTCTCx-0,0.24341299729552207
GAGTCCGAGGGTGTGTx-0,0.19135172996703376
GCAGCCAAGTGTTGAAx-0,0.3580674311676108
GCACATACATTCACTTx-0,0.09670948858624748
GCAATCATCTCTAAGGx-0,0.062388281893362416
GAGCAGAGTTCCAACAx-0,0.014620991773434623
GATGAAAAGCGATAGCx-0,0.012196396929881849
GACTACATCAGAGCTTx-0,0.23297474311860725
GACTGCGCATCACGTAx-0,0.03134192431495849
GATCGTAGTGTTGGGAx-0,0.16770940274172974
GATGCTAAGTCTCGGCx-0,0.039723336699543005
GCAAACTCATGCTAGTx-0,0.06492996843789847
GCCAAATTCTTAGCCCx-0,0.21117687689495496
GGAAAGCCATCTATGGx-0,0.14622614452625415
GCATGTAGTTGGTTTGx-0,0.04170555939317213
GCTGCAGCACTGTCGGx-0,0.08975702019410693
GGAAAGCTCCCAAGTAx-0,0.02517020006246277
GGAACTTTCTTAACCTx-0,0.9708624684246793
GCCAAATTCATGTCTTx-0,0.050476415850851906
GCGAGAAAGACACTAAx-0,0.03971038739315625
GCTGCGATCAGAGACGx-0,0.18941416308628253
GCATGCGCAACACGCCx-0,0.029520501936072897
GCCTCTATCCACTCCAx-0,0.08514484031138943
GCTCTGTAGCTGATAAx-0,0.4826354337277441
GCGCGATAGGTGATTAx-0,0.6184205148601657
GCGGGTTTCCGATATGx-0,0.10250345078127988
GCTGCTTAGGCTCTTAx-0,0.08477104517677038
GCTTCCAGTCGGCACTx-0,0.049555969302354584
GCAGTTAGTCACACGCx-0,0.025578742489281454
GCGCAACGTCCGCTGAx-0,0.02831611623886019
GCTCTGTAGTGAAGTTx-0,0.1127391127738466
GCTGCTTAGGTGCTAGx-0,0.21221469617431252
GCGCGATGTCCCTTGTx-0,0.042421629600036224
GCGACCATCAGATAAGx-0,0.02828898152995924
GCATGCGGTATTAGCCx-0,0.12081349167053904
GCTCTGTAGCCATCGCx-0,0.5736550198374386
GGAATAAAGACACTAAx-0,0.04197529563718385
GCGCAGTCACCTCGTTx-0,0.035567158248068234
GCGCCAATCGGATGGAx-0,0.5388775342646166
GCATGCGCATCGACGCx-0,0.013122048986669065
GCGCAACGTCTCTTATx-0,0.763196837644207
GCGGGTTGTAGCGTCCx-0,0.05382223826443542
GCGGGTTGTTCGTGATx-0,0.06401850554434141
GCTCCTAAGATCGGGTx-0,0.1539081934416292
GGAAAGCCAGAGCCAAx-0,0.0835180912622786
GCTTCCAAGGACAGAAx-0,0.11394772715470101
GCCAAATAGATCGATAx-0,0.004106092305200927
GCTTCCACAAGAAAGGx-0,0.025217063623415706
GCTGCGATCAATACCGx-0,0.5065083507516388
GCATGATAGGCAGTCAx-0,0.09944011252710089
GCGCAGTGTCCGAAGAx-0,0.18523870263679032
GGAAAGCCAAGCGAGTx-0,0.020391647531195333
GCAGTTAGTCTTGTCCx-0,0.03454595481470035
GCGACCAAGTGTGAATx-0,0.16735935279174896
GCATGCGGTTCATGGTx-0,0.11823679832118772
GCATGATCATCCGTGGx-0,0.10277201043791903
GCATACATCTTGTATCx-0,0.10279167496077282
GCATGTAAGGTCATCTx-0,0.019587227096664765
GGAACTTCAATGTTGCx-0,0.09725452011838838
GCGACCAAGGACACCAx-0,0.06926117533368961
GCTTGAATCTCGCTTGx-0,0.0735691578683385
GCATGCGAGGGAGTAAx-0,0.058198094387816576
GCTGGGTGTAGCGCTCx-0,0.07556494905823032
GCTGGGTAGTGTTAGAx-0,0.4866712401951451
GCTGCGAGTCCGACGTx-0,0.07961031778769471
GCTTCCAAGTGGTCCCx-0,0.08791545545207587
GCGGGTTCACATTAGCx-0,0.039543851063874084
GCGCAGTTCGTTTGCCx-0,0.06748890264975332
GCGCAACAGTCAATAGx-0,0.21026822322862723
GCGACCACACCTGGTGx-0,0.0446378538508954
GCTGCAGAGTCCGTATx-0,0.008503866382196456
GCGAGAATCACTCTTAx-0,0.37406696995147865
GCTCTGTGTTACGCGCx-0,0.4408226356632254
GCGACCAAGCTAACAAx-0,0.0931830562796459
GCTGCAGAGAGTTGGCx-0,0.07881577397562689
GCGGGTTGTGCAGTAGx-0,0.06298579901062529
GCCTCTAAGCGCCTTGx-0,0.012563865039233504
GCAGTTAGTTCTGTTTx-0,0.16684581719375294
GCGCCAAGTATATGGAx-0,0.09842961933121115
GCATGTAAGCATCATCx-0,0.056491287391298294
GCGAGAATCCGTAGGCx-0,0.048011907978601276
GCCTCTAGTGCCTGTGx-0,0.055219300648975046
GCATGCGGTGCGGTAAx-0,0.12967530160263693
GCTTGAAGTATAGGTAx-0,0.016622602445653344
GCCTCTACACAGGCCTx-0,0.049122218171516775
GCATGCGGTACAGCAGx-0,0.6562707486764552
GCTGGGTGTCTCATCCx-0,0.3909379886082901
GCGCCAAGTTCCCGAGx-0,0.10539929371848727
GGAACTTTCCTAAGTGx-0,0.025261030749145548
GCATGATAGTCGAGTGx-0,0.007887120416147543
GCAGTTATCAGGCCCAx-0,0.11312117759709762
GCATGATCAGCGAACAx-0,0.1822754273982285
GCGCAGTAGATCCTGTx-0,0.11106971771583435
GGAATAAAGACATAACx-0,0.047349172222095205
GCTGGGTAGCTGCAAGx-0,0.08071101694077949
GCTCTGTTCGAATGCTx-0,0.012654296906685826
GCGCGATAGGCCCTTGx-0,0.04491645855350553
GGAACTTTCCGGCACAx-0,0.005861520318690877
GCATACACATCCTTGCx-0,0.0879984811994636
GCGACCAAGATGCCAGx-0,0.4113361183257685
GCATGATGTTAAGATGx-0,0.24823659634381767
GCTGCGACATCTCGCTx-0,0.3286209458913703
GCCAAATGTCCAACTAx-0,0.0676353652743924
GCGACCACACATCCAAx-0,0.6589990528742209
GCGGGTTCATAGAAACx-0,0.05130598061871663
GCTTGAAAGGTGGGTTx-0,0.02326035640611152
GCTGGGTAGACAGGCTx-0,0.08977332043160899
GCATGATTCTTCGAGAx-0,0.7537273102805817
GGACGTCGTGCAACGAx-0,0.011744676776813609
GGCCGATTCGGAAATAx-0,0.024605838796789237
GGCGTGTTCAGGTTCAx-0,0.056148247781866785
GGCGACTAGTCAAGGCx-0,0.5482839800764607
GGAATAATCTCTAAGGx-0,0.03764651163981721
GGACGTCAGGACACCAx-0,0.0356183578234199
GGGTTGCAGTACGTAAx-0,0.31615278048173007
GGCGACTGTCGGCTCAx-0,0.07127627341755832
GGATTACCACGGCGTTx-0,0.10274968860974
GGAGCAATCTTGAGGTx-0,0.04159529159018839
GGGCACTCATGGTTGTx-0,0.012058340213775495
GGCAATTAGAAACCATx-0,0.09010601876635833
GGCCGATGTAAGTGTAx-0,0.42741593775252884
GGGAGATGTACCATCAx-0,0.06868872173384703
GGGACCTAGAGGTTGCx-0,0.05186127257550831
GGCGTGTGTCGCGAAAx-0,0.037890156964669436
GGACAGACATGCCTAAx-0,0.021921781329417394
GGCTGGTCAGTTAACCx-0,0.52146453402133
GGGTCTGTCGCCCTTAx-0,0.28431426738099863
GGAATAATCTGGCGTGx-0,0.2602642796017127
GGGAATGTCACGGTTAx-0,0.0783379622880886
GGACGTCAGGGTGTTGx-0,0.012050345446094169
GGCTGGTAGGTGTGGTx-0,0.23478481697949985
GGCGACTGTAGGGTACx-0,0.06366801879130853
GGGTTGCCACGCCAGTx-0,0.011851460996234745
GGGAGATCAGGGAGAGx-0,0.030139583345484035
GGGCATCTCGCAAGCCx-0,0.4171425817823508
GGATGTTAGTGGGCTAx-0,0.04082838065313707
GGATTACGTAACGACGx-0,0.03801351337120694
GGACGTCGTCTGGAGAx-0,0.09050015190454842
GGCTCGAGTTATCCGAx-0,0.6851752982494114
GGCTCGAGTCATATGCx-0,0.18797419784379593
GGCCGATGTGTGACGAx-0,0.04172175639954759
GGACATTTCACTGGGCx-0,0.03386744166074407
GGATGTTGTCGAACAGx-0,0.19289979062652282
GGCAATTGTCGAATCTx-0,0.014493130627267281
GGGAATGCAAGCCGCTx-0,0.0755305063813784
GGGACCTCAGCTGCTGx-0,0.005275527515652301
GGGAATGCAGACGCCTx-0,0.026894249466626104
GGGATGACAGGGTTAGx-0,0.08252269230004916
GGGTCTGCATAGTAAGx-0,0.12485915373901019
GGACATTCACGGACAAx-0,0.8906584817809687
GGATGTTGTACCAGTTx-0,0.05678988545055269
GGCAATTGTTCGTCTCx-0,0.10886910549183079
GGCCGATCAGGAATGCx-0,0.012177179036532215
GGAATAAAGCGGCTTCx-0,0.03736539240885965
GGAATAACATGTCTCCx-0,0.07116796585042306
GGACAGAAGGATCGCAx-0,0.07056131323925724
GGACAAGGTACCATCAx-0,0.043548446677993326
GGGCACTTCTCAAGTGx-0,0.07267180674183008
GGGAATGTCATGTCTTx-0,0.3288501010416291
GGGTCTGGTAAACCTCx-0,0.08323524348783146
GGGAGATAGTCTCGGCx-0,0.15253082715347321
GGATTACCACCACGTGx-0,0.4073857681461674
GGACATTGTCTCCATCx-0,0.013456158481487183
GGGACCTAGAAGGGTAx-0,0.03449221957554536
GGCGACTAGCATCATCx-0,0.04463445127185188
GGCCGATTCCTGCTTGx-0,0.03023888594230755
GGCGACTTCATAACCGx-0,0.01923355016703919
GGAGCAAAGTAGGCCAx-0,0.4984163075472479
GGCTCGACACATAACCx-0,0.14536800230757724
GGCCGATGTAACGTTCx-0,0.0466330602325239
GGGTCTGCACGACGAAx-0,0.09870636921969858
GGACAAGTCAACACGTx-0,0.1040447964431928
GGGCATCAGTGACTCTx-0,0.5083373854756185
GGATGTTCACGTTGGCx-0,0.014106878955787999
GGCAATTCACCGAATTx-0,0.10055756936326345
GGAATAATCCTGCTTGx-0,0.027939518021283385
GGAATAAGTATGGTTCx-0,0.18976808196103337
GGGTTGCAGGCTAGCAx-0,0.036270285855173064
GGGATGAGTATCTGCAx-0,0.09761870787571443
GGACAAGTCGTCGTTCx-0,0.04509133952316002
GGCAATTCAGTTTACGx-0,0.7574098748222061
GGGATGAGTGGTCTCGx-0,0.06457545136896004
GGGCATCAGCCCAATTx-0,0.15943697215188354
GGCGTGTTCACTTCATx-0,0.08366850532214279
GGGAGATAGACAAAGGx-0,0.21173115729849856
GGGAATGAGAATTGTGx-0,0.0775338503163825
GGATGTTAGTCAAGCGx-0,0.10861988628726517
GGCGACTCAGATGGCAx-0,0.03127916112006352
GGGATGACAGTTCCCTx-0,0.13471987537157862
GGAATAATCACCCTCAx-0,0.013161265440248093
GGACATTCAGAAGCACx-0,0.09390444099860681
GGGAGATAGCGCTCCAx-0,0.06880412510870683
GGCTCGAGTCTAGCGCx-0,0.08442659818819426
GGCGACTCAACGATGGx-0,0.04686398491278379
GGGCACTCAATACGCTx-0,0.011565247157838555
GGCTCGACATCTATGGx-0,0.018958713607749006
GGCTGGTGTAACGCGAx-0,0.10322069644748084
GGGATGACAGATCGGAx-0,0.052307084259634144
GGCTCGAGTGCAGGTAx-0,0.03758428571480333
GGGAGATAGAAACGAGx-0,0.10219752609892865
GGGATGAAGGCTCATTx-0,0.012803182109445857
GGACAAGCATCAGTACx-0,0.31312260950877874
GGAGCAACATAACCTGx-0,0.005401862952741738
GTAACGTTCCATGCTCx-0,0.01931782276889153
GTACTCCTCACCCGAGx-0,0.5344534205657037
GTACTCCGTCTCATCCx-0,0.1823684585066175
GTACTCCAGGGATACCx-0,0.2576889804683599
GGTGCGTCAAGCCATTx-0,0.06656352807649715
GTACTCCCACATGTGTx-0,0.03175437543294756
GTAGTCATCACAGGCCx-0,0.03203097828808405
GTATTCTCAGCTGCACx-0,0.028709914063752128
GGTATTGCATCCGCGAx-0,0.2733793689648513
GTAACGTCACAACTGTx-0,0.2783381060326779
GTAACGTTCAACACTGx-0,0.10999260205268008
GTATTCTTCAGCCTAAx-0,0.08519110332207387
GTAGTCATCTGCGGCAx-0,0.3991745194055744
GTATTCTAGATGCCAGx-0,0.15588538879831323
GTATTCTAGGAATCGCx-0,0.16050118759176768
GTAGTCATCACCAGGCx-0,0.05040767437085858
GTACTTTGTACCGAGAx-0,0.4645983673887633
GTCACGGGTAACGCGAx-0,0.04956825149961012
GTAACGTGTTCGGCACx-0,0.0992924093825334
GTAGGCCTCAGTCCCTx-0,0.12593894566209163
GGTGCGTCAGCGTAAGx-0,0.05170917095635054
GGGTTGCTCCCTCTTTx-0,0.017323738928605226
GTATCTTAGTTGTCGTx-0,0.009886152030716787
GTACTCCGTAAATACGx-0,0.0633729037006742
GTACTCCTCTGTGCAAx-0,0.08514638996942772
GGTATTGAGTATTGGAx-0,0.09398387630704086
GTATTCTAGCCAGTAGx-0,0.012561753180398476
GGTGTTATCACATGCAx-0,0.5401977655338278
GTAGGCCAGGAATTACx-0,0.011034591714557862
GGTGTTACACCCATTCx-0,0.5029341869390138
GTACGTAAGTGCCATTx-0,0.07195636371505434
GTACTTTTCTTGTATCx-0,0.4404147163940176
GTCACAATCGCCATAAx-0,0.17947851388060418
GTATTCTCACACGCTGx-0,0.026937009913403233
GTCACGGAGGCGATACx-0,0.07542666864635576
GTCAAGTTCAACGGGAx-0,0.1696828977728853
GGTGCGTTCGCGTAGCx-0,0.07908916320807984
GTACGTACAGCCTGTGx-0,0.05033587776379452
GTAGTCAGTACTCGCGx-0,0.17558413808097928
GTAGGCCCATACTCTTx-0,0.01865996062545026
GTAACGTCAATAGCAAx-0,0.5320149088696388
GGTGTTAAGGGCACTAx-0,0.17400028122863564
GTAACTGTCTAACTTCx-0,0.06344585354000169
GTCACAACAGCTCCGAx-0,0.03401011077395358
GTACTTTTCAAGATCCx-0,0.0684268995791353
GTCACGGAGGAACTGCx-0,0.03752843277717415
GTACGTATCTTAGCCCx-0,0.09792800286978104
GTCAAGTCAACCGCCAx-0,0.05124426210020927
GTATTCTCACGTCTCTx-0,0.039344256306125085
GTAACTGGTGTTTGGTx-0,0.03542754877986343
GTACTTTGTTCGTCTCx-0,0.025186320037696414
GTACGTATCATAACCGx-0,0.14827896897526488
GTACTCCTCAATACCGx-0,0.11742217926005707
GGTGCGTCATGGTAGGx-0,0.3166905064817382
GGTATTGGTGAGGGTTx-0,0.28474730502106027
GGGTTGCTCACATGCAx-0,0.051471630546844095
GTACTTTGTCTGCGGTx-0,0.23598619325136408
GTACGTATCATTATCCx-0,0.1029624647628152
GGTGCGTTCGAACTGTx-0,0.024269756508004604
GTAACTGCAAGGACACx-0,0.053100484130693446
GTACGTAGTCTGCGGTx-0,0.08187915693230417
GGTATTGTCCAGTAGTx-0,0.026156202062374897
GTAACTGCAAAGTGCGx-0,0.07270892849590517
GTACTTTGTCAGGACAx-0,0.005415799774411622
GTCACAAGTCTAGCGCx-0,0.013711314250641276
GTATTCTCAGTCGTGCx-0,0.058991197603817866
GGTGCGTAGGATGCGTx-0,0.04256752456370955
GTAGTCAGTACCATCAx-0,0.07464476926149749
GTATCTTAGTACACCTx-0,0.25629150488239794
GGTGCGTGTACATGTCx-0,0.0506075356716337
GTACTCCTCCATGCTCx-0,0.039442462419224306
GGTATTGGTAAGAGAGx-0,0.06123694939428754
GTATCTTAGGGAAACAx-0,0.41322021973346784
GGTGCGTCAGCTGTGCx-0,0.41080976921893875
GGTGCGTTCAAACCACx-0,0.28188774991238225
GGTATTGGTCAGAGGTx-0,0.004793327069970542
GTAGTCAAGTACTTGCx-0,0.09459183183868893
GTCACAATCATGTCTTx-0,0.014687485612282348
GGTGAAGGTTCCCGAGx-0,0.07214343203590662
GGTGAAGAGTAACCCTx-0,0.04310446801543698
GGTGAAGCATATACCGx-0,0.09765426121644394
GGTATTGGTCTAAAGAx-0,0.0968820468845872
GGTGAAGAGATGTGTAx-0,0.027630294355193066
GGTGTTATCATGTCCCx-0,0.10836843050127097
GTAGGCCAGGCAGTCAx-0,0.020820820864993216
GTACTTTGTAAATACGx-0,0.10180289912492385
GTATCTTGTCGCATATx-0,0.0226268685756333
GTAACGTCAGCTATTGx-0,0.38269910367023446
GTAGGCCTCTACGAGTx-0,0.041119110080940095
GTCAAGTCACAGTCGCx-0,0.05149586893360681
GTATTCTAGGCAGGTTx-0,0.013230675871038789
GGTGCGTAGCAATCTCx-0,0.0363194841378376
GTATCTTCATTGGGCCx-0,0.026360948844661173
GTAGTCACAGTCGTGCx-0,0.042033748858074586
GTGCATATCCGCGTTTx-0,0.34896450551897185
GTCTCGTAGAGCTGGTx-0,0.07172214202714977
TAAACCGTCTTGTTTGx-0,0.024210826179619713
GTGCAGCTCAAGAAGTx-0,0.13314449115158872
GTGTGCGCATATGAGAx-0,0.05898471247641105
GTTACAGGTAGCCTATx-0,0.039327472671109004
GTGTGCGTCCACGACGx-0,0.03675858699716116
GTGCGGTTCACCTTATx-0,0.07385466897264943
GTTTCTATCTTGTCATx-0,0.06345404733600755
GTCGTAAAGGCGCTCTx-0,0.3218734964309055
GTGAAGGAGCGCCTCAx-0,0.6716140336657646
GTCATTTCAAGTAATGx-0,0.9518225679165124
GTGTGCGGTCTCGTTCx-0,0.11308471818687413
GTGGGTCCACAAGTAAx-0,0.025305645972214498
GTGTTAGCAGATAATGx-0,0.04714991908808884
TAAACCGCAGTCGTGCx-0,0.18012376653299494
GTCTCGTAGTTAGGTAx-0,0.4579564546980318
GTGCATACATTTGCCCx-0,0.17422493574445994
GTCTTCGCATCACAACx-0,0.03292339063654666
GTTTCTACATCGGGTCx-0,0.08137708193116541
GTGTTAGCATGCCACGx-0,0.140250415324991
GTCGTAAGTCTCTCTGx-0,0.9534319656791026
GTGGGTCCATTAGCCAx-0,0.07563817235220505
GTTCATTCAATGAAACx-0,0.09287111029023203
GTGGGTCTCGCTTAGAx-0,0.0021972052178568097
GTCCTCAGTCAGCTATx-0,0.03695751526871632
GTCTTCGAGTCGCCGTx-0,0.08233503208664879
GTTCATTGTACGCACCx-0,0.030033481226488377
GTGGGTCGTGTCAATCx-0,0.08558995533820835
GTGAAGGAGACTTTCGx-0,0.4794272397290318
GTCCTCACAGTCTTCCx-0,0.10478341465340531
GTCTTCGGTATGAAACx-0,0.04484002948242794
GTCGTAAGTACTTCTTx-0,0.05496657332758916
GTTTCTAAGCGCCTTGx-0,0.2386647377431535
GTTTCTAAGCTGCAAGx-0,0.03351468771197929
GTGAAGGTCGCGCCAAx-0,0.20176366297524953
GTGCTTCAGTCTCGGCx-0,0.04404380980767934
GTCTCGTAGTCATCCAx-0,0.03060191386742242
GTTCATTAGAGACTATx-0,0.029036412981482542
GTGAAGGGTTGTGGCCx-0,0.046958064136569055
GTGAAGGGTGCACGAAx-0,0.08748568888296104
GTTCTCGAGGAATCGCx-0,0.24495549646745984
GTGTTAGGTCGCCATGx-0,0.0755299509980964
GTTAAGCAGGAGCGAGx-0,0.052806768974895765
GTCTTCGAGGTAGCTGx-0,0.03439598579568334
GTGTTAGGTTTGACTGx-0,0.013479853157121732
GTTAAGCTCGAACGGAx-0,0.08106365851905353
GTCTCGTTCCGGGTGTx-0,0.04139973883894115
GTCGGGTAGAATAGGGx-0,0.4814331986848739
GTTAAGCGTCTGCCAGx-0,0.4808524064684483
GTTTCTACACGTGAGAx-0,0.028670353697392664
TAAACCGCACTAAGTCx-0,0.07101664437483692
GTCTCGTGTAAGCACGx-0,0.016285751924030773
GTTCTCGGTCTGATCAx-0,0.00837046266696013
GTTAAGCCACCGTTGGx-0,0.31315916333010435
GTTAAGCCACCAACCGx-0,0.0391108340041536
GTGTGCGTCTACTTACx-0,0.040753635240621346
GTCTTCGGTTGAGTTCx-0,0.05153959362405936
GTGTGCGGTATAATGGx-0,0.10790300407285067
GTTTCTAAGGATATACx-0,0.04444253455234376
GTGTTAGAGAGTTGGCx-0,0.0630172077173194
GTCTTCGAGTCTCGGCx-0,0.2087029717157744
GTGTTAGAGGCTACGAx-0,0.02005994682189417
GTGCGGTTCTGCAAGTx-0,0.0491545144125359
TAAACCGGTCTTTCATx-0,0.07443530613957032
GTCATTTAGTAGGTGCx-0,0.3080187256696578
GTTCTCGAGTGTGGCAx-0,0.11307523643481525
TAAACCGGTCAAAGATx-0,0.020047227982164198
GTGCTTCAGGCAATTAx-0,0.4442395397769497
GTGAAGGAGATGCCAGx-0,0.04332351203735418
GTGGGTCTCAGCTTAGx-0,0.21996135032091862
GTGCGGTAGTGTTGAAx-0,0.0698119097230552
GTTAAGCAGAAGGGTAx-0,0.07811436646304692
GTCATTTGTAGCGCAAx-0,0.08227298528408035
GTGCAGCAGCTTCGCGx-0,0.07783239336689633
GTCATTTGTCTACCTCx-0,0.03243455865804786
GTGAAGGGTAGCTAAAx-0,0.055588222629821535
GTGCAGCCACAAGTAAx-0,0.023875520902717582
GTGTGCGAGATATACGx-0,0.5542566715537174
GTGCATAAGAGACTATx-0,0.4890731170171256
GTCCTCACAATCGAAAx-0,0.011806061660854784
GTGAAGGTCAAACGGGx-0,0.05072451860853044
GTCGGGTAGTACGATAx-0,0.032194383999510426
GTGAAGGAGAAGGACAx-0,0.26535416874094003
GTGTGCGTCTCCCTGAx-0,0.04209630925230935
GTGTGCGTCAAACAAGx-0,0.41420896692839315
GTGCATACACAACTGTx-0,0.09433224968539812
GTTACAGTCCCGACTTx-0,0.13621470636267166
GTGTTAGGTGTGGTTTx-0,0.42917543627018767
GTCATTTTCGCTTAGAx-0,0.10683383839284827
GTTAAGCGTTTGCATGx-0,0.02542860709459488
GTTACAGTCTGGGCCAx-0,0.40496222105170215
GTGAAGGTCTGAGTGTx-0,0.10593689210882826
TAGACCAGTTCGGCACx-0,0.05881039235569346
TACTTACTCCGAACGCx-0,0.01742541461920211
TAGTGGTCACAACTGTx-0,0.014084211360085204
TAAGAGACAAGACACGx-0,0.14414050738295442
TAAGAGATCGCAAGCCx-0,0.044869192428155034
TACAGTGAGACACGACx-0,0.06904929181069283
TAGTTGGCATACAGCTx-0,0.27637608978041656
TACGGGCGTCGGCATCx-0,0.024093947701059097
TAGACCACACCGAAAGx-0,0.014022608187873662
TACCTTATCGGACAAGx-0,0.08878095551435095
TACGGGCAGCTGATAAx-0,0.20931108039556257
TAGGCATGTGAGCGATx-0,0.06941942107682085
TACTTGTGTGTCCTCTx-0,0.3095769177147296
TACCTTAGTCATGCCGx-0,0.019842930768404123
TAAGTGCAGAGATGAGx-0,0.06685939570158608
TAAGCGTAGATGTCGGx-0,0.1920758658049638
TACCTTACAGCTGTGCx-0,0.08067383741679736
TAAGAGACATAAAGGTx-0,0.02927609100006177
TAAGCGTTCAAACCACx-0,0.03685220638388619
TACACGATCAGGCCCAx-0,0.24400433684912204
TAGTTGGGTAATCGTCx-0,0.009108323165955832
TATCAGGAGCAGACTGx-0,0.10745046699103457
TACCTATAGCGGCTTCx-0,0.03712016393693946
TACACGACAGGTTTCAx-0,0.38705495314307264
TACAGTGGTTCGCTAAx-0,0.0758987434314356
TACTCATCATCACGATx-0,0.011161825294695862
TAGAGCTTCAGCGACCx-0,0.02886378619084894
TAGAGCTAGCATCATCx-0,0.03200604459214397
TACACGACAATAAGCAx-0,0.16017574147341596
TACTTACAGAGCTGGTx-0,0.006656868507125231
TACTTACCAGCCAATTx-0,0.019811075591148402
TAGAGCTAGGATTCGGx-0,0.08146769730569639
TAAGAGACAGTGACAGx-0,0.17291112919020482
TACTTGTCAGGATTGGx-0,0.7183526469991603
TACTTACAGGAATTACx-0,0.013971379744712352
TACACGAGTTCACGGCx-0,0.08351274995421845
TACACGAAGACACGACx-0,0.035787712211602415
TAAGTGCCATTCGACAx-0,0.11975541675222152
TACGGATGTCCCTACTx-0,0.027663631170459044
TACAGTGGTCTTCTCGx-0,0.10549409654633222
TAGTTGGCATTGAGCTx-0,0.04296531092049757
TACTTGTAGAAGCCCAx-0,0.017038447940543166
TACTCGCGTGCTGTATx-0,0.008786392926353184
TAGGCATAGTCCCACGx-0,0.1269025611056999
TAAGTGCAGATCGGGTx-0,0.04326940596368289
TACGGATTCTCAAACGx-0,0.4109399332737819
TAAGCGTAGGAACTGCx-0,0.22176927867496618
TAGAGCTTCACAATGCx-0,0.16567898387441946
TAAGAGACAAAGGAAGx-0,0.5208871836563366
TACCTATAGTGAACGCx-0,0.08281836521736516
TACTTACGTCGCCATGx-0,0.22388379203552833
TACGGTACACCCTATCx-0,0.1278519260610922
TACACGACATGAGCGAx-0,0.09523864201678424
TACTTGTTCTAACTCTx-0,0.03907518170836011
TAGTTGGGTGAGGCTAx-0,0.06244145280455336
TACTCGCCACCAGATTx-0,0.00786934704218075
TACGGGCCAGACAAGCx-0,0.008409921129373643
TAGCCGGCAGCGATCCx-0,0.06325174312090512
TAAGAGACATATGGTCx-0,0.1571513745046981
TACACGATCACAATGCx-0,0.07099073811211132
TAAGTGCTCACTTCATx-0,0.06300190939880902
TAGAGCTGTAAGTTCCx-0,0.22265578832301577
TAAGAGAAGAAACCATx-0,0.10456391269381411
TACGGATAGGCCCTTGx-0,0.01377286033227849
TACTCATTCATGTCCCx-0,0.27320785740675385
TACGGATAGCTGCGAAx-0,0.03020443528038781
TACCTATCATTGTGCAx-0,0.041685987594626245
TACGGATTCCAAACACx-0,0.044955678005640945
TACGGTACAGGTCGTCx-0,0.3359056648454744
TAGACCAAGGGTGTGTx-0,0.07355092856085634
TACAGTGTCGGACAAGx-0,0.05192831977817101
TACCTATTCGTCGTTCx-0,0.02698549908197146
TAGCCGGCACATGTGTx-0,0.0735706490142732
TACTCATCACACTGCGx-0,0.13463007888314976
TAGCCGGAGTAAGTACx-0,0.15224232720553824
TAGTTGGAGACTAGGCx-0,0.08703172071086901
TACGGATTCTACTATCx-0,0.11290276863234162
TACCTATTCCGCGGTAx-0,0.11836764136546406
TACCTTATCTGAGGGAx-0,0.08923578037422354
TACGGGCTCTATGTGGx-0,0.048498982247727696
TACTTACTCCTGCCATx-0,0.008906803912933501
TAAGTGCCACCGTTGGx-0,0.06790540339331211
TACAGTGGTCTCACCTx-0,0.11790871783284211
TACTTGTCACCACCAGx-0,0.010202260731941219
TACCTATAGAAACGAGx-0,0.11348253493349462
TACGGATTCAGGATCTx-0,0.5483255055608223
TACGGGCTCATTGCGAx-0,0.05912865798206036
TAGACCAAGAGCAATTx-0,0.1267147734549217
TACCTTATCCCTCAGTx-0,0.2544324361735684
TACGGTACACCGTTGGx-0,0.028138157364776907
TAGTTGGTCGGTTCGGx-0,0.24730768466132894
TATCTCAAGCTGCCCAx-0,0.011583583427013098
TACGGTATCACTTACTx-0,0.4670145220743446
TATCAGGGTCTCAACAx-0,0.0002768130587679071
TAGACCATCCCTTGTGx-0,0.07269607143067501
TAAGCGTTCGGTGTTAx-0,0.01902527413033331
TACGGGCGTCAAGCGAx-0,0.74648853509028
TACGGATCATGACGGAx-0,0.06773777912358268
TAAGAGACACGGATAGx-0,0.10426110653163484
TCATTTGAGTGTTTGCx-0,0.015127710350086632
TCAATCTTCCACTCCAx-0,0.020871610564717518
TATCTCACAAGTAATGx-0,0.06699354823084493
TCAGGTATCTTCTGGCx-0,0.004617273963516279
TCACAAGTCCTCTAGCx-0,0.02817703941235692
TCAGCTCCAATTCCTTx-0,0.008420447667342052
TCGGGACCACTACAGTx-0,0.07183284465414974
TATGCCCTCGGAAACGx-0,0.03731349955707955
TCAACGAGTGTTGAGGx-0,0.6672048709580277
TCACGAATCAATCTCTx-0,0.07489084775988247
TCGAGGCGTTAAAGACx-0,0.035403922718043566
TATCTCAGTATTAGCCx-0,0.010211999637401388
TCGCGTTGTCCGTGACx-0,0.5452697132076866
TCGTAGACAGTAACGGx-0,0.09132647069410019
TCGGTAAAGGCTAGACx-0,0.03566553782418516
TCGCGAGTCATGTAGCx-0,0.2438263186489188
TCAGGATTCATCATTCx-0,0.09085565942515962
TCGCGAGCACCTATCCx-0,0.033609725213582554
TCAATCTAGAGCAATTx-0,0.15312655823291083
TCGCGAGAGTTACGGGx-0,0.07758478093580769
TCGCGAGGTCTTTCATx-0,0.030225353664841487
TCAATCTCATCCGCGAx-0,0.038291847986689435
TCAGCTCCACATGGGAx-0,0.06515981426320559
TATCTCAGTCTAGCGCx-0,0.028646681857758906
TCAGCTCTCTTGTTTGx-0,0.009445081926515629
TCACAAGGTGACGGTAx-0,0.06380534646389592
TCGCGAGCACGAAGCAx-0,0.04295195926636161
TCAGCAATCTCTGCTGx-0,0.33020712483223386
TCACGAAGTTCAGGCCx-0,0.10417217089980214
TCGTACCGTAACGACGx-0,0.014511171632501952
TCAGCTCCATCATCCCx-0,0.36929482192233937
TATCTCACACTGTGTAx-0,0.10418174684874919
TATCTCAGTAAAGGAGx-0,0.09814153410432452
TATCTCACACCACGTGx-0,0.7774991753748897
TCAGCAATCACCGTAAx-0,0.06265338640669306
TATGCCCTCAGGATCTx-0,0.24812159456445432
TCAGGTAGTCTAAACCx-0,0.0164346605908829
TCGGTAATCGGTCTAAx-0,0.08592094868232744
TATGCCCTCTCTTATGx-0,0.001241168977326644
TATGCCCTCCATGAGTx-0,0.26699034617121714
TCAACGATCAGTGCATx-0,0.027982449016286545
TCAATCTTCTTAGAGCx-0,0.029317952090173613
TCACAAGCATACTACGx-0,0.008600058396821535
TCCCGATCACCGGAAAx-0,0.07982289794188109
TCGCGAGTCGCCCTTAx-0,0.11189322210218763
TCACGAACACAACGTTx-0,0.11963207836018594
TCAGCAAGTGTGGTTTx-0,0.07257215451625597
TCGTAGACATCCTTGCx-0,0.211099222844637
TATTACCCACTCAGGCx-0,0.09009574377574027
TCAACGAAGGCTACGAx-0,0.016487316291887336
TCGCGTTCATCACGATx-0,0.3900756306995714
TCGGTAAAGAGGTACCx-0,0.07578326649965368
TCAGATGTCTCTTATGx-0,0.3744004649749644
TCAGGTACAGTGGAGTx-0,0.2216898343890312
TCAGCAAAGCCCTAATx-0,0.4902653293448949
TCACGAAGTCAGAGGTx-0,0.03754520919309091
TCGTACCTCAAGAAGTx-0,0.7826339558349161
TCATTTGCAAGTACCTx-0,0.10656746128749792
TCGGTAAGTGACCAAGx-0,0.037795037820792514
TCACAAGAGTCCATACx-0,0.20265613635375365
TCACAAGTCTGCGTAAx-0,0.026484805356161267
TCAGCAAAGAAACCTAx-0,0.1115012191241992
TCCACACAGCGCTTATx-0,0.06425940897382647
TCAATCTTCCGTCAAAx-0,0.3808842006868748
TCGTACCAGGCTAGACx-0,0.49724754541764243
TCATTACCAACGCACCx-0,0.011931216060998168
TCATTTGTCCAGTAGTx-0,0.0549753846340401
TCACAAGCACCGCTAGx-0,0.0019928699316725832
TCAGGATGTACGAAATx-0,0.06999000082113405
TCCACACCACCACGTGx-0,0.6105635216218899
TCACAAGAGCCATCGCx-0,0.019706967011223483
TCAGCAAAGTCCCACGx-0,0.08821663105553437
TCAATCTCAAGTCTGTx-0,0.055584168244110076
TCAGCTCCAGTGGGATx-0,0.3597593335747763
TCGTAGAAGGCAATTAx-0,0.14921242863204823
TCGCGAGGTCATGCATx-0,0.1868694061503996
TCGGGACGTGATAAACx-0,0.05452639265789606
TCATTACGTATTCTCTx-0,0.08411041946704495
TCGCGAGCAAGCTGTTx-0,0.2559458870607686
TCATTACGTACCCAATx-0,0.020101197957355217
TATCTCATCACCCGAGx-0,0.00936711241807581
TCGTACCCATTCTTACx-0,0.0715350272553986
TCGGTAAAGTAGCCGAx-0,0.35096350007392296
TCACAAGCATGGTTGTx-0,0.016221637830334812
TATGCCCAGGGTTCCCx-0,0.16757566029396528
TCCCGATTCTAACGGTx-0,0.22976614124131742
TATGCCCCAATGGATAx-0,0.29281372087215735
TCAGATGAGAATGTTGx-0,0.10016645917466672
TCCCGATTCTGAAAGAx-0,0.07605749397727637
TCGAGGCCAAGGACTGx-0,0.08399130453134296
TCAACGACATGACGGAx-0,0.048507794222467114
TCAATCTAGGTGCTAGx-0,0.5009586027499947
TCGTACCCAATCAGAAx-0,0.0276729404358511
TCGCGTTAGTACGACGx-0,0.06535918611046133
TCATTACAGACCTTTGx-0,0.22523815971343697
TATTACCCATGCCTTCx-0,0.06819765271638183
TCAGATGCAAGCCTATx-0,0.14624193546225184
TGAGCATCAGGCAGTAx-0,0.03333920566576112
TGACGGCTCTCGGACGx-0,0.5437598278694379
TGAGCATAGACTTGAAx-0,0.018157059486870165
TGATTTCTCCTACAGAx-0,0.027256681467195863
TGAAAGAAGCCAGGATx-0,0.06836313765985669
TGAGCATCAATGAAACx-0,0.09902026357790421
TGATTTCCATTAGCCAx-0,0.06516090692757691
TCTTTCCAGCCACGTCx-0,0.03756184348800098
TGAGCATTCGTACCGGx-0,0.14464841920479957
TCTTTCCCAGGAATCGx-0,0.2793930130256553
TCTCTAAGTATAATGGx-0,0.04282748589091939
TCTCATACAACACGCCx-0,0.06901701639066421
TCTCTAAAGTGATCGGx-0,0.3174304710593169
TCTGGAAAGTCTCAACx-0,0.6552270043864986
TCTCATACATGAACCTx-0,0.021262469777852726
TGACTTTGTCTCTTTAx-0,0.16932706760153088
TGACTTTCATACCATGx-0,0.12353422988054172
TGACGGCAGACAAAGGx-0,0.01849657411470213
TGAAAGATCAGCGACCx-0,0.0634309773534622
TCGTAGATCGCCCTTAx-0,0.027653514054309148
TGAAAGACAATCCAACx-0,0.27540155488778917
TGAGAGGGTATGAAACx-0,0.023770474415854604
TCTGAGATCAGCTCGGx-0,0.03554927636703876
TCTTCGGTCGCCTGAGx-0,0.1080317392987227
TCTCATAAGACGACGTx-0,0.022578501487813655
TCTGAGAGTGGCGAATx-0,0.06525124403716236
TCTTTCCAGGCATGGTx-0,0.24537885869970255
TGACAACGTGACGCCTx-0,0.01568517424857754
TCTGGAACAGATCCATx-0,0.17689703418784927
TCTTCGGGTATTACCGx-0,0.6650132842366894
TCTTTCCCAAGCGAGTx-0,0.1730453490467821
TGACAACGTGCACCACx-0,0.018405566557671022
TCTTTCCCATTTCACTx-0,0.03315216197629348
TCTATTGTCATTGCGAx-0,0.7540271056706012
TGAGCATCACCTCGTTx-0,0.05684452491875812
TCGTAGAGTGTGTGCCx-0,0.04806854231704398
TGCACCTTCGGTTCGGx-0,0.07652726553850853
TCTGGAACACGACGAAx-0,0.3618780182057359
TCTTTCCTCTTACCGCx-0,0.3792516430161776
TGACTAGCATGAGCGAx-0,0.08834193936914753
TGAGGGATCAGGCAAGx-0,0.02687694431604848
TCTTTCCGTCTCCATCx-0,0.005198099436610968
TGAGAGGCATCCCATCx-0,0.05657557231991238
TGACGGCTCTCACATTx-0,0.020194523911052
TCTATTGCAATGGTCTx-0,0.03387636703186098
TGAGCATCAGGGATTGx-0,0.09185220813488015
TCTGAGATCAACGAAAx-0,0.030785501342964264
TGCACCTTCAGCGATTx-0,0.07186423362117576
TCTCTAAAGCTCTCGGx-0,0.08481982644355336
TGACTTTTCTCGAGTAx-0,0.01653754598550899
TGACGGCCATAACCTGx-0,0.33145753535448497
TCTCATAAGTCTCAACx-0,0.0051378833194831
TCTGGAAGTCCGTCAGx-0,0.31024481742296656
TCTTTCCCACATGACTx-0,0.344566086634265
TGACTAGTCTTATCTGx-0,0.029263421899428772
TGAGCCGGTGGTTTCAx-0,0.20820021085754348
TCTCTAAAGGACATTAx-0,0.0588617068006376
TGACTAGCATATGAGAx-0,0.15090342261463632
TCTTTCCGTAGAAAGGx-0,0.35332118308844024
TCTCTAAGTCTCCCTAx-0,0.03173089525319459
TGAGGGAAGAGTACCGx-0,0.056003992656939984
TGACAACGTCATCGGCx-0,0.04692379632940921
TGAGAGGTCATTCACTx-0,0.01999910456095668
TCTCTAACATCACCCTx-0,0.021389167584661195
TGAGAGGCAGCGTCCAx-0,0.5433369323202377
TCTGGAACACTAAGTCx-0,0.7533313903246087
TCGTAGAGTCCAGTATx-0,0.014324848968686531
TGAGAGGAGGGATGGGx-0,0.29287711218627843
TCTGAGATCAATCACGx-0,0.01878412706875718
TGACTTTAGTCATGCTx-0,0.450458753860409
TCGTAGATCCGCGGTAx-0,0.05139528883317432
TGATTTCCAAAGAATCx-0,0.06717030664904267
TGACTAGTCCAGGGCTx-0,0.13714529604420164
TCTCATAGTCTCGTTCx-0,0.010867786528670606
TGAGCATAGGCTATCTx-0,0.18236216979760997
TGAAAGATCTCCTATAx-0,0.645380750786001
TGAAAGAGTCTAGTGTx-0,0.018054684111701597
TGAGGGATCTACGAGTx-0,0.06004623635236302
TGACAACGTAAAGTCAx-0,0.11971501632504336
TGACTAGAGTGTACCTx-0,0.036630293708214016
TGACTTTGTCGTCTTCx-0,0.10802347448149316
TGATTTCTCCCAGGTGx-0,0.025615432489460094
TCTTCGGAGTCTTGCAx-0,0.018411330481198432
TCTTTCCAGCACCGCTx-0,0.10374656866060399
TGACGGCGTCACCCAGx-0,0.08343152378289775
TGACGGCGTTCCGGCAx-0,0.07190889177371221
TGCACCTGTCTTCAAGx-0,0.08050735262509133
TGCACCTAGTTGTCGTx-0,0.08761436861733253
TCTTCGGTCAGTCCCTx-0,0.0763531873071529
TGCACCTGTGCACCACx-0,0.25695934687756145
TCTCATAAGTGTACCTx-0,0.07801903754062092
TGACGGCCATTGGGCCx-0,0.08406731683341423
TGACTTTTCGTCGTTCx-0,0.1863199421192832
TGAGCATTCCTTGCCAx-0,0.015347342630174829
TGCCAAAAGGCCCGTTx-0,0.2978905766450099
TGCGGGTAGTGCAAGCx-0,0.45958916528785076
TGGGAAGCAAGCTGGAx-0,0.011464463523006905
TGTGGTATCATTTGGGx-0,0.08921229956306317
TGGCGCAGTGCAGGTAx-0,0.03630543039345542
TGTATTCCATAGTAAGx-0,0.05745087081418665
TGGACGCAGCCAGTTTx-0,0.01758638686460212
TGTCCCACAGATCCATx-0,0.09228550325502397
TGCTGCTAGATGTAACx-0,0.027592937933265616
TGTGTTTAGGTTACCTx-0,0.4771117499264687
TGGACGCCATCACCCTx-0,0.03438905431923809
TGGCGCAAGAATGTTGx-0,0.030432586353332867
TGCGGGTTCAGAGGTGx-0,0.08784370698219747
TGCGTGGTCACCATAGx-0,0.01707147043542018
TGCTGCTAGACTGTAAx-0,0.009077196443605018
TGTGTTTCAATGACCTx-0,0.1071707010141501
TGTATTCTCTTCCTTCx-0,0.174027680249577
TGGGCGTAGTGAACGCx-0,0.06501456633820778
TGGTTCCCATGGTCTAx-0,0.11919698783737723
TGCGGGTGTCGAACAGx-0,0.03150840988123894
TGGCCAGGTCAGGACAx-0,0.05708157116012324
TGGACGCGTCTAAAGAx-0,0.06646910143634042
TGCCAAAGTTATTCTCx-0,0.9674531880031115
TGGTTCCTCAGCGACCx-0,0.09216828183798188
TGGCGCACACATCCGGx-0,0.02928082878321678
TGCGCAGGTTTAGGAAx-0,0.15521207133134127
TGCCCATCAGCTCGACx-0,0.22830272616092692
TGTGGTAGTCATGCATx-0,0.03134213733797592
TGCCCATCAGCCAGAAx-0,0.11464833925966252
TGGGCGTAGAAGAAGCx-0,0.02832225202097791
TGGGAAGAGAGGGATAx-0,0.01701688383163523
TGGTTAGTCCCTTGTGx-0,0.02371478061143857
TGCGTGGCATCGATTGx-0,0.1065604041426998
TGTGGTAAGACTCGGAx-0,0.08053769497529424
TGCGGGTCACTAAGTCx-0,0.36847359598187934
TGCCAAATCGGCGGTTx-0,0.2677020395266742
TGTGGTAGTCGGCTCAx-0,0.368169506325159
TGGTTCCTCTGTTGAGx-0,0.08858050375647741
TGGGCGTGTAAATGTGx-0,0.06297062771237284
TGGTTCCCACAGCGTCx-0,0.0502883325056574
TGGTTCCTCGTCCGTTx-0,0.07962442449612689
TGCCAAATCCAGAAGGx-0,0.1842920660556845
TGGGCGTCAGCCAATTx-0,0.030283085491441285
TGGCCAGGTTACGCGCx-0,0.28348858655212456
TGCCCATAGGTCGGATx-0,0.11835846967256383
TGTCCCAAGATGAGAGx-0,0.07261002761991664
TGCCAAAGTGCAACGAx-0,0.008438239599071062
TGGGAAGCAGTCGATTx-0,0.007471680439796932
TGCCCATAGGGCTCTCx-0,0.028459873753786308
TGGGAAGTCATGGTCAx-0,0.029903356830159267
TGGTTAGTCGTTTATCx-0,0.028991868720298318
TGCCCTATCTGGTGTAx-0,0.5959311502300123
TGGTTAGCAAGCCGTCx-0,0.16358166743736446
TGGGAAGGTCACCTAAx-0,0.015653017018401827
TGTGTTTAGGCACATGx-0,0.3129001278959479
TGCGTGGCAAGTTAAGx-0,0.3008563785811685
TGTCCCAAGATACACAx-0,0.023587667846410098
TGGCCAGGTCTGCCAGx-0,0.1681832718637658
TGGTTAGCAAAGTGCGx-0,0.06554713647202808
TGGGAAGTCGATCCCTx-0,0.5478397280811927
TGGCTGGGTCCGTTAAx-0,0.11335133173895931
TGCGTGGGTTTAAGCCx-0,0.03877344150445501
TGCGTGGAGCGTGAGTx-0,0.6800481184292023
TGCGCAGCACAGGTTTx-0,0.02976061414818211
TGTCCCATCGTTTGCCx-0,0.046768824445249525
TGGGAAGAGAAGGACAx-0,0.004930028068060605
TGCTGCTCATGGGACAx-0,0.02583721376078732
TGGGCGTAGTGACATAx-0,0.04012146109370492
TGCTACCGTATGAAACx-0,0.029850082440215257
TGGCTGGAGTTAGCGGx-0,0.10012830862694028
TGGGCGTGTAAGGGCTx-0,0.4621427638231915
TGGACGCTCTTCAACTx-0,0.09870657272810693
TGGTTAGCATCGGTTAx-0,0.02686234950728847
TGCTGCTGTCGGCATCx-0,0.14195973778905674
TGCTGCTTCACATACGx-0,0.009312153359372436
TGCGTGGCACCAGGTCx-0,0.2796392870576741
TGGGCGTAGTCAAGGCx-0,0.011047761782280346
TGCCCATTCCGGCACAx-0,0.02681613659764994
TGGTTCCGTCGATTGTx-0,0.05450125020239203
TGGTTCCCATGAAGTAx-0,0.10177509480621558
TGCCAAAGTCTGCCAGx-0,0.13212017312330657
TGGCGCATCTTGCCGTx-0,0.029181852569509503
TGCGCAGGTAGAAGGAx-0,0.03042693047599372
TGCTACCGTACATCCAx-0,0.03550465589798083
TGCTGCTGTGTGGCTCx-0,0.019255032994327834
TGGGAAGAGATGTTAGx-0,0.04428232448923224
TGCTGCTAGATGTCGGx-0,0.1327977002750023
TGGCCAGGTTTGGCGCx-0,0.04032392333937112
TGCCCTACATATGCTGx-0,0.020431751801349315
TGTCCCATCGCTTAGAx-0,0.05982383295536788
TGGGAAGAGCGATATAx-0,0.10243764867369486
TGGACGCCATCTATGGx-0,0.01263758483271163
TGCTACCTCTAGAGTCx-0,0.08584992269546482
TGCTACCGTAGAGGAAx-0,0.03257565152208845
TGGCCAGCATCCTTGCx-0,0.028049750385052436
TGCTACCTCTAACTGGx-0,0.6293699999272299
TGGGCGTTCCACGTGGx-0,0.051180130720542824
TGTTCCGGTATGGTTCx-0,0.5310257728738959
TGTGTTTTCTCGATGAx-0,0.014128451814823386
TTCCCAGGTCGAACAGx-0,0.005865407263224056
TTAGGCATCTGCGTAAx-0,0.026555852430315406
TTCTTAGTCAGCGATTx-0,0.07811750046244448
TTGACTTCAGATAATGx-0,0.015053939774880445
TTCTTAGAGATCCCGCx-0,0.004030373968590119
TTAGTTCGTTTGGGCCx-0,0.3102083642042036
TTAGGCAGTAACGTTCx-0,0.09126024573493766
TTCGGTCTCCTTTCTCx-0,0.00828762628129343
TTGCGTCCAGTCACTAx-0,0.19736825454831983
TTGAACGAGAAAGTGGx-0,0.09427918227348799
TTCTCAACACATCCGGx-0,0.006332502561065321
TTGCGTCGTGGAAAGAx-0,0.08209756618167391
TTCCCAGGTACAGACGx-0,0.6460833968293878
TTGGAACAGACTTGAAx-0,0.12073664087653861
TTCTTAGAGACTAAGTx-0,0.021668932935659354
TTCGAAGTCTACGAGTx-0,0.046979388661748556
TTCGGTCCACCTCGGAx-0,0.10591929971419202
TTCTTAGGTTCAGGCCx-0,0.08193791241510136
TTAGGACCATATGGTCx-0,0.02834289176505624
TTCTACAGTGACGCCTx-0,0.025916254769912574
TTGCCGTTCGATAGAAx-0,0.011157025955045823
TTGCGTCTCCTCAACCx-0,0.009520635204887997
TTCTACAAGATCCGAGx-0,0.0854256006227917
TTAGGACTCTTGAGACx-0,0.0356927869062937
TTCTACATCATTCACTx-0,0.2377572264983118
TTCGGTCGTCTTCTCGx-0,0.02509304591537734
TTATGCTCAGGAATGCx-0,0.037068398191044266
TTAGTTCCAAGTTGTCx-0,0.044949537014814606
TTAGGCACATATGCTGx-0,0.06631525211873213
TTCTCCTGTAATCGTCx-0,0.3321652504776137
TTGACTTCATGGTTGTx-0,0.36888659301986
TTCTTAGAGTGTACTCx-0,0.02097566080074806
TTCGGTCTCAAAGTAGx-0,0.21788268091603483
TTCTCCTTCAAGATCCx-0,0.01912421026574695
TTCTCAAGTCCAGTATx-0,0.049417114994162015
TTGCCGTAGTTGCAGGx-0,0.13975895281864312
TTCGGTCGTGTTCTTTx-0,0.012213972619301884
TTGCCGTCAATAGCAAx-0,0.19099668727631466
TTATGCTGTGATGTGGx-0,0.01373705932953238
TTCTCCTGTAAACGCGx-0,0.018538564369014784
TTCGGTCTCTGCTGCTx-0,0.1583461633454883
TTGCGTCAGTGACATAx-0,0.03157132734287192
TTAGTTCCATACGCCGx-0,0.3579331005038051
TTCTCAATCTGCGTAAx-0,0.4251561035005436
TTCTACATCACGACTAx-0,0.052762488272616655
TTCTCAAGTCTCGTTCx-0,0.004989326125946559
TTGCCGTCACCACCAGx-0,0.007198297254033515
TTAGGACGTTCAGGCCx-0,0.011226233798766899
TTGCGTCCATACGCCGx-0,0.2047352126940894
TTCTCCTTCTTGTACTx-0,0.018138918777231245
TTGCCGTGTATCTGCAx-0,0.06889650088531461
TTCTTAGAGACAGGCTx-0,0.08466792161243519
TTCCCAGAGAGTGAGAx-0,0.03183188552809846
TTCTACACACATCTTTx-0,0.3350530058884577
TTAGGCATCTAAGCCAx-0,0.41339256113631806
TTGACTTGTGATAAACx-0,0.14576032537798103
TGTTCCGCAACTTGACx-0,0.02514132772837793
TTAACTCCACGGATAGx-0,0.04610946379092338
TTCTTAGTCCGCATAAx-0,0.08981592141622907
TTAACTCGTGCCTTGGx-0,0.13661100201102863
TTATGCTTCAGCCTAAx-0,0.10526480203745482
TGTGTTTCAGTGGGATx-0,0.03107836422544675
TTAGGACCACTTAAGCx-0,0.030279765951625435
TGTTCCGAGGAGCGAGx-0,0.12339354381191829
TTCTACATCACCTTATx-0,0.02469110764998629
TTCTCAAGTTCAGACTx-0,0.12502778129153766
TTGCCGTTCGTACCGGx-0,0.0370508279592956
TTCTCCTTCCCTAATTx-0,0.03839875580245218
TTGCGTCGTTCAACCAx-0,0.10854628095707039
TTGAACGGTAGATTAGx-0,0.049708513400022115
TTCTTAGGTCCGTTAAx-0,0.02960379154734246
TTCCCAGTCCGAACGCx-0,0.15565851363669755
TTCCCAGTCGTGGTCGx-0,0.033648239343405426
TTGCGTCAGAGGGCTTx-0,0.40480788750723007
TTCGGTCCATGACGGAx-0,0.15410513801624492
TTAGTTCAGAGCTGGTx-0,0.021232806686997268
TTCGAAGCACACCGCAx-0,0.13055845804057678
TTCGAAGTCACCGTAAx-0,0.059469079040189034
TGTGTTTGTTACTGACx-0,0.6644795875756103
TTAGGCAAGAGTAATCx-0,0.03257419303607649
TTAACTCTCTCGATGAx-0,0.06703443387498058
TTCCCAGAGGATTCGGx-0,0.44789138689914537
TTCTCAATCATACGGTx-0,0.009428927737735937
TGTTCCGCAACGATCTx-0,0.2392213420464884
TTAACTCCAAGCGAGTx-0,0.06079319829979069
TTGCGTCCACCTGGTGx-0,0.012935519493258675
TTAGTTCCATATACGCx-0,0.061072187326059464
TTGCCGTGTTCCCTTGx-0,0.11424733631695919
TTATGCTGTCGGCTCAx-0,0.07381739764849568
TTGAACGAGCCCAGCTx-0,0.3033993332441871
TTAGGCAGTAGAAAGGx-0,0.3017202102736981
TTCGGTCAGGTGCACAx-0,0.08624074699006008
TTCGGTCAGAGGTTATx-0,0.026228295967039836
TTGAACGTCCAGTATGx-0,0.027574944269036804
TTTGGTTGTCTCTCTGx-0,0.48316127526497493
TTGGCAATCGGTGTTAx-0,0.15303674825889876
TTTCCTCAGGGTATCGx-0,0.5561160975601422
TTTGGTTGTGTCAATCx-0,0.3521595677736368
TTGGAACTCTGGCGACx-0,0.03674460429951843
TTTGCGCAGATATACGx-0,0.06981625232495624
TTGGCAACAGCAGTTTx-0,0.023721799441588143
TTTGGTTCAAGAGGCTx-0,0.10733112720041987
TTTACTGTCTGCAAGTx-0,0.4249775376043841
TTTCCTCGTCTTCAAGx-0,0.008955770131711208
TTTCCTCGTGATAAACx-0,0.0710418548436468
TTTGTCACAGCCACCAx-0,0.044074452188654786
TTTGTCAGTACCAGTTx-0,0.024640490320395735
TTGTAGGCAATCTGCAx-0,0.08671157428240678
TTTACTGTCGGAAACGx-0,0.021037474108283744
TTTCCTCAGGACTGGTx-0,0.02391278070672574
TTGTAGGGTTAGATGAx-0,0.03884951665063621
TTTATGCAGCACCGCTx-0,0.07941853762325049
TTTATGCTCTGCTGTCx-0,0.013042558331743679
TTTGTCATCACAATGCx-0,0.057655891868411815
TTTGTCAGTTTGGCGCx-0,0.03622553906646261
TTTGGTTGTCCTAGCGx-0,0.012617336027991997
TTTCCTCAGGCATGTGx-0,0.03367578133335615
TTGTAGGTCGTGGTCGx-0,0.07306118683060797
TTGTAGGCAAGTTCTGx-0,0.01999295426241076
TTTGTCAAGGGTATCGx-0,0.22079225535808308
TTTGTCATCTGCTTGCx-0,0.023638652430356143
TTTCCTCTCTCGATGAx-0,0.028223958768128887
TTGGCAAAGTGTTTGCx-0,0.48871253427671985
TTTGGTTAGTACGTTCx-0,0.007354416035980314
TTGGAACCATGAAGTAx-0,0.14567197218257702
TTTGTCATCCCACTTGx-0,0.09541511505346813
TTTGTCACATAGAAACx-0,0.15234766308027073
TTTGCGCGTCCTAGCGx-0,0.17704953594634976
TTGTAGGGTTAGGGTGx-0,0.04470721136389289
TTGGAACAGAGTACATx-0,0.018615332830961583
TTTCCTCCAATGTTGCx-0,0.01638455978036185
TTTCCTCAGTAATCCCx-0,0.9618726022961918
TTTGTCACACGGCGTTx-0,0.06075098832285155
TTTATGCGTAAGCACGx-0,0.21115992958923469
TTGTAGGGTGGAAAGAx-0,0.4429210711792631
TTTACTGTCGTTACAGx-0,0.03934302158527108
AACTCCCTCATCACCCx-1,0.8001014247835301
AAACGGGAGCGTTCCGx-1,0.40624324092552094
AACACGTGTCTCCCTAx-1,0.9353211718284853
AAAGCAAGTGGTTTCAx-1,0.9567138578504086
AACTCCCAGTGTGAATx-1,0.7860953153818887
AACTCTTAGCCTATGTx-1,0.6334385668704097
AAAGCAACATATGCTGx-1,0.7919751757128062
AACACGTAGCCACGCTx-1,0.8826490672916196
AAACCTGGTTATTCTCx-1,0.9349485270666075
AAACGGGCATCCTTGCx-1,0.7056699696776888
AAAGTAGTCCTATGTTx-1,0.6054244229044236
AACCATGAGGGCTTCCx-1,0.9489120531769563
AAACCTGGTCTAGCCGx-1,0.7039681953237776
AACCATGTCATAAAGGx-1,0.9342278050094127
AACTCCCTCCCTAACCx-1,0.9349663539563703
AAAGTAGGTCATTAGCx-1,0.8131474382105405
AACCGCGAGAATGTTGx-1,0.6094447816774136
AACTCAGAGCGATAGCx-1,0.9434658944301488
AACCATGTCGGCATCGx-1,0.9425570303030691
AACTCTTAGATATGCAx-1,0.7768189667388224
AAATGCCCAAACGCGAx-1,0.7527730380795186
AAAGTAGTCCGTCATCx-1,0.965763714007907
AACGTTGGTCGCCATGx-1,0.744113841930073
AAAGTAGGTTCGTTGAx-1,0.815812510040475
AACCGCGCAAGTAATGx-1,0.7038757691894806
AAACGGGTCGCGATCGx-1,0.9192448733914753
AACACGTCAGCATACTx-1,0.7302047724172105
AACTCTTGTCCAAGTTx-1,0.8233071929470227
AACTCAGGTTAGTGGGx-1,0.9048613228369307
AAAGTAGGTCACTGGCx-1,0.6989015764524533
AACTCCCTCACTCCTGx-1,0.8924672972382421
AACCGCGCATGCTAGTx-1,0.8213537323415724
AAAGCAATCGAGAGCAx-1,0.9448806716633744
AACGTTGTCCGTTGCTx-1,0.9664184886691253
AACTCAGGTAAGCACGx-1,0.7125624673420722
AAACGGGCACCGAATTx-1,0.9450320766176619
AACTCCCGTTGTTTGGx-1,0.9007954416347285
AACGTTGCAAACCCATx-1,0.9531738833974167
AACTCCCAGCTTATCGx-1,0.9586227095738202
AAACGGGAGGATTCGGx-1,0.9533447976874692
AAAGCAACATGTCTCCx-1,0.7251755153434667
AAACCTGCAGTAACGGx-1,0.7034265335580099
AACTCCCCAAGTCATCx-1,0.745559602234281
AAAGCAAGTATGAATGx-1,0.9603083041298116
AACTCTTGTCTCCCTAx-1,0.9646352119127244
AAATGCCGTACCGCTGx-1,0.9439523977372267
AAAGTAGTCCTTCAATx-1,0.9478258570796755
AAACCTGAGAAGGGTAx-1,0.9487550690413139
AACCATGAGAATGTTGx-1,0.7851722324553487
AACCATGGTAGCGTAGx-1,0.7363314794190771
AAATGCCAGATGAGAGx-1,0.7677618705685071
AAAGCAATCAGGATCTx-1,0.9624015376459821
AACTCAGAGAAACCTAx-1,0.9568588093077042
AACACGTCAAGCGATGx-1,0.7081496198875558
AAAGTAGCACCGTTGGx-1,0.9567908486853969
AAAGCAAAGTATTGGAx-1,0.791925844988061
AAATGCCGTCATATCGx-1,0.9575785406857038
AAACGGGAGAGAGCTCx-1,0.7348209910066189
AAAGTAGCATGGATGGx-1,0.8769169614118556
AACGTTGCAAGCGCTCx-1,0.7746105819122053
AACCATGGTTCGGGCTx-1,0.8304166076287802
AACCGCGCACTCGACGx-1,0.755979494559329
AACACGTGTAAGTGGCx-1,0.8014358071147232
AAACGGGAGTGTACTCx-1,0.7230982195536129
AACTCAGCAGTATAAGx-1,0.943401279668123
AACTCTTTCCAGATCAx-1,0.86647826373161
AAACCTGAGCTACCTAx-1,0.9145822607863804
AACCGCGCACTTCGAAx-1,0.8972878680490024
AAACCTGTCCAACCAAx-1,0.6687051730389236
AACACGTCAAACTGCTx-1,0.9562700600691084
AACGTTGTCCGGCACAx-1,0.773305475440968
AAACCTGCAATAGCGGx-1,0.9663565423895393
AACGTTGAGCGATTCTx-1,0.520019087292569
AACGTTGAGGTAGCCAx-1,0.9623426154199342
AAACCTGCATCCGCGAx-1,0.9508936731259349
AAAGATGGTCGGATCCx-1,0.7631250075234511
AAATGCCAGACCACGAx-1,0.7553275325745525
AACCGCGAGGAGCGTTx-1,0.9454704887053897
AACTCTTGTGCCTGCAx-1,0.9523113996137571
AAACCTGGTCTCCACTx-1,0.9491544466228948
AAAGCAATCTACGAGTx-1,0.8357645471879774
AACGTTGTCTGTCCGTx-1,0.9431559525190565
AACTCAGAGAAGAAGCx-1,0.9394818553645659
AAACCTGGTGAGTGACx-1,0.9575950457912406
AACCATGAGATATGCAx-1,0.9520521244442564
AACTCCCTCCGCGCAAx-1,0.9297356267020266
AACTCCCGTTGACGTTx-1,0.9614704933351298
AAAGATGTCTCTGAGAx-1,0.7561103463375022
AACCGCGAGAAACGCCx-1,0.9420834235844466
AAACGGGAGTGCCAGAx-1,0.9419571993917442
AACCGCGGTAGCGCAAx-1,0.9599933927104124
AAAGATGAGCCAGGATx-1,0.767246335930658
AAACGGGTCCGTCATCx-1,0.941807770438985
AAAGTAGTCCTTGACCx-1,0.945702256485098
AAATGCCTCACAACGTx-1,0.9168517964179672
AAAGCAAAGATCCGAGx-1,0.4642012187735043
AACCGCGCAAAGGCGTx-1,0.7741216196278988
AACCGCGAGCTGTTCAx-1,0.9537781272847873
AATCCAGTCGTCGTTCx-1,0.6664553799227709
AAGCCGCAGCGTTGCCx-1,0.9505362656161117
ACAGCCGCAGATCTGTx-1,0.950076374861591
AACTGGTAGTACGCGAx-1,0.7053560705901429
ACACTGAGTTACCAGTx-1,0.9624411589497593
AACTCTTTCCCTAACCx-1,0.9602077501968279
ACACCAAGTACGAAATx-1,0.7850590145090754
AAGGAGCAGAAACCGCx-1,0.7255909272176766
ACAGCCGCACATGTGTx-1,0.9582705385752798
AAGGTTCCAATTGCTGx-1,0.8507338822718113
AACTTTCCACGGATAGx-1,0.8523082325662358
AAGTCTGAGACGCACAx-1,0.5862716633463179
ACACCGGGTACGCTGCx-1,0.9551286894239691
AAGCCGCAGTCATGCTx-1,0.8094739002389738
ACACCGGGTAAGGGCTx-1,0.767082028842987
ACACTGATCTTCGGTCx-1,0.96867604235523
AATCGGTTCGAGAACGx-1,0.9585116841094211
AAGGAGCGTACCCAATx-1,0.7853686002428651
ACACTGAAGTCCTCCTx-1,0.8558392940962343
AACTTTCTCCATTCTAx-1,0.9572848894559755
ACAGCCGCAAGTTGTCx-1,0.9542392377599874
AAGGAGCCACAGCCCAx-1,0.9532630875953328
AATCCAGTCTTAACCTx-1,0.9499557416346445
AATCGGTAGCACACAGx-1,0.961473395478792
AACTGGTTCCAGGGCTx-1,0.9527831891607467
AAGTCTGTCATTGCGAx-1,0.6654271347286018
AAGCCGCAGCGTAATAx-1,0.882711265302139
AATCCAGAGCCACGTCx-1,0.9562484965890286
ACACCCTAGCCCTAATx-1,0.9203827205029236
ACAGCCGCATTTCAGGx-1,0.8883541565907043
AACTGGTGTTTAGGAAx-1,0.946521291126068
ACACCAAGTTGGGACAx-1,0.9408532672901306
ACACCAAGTTCGGCACx-1,0.9520502015561496
AACTGGTTCGTCCAGGx-1,0.8587926130489525
AAGGTTCTCGTACGGCx-1,0.9348614055358397
AAGACCTGTCTCTCTGx-1,0.9397691478356007
AATCCAGAGATGTGGCx-1,0.9405303039461679
AAGGCAGAGGCCGAATx-1,0.7242568667121203
ACACCAAAGTACGTAAx-1,0.9469602464021829
AACTTTCAGTAGATGTx-1,0.7733922708673457
AAGTCTGAGAGACTTAx-1,0.807533882665654
AAGACCTGTTGGGACAx-1,0.7893515118532003
AATCCAGAGAGTACATx-1,0.9085998461878927
AACTGGTGTGGCTCCAx-1,0.721663778852864
AAGCCGCGTCATGCATx-1,0.8601321967135637
AAGGTTCCATGCCACGx-1,0.8881997852720243
AAGACCTAGGGAAACAx-1,0.9262412455176261
ACACCAAAGTGTCCCGx-1,0.771317884880973
AAGGCAGTCCGCATAAx-1,0.9486926814587514
AAGGCAGCATACAGCTx-1,0.9309446108670754
AACTTTCAGCGGATCAx-1,0.9595823813260355
ACACCAATCGTTTATCx-1,0.9328534483721359
AACTGGTTCATAACCGx-1,0.5795747437309322
ACACCAAGTCGAGTTTx-1,0.9519354453054577
ACACCCTGTCTTCGTCx-1,0.9128353002781897
AAGGAGCTCCGTCAAAx-1,0.7447278941401345
ACACCGGCACACATGTx-1,0.8400344587459414
ACAGCCGCAGATGGGTx-1,0.7970215360554376
ACACCAAAGATCGATAx-1,0.8867993023852101
ACACTGACAGGGTACAx-1,0.7368153898780199
AAGGAGCCACGTAAGGx-1,0.8189822591799676
AAGGCAGCACACGCTGx-1,0.9512359009182756
AATCGGTAGCCCAACCx-1,0.9524311507397817
ACACCCTTCGGAAACGx-1,0.8691525736921847
ACACTGACAAGAGGCTx-1,0.9241996377949274
AATCCAGTCCCAACGGx-1,0.9571829723764194
ACACCAAAGAGGGATAx-1,0.8979135114890711
AATCGGTAGCTAACTCx-1,0.9564580547133679
AATCGGTTCTGTCAAGx-1,0.9392592414089691
ACACCCTTCCCATTTAx-1,0.9519978139322501
AACTCTTTCTTCCTTCx-1,0.9192899555575688
ACACCGGCACCACCAGx-1,0.9544411173684473
AATCGGTGTCGTGGCTx-1,0.9709748812605
ACACCGGTCACTTACTx-1,0.9527411392609759
AATCGGTGTAGAGCTGx-1,0.93891091242347
AAGGCAGAGTACGACGx-1,0.6886339861707973
AAGTCTGTCCCAAGATx-1,0.8946996867122499
AATCGGTGTGAAGGCTx-1,0.892825194296111
AAGGCAGAGACTTTCGx-1,0.9225166646912258
AATCGGTGTACAGCAGx-1,0.7848598053685313
AATCCAGGTATCGCATx-1,0.6329846564133238
AACTGGTTCGCCGTGAx-1,0.952485929608216
AAGACCTCAAAGAATCx-1,0.8265719355049066
ACACTGATCTATCGCCx-1,0.9524563037514949
AACTTTCTCGCATGATx-1,0.9541328857835316
AAGGTTCAGCGTTCCGx-1,0.7725335720771193
AATCGGTAGAATGTGTx-1,0.9286032316724746
AAGACCTAGGTGCAACx-1,0.7814216522060959
ACACTGACAGCTGTTAx-1,0.7572132550249736
AAGCCGCAGTTCCACAx-1,0.9809032812039045
ACACCAATCGGAGCAAx-1,0.6037157008697986
AACTGGTAGGACACCAx-1,0.754102951526496
AAGACCTTCCAAATGCx-1,0.5967473217790145
ACACTGACAATAAGCAx-1,0.7569136229708083
AACTCTTTCGGAAATAx-1,0.9565030196165164
ACACCAAAGTGGTCCCx-1,0.9454537017725392
ACATGGTTCTCCAACCx-1,0.9054209214739404
ACAGCTAAGTGCGATGx-1,0.9455468834330859
ACAGCCGTCCTTTACAx-1,0.961179258135585
ACATACGTCTGTTTGTx-1,0.7637247772177276
ACATCAGTCTCACATTx-1,0.8764040018398112
ACGCAGCGTGAAGGCTx-1,0.790575020656608
ACCGTAACAGCATACTx-1,0.8098899862546725
ACCTTTACAAAGAATCx-1,0.9538818776976027
ACCTTTAAGGGAGTAAx-1,0.8856262363466891
ACGAGGAGTCACCCAGx-1,0.9522761854431939
ACATGGTTCGTACCGGx-1,0.9292217093335474
ACATACGCACAGAGGTx-1,0.7553593982421235
ACAGCCGGTGGTACAGx-1,0.7052075805916411
ACGAGCCAGAGTTGGCx-1,0.9530036501131303
ACATACGCAATAGCGGx-1,0.9354884951344339
ACATGGTCACTCAGGCx-1,0.7537920826012162
ACGATGTTCACTGGGCx-1,0.9634992222494254
ACATACGTCAGTCCCTx-1,0.8279058327946676
ACGCAGCCAACACGCCx-1,0.9291837426824583
ACGAGGAGTTTGGGCCx-1,0.7038558562791284
ACGATGTGTGATAAACx-1,0.8153934670518277
ACCGTAAAGGCTAGGTx-1,0.9055900172730972
ACATGGTAGCCAGAACx-1,0.7121336811628077
ACGATGTGTCTAAAGAx-1,0.6318820539289444
ACCGTAAGTTGGGACAx-1,0.9326394138657456
ACAGCTACAATAGCGGx-1,0.7658423733347945
ACGCCAGTCACGAAGGx-1,0.9456494800135677
ACATCAGGTTGAGTTCx-1,0.7671604267043938
ACATCAGTCGGCGCTAx-1,0.8007783863584108
ACATCAGGTAGTAGTAx-1,0.6889893121542706
ACGATACGTCCGAGTCx-1,0.9213051830836608
ACGATGTTCGGCGGTTx-1,0.7469556043480217
ACCGTAAGTCCCGACAx-1,0.7084943446166713
ACGATACTCCTCATTAx-1,0.9527453068179194
ACAGCCGGTGCACTTAx-1,0.7782249832867361
ACCGTAAGTGGCAAACx-1,0.7398728790124665
ACGCAGCCAAAGGTGCx-1,0.7549532568176588
ACGCCAGCACATAACCx-1,0.7624790738208418
ACGATACCAATAGCAAx-1,0.9264628765993448
ACGATGTCAACGCACCx-1,0.9389711231712923
ACGATGTTCCATGAACx-1,0.7740953528865735
ACGCCAGGTAGATTAGx-1,0.8429387174671001
ACATGGTGTAAAGGAGx-1,0.9587194480923733
ACGATACTCCTTAATCx-1,0.9461868895532903
ACAGCTAGTACCGTATx-1,0.8155766966441572
ACCAGTATCCGTCATCx-1,0.7764804749867207
ACGAGCCTCATTATCCx-1,0.7530062575653637
ACCGTAAGTCTAGAGGx-1,0.7377967644586818
ACCAGTACATCAGTCAx-1,0.9499856761717211
ACGCCAGGTTAAGACAx-1,0.9469538900044375
ACCCACTTCACTCCTGx-1,0.8928336916060525
ACGAGGACAGCCACCAx-1,0.7839567558228429
ACATCAGCAGAAGCACx-1,0.9058188831975041
ACCTTTATCTTGACGAx-1,0.9447300999340477
ACGATGTCATTACGACx-1,0.939415277447047
ACGATGTTCCGTTGCTx-1,0.8115826541688463
ACATCAGCAGTCACTAx-1,0.9185118314210999
ACCCACTCACAACGTTx-1,0.9644332069944842
ACGCAGCCACTTAACGx-1,0.7395663840925427
ACGCCAGCAAGTACCTx-1,0.933916383129661
ACCGTAAGTTCCACAAx-1,0.965530203938359
ACAGCTAAGTAATCCCx-1,0.9202912127372569
ACGAGCCCAGCGATCCx-1,0.8158508876264351
ACGATGTAGGCTCATTx-1,0.7898073950750867
ACAGCTACAAGTACCTx-1,0.7665229469096252
ACCGTAATCCTACAGAx-1,0.8131350236853583
ACATACGAGTCTCGGCx-1,0.7157107030933898
ACCCACTCACACAGAGx-1,0.9358712431752036
ACGAGGAAGGTCATCTx-1,0.6148135393304116
ACAGCCGGTGACGCCTx-1,0.7384110656318154
ACGAGCCTCTGCAAGTx-1,0.8711667588262431
ACGCAGCTCCTTAATCx-1,0.9538228340162275
ACATGGTTCTTGAGACx-1,0.8769877562150088
ACGCAGCGTAGCACGAx-1,0.9282061117593035
ACGAGCCCAGTATAAGx-1,0.9506010743823765
ACGATGTTCAGTGCATx-1,0.9251950639255717
ACATACGTCTCCTATAx-1,0.775189856911445
ACATGGTAGATGTTAGx-1,0.8503258243146201
ACGCCAGCACAGGAGTx-1,0.9232388338702795
ACCGTAAGTCGAGATGx-1,0.9538137913597757
ACAGCCGGTAGAAAGGx-1,0.7515528187089289
ACATGGTCACGAAAGCx-1,0.8924666726829742
ACGATGTCACCCTATCx-1,0.9266571192378736
ACGATGTAGCTAGTCTx-1,0.9521308814965788
ACATACGCATACTACGx-1,0.5286876511684075
ACCCACTGTCTTGCGGx-1,0.9626347963068507
ACGAGGAGTCAGAAGCx-1,0.9379191145325816
ACATGGTGTGATAAACx-1,0.7839272383125969
ACATCAGAGTTAACGAx-1,0.7659951592938937
ACGATGTTCCACGACGx-1,0.9502880352601416
ACATACGCAGCGTAAGx-1,0.9151128963781963
ACCAGTAAGTACATGAx-1,0.9441152556517229
ACAGCTACACAGTCGCx-1,0.9561764761163747
ACATCAGAGGCGATACx-1,0.9573047527200219
ACATGGTGTGTTTGTGx-1,0.9516636947919411
ACGAGGAAGTAGATGTx-1,0.9547330508153841
ACATCAGTCTTTACACx-1,0.9378711739708363
ACTGTCCTCACGAAGGx-1,0.9364081288509927
ACGGAGACAGGCGATAx-1,0.7122946292082489
ACGGGCTAGCACACAGx-1,0.9204816164368702
ACGGGCTTCTCCCTGAx-1,0.7861830099986212
ACGGGCTCAAGTAGTAx-1,0.9396812293349897
ACTGAACCAACACCCGx-1,0.7612040386305612
ACGGAGAAGCTAGCCCx-1,0.9491828658553063
ACGGAGATCACCCGAGx-1,0.8754983628665853
ACGGCCACAAAGTGCGx-1,0.7838756021806635
ACGGGTCTCTGGAGCCx-1,0.7968758923482755
ACGCCGAGTTTGGGCCx-1,0.7813367930734412
ACGGAGACACGGCTACx-1,0.9332537497734472
ACTGATGTCGTCTGAAx-1,0.9573669899701732
ACTGATGTCACGAAGGx-1,0.8011197523273283
ACTGAGTAGAAACCGCx-1,0.9562055320748427
ACGGGTCAGACTAAGTx-1,0.7810352304818625
ACTGAACTCATTATCCx-1,0.8546993893242395
ACTGAGTGTGTGACCCx-1,0.9310926160685045
ACGGGCTGTATATCCGx-1,0.9533542258497045
ACTGTCCTCCGCAGTGx-1,0.7376835326911477
ACTGTCCAGTTGTCGTx-1,0.8943783342227257
ACGTCAAGTTCAGGCCx-1,0.946840947255587
ACGGCCATCCCTTGTGx-1,0.8103101308261945
ACTGATGTCGTCCGTTx-1,0.9490608853270477
ACGGAGACACGCTTTCx-1,0.7406313975166677
ACTGATGAGTCCCACGx-1,0.9506391752884433
ACGGAGACACCCATGGx-1,0.9230972060204025
ACGGCCAAGGGCTTCCx-1,0.8151352498329498
ACTGAGTTCATCGATGx-1,0.7767843968514925
ACGGCCAGTTGGGACAx-1,0.9642731818110749
ACGGGCTAGATGGGTCx-1,0.8859029314385134
ACTGAGTAGCCGCCTAx-1,0.9428576395749783
ACTTACTCACGTGAGAx-1,0.9561796053763082
ACGCCGAGTTCAGCGCx-1,0.7271053426929431
ACGGAGATCCAAACTGx-1,0.9097613308627195
ACGGGCTAGACTGGGTx-1,0.9064834226922692
ACTATCTAGCTACCTAx-1,0.9681907058041116
ACTATCTGTATAATGGx-1,0.9332092456832247
ACTGTCCCAGGGTTAGx-1,0.790668928619725
ACGGCCATCCTCTAGCx-1,0.9521072624937156
ACTGTCCGTTGCGTTAx-1,0.6822897235705376
ACGGCCACAGCTGTTAx-1,0.9479492480620184
ACGGAGACATCGACGCx-1,0.9532238444813241
ACTGAACGTGTGAAATx-1,0.6703911734571358
ACGGAGATCCCTCAGTx-1,0.9535927357889806
ACTGAGTGTTATGTGCx-1,0.6940038941047045
ACTTACTGTAAAGTCAx-1,0.9439609266310206
ACGGAGACAGGATTGGx-1,0.915684550411989
ACGGCCAAGGGCATGTx-1,0.7849479857070583
ACTGATGCAGTACACTx-1,0.9421864456083853
ACTGATGAGGCCCGTTx-1,0.9562533740626088
ACGTCAATCGGCGCTAx-1,0.9534109486968394
ACGTCAAGTTATGCGTx-1,0.9498501723754884
ACTGCTCAGTGGTAATx-1,0.9624042048643667
ACTGCTCGTTTAGGAAx-1,0.8171725228526207
ACTATCTAGGTCGGATx-1,0.9609070315702286
ACTGTCCGTATCAGTCx-1,0.9544694696765107
ACGGGCTAGAAACGAGx-1,0.944415934811961
ACGGAGATCAGTTCGAx-1,0.877198074232673
ACTATCTTCAGTGCATx-1,0.8766479295215164
ACTGCTCGTTTCGCTCx-1,0.6801230669767989
ACTATCTTCGTTGACAx-1,0.9673788737628224
ACTGCTCCAAGCCTATx-1,0.9087175734470737
ACGGGTCGTCAAACTCx-1,0.7526879157312979
ACGGAGAAGTTAGCGGx-1,0.7394581592736468
ACTGTCCTCCTTGACCx-1,0.9461625537074424
ACGGCCAGTGCAGACAx-1,0.9188827428780009
ACTGTCCCACATGTGTx-1,0.9679611499034894
ACGTCAAAGTTAACGAx-1,0.9457405391019117
ACGGGTCAGTCCGTATx-1,0.9592854267478916
ACTGTCCTCATAGCACx-1,0.9531246980378066
ACGTCAAAGAAGGGTAx-1,0.9499216786913478
ACGGAGATCGGATGTTx-1,0.9415665085638212
ACGCCGAGTAAGTAGTx-1,0.835407943272941
ACGCCGAAGGGTTCCCx-1,0.7531584593368091
ACGCCGAGTCGTCTTCx-1,0.8358509290201591
ACTGAGTAGCGTGAGTx-1,0.9696391856712017
ACGGGTCTCTTACCGCx-1,0.9367825776453261
ACGCCGAAGCTCCTCTx-1,0.8002595497024079
ACTGTCCGTTGTGGCCx-1,0.8736243341058396
ACGGGCTCACGGCGTTx-1,0.9534269647030099
ACGGGTCAGGACGAAAx-1,0.7153456504391541
ACTGAGTGTCGACTGCx-1,0.9093638118261002
ACGGCCACATTGAGCTx-1,0.7592256371784594
ACGGAGAAGTGGTAGCx-1,0.7326243598684556
ACTGTCCAGCTGCGAAx-1,0.766825414816849
ACGGGTCAGAAGCCCAx-1,0.8023737538780676
ACTGAACTCGCATGGCx-1,0.9458292447273
ACGTCAAAGTACGCGAx-1,0.9722581286996231
ACGGGTCGTAAAGGAGx-1,0.9592477511528861
ACTATCTAGCGAGAAAx-1,0.8314200829992499
ACGGGCTAGTTACGGGx-1,0.8550955655052149
ACTGAGTTCCTATGTTx-1,0.8448170402181546
ACGGAGAAGAGCCCAAx-1,0.958616761789087
ACTGATGAGAGCTATAx-1,0.811557828490946
AGCCTAACATGGTCATx-1,0.7850419333614705
ACTTTCAAGTGGGATCx-1,0.8051019337067777
AGATCTGAGGGAAACAx-1,0.9521935146242871
AGAATAGCAAGCCTATx-1,0.825072255653202
AGAATAGAGTCTCAACx-1,0.7342818568339946
ACTTACTTCCTTTCGGx-1,0.9418183966460563
AGATTGCCATTTCAGGx-1,0.7905966366553931
AGCCTAACATACAGCTx-1,0.8968255026262466
AGCAGCCCACGGACAAx-1,0.9042866615640557
AGAGTGGTCGCACTCTx-1,0.9223182624814332
AGCCTAAAGTGTGGCAx-1,0.8340775095518203
ACTTTCACAAGTACCTx-1,0.7990679988668032
AGCATACGTAAAGTCAx-1,0.961218545003112
AGCAGCCAGCCCTAATx-1,0.8638248512974924
AGCAGCCTCGATAGAAx-1,0.8213883145962687
ACTTGTTCATCCGCGAx-1,0.8714631056595014
ACTTACTGTCTAACGTx-1,0.7971596851642692
AGAGCGAAGTTGCAGGx-1,0.7514554993340872
AGAGCTTCATTTGCTTx-1,0.7811970250234891
ACTTGTTCACAAGTAAx-1,0.8859873061238139
ACTTGTTTCCAAGTACx-1,0.931635619167179
AGACGTTAGTGTACCTx-1,0.7204482457352278
AGAGTGGCATGAACCTx-1,0.9544967800114871
AGAGCGATCGCCAGCAx-1,0.941694462063661
AGAATAGTCGTACGGCx-1,0.9556623282758091
AGATCTGAGTTACGGGx-1,0.9594648511756659
AGCAGCCAGAGATGAGx-1,0.857738250192303
AGAATAGAGGACATTAx-1,0.7664760422680404
AGCAGCCAGACTAGGCx-1,0.7969303010858386
AGATTGCAGCTAGGCAx-1,0.959856305568597
ACTTACTTCACGCATAx-1,0.786930716318103
AGCAGCCAGCAACGGTx-1,0.9013081337671416
AGCATACCACGAAACGx-1,0.8913896493340486
AGACGTTTCCCTTGTGx-1,0.8944864795622718
AGACGTTGTACTTCTTx-1,0.9376637286745343
AGAGCGACACGGCTACx-1,0.9480766969964616
AGATTGCAGTAGTGCGx-1,0.8918676155206924
AGCCTAACACGGTTTAx-1,0.9531730726689127
AGCATACAGAGCTGCAx-1,0.8081742357175495
AGATCTGGTGCAGGTAx-1,0.9636242646535512
AGCCTAACAGACTCGCx-1,0.900328033016309
AGAGCGACAGCTTAACx-1,0.9512020242866999
AGAGCGACATGTTGACx-1,0.952790991896638
AGATCTGAGGACAGAAx-1,0.7643274559054415
AGAATAGCACGGTAGAx-1,0.8204301768279101
AGAGTGGCACGAAATAx-1,0.9693105406036633
AGAGCTTAGGATGGTCx-1,0.9200261153787396
AGAATAGTCCGAATGTx-1,0.8095169951407134
AGAGCTTGTCCGTGACx-1,0.9117503695126739
AGCAGCCAGGCCCTTGx-1,0.8937931593687222
AGAATAGAGTACCGGAx-1,0.8918924476865098
AGATTGCCACTAAGTCx-1,0.9150337663536104
ACTTTCAAGTTAGGTAx-1,0.9574247318746509
AGAGCGAGTGCACCACx-1,0.7436513175900746
AGATTGCGTCCGTGACx-1,0.9507178906241814
AGAGTGGGTCAACTGTx-1,0.856661958723179
AGCAGCCCATGACGGAx-1,0.7168316208509989
AGCATACAGAAGGACAx-1,0.6948579822291012
AGAGTGGAGAATTGTGx-1,0.7536452728987891
AGATCTGTCGTCTGAAx-1,0.7813188179215023
AGCATACGTCAATGTCx-1,0.9628480470362051
AGAGTGGAGATAGCATx-1,0.7055881251854244
AGAGTGGTCGAGGTAGx-1,0.9497513034468255
AGCATACGTACCGGCTx-1,0.7725818930008477
ACTTGTTTCGGGAGTAx-1,0.7544976883561435
AGAGTGGGTGCATCTAx-1,0.7357000583237859
AGAATAGTCGCATGATx-1,0.9448390725790712
AGAGCGATCAATACCGx-1,0.9694143278240833
AGAGTGGGTGCAGACAx-1,0.951093682552444
AGACGTTCAGTATAAGx-1,0.9721487260817426
AGATCTGAGTGGCACAx-1,0.9405690359349752
AGCAGCCGTGTGGCTCx-1,0.7764014681239806
AGCATACGTTTACTCTx-1,0.9538439963282788
AGAGCGAGTTACAGAAx-1,0.9392535896148256
AGAATAGAGACTTTCGx-1,0.9301699777848933
ACTTTCAGTGCAGACAx-1,0.9080848207380928
AGAGTGGGTAAGTTCCx-1,0.6966485858863521
ACTTGTTCACCGTTGGx-1,0.8170368924950991
AGATCTGGTTATCCGAx-1,0.9513095908706264
AGAGCTTTCAAACGGGx-1,0.9371318413625973
AGAATAGCATAGACTCx-1,0.8816988032566293
AGAGCTTCACGACTCGx-1,0.7858366950496072
AGATTGCAGTATCTCGx-1,0.7492992191823531
AGAGCTTTCATATCGGx-1,0.9669567359100576
AGAATAGGTGGGTCAAx-1,0.9582234048752559
AGATCTGCACGTAAGGx-1,0.6619941063790155
AGATTGCCAACTTGACx-1,0.8592744826734932
AGAATAGAGGCCCTTGx-1,0.7580040549895061
AGATTGCAGAGGTACCx-1,0.8046751514589271
ACTTGTTCATCCCATCx-1,0.9537173807035864
ACTTGTTGTCTAGCCGx-1,0.9556980464973058
AGATTGCAGGCAGGTTx-1,0.7676109166136734
AGATCTGTCTTTACGTx-1,0.7311323441547972
AGCCTAAAGTGCCAGAx-1,0.8416923291097527
AGCCTAATCTCGAGTAx-1,0.9598586935519554
AGCGTCGGTCGGATCCx-1,0.7837024614262939
AGCTTGAGTGCATCTAx-1,0.9683391994622085
AGGCCGTTCGGCGGTTx-1,0.9507154048064104
AGTAGTCAGTACGCCCx-1,0.9226628073594003
AGCCTAATCTAACTCTx-1,0.9310274357756414
AGTAGTCCACCTGGTGx-1,0.6907850250721841
AGCTTGAAGCCGATTTx-1,0.9514295713670593
AGCGGTCGTACCGAGAx-1,0.9547525258264928
AGGTCATCAAGTCTGTx-1,0.8032556925817176
AGCTCCTCACTTAACGx-1,0.8208202691891768
AGCTCCTAGAAGATTCx-1,0.955839376399047
AGCTTGACACCGGAAAx-1,0.8143277528633226
AGCTCTCTCAGCTGGCx-1,0.6450620091065262
AGGGATGGTCCGAATTx-1,0.8975658925934984
AGGGTGAGTCGGGTCTx-1,0.9528572928217052
AGGCCACCATCACGTAx-1,0.9468013424676766
AGGTCATCACGGACAAx-1,0.7154816851413105
AGGCCGTAGTAGGCCAx-1,0.7570376769223217
AGGGATGGTCGACTATx-1,0.9385847300226379
AGTAGTCAGATCCGAGx-1,0.9496666507898444
AGGGTGACACCACGTGx-1,0.8623503978100024
AGCGTATCATGGTCATx-1,0.7745171093465145
AGGCCGTTCGTATCAGx-1,0.7450999357655906
AGCGTCGCAAGAGTCGx-1,0.7716045680198159
AGGTCCGCAGCTTAACx-1,0.8801436332429484
AGGGATGTCTCACATTx-1,0.9585875674802566
AGGCCACTCCACGACGx-1,0.9418029098397869
AGGTCATAGAGACTATx-1,0.9595109324080141
AGCTTGACAAAGAATCx-1,0.9446393106196568
AGGCCACGTGTTAAGAx-1,0.6988995023946523
AGCGTCGGTCTCCATCx-1,0.9207862554341333
AGGGATGAGTAGCGGTx-1,0.9306487790604353
AGGTCATGTAACGCGAx-1,0.7369095452046301
AGCTCCTTCAACACACx-1,0.8678359046833893
AGCTTGAAGAGGTACCx-1,0.8524760695832473
AGGGTGAGTGCACGAAx-1,0.9537741363828225
AGGCCACGTCTCACCTx-1,0.9472764510598588
AGCTCTCAGCTGATAAx-1,0.9481505872677829
AGGTCATGTCCATGATx-1,0.7703198364317659
AGGGAGTGTCACTGGCx-1,0.9467744092787179
AGGCCACAGCCTTGATx-1,0.9189445653717101
AGCGTCGAGATATACGx-1,0.9332466079865858
AGCTCTCGTCTTTCATx-1,0.9564464214987851
AGGGTGACATCACCCTx-1,0.7630511903799309
AGCTTGAAGGCGATACx-1,0.9556334471317798
AGCGTATGTCAGAGGTx-1,0.9333088383336988
AGGTCATCAGCCAGAAx-1,0.7823203255635609
AGCGTCGTCAGTTCGAx-1,0.9518039649279655
AGGTCATTCTAACTTCx-1,0.9544054762006584
AGCGTCGCAAATACAGx-1,0.7209164834710865
AGGGAGTAGAGAACAGx-1,0.8640363571481153
AGGGATGCAGAAGCACx-1,0.8425479809553458
AGCGGTCTCTGCTTGCx-1,0.9479594413310012
AGCTCTCTCGGAGGTAx-1,0.7696991414095173
AGCGTATTCGATCCCTx-1,0.8885262400787314
AGCTCCTAGTCATCCAx-1,0.9606878471426342
AGGGATGAGACGCAACx-1,0.7468836809317461
AGCCTAATCTACCAGAx-1,0.9525860630874601
AGCGTATTCCCAACGGx-1,0.9814563138667194
AGCGGTCCATGACATCx-1,0.6845285781304955
AGCTTGACACACAGAGx-1,0.9717803219559041
AGGCCACTCACCCGAGx-1,0.750970026387731
AGGGATGCAGTACACTx-1,0.9610051541419581
AGGTCATAGAAGGTGAx-1,0.9511742877688606
AGGTCATCATGCCTAAx-1,0.9450737709789652
AGTAGTCCACCACGTGx-1,0.9636391749433537
AGCCTAATCAGGCAAGx-1,0.961756261037717
AGGGAGTGTCGTGGCTx-1,0.9697342732040216
AGCTCTCAGACATAACx-1,0.7562120621547425
AGGCCACAGCTAAACAx-1,0.7883165984529088
AGGCCACCATGAACCTx-1,0.9524403558196071
AGGCCACGTCGAGATGx-1,0.723127988045093
AGGTCATAGGGTGTTGx-1,0.7399920593300074
AGCGTATCACTGTGTAx-1,0.9487595770736593
AGCGGTCAGAATTGTGx-1,0.9469309918963348
AGGGATGGTCCAGTTAx-1,0.9152119079710559
AGGGTGAGTCACTTCCx-1,0.9517768562968112
AGGTCCGAGCGGCTTCx-1,0.7865026017976033
AGGGAGTAGTCCCACGx-1,0.9556662862400908
AGCTCTCGTCCAAGTTx-1,0.7531893576962876
AGGTCCGTCCGCGGTAx-1,0.966339619037484
AGGCCACGTGAAAGAGx-1,0.7855199618142582
AGGGTGATCCGCAGTGx-1,0.942418998110673
AGGTCATGTCACTGGCx-1,0.6503558195984829
AGGGTGACATTAACCGx-1,0.781711923304163
AGCTCCTGTTGTTTGGx-1,0.7932686487531094
AGCGTCGGTAGCTTGTx-1,0.8957302875103946
AGCTTGAGTTGTACACx-1,0.945052317580674
AGGGTGATCTGTTTGTx-1,0.7422149457439569
AGGGAGTTCATCTGTTx-1,0.9450627643692391
AGCTTGAAGAATAGGGx-1,0.7745424423480953
AGCGGTCCACGAAACGx-1,0.8690992125720641
AGCTCCTCAGGGCATAx-1,0.9551794136752385
AGGGAGTGTAAGTAGTx-1,0.7923032991475679
ATCATCTCATCCGGGTx-1,0.9545276642831567
ATCATGGAGTTGTCGTx-1,0.9365544604404503
AGTGGGAAGGGTGTGTx-1,0.7151274661775895
AGTGTCACACGCCAGTx-1,0.6562354555614872
ATAGACCCACTTCTGCx-1,0.7521930471833704
AGTTGGTGTGGTCTCGx-1,0.7399494625828149
ATAGACCGTCAATGTCx-1,0.7223763509373025
AGTCTTTGTTCGCGACx-1,0.8050727291531238
AGTGAGGAGGAACTGCx-1,0.9444190269317723
AGTCTTTTCGTCCGTTx-1,0.7732522928116459
AGTCTTTCAACGCACCx-1,0.7815928961646345
ATAAGAGAGTAATCCCx-1,0.876462997463332
AGTCTTTAGGCTCAGAx-1,0.6807658208555901
AGTAGTCGTCAATGTCx-1,0.9271830127085737
AGTCTTTTCAATCACGx-1,0.9367686692626962
AGTTGGTTCGTGGGAAx-1,0.7998268847241117
ATCACGATCGAACGGAx-1,0.9816531381178712
AGTGTCAAGCTGGAACx-1,0.7724072260511002
AGTGTCACAGTTCATGx-1,0.8233234749788096
AGTTGGTCAATCGAAAx-1,0.8819647167598906
ATAACGCCATGCAATCx-1,0.6336866778291155
ATCATCTGTCATCGGCx-1,0.7578949226853074
AGTAGTCTCACAAACCx-1,0.8772255041320857
AGTGAGGGTGTTGAGGx-1,0.7894884976195149
ATCACGAGTATGGTTCx-1,0.7661567299501802
AGTAGTCGTATGGTTCx-1,0.9168567071061513
ATCATGGAGGCGCTCTx-1,0.9402361778097159
AGTGTCATCATGCAACx-1,0.8059851796804763
ATAGACCAGGATGGAAx-1,0.885474734868578
AGTCTTTGTGGTGTAGx-1,0.9515712088459554
AGTAGTCTCATGCTCCx-1,0.8587355283664878
AGTTGGTAGTGTACTCx-1,0.9385972865750223
AGTTGGTGTGTTCTTTx-1,0.8878038832632137
AGTGTCAGTGTGCGTCx-1,0.7398272513473338
AGTGTCAAGCTAAACAx-1,0.7663035131369683
ATCATCTGTTCCGGCAx-1,0.9331118879676351
AGTGGGAAGCTGCGAAx-1,0.7972269131382914
AGTCTTTGTGCACCACx-1,0.696907406554325
AGTTGGTAGGTAGCCAx-1,0.7572233658030048
AGTGAGGAGAAACCTAx-1,0.9504999626219637
ATAACGCCATATACGCx-1,0.7335337986876203
ATAGACCGTGCACGAAx-1,0.8664613836176297
ATAGACCAGACTAAGTx-1,0.6001583746918997
AGTGAGGCAAGGCTCCx-1,0.9562502497152159
AGTAGTCGTTTGACTGx-1,0.7266641439212523
AGTGAGGCAAAGTCAAx-1,0.9522988581394413
AGTGTCACACCAGCACx-1,0.7624769787057222
AGTGAGGTCAGCGATTx-1,0.8869413564656091
AGTTGGTCATCCCACTx-1,0.8013545728053761
ATAACGCGTCTTCGTCx-1,0.9527879634255744
AGTGGGAGTTAAGGGCx-1,0.7323729464857031
ATAACGCCACAGCGTCx-1,0.8174789028949796
ATCACGAAGCATGGCAx-1,0.9610055056196248
AGTGGGAAGATCCCATx-1,0.6380261522512461
ATAGACCAGTGGCACAx-1,0.6435874171648975
ATAGACCGTACTCAACx-1,0.9160723444667808
AGTCTTTAGACCTTTGx-1,0.8864957509799543
AGTTGGTAGTCCATACx-1,0.9484808760455583
ATAGACCCATGCTAGTx-1,0.9539228744832053
ATCACGAGTTCTGAACx-1,0.7070190369611938
ATCATCTTCGTTGACAx-1,0.9531772524188367
AGTGTCACAGCCAGAAx-1,0.7241940219891005
AGTGAGGTCTACTATCx-1,0.8021552101185576
AGTGTCAGTGGTCCGTx-1,0.9550288632791706
AGTGTCATCGGCCGATx-1,0.9425822434807045
AGTGGGAGTGAGTGACx-1,0.9444725267319481
ATAACGCCATTAGCCAx-1,0.9499506365378964
AGTAGTCTCTCGTTTAx-1,0.7567517308396826
ATAACGCTCTTTAGTCx-1,0.9123369662748397
ATAAGAGAGGCAGGTTx-1,0.9661224402519021
AGTGTCACACGGCCATx-1,0.7243488660884548
AGTGTCATCTAGCACAx-1,0.7394260537114011
AGTAGTCGTGACCAAGx-1,0.7926089104751575
ATAGACCAGCTACCTAx-1,0.8981113219305017
ATCATCTAGGCGTACAx-1,0.7773577406045414
AGTTGGTAGGAGTTGCx-1,0.9414734217200224
AGTGAGGGTGTGACGAx-1,0.8783611041108249
AGTCTTTGTCGCTTTCx-1,0.7642837342816886
AGTTGGTTCACCATAGx-1,0.8152646993642433
ATAACGCAGCACCGTCx-1,0.9666778463741756
ATAGACCCAAACAACAx-1,0.6684562896361038
AGTGTCAGTAAATACGx-1,0.7569436407978586
ATAGACCAGCTGTCTAx-1,0.9639730563564243
AGTGAGGCAATGGATAx-1,0.9431919232129488
AGTGGGACACGGTTTAx-1,0.770323088465038
AGTGAGGGTTTGACTGx-1,0.8273201718141134
ATAAGAGCACCATCCTx-1,0.9506521372748644
AGTCTTTTCTCTGAGAx-1,0.9463954849253763
AGTGAGGCAATGGAATx-1,0.758199258768292
AGTGGGAGTTCACGGCx-1,0.9453060815207036
ATCACGAAGGACAGAAx-1,0.7024369067953472
ATAAGAGCATATGAGAx-1,0.8049287731322443
AGTGGGACAGTCTTCCx-1,0.804026533871485
AGTGAGGCACCATCCTx-1,0.9204656340677808
ATCACGAGTCCCTACTx-1,0.7683169041335839
ATAAGAGGTGACTACTx-1,0.9517216943663347
ATAAGAGGTAGCCTCGx-1,0.9142722395481427
ATTACTCCAAGTTGTCx-1,0.899702229865285
ATTATCCTCAGCAACTx-1,0.7834965992929749
ATTACTCGTCGGCTCAx-1,0.8628373816547115
ATCGAGTAGAGTACCGx-1,0.7581985405864029
ATCTGCCCAAGTCTGTx-1,0.9003231886813458
ATGTGTGGTAGCGTCCx-1,0.7413752088211017
ATTACTCGTGTTGAGGx-1,0.7709358605186305
ATGAGGGTCACGATGTx-1,0.8325325633746851
ATCATGGTCTGCTGCTx-1,0.9443966231004312
ATCTACTTCCTCATTAx-1,0.5094253177809019
ATTATCCAGCGTGTCCx-1,0.9547257143432374
ATCCGAATCTCCTATAx-1,0.7221321985919819
ATCTGCCGTTAAGACAx-1,0.9510771024942476
ATTATCCGTCCATCCTx-1,0.9533227899166894
ATCTACTAGATCACGGx-1,0.9476632880351747
ATGAGGGCAGCTTAACx-1,0.9372408239375993
ATGCGATTCAAGAAGTx-1,0.953641251085124
ATCGAGTGTCCGTCAGx-1,0.9382438873038527
ATCTGCCTCTATCCCGx-1,0.7558813555697734
ATCTACTCACGGCTACx-1,0.7514914953437316
ATCTGCCTCAGCTTAGx-1,0.9469527971687987
ATGTGTGAGCCAGGATx-1,0.9436449015544867
ATGAGGGCAGCATACTx-1,0.7726816258690163
ATGCGATCATGGTTGTx-1,0.9581687327751356
ATCATGGTCGCAAGCCx-1,0.7433055221227495
ATCTGCCCATCCCATCx-1,0.8014034078969413
ATCCGAAGTCAAACTCx-1,0.9523018292103708
ATCGAGTGTAGCGTAGx-1,0.9504981626637227
ATCTGCCCAACACGCCx-1,0.9434856157523314
ATCTGCCAGAAGGTTTx-1,0.6172605493544036
ATGCGATTCACGCGGTx-1,0.9538767697490055
ATCCGAACAGCTCGCAx-1,0.7946376937491154
ATCGAGTGTACGAAATx-1,0.9505526287266959
ATGTGTGGTGCTCTTCx-1,0.7538770618514297
ATCTGCCCAAGTACCTx-1,0.8032440792443435
ATGCGATCATCTCCCAx-1,0.7854158762219926
ATCGAGTGTCTCATCCx-1,0.9369505864372033
ATTATCCAGTGTCCCGx-1,0.8408263113262431
ATTATCCTCTTGCCGTx-1,0.7752932369121955
ATTATCCAGTGCCAGAx-1,0.874838793278843
ATGTGTGTCGGTTAACx-1,0.8444067385621865
ATGCGATCACACGCTGx-1,0.9404707566337704
ATCGAGTGTAAGAGAGx-1,0.7991545488603748
ATGCGATAGGACATTAx-1,0.6900599969884941
ATTATCCCAAACCTACx-1,0.9512175184403109
ATCTACTTCTTGAGACx-1,0.902758517895744
ATCCGAACAATGGAGCx-1,0.9441321087616664
ATCTACTAGGAGTAGAx-1,0.9598704629590759
ATCCGAATCGTGGACCx-1,0.8584811461757821
ATGCGATTCTTTAGTCx-1,0.7617280807880131
ATCTGCCGTGATGATAx-1,0.42053563108963615
ATCCACCCAAACGCGAx-1,0.9170104247435202
ATCTACTTCATCACCCx-1,0.950733472992731
ATTATCCGTCTAGTCAx-1,0.9533781576927683
ATCCACCCACAGCGTCx-1,0.9465851398127335
ATGCGATCATGACATCx-1,0.9479299579395248
ATGGGAGCACAGTCGCx-1,0.9522940104346582
ATCCACCTCCTAGTGAx-1,0.7333688845549067
ATTATCCCACGGCGTTx-1,0.5973697916654994
ATGGGAGTCCAGGGCTx-1,0.8995033804658752
ATGGGAGCAGGACCCTx-1,0.9317680755610502
ATGCGATAGACGCTTTx-1,0.9579119133095491
ATGAGGGCACATTTCTx-1,0.7268975307510848
ATCCGAATCATTGCCCx-1,0.9189637141480862
ATCATGGCAATACGCTx-1,0.9403726699711116
ATTATCCAGGTGTTAAx-1,0.925722648119882
ATTATCCGTTTCCACCx-1,0.7839645668464145
ATGAGGGGTAAATGACx-1,0.9517594986393625
ATGCGATAGCATGGCAx-1,0.6519753101961869
ATCTACTTCAGCTCTCx-1,0.9536306512503945
ATGAGGGAGAGACTATx-1,0.6236081188218778
ATGCGATGTGTTAAGAx-1,0.7270876150695668
ATCTGCCAGAAACCATx-1,0.9640787950010312
ATCATGGTCGTCCGTTx-1,0.8023713485441165
ATCCACCCATCCAACAx-1,0.9619745002634987
ATCTACTAGGCCCGTTx-1,0.9553637407982952
ATGAGGGCAGCCAATTx-1,0.9561711333220306
ATCGAGTCATTTGCCCx-1,0.8177739306530843
ATGGGAGAGTGTACTCx-1,0.8106503965679717
ATCTGCCCATGGTCATx-1,0.9471980540671829
ATGCGATCAAGGGTCAx-1,0.808379686454821
ATCCGAAGTCCGCTGAx-1,0.6451480294350734
ATGAGGGAGCACCGTCx-1,0.9633963937303404
ATCCACCAGAACAATCx-1,0.9286767860267426
ATGTGTGGTCTTGTCCx-1,0.9642968442808555
ATCTACTTCCTGTAGAx-1,0.9554887301533537
ATTATCCCATGCCTAAx-1,0.9521662733850312
ATGAGGGTCCTTGGTCx-1,0.7683515076148133
ATCTGCCGTACATCCAx-1,0.8129222912722167
ATGTGTGAGGTGTTAAx-1,0.8094164657565016
ATGCGATCATGCTGGCx-1,0.9227931243409336
ATGAGGGAGACTCGGAx-1,0.79817818605523
ATTACTCGTAAGGGCTx-1,0.7677999090962724
ATTATCCCAAGCTGGAx-1,0.7715357546313917
ATCGAGTCAGTCGATTx-1,0.6970051542937422
ATTGGACTCCTGTACCx-1,0.7563780634996385
ATTGGTGAGATGCCAGx-1,0.9458851208874414
ATTGGTGAGTGAACGCx-1,0.709850338449598
CAACCTCTCGCGTAGCx-1,0.7141264470957815
ATTGGTGGTCCAGTATx-1,0.9534662422754051
CACAAACAGCTAGTCTx-1,0.8660536625441481
ATTCTACCAAGGGTCAx-1,0.9686706452619172
ATTCTACAGTCCATACx-1,0.7856034640196797
CAAGTTGCAGAGTGTGx-1,0.7932970340439072
CAAGGCCGTGATGTGGx-1,0.9710983930565021
ATTGGACCAGGTGCCTx-1,0.7544476335864372
CACAAACAGAGCTGCAx-1,0.939313886468497
ATTGGACTCGCCCTTAx-1,0.7584242771998237
CAACCTCTCAAGAAGTx-1,0.7675266014053596
CAAGATCAGCCTCGTGx-1,0.7335702221470062
CAAGGCCCACATCTTTx-1,0.7673369303328282
ATTTCTGTCGGCTACGx-1,0.8329969969640063
CAAGTTGAGGGCTTCCx-1,0.8646478983507748
CAACCTCAGCTAAACAx-1,0.675436764975721
CAAGTTGAGAGCTGCAx-1,0.9507478242253908
CAAGAAAGTAGAAGGAx-1,0.953208888723122
ATTGGTGAGTCTCCTCx-1,0.8015848169332571
ATTGGACGTGAAGGCTx-1,0.9579498877482405
CAACCAAGTAGAAAGGx-1,0.6933906105498956
CAAGGCCCAGCCAGAAx-1,0.8829467511730027
CAAGTTGTCTTACCGCx-1,0.938866649341542
CAACTAGAGATATGCAx-1,0.9411064498301344
CAAGATCTCTGATACGx-1,0.8402111153040681
CACAAACAGCCCAGCTx-1,0.9478577325669154
CACAAACAGGACACCAx-1,0.7977552554559761
ATTGGACCAGCATGAGx-1,0.9608375207412481
CAAGATCAGGACCACAx-1,0.8708210323390135
CAAGAAACACGCATCGx-1,0.929391416694775
ATTGGTGCAAACTGTCx-1,0.740134711375366
CAACTAGAGTCCGTATx-1,0.9719160906991192
ATTGGTGAGCAGACTGx-1,0.9611190485347508
CACAAACGTCTAAAGAx-1,0.9523173748398029
ATTTCTGAGTGGACGTx-1,0.9379320061171534
ATTGGTGCATGGAATAx-1,0.9339769977569177
CACAAACCACATGACTx-1,0.8763363570717605
CAAGAAATCTTAGCCCx-1,0.9795373991378987
ATTTCTGGTTGCTCCTx-1,0.9470642615327873
ATTCTACGTACAGTGGx-1,0.8849602587489087
ATTTCTGCAAATTGCCx-1,0.9673532438396857
CAAGTTGCATCTGGTAx-1,0.9220949588746662
ATTCTACAGAGCTGCAx-1,0.9537886781274882
CAAGTTGTCCACTCCAx-1,0.7443526988824808
ATTGGTGGTAATCGTCx-1,0.9517470247528765
CAACTAGCATACTCTTx-1,0.8110308714580903
ATTTCTGAGAGTAATCx-1,0.37425119045049277
CAACTAGCATGTTCCCx-1,0.8097977521243331
CAAGGCCCAGAGCCAAx-1,0.8888049357860598
CAAGTTGAGATCCCGCx-1,0.7706420759166154
CAAGGCCTCCAGTAGTx-1,0.8526276009056718
CAAGATCCAAGCGAGTx-1,0.6022963417270674
CAACCTCTCATGGTCAx-1,0.8382563153617136
CACAAACAGTTTAGGAx-1,0.8894539619786895
CAAGGCCGTCTGGTCGx-1,0.7817376711603092
CAACTAGCAGGTGCCTx-1,0.953387234347664
CAAGATCGTCATATGCx-1,0.7248970418314769
CAAGAAAAGTAGGTGCx-1,0.8787747050668538
ATTGGTGGTTCACGGCx-1,0.9663249230199137
CAACTAGAGGCTCATTx-1,0.955014613106911
CAACCTCAGTGTACTCx-1,0.7579545103682966
ATTGGACAGTCGTACTx-1,0.9441394483397622
CAAGGCCGTAGGACACx-1,0.9160864577617785
CAACCTCTCGGAGCAAx-1,0.7521448533835994
CAAGGCCAGCCAGTTTx-1,0.9387766526215571
ATTCTACAGTACGATAx-1,0.9437570105900248
ATTGGTGGTTCATGGTx-1,0.9527159519890311
CAACCAATCCATGCTCx-1,0.7829045199232807
CAAGTTGGTAGGCTGAx-1,0.9406672802408457
ATTCTACTCCGCGGTAx-1,0.8148542813924099
CAAGGCCAGAGTCGGTx-1,0.7549735838478806
CAACCAACAATGTTGCx-1,0.9479795978138105
ATTTCTGGTTACGCGCx-1,0.7223222440745152
ATTGGACCATCTGGTAx-1,0.955912556162519
CAACCAAGTCCTGCTTx-1,0.7674524070060039
CAAGATCGTCGAATCTx-1,0.8601876424157712
CAACCTCAGACTAGATx-1,0.9466237267597858
ATTCTACCACGGATAGx-1,0.9487435516914965
CAACCTCGTAATCGTCx-1,0.9543317598847261
CAACCAAAGCTAACAAx-1,0.7805935509956348
ATTTCTGGTAGTACCTx-1,0.8167595534836891
CAACCTCCACGGACAAx-1,0.696862965428251
CAAGATCCATGCAACTx-1,0.8832701702350501
CAAGGCCCAGCCTGTGx-1,0.7571385775783765
CAAGGCCAGTTACGGGx-1,0.6715555959375095
ATTGGTGGTCGCGTGTx-1,0.7486662664457381
CAAGGCCCATGGTCATx-1,0.6790001925779799
CAACCTCAGGAATGGAx-1,0.8543477283285412
CAAGTTGCATACGCTAx-1,0.9464571475613528
CACACCTGTGTCAATCx-1,0.8212363333867343
CACACCTAGTCCATACx-1,0.9082435206133305
CACACAATCATTCACTx-1,0.9558325458457433
CACCACTAGAGTACCGx-1,0.9502017598359873
CACCTTGAGGTGCTAGx-1,0.7969952469732834
CACACTCGTCACTGGCx-1,0.8541414556410886
CAGAATCAGCCCAACCx-1,0.949168716267463
CACAAACTCGAATGCTx-1,0.788914554915794
CACAGGCTCGTCACGGx-1,0.8504665252107043
CACAGTATCGACAGCCx-1,0.9670361055860166
CACAGGCTCTGACCTCx-1,0.7631124851963799
CACCAGGCAATCGGTTx-1,0.7917110187949407
CACTCCATCTACCAGAx-1,0.9048065444760537
CACACAAAGTGAACGCx-1,0.855280880523448
CACCAGGGTGAGTGACx-1,0.9517108673299108
CACCAGGAGCCAGTAGx-1,0.9258607212943254
CACATAGGTTCAGCGCx-1,0.9650019074634705
CACATAGAGTCGTACTx-1,0.7907933273315859
CACCTTGCAACTGGCCx-1,0.6118030485035445
CACCAGGGTTGGGACAx-1,0.9549556382035373
CACACTCTCCGCAAGCx-1,0.728775046145798
CACCTTGTCCAGTATGx-1,0.9451375714619282
CACCAGGGTAGTAGTAx-1,0.9131898929736137
CACCAGGGTAGCGTAGx-1,0.9060023219153887
CACATAGTCAACCATGx-1,0.7278246628938924
CACCTTGAGGGCTCTCx-1,0.8917812195708723
CACATTTGTATCAGTCx-1,0.7358333969402853
CACCTTGAGGCCCTTGx-1,0.8627606374742872
CACCACTGTTTCGCTCx-1,0.9580906703801898
CACACAACAGATGGGTx-1,0.9144358236419701
CACAGGCGTATGAATGx-1,0.922444245174378
CACACTCAGGCAGGTTx-1,0.9543737727191917
CACAAACTCCACGACGx-1,0.7295666327900158
CACCAGGAGCGATAGCx-1,0.8804665040758062
CACCTTGTCCGCATCTx-1,0.959391237479853
CACCTTGTCGGTGTTAx-1,0.9507387860079992
CACACCTCACCCAGTGx-1,0.945377480090037
CACATTTAGGTTACCTx-1,0.837802529056358
CACCACTGTCCTGCTTx-1,0.7628338618097501
CACACAAGTCATTAGCx-1,0.7886936871326204
CACATTTGTCGAACAGx-1,0.9422803176054394
CACAGGCAGCCCAGCTx-1,0.9552197635139232
CACCTTGAGCTAAGATx-1,0.8833137963147599
CACACCTAGCTAACAAx-1,0.7370186357826323
CACCACTAGGGATACCx-1,0.9480075414779323
CACACTCAGCTTTGGTx-1,0.8055988225698671
CACATTTTCTAACCGAx-1,0.7261593985825812
CACACCTTCGTGGACCx-1,0.9547012957838623
CACATAGTCAACACACx-1,0.9561719645148491
CACACAACAATACGCTx-1,0.7901997480204448
CACATAGGTAAAGGAGx-1,0.7810280050328896
CACCACTCAAACTGTCx-1,0.7727977318663054
CACCAGGGTGCCTGGTx-1,0.6554084741597783
CACAAACTCTTGAGGTx-1,0.9579084674400903
CACACCTTCCCTCAGTx-1,0.9745693773629323
CACCTTGGTCTCTCGTx-1,0.7209987033536019
CACACAACAGACGTAGx-1,0.8067878205163892
CACAGGCAGAGTCTGGx-1,0.7186644230590491
CACACTCCATGACATCx-1,0.7661582492959325
CACATTTTCTTCCTTCx-1,0.9593063016321798
CACAGGCAGAGGGCTTx-1,0.9447395575340929
CACCACTGTGTGCCTGx-1,0.8796701469285406
CACTCCACATAGGATAx-1,0.7580800040025759
CACACCTTCATTATCCx-1,0.9534694520082138
CACCTTGCAGGAATGCx-1,0.9561516256341616
CACAGTAAGTTATCGCx-1,0.7826650388338456
CACATAGAGACTAGATx-1,0.7366547418813073
CACCACTAGCCATCGCx-1,0.55550547008895
CACACTCAGTTAAGTGx-1,0.7790986334569701
CACTCCAGTCTGCAATx-1,0.9495542767904939
CACATAGAGACAGACCx-1,0.9501723558711975
CACAGTAGTAGCAAATx-1,0.7309899526477597
CACATAGGTCAATGTCx-1,0.9538026293825708
CACAGGCGTCGACTATx-1,0.9322543898015918
CACCAGGTCTAACCGAx-1,0.8709676580873174
CACCACTAGTTTGCGTx-1,0.9626795672747176
CACATTTAGCGATATAx-1,0.9393765805130565
CACATAGGTCCGAAGAx-1,0.8452192121024568
CACATTTCATGTAGTCx-1,0.8150253496064537
CACAGGCAGCTGATAAx-1,0.9618205975062498
CACACAAAGCATGGCAx-1,0.9547899349870576
CACCTTGAGCAGGCTAx-1,0.7557247582982061
CACAGTACATGTCGATx-1,0.7727854952848743
CACACCTCATTAACCGx-1,0.894181866512927
CACACAAGTCTAACGTx-1,0.7876184169232099
CACTCCAAGCCGCCTAx-1,0.9560544381623786
CACCACTAGAATCTCCx-1,0.9530470931085792
CACAGTATCTACCAGAx-1,0.7776849244309497
CACCAGGTCAGGCCCAx-1,0.9693549247689366
CACATAGGTCATATCGx-1,0.8043993788275345
CACCACTTCTGGTATGx-1,0.9494911853070694
CACCACTAGCCACGTCx-1,0.7817905615539431
CACCACTCAACTGGCCx-1,0.9251370555143503
CACCACTGTAAGTTCCx-1,0.9244611046585612
CACTCCAGTCCGCTGAx-1,0.9545664162866202
CACACTCGTTCATGGTx-1,0.6625254238134506
CATATGGCATCCCATCx-1,0.795298877691753
CAGAATCGTATGGTTCx-1,0.7769824292189834
CAGCCGACAGTAACGGx-1,0.7908616560963128
CAGCGACCAGCGTAAGx-1,0.9522963056341507
CAGAATCTCTACCAGAx-1,0.9490770104476958
CAGCTAACACTGAAGGx-1,0.9358197632575036
CAGGTGCCACATCTTTx-1,0.9434322750389519
CAGCATAAGCCACCTGx-1,0.756930613725968
CAGCAGCAGGAGTCTGx-1,0.9555222259263116
CAGTCCTGTAATTGGAx-1,0.733603296525834
CAGTCCTCATGGGAACx-1,0.6788559521799763
CAGAGAGGTACTCGCGx-1,0.9369895490042569
CAGAATCGTAGAGTGCx-1,0.7694796642472859
CAGATCACAATCCAACx-1,0.8324071086314723
CAGCTAATCCATGCTCx-1,0.7315611174825006
CAGAATCTCACATAGCx-1,0.9302657698104316
CAGCAGCTCTATGTGGx-1,0.9565949783193067
CAGCTGGCATCGGGTCx-1,0.941865360185101
CATATTCCAGTCCTTCx-1,0.9723734768295215
CAGCCGAGTAAGTAGTx-1,0.9507090682741
CAGCTAATCGTCACGGx-1,0.85149802318919
CAGCTGGAGACTAGGCx-1,0.8389500332539714
CAGCTAATCAGCCTAAx-1,0.7229767994768753
CAGCATACAATACGCTx-1,0.9515093759363714
CAGCTGGAGTAGATGTx-1,0.8835389793208164
CAGCATATCCTGCAGGx-1,0.96210163064951
CAGCTGGAGATATGGTx-1,0.9497683384671031
CAGCAGCCAGACAAGCx-1,0.9473506483771529
CAGCTAATCAATCACGx-1,0.9137551411480295
CAGTCCTTCGAGCCCAx-1,0.9535996829067194
CAGGTGCAGCCAGTTTx-1,0.6084627559386816
CAGCGACCAAGGACTGx-1,0.9621152577617992
CAGAGAGCACTTGGATx-1,0.7525973623746564
CAGCAGCCACAGACAGx-1,0.9632968975248648
CATATTCAGGGAAACAx-1,0.8681402470033494
CATATTCTCCGCATCTx-1,0.9290321156330242
CAGCTAACAACGATCTx-1,0.8930619263861642
CAGTCCTCATCCTAGAx-1,0.9369622706019275
CAGCATATCTAACCGAx-1,0.7683538083638739
CAGTCCTTCAAACAAGx-1,0.5360556185124745
CAGCGACCAGTTTACGx-1,0.799384302309404
CAGCTGGCAATGGAATx-1,0.9459723832776393
CAGCATAGTCACTTCCx-1,0.5954477917719866
CAGCGACGTCGCCATGx-1,0.7376311598902101
CAGCCGATCCTGCTTGx-1,0.9509454871574737
CAGCTAAAGTTGAGATx-1,0.9100603226219675
CATATGGAGTTGTAGAx-1,0.9644854319431188
CAGCAGCTCAGCATGTx-1,0.8173504049967325
CAGCATATCAACACGTx-1,0.9480465013425446
CAGCCGAGTGTCGCTGx-1,0.7457376751900775
CAGCAGCTCTCTAAGGx-1,0.6636980761616329
CATATGGAGCCGCCTAx-1,0.9288433740532204
CAGCATATCTTGTATCx-1,0.9417112201343923
CAGCGACCACCAGGTCx-1,0.39364656670680415
CAGCAGCCAATGAAACx-1,0.7842805949102819
CAGTCCTTCACAAACCx-1,0.7788421818701353
CAGTCCTAGTGCTGCCx-1,0.8186338045852588
CAGCATACAGCTCGCAx-1,0.8003190141170556
CAGCCGACAGCCTATAx-1,0.9473619036132922
CAGGTGCGTAGCGTGAx-1,0.7766457544216591
CAGCTAAGTTCCATGAx-1,0.5111593292337226
CAGAATCAGCTTTGGTx-1,0.6355156785740641
CAGATCAAGCTCTCGGx-1,0.9350558942397482
CAGCGACGTTCTGGTAx-1,0.9488030539076147
CAGTCCTTCACCCGAGx-1,0.9514431153273932
CAGCTGGCATCTCCCAx-1,0.8489404545687298
CAGCCGATCTGTTGAGx-1,0.8164000501111094
CAGTCCTAGGCGCTCTx-1,0.7431243533407804
CATATTCCAGGTCCACx-1,0.7835168901893351
CATATGGGTACGCTGCx-1,0.8707485094908057
CAGTCCTAGCGTAATAx-1,0.9743693040900039
CAGAGAGAGACACTAAx-1,0.6920326556245237
CAGATCAGTTCTGGTAx-1,0.7243768331323104
CAGTCCTAGCGATATAx-1,0.9430142885944861
CATATTCAGGAGTAGAx-1,0.6257326853834297
CATATTCCATATGCTGx-1,0.9490590902558973
CAGCTAACAGCCTGTGx-1,0.7667860963181254
CAGCATATCAGTCAGTx-1,0.763231603023091
CATATTCCATTCTTACx-1,0.9533154911516085
CAGCAGCTCTTCATGTx-1,0.9587037230489811
CAGCTAAGTAGCTTGTx-1,0.7162147047717472
CAGCATATCTAACGGTx-1,0.9615654702935851
CAGCCGAAGGGAAACAx-1,0.8356532850016736
CAGCCGAAGCGCCTTGx-1,0.9562407379876612
CAGCCGAAGAGGTTATx-1,0.768614838189086
CAGAATCTCGGTCCGAx-1,0.9679040297352287
CAGATCACAGCATACTx-1,0.7500777903353185
CAGCAGCAGAGGACGGx-1,0.7852457946024651
CAGGTGCCAGTTCATGx-1,0.8816042688657858
CATATTCAGGAGTTTAx-1,0.9593069184456134
CAGTCCTAGCAATCTCx-1,0.6666263918464159
CAGGTGCCAACGCACCx-1,0.9402148833084593
CAGGTGCGTAAGAGGAx-1,0.9513329705704664
CAGATCAGTCAAGCGAx-1,0.9663603008372986
CAGTCCTGTATAAACGx-1,0.9732479130459294
CAGAGAGGTGAGGCTAx-1,0.9108433625865743
CAGCATAGTGAAGGCTx-1,0.9766666031332696
CATGGCGCATGCAACTx-1,0.9521400625162159
CCAATCCGTCACTGGCx-1,0.7315596432066199
CATTCGCCACCCATGGx-1,0.7832400018364025
CATGACACAAACCCATx-1,0.775681895656208
CATGGCGTCAGTGTTGx-1,0.8030962768660911
CATCAAGCACGACTCGx-1,0.9376141413648869
CATCAGATCGATAGAAx-1,0.8058542760016598
CCAATCCCAAGTACCTx-1,0.953172718001212
CATCCACAGATCGATAx-1,0.7412613558521052
CATTCGCTCACTATTCx-1,0.8549210526016683
CATCAGAAGACCTAGGx-1,0.8025359005909685
CCAATCCCAGGGAGAGx-1,0.9518133370994412
CATGCCTGTGAACCTTx-1,0.807740672385949
CATCGAAGTGTGCCTGx-1,0.9496755572779736
CATGACACACCTTGTCx-1,0.8853389558912634
CATTATCCAGGTCTCGx-1,0.9452833643858964
CATCGGGTCGGACAAGx-1,0.8402177300871564
CATCAAGGTCAGTGGAx-1,0.7109453110505213
CATGGCGTCCGGGTGTx-1,0.9499581430306835
CATTATCCAAATCCGTx-1,0.8300293354808912
CATTCGCGTTAGAACAx-1,0.764344330365794
CCAATCCCAGTGAGTGx-1,0.94105987914278
CATGACACAGATGAGCx-1,0.9607374556589102
CATGGCGAGGCAGGTTx-1,0.9380444029993801
CATTATCCAGGTCCACx-1,0.7536146521889004
CATCAAGAGGTACTCTx-1,0.7317398094370692
CATCAAGTCTACCAGAx-1,0.9448475694332942
CATGCCTAGTGACATAx-1,0.9371904824035113
CATGACAAGTCCGTATx-1,0.9512127415984163
CATGACACAGCCAGAAx-1,0.9003058557022948
CATCAGACAGTATAAGx-1,0.7124099181368722
CCAATCCCACGAAACGx-1,0.8129732706633492
CATCAAGCAATGGTCTx-1,0.8329347475726303
CATGCCTTCTTCAACTx-1,0.9585224530862742
CATGCCTGTCGCGTGTx-1,0.8744493924379189
CATATTCTCGTTACAGx-1,0.7568581521933148
CCAATCCAGCTGCAAGx-1,0.7976531266495097
CATGCCTCATTAACCGx-1,0.9500341278741918
CATCAAGTCTGTGCAAx-1,0.8901274929018095
CATCGAATCGTGGGAAx-1,0.6861551151741934
CATCGGGAGTCAATAGx-1,0.6130611596322413
CATCAGATCATTATCCx-1,0.9797748750077238
CATGACAAGTGCGATGx-1,0.948244215117186
CCAATCCTCCAAATGCx-1,0.9402904350883711
CATCAAGTCACCCTCAx-1,0.8051958692564445
CCACCTAAGAGCTGGTx-1,0.9373448905278569
CATCAGATCGGCGCTAx-1,0.7712924466432498
CATGCCTAGATCGATAx-1,0.7679903955351404
CATGACAAGATCCGAGx-1,0.6594332224860252
CCAATCCCATCATCCCx-1,0.9379885289210088
CATGCCTGTATCACCAx-1,0.8576211612976637
CATGGCGGTTCCGTCTx-1,0.7663455437677654
CATCAGAGTCCGTGACx-1,0.9454514115689303
CATGCCTAGATGAGAGx-1,0.774585154291308
CATATTCTCGGCGGTTx-1,0.9607477650081357
CATGGCGCAAACCTACx-1,0.8044126347330208
CATTATCGTGTTGAGGx-1,0.9549297203545373
CATTCGCAGGCTCAGAx-1,0.7440364574521074
CATGGCGGTTTGTGTGx-1,0.9287496117301819
CATGGCGAGTACGCGAx-1,0.7502257971273091
CATCCACCAGTGACAGx-1,0.8263907788763019
CATGACACAGGTCGTCx-1,0.8585819222909108
CATCGAAAGTGTCTCAx-1,0.9022094897159605
CATGACAGTCTTTCATx-1,0.9575791856735554
CATGCCTCATACTCTTx-1,0.9120831619561437
CATGCCTAGTTCGCATx-1,0.9087553551688504
CATCGAATCTTCGAGAx-1,0.9457622675812957
CATTCGCTCGCCTGAGx-1,0.6129950042454391
CATTATCTCTCAAACGx-1,0.8178988937405364
CATTATCTCACCAGGCx-1,0.9481605838952353
CCAATCCAGCCGGTAAx-1,0.9037604196103086
CATTATCTCACCGGGTx-1,0.9493285130450979
CATGGCGTCACCGTAAx-1,0.9424824708118064
CATGGCGCATCCAACAx-1,0.9520514597006434
CATTATCAGTGGCACAx-1,0.8813345167459354
CATGACACACATGACTx-1,0.7732039593918945
CATCAGAAGGCCATAGx-1,0.6706570006733898
CATCCACCAAGTAATGx-1,0.8944216883909286
CATCCACGTAAACGCGx-1,0.9527812380829714
CATGCCTGTAGCTTGTx-1,0.9661812593371202
CATCGAATCGAATGGGx-1,0.9564130337672473
CATGCCTCAGACGCAAx-1,0.9502919305194026
CATGGCGCAGAAGCACx-1,0.9561551646773233
CCAATCCTCAACTCTTx-1,0.9275422291498568
CATCAGAAGGTTACCTx-1,0.9563907722919679
CATGGCGAGCACCGCTx-1,0.7177368004305736
CATCGAATCAATCACGx-1,0.9491332684552466
CATGACACAGGGCATAx-1,0.865081906748426
CATGGCGCAGGAATGCx-1,0.806509760556613
CATCGGGAGATGTCGGx-1,0.962672529110747
CATCAGATCACCTTATx-1,0.9636793376441976
CATCAGAAGACTGTAAx-1,0.7714559510207102
CCACCTAAGACAATACx-1,0.931816385342243
CATCAAGGTTGGTAAAx-1,0.8669947868020622
CATCGGGAGCTGCCCAx-1,0.8369970960442862
CATCAAGAGCTCAACTx-1,0.965774669391851
CCGGGATCAGCTGTATx-1,0.746604010731701
CCACCTACAGCAGTTTx-1,0.90104404396468
CCGTGGACAAGTCATCx-1,0.7608035551740192
CCACTACAGCGCCTCAx-1,0.7785995068801559
CCACGGATCTTGAGACx-1,0.9073900567767906
CCCTCCTGTAGGGACTx-1,0.7828161588103668
CCACGGAGTTGTTTGGx-1,0.9549928232381292
CCCTCCTAGTCACGCCx-1,0.7283523373422665
CCCAATCAGCGTTGCCx-1,0.7814448274722936
CCCATACTCGGTCTAAx-1,0.31489213891449075
CCATTCGTCTCTTGATx-1,0.7509846204177635
CCGGTAGAGGGAAACAx-1,0.9374039676850631
CCCAATCAGTGAAGTTx-1,0.7528454025437935
CCGTACTTCCGTACAAx-1,0.8256411896058099
CCGGTAGGTGACAAATx-1,0.7497846804824654
CCAGCGAAGCACACAGx-1,0.7182580698294053
CCACCTACACAAGCCCx-1,0.9444089166238967
CCATTCGAGAAACCGCx-1,0.7740244920908248
CCAGCGATCAACGGGAx-1,0.9478074378784683
CCCAATCAGAAGGACAx-1,0.7539284020483884
CCACTACCATACTACGx-1,0.9523412223718994
CCGTACTTCGCCAGCAx-1,0.9166048753118977
CCAGCGAAGCCAGGATx-1,0.9607649432536189
CCGTACTCACAGAGGTx-1,0.9522615654934865
CCACTACGTTAAGATGx-1,0.9643740612724531
CCATGTCAGTAGCCGAx-1,0.8172677805325043
CCCAATCAGATATGCAx-1,0.9473474801122415
CCCAATCTCACCGTAAx-1,0.7728337067467917
CCCTCCTGTAGAAAGGx-1,0.7058371950552416
CCATTCGAGTATCGAAx-1,0.9515555491497946
CCCATACGTAAGCACGx-1,0.7879557441285256
CCACTACAGTTACGGGx-1,0.9207446090506668
CCCAGTTTCACGATGTx-1,0.9439633009287298
CCGTGGAAGTGTCCATx-1,0.9466955568120905
CCATGTCGTGCACTTAx-1,0.7591720942500102
CCCATACCATGAGCGAx-1,0.9297946257773055
CCACTACGTGGTACAGx-1,0.9602015620916655
CCGGGATAGAATGTTGx-1,0.8292033282927254
CCAGCGAAGAAAGTGGx-1,0.9516009827778519
CCCAATCTCTTGAGGTx-1,0.8942837818771859
CCGGTAGAGACAATACx-1,0.8209590447589888
CCACGGATCTCAAGTGx-1,0.7870064757667042
CCGGGATCATCGGTTAx-1,0.9308473221865542
CCACTACAGCGTAGTGx-1,0.969747288768538
CCGGGATGTGTTGAGGx-1,0.9101244238712795
CCCAATCTCTTGAGACx-1,0.8387003601401162
CCATGTCCATTACCTTx-1,0.9827205830644873
CCACCTACAAGTACCTx-1,0.9255724195947156
CCACTACCAGCGTAAGx-1,0.8363463410854335
CCACCTACATCACGTAx-1,0.8355250865579374
CCGTGGAAGGTCATCTx-1,0.9474884419386185
CCCATACTCTCGCTTGx-1,0.7843710118323087
CCAGCGAGTCTCAACAx-1,0.9529115571337033
CCCTCCTCACGGTAAGx-1,0.9420323957861266
CCATGTCGTCAACTGTx-1,0.9452788228314368
CCATGTCTCAACACTGx-1,0.9554834906478258
CCCAGTTTCCGCGTTTx-1,0.9042380354220473
CCAGCGAAGGCCCTTGx-1,0.8699461897014221
CCATGTCTCAACTCTTx-1,0.9520266556061848
CCCTCCTCACGCCAGTx-1,0.9288357643531254
CCCATACAGCACCGCTx-1,0.8028848289104566
CCCAGTTGTTGGTGGAx-1,0.9212152715063832
CCACTACAGGACCACAx-1,0.860524115679568
CCGGGATGTGCGATAGx-1,0.7810990071426407
CCCATACTCATCTGTTx-1,0.7656185289386146
CCGGGATCACAGATTCx-1,0.95451702544076
CCACCTACATACGCCGx-1,0.9389704707499728
CCACTACAGTACGCCCx-1,0.9501044045378025
CCACTACTCTAACTTCx-1,0.957814807549901
CCACGGAAGTGTTTGCx-1,0.9467329058472862
CCCATACCACCAACCGx-1,0.9426548477053425
CCGTGGACAGGATTGGx-1,0.7853769221140948
CCCATACAGATCCCATx-1,0.7935458998429341
CCATGTCTCTTGCCGTx-1,0.7533950324117838
CCGGTAGTCTGTTGAGx-1,0.5535652687811353
CCACGGACAGGTGCCTx-1,0.7225219021390943
CCACGGACACAACTGTx-1,0.8613004180467992
CCGGGATGTATGCTTGx-1,0.9028489140513418
CCAGCGATCATAAAGGx-1,0.9575413590766719
CCATTCGAGATCCTGTx-1,0.9422812507653493
CCATTCGGTTTCGCTCx-1,0.735575938918828
CCGGGATCATTCGACAx-1,0.9281413443141154
CCGGTAGCACCATCCTx-1,0.7254713460907359
CCCAGTTCATCTATGGx-1,0.9531879670929122
CCAGCGACACTGAAGGx-1,0.9601550841667371
CCACGGATCTTCATGTx-1,0.7451036378733427
CCCAGTTAGAGGGATAx-1,0.9107186990649562
CCCAATCAGAACAATCx-1,0.9543432968506571
CCGTACTGTTCCATGAx-1,0.9440904195231231
CCCTCCTCAGATGAGCx-1,0.9612108274699246
CCGGGATGTACAAGTAx-1,0.9492123186534158
CCGGTAGGTAGGAGTCx-1,0.7522807248222882
CCCATACAGCTAGTGGx-1,0.9707301847157566
CCCATACGTCGGCATCx-1,0.9465227902299623
CCACTACTCGTACGGCx-1,0.9521784448123333
CCCATACAGCCACGTCx-1,0.9659651668008056
CCACGGATCAGCTTAGx-1,0.897778394065683
CCGTACTCATATGCTGx-1,0.915008239023789
CCTACCATCGGAAACGx-1,0.8886158776144133
CCTTTCTTCCGTTGCTx-1,0.8697031746330284
CCGTTCAGTCCTCTTGx-1,0.95358405512352
CCTTCCCTCCGCATCTx-1,0.8649772453543007
CCTAAAGGTTAGGGTGx-1,0.8992837590544029
CCTTCCCCACCGCTAGx-1,0.8303551011354208
CCTTCGATCCTCCTAGx-1,0.7743688844168592
CCTTTCTTCTACGAGTx-1,0.9535414683957709
CCTTTCTAGATCACGGx-1,0.8490080099675249
CCTTTCTCAGACGCCTx-1,0.9628984326562822
CCTAGCTAGGTCGGATx-1,0.9524063362212355
CCTAGCTGTCCATCCTx-1,0.9538612672767448
CCTTTCTGTCATCGGCx-1,0.8814097829301641
CCTACACGTCTCCATCx-1,0.9685653741643612
CCGTGGAGTGATGCCCx-1,0.9503489735235592
CCTTCGATCTCTAAGGx-1,0.9423304579932268
CCTAGCTGTGTTCTTTx-1,0.9379338246780841
CCTACACCAAATACAGx-1,0.9382309921340982
CCTACACAGCACCGCTx-1,0.8729275340699582
CCGTGGATCTGTTGAGx-1,0.7464700696649315
CCGTGGAGTAACGCGAx-1,0.7532420206673224
CCGTTCAGTATATGGAx-1,0.7961596453207541
CCGTTCATCATAGCACx-1,0.9284513900750986
CCTAAAGCATCGATTGx-1,0.5378911006513646
CCTCTGATCATCGGATx-1,0.7692626261383034
CCTTCCCGTTAAAGACx-1,0.9290968373612636
CCTATTAGTCCGAACCx-1,0.9520356910513088
CCTTCGACATATACGCx-1,0.9468832447482819
CCTACCAAGACACTAAx-1,0.7741547605759957
CCTATTACACGTTGGCx-1,0.7326302046239891
CCTTCCCGTGTCCTCTx-1,0.7523527377599993
CCTCTGACATGCCTTCx-1,0.4654842855812227
CCTTACGCATAGTAAGx-1,0.949418982429387
CCTCAGTTCTGATACGx-1,0.9600427946486332
CCTAAAGTCTGCGACGx-1,0.7848457369385832
CCTCTGATCGCTAGCGx-1,0.7615834095033142
CCTTTCTCATGTCTCCx-1,0.9613952739647208
CCTCAGTTCTACTTACx-1,0.8757438284145245
CCTAGCTAGAAGAAGCx-1,0.7584821158303153
CGAACATAGAACTGTAx-1,0.7478284099584165
CCTAGCTTCAGATAAGx-1,0.7836139777937657
CCTAGCTAGTAGCGGTx-1,0.9292542680161754
CCTCTGATCAACGAAAx-1,0.7951335442633544
CCTTACGAGGACATTAx-1,0.9502113930483786
CCTTCGAGTTACGACTx-1,0.9523070385599228
CCTAGCTGTGTGGTTTx-1,0.9269839292043474
CCTATTAGTAGCGCAAx-1,0.9493290908689712
CCTACACCATGTAAGAx-1,0.6831128469826463
CCTATTAGTAAGGGCTx-1,0.7441043916376581
CCGTTCATCACAGTACx-1,0.7159237467573595
CCTATTAGTAAATACGx-1,0.6835192034212698
CCGTTCAGTAATCGTCx-1,0.6889695822809693
CCTACCAAGAGGTAGAx-1,0.952844852593423
CCTTCCCAGCCACCTGx-1,0.7727357731766586
CCTATTACATATGAGAx-1,0.88940679379989
CCTCTGATCGCATGGCx-1,0.9593922084427051
CCTTACGTCAACACCAx-1,0.7856770033803275
CCTACCACAAACGTGGx-1,0.9282390964899093
CCTAGCTCAATCCAACx-1,0.7722720479802723
CCGTTCAGTCCGCTGAx-1,0.814191612728191
CCTAGCTTCTACTTACx-1,0.8537809683852565
CCTTACGTCTTGCATTx-1,0.9528770935832019
CCTAGCTCACAGGTTTx-1,0.9473879419283533
CGAACATAGCCAGAACx-1,0.808700891234615
CCTCAGTTCTTGTATCx-1,0.9662541718361095
CCTACCATCAGAGCTTx-1,0.7758341614348115
CCTAAAGGTTCAGACTx-1,0.8233194242973468
CCGTTCATCGTTTATCx-1,0.9590091785297862
CCTATTAGTCAGAATAx-1,0.7776697308949048
CCTACACAGAAAGTGGx-1,0.9402149668591294
CCTTCCCTCCTGTAGAx-1,0.843684076411688
CCTCTGATCCTAGGGCx-1,0.9538917198857385
CCGTGGAGTTCCTCCAx-1,0.9531184147060705
CCTACACGTTAAGGGCx-1,0.7237287301605331
CCTTCGACACAGAGGTx-1,0.801677284635734
CCGTTCACACGCGAAAx-1,0.9534244507642415
CCTTCCCAGAATGTGTx-1,0.9516692594808479
CCTTCCCTCGAGAGCAx-1,0.7985540811919777
CCTTTCTTCTTCGGTCx-1,0.5569055174187052
CCTTCGACAAGGTGTGx-1,0.9595025602460397
CCTACACAGTTAGCGGx-1,0.7408294285697031
CCTAAAGCAATAAGCAx-1,0.951952471725324
CCTCTGACAAATCCGTx-1,0.8882493083760489
CCTCTGAAGCTGCGAAx-1,0.9428568606172213
CCTACCAAGGATGGAAx-1,0.9291443681351147
CCTAAAGAGCTGAACGx-1,0.709238067964206
CCTACACAGAGTGACCx-1,0.7645648671336045
CCTACACCACGGTGTCx-1,0.9430157154549563
CCGTTCATCATATCGGx-1,0.9591585361848084
CCTCAGTAGCTGAAATx-1,0.9514618074630711
CCTTCGAAGGACACCAx-1,0.956300840409126
CCTTTCTTCCTAGGGCx-1,0.950725529270369
CCTTCCCAGCACCGCTx-1,0.960323119733506
CGAACATGTCCTCCATx-1,0.9479053868930599
CGCCAAGTCCCTCTTTx-1,0.9587379693088367
CGCGGTAGTGTCGCTGx-1,0.773175433826094
CGAGCACAGACTGTAAx-1,0.9286330439812649
CGAATGTCAGTGGAGTx-1,0.7628133019978837
CGAATGTGTGAGGGTTx-1,0.8065481008526408
CGATGGCGTCGTGGCTx-1,0.7242080224356422
CGAGCACTCCACTGGGx-1,0.9376151146329603
CGCGTTTCAGCGATCCx-1,0.7719204794948936
CGATCGGTCGTCCAGGx-1,0.7710526376709234
CGATGGCTCATAGCACx-1,0.9413259178924163
CGCCAAGCAGGCAGTAx-1,0.9536354337835082
CGATGGCAGAATTCCCx-1,0.6851807851805921
CGAACATAGCTTATCGx-1,0.9168347966843138
CGATGTAAGCTAGTGGx-1,0.9348080909276096
CGAGCACGTCCAGTATx-1,0.9591965422349216
CGATCGGTCTGTGCAAx-1,0.9613187196845873
CGAGCACAGAAGGCCTx-1,0.9465260793128185
CGAGCCAAGCTAGGCAx-1,0.7408676692496814
CGAGCACCAGTAAGATx-1,0.7446255007383238
CGACCTTTCACATACGx-1,0.9531947951446775
CGATGTACATTACCTTx-1,0.77760408501383
CGCGGTAGTCACCTAAx-1,0.9121058519794847
CGCGTTTAGATGTGGCx-1,0.9136880536138943
CGCCAAGAGGAGCGTTx-1,0.9518239390038314
CGCGGTAAGCGAGAAAx-1,0.9510855220009904
CGCGTTTGTATTCGTGx-1,0.9299664187308165
CGAACATCAATAAGCAx-1,0.9512767139764812
CGACTTCGTGGCAAACx-1,0.8070341032949307
CGAGCACGTTCCGTCTx-1,0.7712747779575296
CGATGGCGTCAGATAAx-1,0.9665995717136072
CGCGTTTTCCACTGGGx-1,0.9507971119639962
CGCGGTACATCCCATCx-1,0.9268082068399888
CGCGGTAGTTCCTCCAx-1,0.8485482311265268
CGAATGTGTGAAGGCTx-1,0.9427392283158678
CGATGGCCAGTTAACCx-1,0.7679614942649481
CGCGTTTAGGGTTTCTx-1,0.9133887106188742
CGAGCCACAATCTACGx-1,0.9660555087490336
CGAGAAGAGGACAGAAx-1,0.9487139268891822
CGATTGATCCATGAGTx-1,0.943809181976333
CGAACATAGCCATCGCx-1,0.9389501625017769
CGCCAAGTCGGCCGATx-1,0.6724856976231057
CGAATGTAGGCTAGGTx-1,0.9460942829451113
CGCCAAGTCAAAGTAGx-1,0.9289401512935214
CGCCAAGGTCCGAACCx-1,0.7726245536508147
CGCGTTTCACGCTTTCx-1,0.9441574500674113
CGAGAAGTCTGCTGTCx-1,0.754835820047367
CGAACATCATACTACGx-1,0.9309941483915843
CGCCAAGAGAGAGCTCx-1,0.953438478638638
CGAACATAGGTGCTTTx-1,0.7171256935300985
CGAACATGTGACGCCTx-1,0.9663244449982241
CGATGGCTCCTTTCTCx-1,0.9477738328493108
CGATGGCGTCAGAAGCx-1,0.7171044788528455
CGACTTCCAAGCCCACx-1,0.9558887792203506
CGACCTTTCCGCATAAx-1,0.9069631054358783
CGCTATCAGGGTATCGx-1,0.9530344668858687
CGCCAAGTCTTGAGACx-1,0.9334980668662474
CGCTATCAGTAGTGCGx-1,0.6375196910037898
CGAATGTTCTCAACTTx-1,0.7812881752430522
CGAGAAGAGAAACCGCx-1,0.4132444063491314
CGAGAAGTCTGGTATGx-1,0.681125941724297
CGATTGAGTGACTACTx-1,0.9436996417115593
CGAGCCATCCAATGGTx-1,0.7372740576365381
CGCCAAGCAGCTGGCTx-1,0.9473470541295348
CGAGCCAAGATGGGTCx-1,0.8036178139211893
CGATGGCGTCTAGCCGx-1,0.7997735318325015
CGATGTACATTGAGCTx-1,0.7219110650887275
CGCGGTATCGTGACATx-1,0.9587627093296659
CGACTTCAGGGTTTCTx-1,0.7586721275189421
CGAGCACAGTGAACGCx-1,0.6933308028568913
CGATGGCTCAGTCCCTx-1,0.6857796210868008
CGAGCACGTCCGTGACx-1,0.9533806292896242
CGCGTTTAGTCGATAAx-1,0.6632785977825061
CGAATGTGTATTCTCTx-1,0.9399765102612514
CGCTATCAGGAGTCTGx-1,0.9413251675724178
CGATTGACAACTGGCCx-1,0.9358816895759626
CGAACATGTACAGTGGx-1,0.914436325451961
CGATGTATCATCTGTTx-1,0.961848991126131
CGCCAAGGTCTCCCTAx-1,0.8285762335128085
CGAGCACTCAGGCGAAx-1,0.9538343587363615
CGAGAAGTCGCTTAGAx-1,0.7300762470844492
CGAATGTCATACTACGx-1,0.7775528206481835
CGATCGGCAGCTCGACx-1,0.9384938474927147
CGAACATGTAGGCATGx-1,0.9524452125198782
CGCCAAGTCACCGTAAx-1,0.7864882842288171
CGCGGTATCACATGCAx-1,0.6831116862698929
CGACCTTAGACGCTTTx-1,0.9406382084744134
CGAGAAGTCAAAGTAGx-1,0.7269751268663851
CGAGAAGTCACCATAGx-1,0.9488390052463561
CGATGTATCCCTGACTx-1,0.9131448358547705
CGATGTATCTTGTCATx-1,0.9505925637231195
CGAGAAGTCAGTCCCTx-1,0.9532938781960627
CGATGTAGTATTACCGx-1,0.9467984777531276
CGAGAAGCAGTAGAGCx-1,0.9495609834040069
CGATGGCAGTCGTACTx-1,0.94288839436959
CGACTTCCATCCCATCx-1,0.9485658937580242
CGAACATTCGCATGATx-1,0.9340148640316198
CGGCTAGTCCTGTACCx-1,0.907570704701269
CGGTTAACAGCTGCTGx-1,0.9509215509142266
CGCTGGAAGATCCCGCx-1,0.8326294045670816
CGGCTAGGTCTCCCTAx-1,0.7810099586009849
CGGAGCTGTGGTAACGx-1,0.7187547220879411
CGCTGGATCAGCTTAGx-1,0.7798635676088405
CGCTTCACATAGAAACx-1,0.7711432156431233
CGGACTGTCGAATCCAx-1,0.748523255665116
CGTAGCGAGCCCAACCx-1,0.7931857965984913
CGCTTCAGTAGGCATGx-1,0.7907335972771392
CGCTATCTCGGAGCAAx-1,0.9601595853568611
CGGAGCTTCTTAACCTx-1,0.5945041385332734
CGGGTCAGTAGCGTAGx-1,0.7641603097069086
CGGACTGTCTCCTATAx-1,0.9536149011083894
CGGACTGCAATAGCAAx-1,0.7437209768177819
CGGCTAGAGCAGATCGx-1,0.9558304792318276
CGGGTCAAGAGGACGGx-1,0.43706110954016075
CGGCTAGAGTTGAGATx-1,0.9676235750041224
CGGTTAACATTTCAGGx-1,0.8721081639237581
CGGAGCTAGCGTCAAGx-1,0.9676563050329164
CGGACGTAGCGATAGCx-1,0.7617356555838217
CGGACTGTCGCCTGAGx-1,0.7857091790183597
CGGACACGTAGCTGCCx-1,0.7580653904809802
CGGAGTCAGTCGCCGTx-1,0.7067960802028628
CGGTTAAGTGTTCGATx-1,0.9061016247276105
CGCTGGACATGGGACAx-1,0.7625704874326756
CGCTTCAGTGGTTTCAx-1,0.7823909323909791
CGGGTCAGTGGTCTCGx-1,0.759563123000913
CGGAGTCCACCAGGTCx-1,0.7803561693571447
CGGCTAGGTTGTACACx-1,0.7802398798479563
CGGAGTCGTCACTTCCx-1,0.831386987166152
CGGAGCTGTGATGTCTx-1,0.7518536527289006
CGGACTGTCCGTAGGCx-1,0.7624375033172488
CGTAGCGCATATACGCx-1,0.9646672604752359
CGCTTCACAGTCCTTCx-1,0.9550652977281274
CGGACTGAGTGGGCTAx-1,0.7957223178730227
CGGACGTAGCCAACAGx-1,0.7327132237860963
CGCTTCAGTCATGCATx-1,0.7814936462657589
CGGAGTCCACGGCCATx-1,0.9559286447416155
CGCTTCAGTGGTCTCGx-1,0.7638232990722487
CGTAGCGCATCCTAGAx-1,0.7402713734230919
CGGACTGTCGCCGTGAx-1,0.7809926273729442
CGCTGGACATTACCTTx-1,0.9476718367196599
CGCTTCATCGTCGTTCx-1,0.9325740159875002
CGGCTAGAGTTACCCAx-1,0.9516903006746086
CGGACACTCGGCGGTTx-1,0.9510487007861176
CGCTATCCATAAGACAx-1,0.7968658900755793
CGGAGCTAGCGTTCCGx-1,0.7426522583067162
CGGGTCAGTTTGACTGx-1,0.9347565130023014
CGCTATCTCCACGACGx-1,0.9576412509897761
CGGACGTGTCTCCCTAx-1,0.9648883590687584
CGGAGCTGTTGCGTTAx-1,0.9453155303671961
CGGACACTCCAGTATGx-1,0.727216097949296
CGGAGCTTCACTCTTAx-1,0.830383847375193
CGGCTAGTCCGAGCCAx-1,0.8495147294896274
CGGGTCATCCTAGGGCx-1,0.9168646781188089
CGCTTCAAGGCAATTAx-1,0.9448010521036225
CGCTGGACATGCTAGTx-1,0.9477959206279604
CGTAGCGCAGGAATGCx-1,0.7610203108957562
CGGCTAGCAGTCAGCCx-1,0.70219285500334
CGGTTAAAGGACACCAx-1,0.8907666929243089
CGGCTAGGTCGCGTGTx-1,0.7919126930137512
CGGAGCTGTTATCACGx-1,0.7922956170854066
CGGGTCATCCCTTGCAx-1,0.9099941773549913
CGCTGGACACATCCGGx-1,0.9348575366627319
CGGAGCTAGTTCGCATx-1,0.9616542276020048
CGGGTCACAATGGACGx-1,0.8732702795573674
CGGAGCTTCTTGTATCx-1,0.8498299498062527
CGGTTAATCGAGCCCAx-1,0.7622215755023352
CGTAGCGCATGCCTAAx-1,0.7795209655891143
CGCTGGACACCTGGTGx-1,0.743170532983416
CGGTTAAGTGTGAAATx-1,0.6292338662055221
CGCTTCAAGGCGTACAx-1,0.9548537681728367
CGGGTCAAGAAGGCCTx-1,0.7317901160931498
CGGTTAATCGAGGTAGx-1,0.8705977274557516
CGGAGCTCAGCTGTTAx-1,0.8012270062145558
CGCTATCCACAGCGTCx-1,0.9197868672784719
CGGACACAGGGCTTCCx-1,0.9443479879539403
CGGGTCAGTTATTCTCx-1,0.7889007880490458
CGGACTGGTCGAACAGx-1,0.8094108896617709
CGGAGCTAGTGGACGTx-1,0.9529468768125959
CGGCTAGTCACATGCAx-1,0.7790909354452092
CGGTTAAGTCTCCACTx-1,0.7886624316726524
CGCTGGATCATTATCCx-1,0.962434579987871
CGGCTAGCACGCATCGx-1,0.9195816803499915
CGCTATCCACTTCGAAx-1,0.8738499273899724
CGGGTCATCAGCTCTCx-1,0.9421629455904665
CGGAGCTGTACCATCAx-1,0.7334323466081144
CGGACTGGTATGAATGx-1,0.8530203560772738
CGGGTCATCCTCATTAx-1,0.6461302997472739
CGGTTAAAGATACACAx-1,0.8373761423938727
CGTAGCGGTCACTGGCx-1,0.6644434849941017
CGTTGGGGTACTTAGCx-1,0.940697293294653
CTACACCTCCCTGACTx-1,0.9543587221753946
CTACACCCACATCCAAx-1,0.9684932031941625
CGTCCATGTGGTCTCGx-1,0.683916928593759
CTAATGGGTAGCACGAx-1,0.9559173289530836
CTAAGACAGTACGTTCx-1,0.9080117229694193
CGTTCTGCATCAGTACx-1,0.952617960861374
CGTAGCGTCCCTTGCAx-1,0.9574263581842721
CGTCAGGCATTGTGCAx-1,0.9511872598386474
CGTTCTGCAGCTATTGx-1,0.8349376666197216
CGTGTAATCAAACAAGx-1,0.9415596075482361
CTAATGGTCCTTGACCx-1,0.6820458327277281
CGTCTACAGAGGTAGAx-1,0.9210027787645584
CTACACCGTCACAAGGx-1,0.7338717905557476
CGTTCTGCAAGTTAAGx-1,0.9172454686099725
CGTCACTCAGTTAACCx-1,0.9304237985565659
CTACACCAGAGTACCGx-1,0.7777571909488137
CGTTCTGCACCACGTGx-1,0.8369608361289312
CGTAGGCTCATCACCCx-1,0.9675870969424228
CGTCCATTCCGCGGTAx-1,0.9338931631068357
CTAAGACTCTCCTATAx-1,0.9398942601734013
CGTGTCTTCCTGTAGAx-1,0.9624703435255701
CTAAGACAGAAGCCCAx-1,0.7913555759533508
CGTCAGGAGTCGTTTGx-1,0.8388420277619345
CGTCCATCATCGGTTAx-1,0.745113936680889
CGTCTACAGAAACCGCx-1,0.8102938184754425
CGTTAGAAGTGACTCTx-1,0.9285402843259452
CTAATGGTCAGGCGAAx-1,0.939453071645559
CTAATGGGTTGGTTTGx-1,0.9372577223360052
CGTCTACGTACTCAACx-1,0.703026069515631
CGTTGGGAGAGACTTAx-1,0.9553707422799326
CTAACTTCACCGAAAGx-1,0.945806933519367
CGTCAGGAGTCCGGTCx-1,0.7837849716614396
CGTTGGGCATGCTAGTx-1,0.822246843507802
CGTCCATGTCTCAACAx-1,0.676435751081759
CGTCCATAGTTCCACAx-1,0.7924098778513935
CGTTGGGTCCCTCTTTx-1,0.9278545958012279
CTAATGGTCGAATGCTx-1,0.932837030553632
CGTGTAACACGTAAGGx-1,0.9502070966570842
CGTAGGCGTCACCCAGx-1,0.7225203836034871
CGTTGGGAGTAGGTGCx-1,0.7905570822057069
CGTCTACCACATGGGAx-1,0.6164611667284169
CTAACTTAGTTGCAGGx-1,0.9579320748719776
CGTTAGAAGGATGGTCx-1,0.9501039003032817
CGTCCATGTTGGACCCx-1,0.9528631234203194
CTAACTTAGAAGGGTAx-1,0.9492359511785807
CGTGTCTGTAGAGGAAx-1,0.7540455763893223
CGTGTCTTCTGCGGCAx-1,0.7455542365244362
CGTGAGCTCTTGGGTAx-1,0.9643892933871028
CGTCCATCAGACAAGCx-1,0.8092765907349186
CGTAGGCCATACGCTAx-1,0.8028278343859905
CGTGTAAAGGCCGAATx-1,0.7806792376165856
CTAACTTCAGTCGTGCx-1,0.9333463221482764
CTAATGGAGGTGGGTTx-1,0.958818176292516
CGTTAGAGTGTGAATAx-1,0.9430289647769166
CTACACCTCCGAAGAGx-1,0.7718561915846435
CGTGAGCCAGTACACTx-1,0.9549780390260921
CGTGTAACATGCAATCx-1,0.8334487751058359
CGTTGGGCATGGATGGx-1,0.7347375407879346
CGTAGGCAGCGTAGTGx-1,0.912165092648897
CGTTCTGTCAGCAACTx-1,0.9649889696895022
CGTTGGGCATAGAAACx-1,0.952099198822525
CGTCCATCACCTATCCx-1,0.9475947746449913
CGTCCATAGATGTCGGx-1,0.9538580037441494
CGTTAGACACGGCGTTx-1,0.9461232236715055
CTACACCGTACAGTTCx-1,0.9377273328675507
CGTAGCGGTGTGCGTCx-1,0.9657245713321009
CGTTGGGAGACGCAACx-1,0.8355961729555461
CGTAGGCTCCAGTAGTx-1,0.9449807322243208
CGTCCATTCCAAACACx-1,0.8100021260885178
CGTGTCTCAGAGTGTGx-1,0.5193558966161647
CGTCCATTCAGCATGTx-1,0.9459249643457897
CGTTAGAAGTCGATAAx-1,0.7642991579087222
CTAAGACCATGCCTTCx-1,0.8319025120923228
CTAAGACGTTATTCTCx-1,0.9067487792660909
CGTCACTGTCTTGCGGx-1,0.9476480224927611
CGTAGGCAGTCTCAACx-1,0.7478154942474159
CGTGTCTAGATGCGACx-1,0.8425950972067396
CTAATGGCATGATCCAx-1,0.9472710526923537
CGTTCTGCACGGTAGAx-1,0.9560211590970016
CGTGTAAAGGGAGTAAx-1,0.7553804734418523
CGTTCTGCATTAGGCTx-1,0.8539835819351844
CTACACCTCAACACTGx-1,0.8189742760026221
CGTAGGCCACGTCTCTx-1,0.8520334148124237
CTACACCCAAGTCTGTx-1,0.948887296738857
CTAACTTTCCCGACTTx-1,0.7436446885021938
CTAATGGCACGCTTTCx-1,0.9562787405093037
CGTTAGATCCCAACGGx-1,0.9585190283141604
CGTTCTGGTGGAAAGAx-1,0.7601988077288044
CGTAGGCTCTTCGAGAx-1,0.8218828695185896
CTAATGGGTCCGAGTCx-1,0.7282990433248414
CGTCCATTCAGCGACCx-1,0.7979358552384989
CGTAGCGTCTGGTGTAx-1,0.8125801221542936
CTAACTTGTATGAAACx-1,0.9491053959197886
CTAACTTCATTGGCGCx-1,0.8969334050661365
CGTGTAATCATTTGGGx-1,0.7086487862628699
CGTCACTAGCAGACTGx-1,0.7687393659724381
CGTAGGCTCCCAAGTAx-1,0.9472431392654115
CGTGTAATCTCGTTTAx-1,0.9356165783247968
CTACGTCAGCCAGGATx-1,0.9368537820587857
CTCACACGTCTAAACCx-1,0.8442044812527206
CTCATTAAGTCTTGCAx-1,0.9516685215160966
CTACCCAGTTAAGGGCx-1,0.9406738754846394
CTAGAGTCATTAGCCAx-1,0.8171639241696113
CTCACACCAGCGTCCAx-1,0.9534602777800376
CTCGGAGCAATGGTCTx-1,0.9490691317863182
CTCACACCATAACCTGx-1,0.9705157427519151
CTCGAAATCAGCGACCx-1,0.7207565621703553
CTCGAAAAGAAGATTCx-1,0.9445852416521318
CTCGAAAGTGGTAACGx-1,0.7690550357698867
CTAGCCTAGCGATATAx-1,0.7267995762515639
CTCAGAAGTTAGAACAx-1,0.8017135453144274
CTCAGAAGTTCAGTACx-1,0.9644356005885755
CTACCCAGTAAGAGAGx-1,0.7504624472987286
CTACCCATCGAATGGGx-1,0.7555933227648062
CTCGAGGCAGGGATTGx-1,0.9334269938234394
CTCATTACAGCAGTTTx-1,0.9094234499598352
CTCCTAGCAGTTCCCTx-1,0.9585617896861308
CTAGTGACATCAGTACx-1,0.947797163337568
CTCGAAAGTTTACTCTx-1,0.9454366597562881
CTAGTGAGTTGCCTCTx-1,0.9487876246513274
CTAGCCTAGGCGTACAx-1,0.8943788777376924
CTCAGAAAGAGGGCTTx-1,0.659643867451455
CTAGTGAGTCACTTCCx-1,0.7874223097186042
CTCACACTCGAGGTAGx-1,0.7779277182584291
CTCATTACACAACTGTx-1,0.4287313280012389
CTCGAAAGTCTAAAGAx-1,0.9517227217794361
CTAGTGAAGCTAGTTCx-1,0.7506460748582596
CTCGAAACAGTTTACGx-1,0.9418534526350085
CTCACACGTCACCTAAx-1,0.719261876300508
CTCGAGGCATGGTCATx-1,0.9593736281360491
CTCGAGGGTATGAATGx-1,0.9442767214922051
CTAGCCTGTATCTGCAx-1,0.950269056179982
CTCCTAGTCATCTGTTx-1,0.947002874200326
CTACCCATCGAATGCTx-1,0.7427544688500352
CTCCTAGGTGTGTGCCx-1,0.9620768837505213
CTCGAAAGTTTGGGCCx-1,0.9449818290593688
CTACCCACAGCGTTCGx-1,0.7769590374152346
CTCAGAAAGTACGTTCx-1,0.5236807593738906
CTCGAAACAAGCGATGx-1,0.8281756412925296
CTAGTGAGTCTAACGTx-1,0.9745983926756482
CTCAGAAGTATGAAACx-1,0.9518810296002581
CTAGAGTCAAGTTGTCx-1,0.9143639139265789
CTACGTCAGATCACGGx-1,0.9530713580410272
CTCGAGGGTAGATTAGx-1,0.8347655837737703
CTAGAGTTCGCTAGCGx-1,0.9649440657872469
CTAGAGTGTATCACCAx-1,0.9356861721608906
CTAGTGAAGATCCCGCx-1,0.9534536656813732
CTCGAGGCACCTCGTTx-1,0.9538045230120809
CTCACACGTTAAAGACx-1,0.6168343149352311
CTCGAAAAGTCCTCCTx-1,0.8851344887445368
CTAGAGTGTACATCCAx-1,0.9306506177214015
CTCACACAGTATGACAx-1,0.8902618024903642
CTCACACCACAGTCGCx-1,0.9600845186255345
CTAGTGAAGACCTAGGx-1,0.932872398463558
CTCAGAAGTGTAACGGx-1,0.7776618314585338
CTAGAGTCACCAACCGx-1,0.8203776429005706
CTACGTCTCTGGAGCCx-1,0.9507948890021616
CTACATTGTGACGCCTx-1,0.9370670809775297
CTAGCCTGTTCTGGTAx-1,0.811387884300942
CTCATTACATCCTTGCx-1,0.9187979839011613
CTACATTAGGTGCACAx-1,0.9384731852668193
CTAGCCTGTTCGTTGAx-1,0.9479718242928215
CTAGAGTGTCATATCGx-1,0.9315693208504658
CTAGTGATCGAGCCCAx-1,0.9652505313703158
CTAGTGAGTCGGCACTx-1,0.9435261192862154
CTCGAAATCCAGGGCTx-1,0.9494517111846558
CTAGAGTCACGAAACGx-1,0.9451078340150816
CTACGTCAGCGACGTAx-1,0.8151122265023466
CTCATTATCTAGCACAx-1,0.9519443184086721
CTCGGAGAGACAAAGGx-1,0.9413502874416496
CTCAGAATCACCTTATx-1,0.9200494138126087
CTACGTCTCATGGTCAx-1,0.7993365499178678
CTCGAGGGTCTCTCTGx-1,0.5975437616805508
CTACATTCACGTTGGCx-1,0.9596661222719187
CTCCTAGCATACAGCTx-1,0.9543750291305734
CTACATTAGGAACTGCx-1,0.7725168604201821
CTACCCAAGATGTCGGx-1,0.9668586702336841
CTCCTAGCACACCGCAx-1,0.9522572193624522
CTACGTCCACACCGCAx-1,0.8900519448213587
CTCAGAAAGTACTTGCx-1,0.8216959804120367
CTCCTAGGTTCTCATTx-1,0.785590766669016
CTACCCAGTTGTCTTTx-1,0.8789500533096085
CTACCCATCGACAGCCx-1,0.9535804588006728
CTCACACGTTGATTCGx-1,0.9791830815887385
CTCAGAAAGAGTACCGx-1,0.7643783632710708
CTACATTGTCGGCTCAx-1,0.7836848091591015
CTACGTCTCTATCCCGx-1,0.9584463254017069
CTCCTAGGTAGCGATGx-1,0.6658753522199767
CTCACACCAATAGAGTx-1,0.9453894337654453
CTCACACTCTACTTACx-1,0.6063247180946304
CTCGGAGCAGGAACGTx-1,0.8433692666746275
CTAGAGTAGTTAAGTGx-1,0.8045341084323421
CTGAAACCAAAGCGGTx-1,0.7618451107541296
CTGAAACCAGATCGGAx-1,0.7843904174862554
CTCGGGACACCAACCGx-1,0.9338084282827283
CTCTGGTGTCATGCATx-1,0.9397804562944468
CTGATCCTCTCTAAGGx-1,0.8322036519022497
CTCGGGAAGCTCCTTCx-1,0.9380445844571704
CTCTGGTGTTAAAGTGx-1,0.9629452111539948
CTCTGGTCACGGTGTCx-1,0.7630673419474013
CTGAAGTGTATATCCGx-1,0.6955845545400898
CTCTGGTAGCTGGAACx-1,0.9585798300865846
CTGAAACGTAAGGGCTx-1,0.9527082854450734
CTGATCCAGGCGTACAx-1,0.8157374287617645
CTCGTACGTAGAGCTGx-1,0.9614794518273029
CTGATCCGTCTTTCATx-1,0.9441724461237471
CTCGGAGGTCAATGTCx-1,0.9337643691787902
CTGATCCGTACCTACAx-1,0.9401489472895996
CTCTACGAGACAGAGAx-1,0.772229550389711
CTGAAACCACATGTGTx-1,0.9491486093469136
CTGATAGAGCGTGAACx-1,0.8386483309074618
CTGATCCGTAAGTAGTx-1,0.8959852828875976
CTCGTACTCAAGAAGTx-1,0.9371305801877847
CTCGTACCACAAGACGx-1,0.9211432992394811
CTCTAATCATGTCCTCx-1,0.6885839050357322
CTCTAATGTGCAACGAx-1,0.9743257388494957
CTGATCCAGAGACTATx-1,0.9506787987658644
CTGAAACTCTGCGACGx-1,0.9342313309202768
CTCGTACAGTGAAGTTx-1,0.7644353494949988
CTGATAGCATCCTAGAx-1,0.8323028808119136
CTCGTCACAAAGTGCGx-1,0.7512471623146187
CTCTGGTCAAACAACAx-1,0.9495131998396804
CTCTACGCAGAGTGTGx-1,0.6620998597962563
CTCTACGCAGCTATTGx-1,0.9579954531682617
CTCGTCAAGTTAACGAx-1,0.7997143713222424
CTCGTCACAACGATGGx-1,0.9456959350349261
CTGATCCTCGTGGGAAx-1,0.9688600098529564
CTCTACGGTCATTAGCx-1,0.8873075362294384
CTGAAACCAAGGTGTGx-1,0.7520023245167792
CTGATCCTCTTATCTGx-1,0.6791991535840936
CTCTGGTTCTTCAACTx-1,0.9359493733333853
CTGAAACAGTAATCCCx-1,0.6863408489929005
CTCGTCAAGCGTGAGTx-1,0.9519764801373526
CTCGGGAGTGTTGAGGx-1,0.9630978698491395
CTGAAACGTCAACATCx-1,0.9127677281798502
CTCGTCAGTCAAAGCGx-1,0.9459778150720817
CTCTAATGTATAAACGx-1,0.955108074253456
CTCTACGTCGGCTTGGx-1,0.9474413636220097
CTCTGGTGTGACGCCTx-1,0.8935474028084341
CTCGTCACAAATTGCCx-1,0.9555461079639602
CTCTACGAGCTACCTAx-1,0.9009588639939535
CTCGGAGGTCCTGCTTx-1,0.9619744572032837
CTCGTCATCCATGAACx-1,0.6869209079690286
CTCTGGTGTTCCACAAx-1,0.9537798124179531
CTGATCCTCTACCAGAx-1,0.7817972037453415
CTGATCCTCTGGCGACx-1,0.7645277615342191
CTGATAGTCTGCTGCTx-1,0.7571052344021982
CTCTACGAGTGCGTGAx-1,0.7753373632855433
CTGATAGGTGTGGTTTx-1,0.7706733407520868
CTCTGGTAGGGCTTGAx-1,0.6549632020024382
CTGATCCGTGAGGGTTx-1,0.9539534873173271
CTGATAGCAAGCTGTTx-1,0.8893369879895043
CTCGTCAAGGCTCAGAx-1,0.9446984028355851
CTCTACGGTAAATGACx-1,0.9732884322403678
CTGATAGTCTTCGGTCx-1,0.9440422512892145
CTCGGGAAGACCCACCx-1,0.9526693246658864
CTCGTACCATTACCTTx-1,0.9593231069467609
CTCGTCAAGAGCTGGTx-1,0.7764859941558081
CTCGGGAGTCGCCATGx-1,0.9457226636376209
CTCTAATAGTTCGCATx-1,0.6946675541439676
CTGAAGTGTATAAACGx-1,0.9236319366847952
CTCTACGGTCTAGCGCx-1,0.951847475833366
CTGAAACCACAACTGTx-1,0.5647782755826477
CTGATCCGTCCGTGACx-1,0.8881682042584127
CTCGTCAGTCTAGTGTx-1,0.7871539417770449
CTGATCCGTTCGAATCx-1,0.9208202418761664
CTCGTACGTTAAGATGx-1,0.9492630866739582
CTCTAATTCTTCTGGCx-1,0.8977794653882547
CTGATAGCATGCCACGx-1,0.9663724710507533
CTCGGGACAATGAATGx-1,0.9412106856718745
CTCGGAGGTCACCTAAx-1,0.8513244301046603
CTCTAATTCTGTACGAx-1,0.7002426187134835
CTCGTCACATCACGATx-1,0.9302882194203855
CTCGTACGTGACCAAGx-1,0.9396524530985049
CTCGGAGGTCTCTTTAx-1,0.7179973668322505
CTCGTCAGTCGCGTGTx-1,0.684624094134444
CTGATCCTCATCGATGx-1,0.9506507241989276
CTCGGAGGTCGCTTCTx-1,0.7898985917641723
CTGATCCGTTCCGGCAx-1,0.9527758003049736
CTCGGGAGTCTAGAGGx-1,0.9298818484885683
CTCTGGTTCGCCGTGAx-1,0.9631852595884723
CTCTGGTTCGGTTCGGx-1,0.7014841409251954
CTCGTACTCGGCATCGx-1,0.9774198932883356
CTCGTCAAGATCCGAGx-1,0.9400605373288269
CTGATCCAGGCAGTCAx-1,0.8083449248252854
CTCGGGATCTGCGTAAx-1,0.7742348507388135
CTTAACTAGTCGTTTGx-1,0.9515660664703774
CTGGTCTAGGTGATATx-1,0.9453644383244271
CTTCTCTTCAAACCACx-1,0.8507819742379321
CTGCTGTCAGTGGAGTx-1,0.9473728543663921
CTGCGGAGTCCAGTGCx-1,0.7682057768027853
CTGTGCTCATGCAACTx-1,0.9230715621985064
CTTAGGAGTCCAGTTAx-1,0.9638469371150902
CTGTGCTAGTGCGTGAx-1,0.9586358945652448
CTTAGGAGTCACCCAGx-1,0.7924403339694543
CTGCGGAAGCTGAACGx-1,0.7841802370568322
CTGCTGTAGGATATACx-1,0.7506315700087268
CTTAACTTCCCTTGCAx-1,0.8658033796172885
GAAACTCGTGTGAATAx-1,0.7577577426938609
CTGTGCTGTAGCGCTCx-1,0.9448222604545589
CTGCGGAAGAATTCCCx-1,0.9547931239570973
GAAATGAAGCAGGTCAx-1,0.9274377298616676
CTGTTTAAGCTAAACAx-1,0.9574998327076282
CTGGTCTTCCGCTGTTx-1,0.7813951581458738
CTTACCGTCATCACCCx-1,0.8121057514389088
GAAACTCTCGCATGGCx-1,0.6960704916325161
CTGCGGAAGGCGATACx-1,0.9455341045982961
CTTCTCTAGTCTTGCAx-1,0.9586719379885742
CTTTGCGAGTTAGCGGx-1,0.9182661643785113
CTTACCGGTCTCTTTAx-1,0.9434695768019955
CTGCGGATCTCCAACCx-1,0.8292404831074542
CTTAACTGTCTAGCGCx-1,0.951422817952922
CTTGGCTAGGCTACGAx-1,0.7739291081228321
CTGCGGAAGACTGTAAx-1,0.9251203611818557
CTGTGCTCAGAGCCAAx-1,0.9562208273628108
CTGTTTAGTGTGCCTGx-1,0.873925196645019
CTGTTTAGTCCTGCTTx-1,0.7449647943003741
CTGTGCTTCGTCGTTCx-1,0.803952005825305
GAAACTCAGGTGCAACx-1,0.9354414966251108
CTGCCTAGTTTCGCTCx-1,0.7284679951940494
CTGGTCTAGTCATCCAx-1,0.7454845501971111
CTGGTCTGTCTCTCTGx-1,0.9191787698992545
CTGGTCTCAGGACGTAx-1,0.9393625562368101
CTGCTGTAGCTAGTTCx-1,0.9648668553348333
CTTTGCGAGACTCGGAx-1,0.9193611083468747
CTGTGCTCAATGTTGCx-1,0.9393567021730175
CTTAGGATCATGTAGCx-1,0.954272481252752
CTTTGCGGTTCAGTACx-1,0.739158015406707
CTTAACTGTCTGCGGTx-1,0.9589034438570355
CTTAGGATCGTAGGTTx-1,0.7172419852602797
CTTAGGAAGTAAGTACx-1,0.9082620020272717
CTTGGCTCATCTATGGx-1,0.9566959060833244
CTGGTCTCAAATACAGx-1,0.8321714791055842
CTGTGCTAGAATCTCCx-1,0.6984858594165494
CTGTTTAGTCTAAAGAx-1,0.7606251777627967
CTTTGCGTCAGTCAGTx-1,0.7826715238623886
CTGCGGATCCAGATCAx-1,0.9508555597703847
CTTACCGCAAGTCTGTx-1,0.9635477896639612
CTGTTTAAGCAATCTCx-1,0.9784688167616368
CTGCCTACATTATCTCx-1,0.9560215455235681
CTTGGCTCACATCTTTx-1,0.9467586715747236
CTTTGCGAGCCAGGATx-1,0.9406921153478875
CTGTTTAAGGCCCGTTx-1,0.791295504885577
CTTGGCTGTTCCTCCAx-1,0.7401903980964742
CTTAACTTCTTAGCCCx-1,0.7361262777428367
CTTTGCGCATATACCGx-1,0.953441510245574
CTTTGCGTCGTAGGAGx-1,0.7339179038936119
CTGCGGAAGTCGTTTGx-1,0.5155046952400484
CTGCCTATCTTGTATCx-1,0.9489314700499168
CTGTGCTGTGCAGGTAx-1,0.9428236569837111
CTTACCGTCAACGAAAx-1,0.8525570135561911
CTGTGCTTCATAACCGx-1,0.8566442318609304
CTTACCGGTACGCACCx-1,0.7828765851320051
GAAATGAAGTTGTCGTx-1,0.5325715715232506
CTGTGCTCAAATCCGTx-1,0.9528113758207631
CTGTTTAGTTTACTCTx-1,0.9502524502073983
CTTAACTTCAACGAAAx-1,0.9695241850322082
CTGCCTAAGCCAACAGx-1,0.950024419624518
CTGGTCTAGCGCCTTGx-1,0.9441918034573294
CTGTGCTGTAGATTAGx-1,0.9515680798485466
CTGGTCTAGTTACCCAx-1,0.5995843957658353
CTGTTTAAGAAACCGCx-1,0.9673023727945568
CTTTGCGTCAAAGTAGx-1,0.7482638180603446
CTGTGCTCAGCTGCACx-1,0.9586858804570285
CTGGTCTTCTGCCAGGx-1,0.7797648177548522
GAAATGAAGCTGCCCAx-1,0.5804788204983012
CTGTTTAAGGGCTCTCx-1,0.958182960407956
CTTGGCTCATTGCGGCx-1,0.7136015341612105
CTTAACTGTCTGCAATx-1,0.9523242280894954
CTGGTCTCAATCACACx-1,0.678966090825375
CTTAGGACAGTACACTx-1,0.954016669438753
CTTTGCGTCACAACGTx-1,0.952772031781108
CTTCTCTTCGCGTAGCx-1,0.8167035860177453
GAAACTCCATTCCTCGx-1,0.9545818332742606
CTGTTTAGTGCCTGCAx-1,0.7414071709460573
CTGCGGATCTGTCAAGx-1,0.8915649509024475
CTTTGCGGTTCGCGACx-1,0.8995460528896335
CTGCCTAGTTGTCGCGx-1,0.9436494389007729
CTTTGCGCAGTAAGCGx-1,0.790134075213522
CTTGGCTGTAGCGCTCx-1,0.7395840876999663
CTGCGGATCTCTGCTGx-1,0.948526340105272
CTTACCGTCTTCTGGCx-1,0.6413513029161096
GAACATCCACAGGAGTx-1,0.9249475537923536
GACAGAGTCTTACCGCx-1,0.7564519199889901
GAAATGACAATGAATGx-1,0.9494189021882867
GACGGCTGTTGCGTTAx-1,0.8966245563817048
GAACGGAGTATGGTTCx-1,0.7493715086087572
GACAGAGCATCACAACx-1,0.9317575530099774
GAATGAAAGTGGAGAAx-1,0.7851654589175666
GACGCGTGTCGCATCGx-1,0.9405580709533252
GACAGAGTCCCACTTGx-1,0.7757486227846574
GAACCTAAGTAAGTACx-1,0.9799575527197922
GAATAAGGTTCAGCGCx-1,0.81984842995421
GACGGCTCAGGAACGTx-1,0.7851016000138317
GAACGGATCTTGAGGTx-1,0.822181322921823
GAAATGAGTTAAGGGCx-1,0.9159712727288956
GAATGAACAGCCAGAAx-1,0.8557812879101218
GAACCTACACACTGCGx-1,0.9510115654300823
GAACCTATCACAGGCCx-1,0.7554795843186123
GAACCTAGTGTGGCTCx-1,0.9522170770308163
GAACATCGTATGAAACx-1,0.9393795774555095
GAAGCAGGTGCCTTGGx-1,0.9564331743815483
GAAGCAGTCCAGTATGx-1,0.7848767703121821
GAACCTAAGGGAAACAx-1,0.9497838976508517
GACCAATTCCTTAATCx-1,0.7679129149961101
GACACGCTCTTACCTAx-1,0.775320379016866
GACGCGTTCTGGGCCAx-1,0.5888223142267752
GACGGCTTCGCCGTGAx-1,0.9560207435850924
GAAGCAGTCTCCAACCx-1,0.7788881098268748
GAATGAAGTCGCTTTCx-1,0.8984644181508945
GAATGAATCCCTTGTGx-1,0.42122502198537903
GAACCTAAGGGAGTAAx-1,0.7944946353321958
GAATGAAGTGAAGGCTx-1,0.8669056759388335
GAACATCAGACCGGATx-1,0.7253302327206044
GACGGCTTCTTTACGTx-1,0.9205447085305206
GACGCGTTCCAGGGCTx-1,0.9385749541391842
GAATAAGCAAACGTGGx-1,0.9452858054348777
GACGGCTCACTATCTTx-1,0.9518498746684412
GACCAATTCGCAGGCTx-1,0.7920173905497644
GAATGAATCTGCAGTAx-1,0.933415839813341
GACGGCTAGCCGGTAAx-1,0.9561084502775572
GACCTGGTCTTCATGTx-1,0.9324202966923216
GAATAAGAGTGATCGGx-1,0.9360968126386263
GACGTTAAGAGCTGCAx-1,0.922822447894244
GACGCGTGTCTCTCGTx-1,0.7910791249256663
GAACATCAGCCACTATx-1,0.9478586371339022
GAACATCTCATGCAACx-1,0.9412741894544926
GAACATCTCTCTTATGx-1,0.7276159523029928
GAATAAGTCTGCTGCTx-1,0.9551344430837236
GAATAAGAGCGTCAAGx-1,0.670910973374377
GAACATCGTCTTCTCGx-1,0.9192887956957464
GACCTGGGTACAGTGGx-1,0.95637770673673
GAACGGATCGTTGCCTx-1,0.9336779307715416
GAACGGAGTAGCCTATx-1,0.7656378866694055
GACGGCTTCTCACATTx-1,0.763183658339179
GAACCTACACAGGAGTx-1,0.5993282530946715
GAACATCCATGAGCGAx-1,0.7460904780641808
GAACATCTCTTAGCCCx-1,0.8803354680675755
GAACCTATCAAGGCTTx-1,0.7728776267266835
GACGGCTTCTACTTACx-1,0.785510573199938
GACCTGGCAGGGAGAGx-1,0.8895260367174282
GAATGAATCAGGTTCAx-1,0.9653468845208989
GAATGAATCAGGCAAGx-1,0.8493320460435121
GAACGGAAGTGACTCTx-1,0.8940539442774176
GAACCTAGTACCGTATx-1,0.9412256971574167
GACCAATCAGTGACAGx-1,0.963361513199078
GAACATCAGCAGGCTAx-1,0.8425337352223315
GAACGGAGTTGCGCACx-1,0.9556311851284726
GAACCTAAGACTACAAx-1,0.9646471979653435
GACGTGCCACCTATCCx-1,0.4333959459658511
GAATGAACAGGATTGGx-1,0.9251282850984676
GACAGAGGTGCTCTTCx-1,0.6537093922254352
GACAGAGTCTACTTACx-1,0.9432133208700635
GACCTGGAGGTTACCTx-1,0.9396028311965631
GACGCGTAGACAAGCCx-1,0.7541757751344071
GAATGAATCTCGTTTAx-1,0.9321092798847613
GACGGCTGTGTAATGAx-1,0.9424923235696189
GACGCGTGTTTAGCTGx-1,0.9532746430626947
GAAATGACATTTGCTTx-1,0.8119638781236874
GAACCTAAGGCATTGGx-1,0.9567661485121361
GACGCGTAGGTGATATx-1,0.9651385536599384
GAAGCAGTCGTGACATx-1,0.950335219615876
GAACGGATCCACGTTCx-1,0.951239360182571
GACCTGGGTGTGGCTCx-1,0.9289549701288898
GAACATCCAAGCCATTx-1,0.9047524479997269
GAATGAAAGATCCGAGx-1,0.7488280070574117
GACCAATAGTCTTGCAx-1,0.7684190725483666
GACGCGTCAGCGTCCAx-1,0.950214666857308
GACGGCTTCAAGGTAAx-1,0.9696819165888215
GACCAATTCAACGCTAx-1,0.7723546432850119
GAACATCCACAACGCCx-1,0.9181552201681592
GACCTGGAGGAACTGCx-1,0.8499940226584946
GACGGCTGTCGGCACTx-1,0.9651983713800054
GAACCTACATGTAAGAx-1,0.772249165353333
GAACGGAAGGGTCTCCx-1,0.7972612915811312
GACGGCTTCTTGGGTAx-1,0.933306139896805
GACGTTATCCAGATCAx-1,0.9395480407154062
GATCGTAGTGACTCATx-1,0.8897863439269217
GAGTCCGTCCAGAGGAx-1,0.7704569391726116
GATCAGTCACGTTGGCx-1,0.9187512397307572
GAGTCCGCACTTCTGCx-1,0.5479636697373066
GAGGTGATCGTCACGGx-1,0.822502989203608
GAGGTGACAAGCCCACx-1,0.7547819407559856
GACTACATCAACACTGx-1,0.9186061880874657
GACTACATCCACGCAGx-1,0.9570608065382571
GATCAGTAGCGCCTTGx-1,0.855295392380991
GACTAACGTGATAAACx-1,0.9254872798545387
GACTAACTCTTGAGGTx-1,0.7745199491871968
GAGTCCGCACCCATTCx-1,0.908651624816572
GAGGTGAGTACTTCTTx-1,0.761425720718833
GAGCAGACAAAGAATCx-1,0.781645147151646
GATCGTATCGGAGGTAx-1,0.773818252585843
GACTGCGAGGTAAACTx-1,0.8658814528413172
GAGGTGATCGAGAGCAx-1,0.9519765323401158
GATCGTACACGTCTCTx-1,0.9454192629072365
GACTGCGAGACGACGTx-1,0.934273953052037
GAGCAGAAGTAGCCGAx-1,0.9558734620390964
GAGGTGACACGTAAGGx-1,0.8789103097725552
GAGGTGATCATATCGGx-1,0.8748977095954541
GACTAACCACTTAACGx-1,0.8109952662406746
GACTACAAGGGTGTTGx-1,0.8419569341475228
GATCGATGTAGCCTATx-1,0.9380868050821521
GATCTAGAGCTAGGCAx-1,0.7919572701867706
GACGTTACAGCATACTx-1,0.7799232260939613
GAGGTGATCATGTCCCx-1,0.9418985556486752
GAGGTGAGTAGCAAATx-1,0.7649954255366768
GACTACATCTAACTCTx-1,0.7375773827920066
GATCAGTAGTCAATAGx-1,0.7902544202495317
GAGTCCGCAATAGCGGx-1,0.773213353697424
GATCGTACATAACCTGx-1,0.7098749039473077
GAGGTGAGTGCAGTAGx-1,0.7167881054353509
GATCTAGCACCTATCCx-1,0.9263908342029162
GACTAACCACATTCGAx-1,0.8078095101704803
GAGGTGAAGAAACCGCx-1,0.8263969146689422
GATCGATTCCTATGTTx-1,0.778716794499811
GACGTTAAGCTAGTTCx-1,0.9241176518409947
GACTGCGGTTAAGGGCx-1,0.9611392131039311
GACGTTACACTCAGGCx-1,0.9475634780613716
GAGCAGATCGGAATCTx-1,0.9283632428049393
GATCGATCAGTAAGCGx-1,0.9540476645656303
GACGTTACATATGGTCx-1,0.8853698145176396
GATCGATCAAAGCGGTx-1,0.8972581816533536
GAGCAGACATAAAGGTx-1,0.8299808735280804
GAGTCCGCAGGATCGAx-1,0.7835168604076889
GATCTAGAGGGCATGTx-1,0.40241891006058467
GATCAGTCAAGTCTGTx-1,0.8515307424839932
GACTGCGTCTACGAGTx-1,0.9446347978627091
GACTAACTCCCTCAGTx-1,0.9455721391507559
GAGTCCGAGCGCTCCAx-1,0.9556439287879852
GACTAACGTATTCTCTx-1,0.8430992042881482
GATCAGTAGCGGCTTCx-1,0.9624975794363386
GACGTTATCTTCGGTCx-1,0.6913927427415916
GAGCAGACACCGAATTx-1,0.9539691268862655
GACGTTATCTTACCGCx-1,0.8957787831694323
GAGCAGACAAAGTGCGx-1,0.957599091760385
GATCGATTCTCTGCTGx-1,0.9478671258784864
GAGCAGAGTTATCCGAx-1,0.9441992008943411
GATCGCGCAATGGAATx-1,0.8402422491544215
GAGCAGACAGTTCCCTx-1,0.9488473761917003
GATCGTACATTCTTACx-1,0.9007520670622879
GACTGCGCAGCCAGAAx-1,0.9101231011497977
GATCGCGCATGTCGATx-1,0.7400879068884103
GACTAACGTTAAGATGx-1,0.902075200739179
GATCGCGGTGAGGCTAx-1,0.7375096073864406
GAGTCCGAGGGTCGATx-1,0.9500872337316917
GAGCAGAGTGAAGGCTx-1,0.8507841093505174
GAGGTGACAGCCAATTx-1,0.9427032667515811
GATCGTAAGTCTCAACx-1,0.7641095663178035
GATCGATGTGCTGTATx-1,0.9517134234656011
GATCGTATCTACGAGTx-1,0.9086975701471083
GACTGCGGTCACAAGGx-1,0.9316315119232111
GATCGCGCAGCTGCTGx-1,0.943818664188724
GATCTAGAGTATCGAAx-1,0.9264160666311096
GATCGCGCAGTAGAGCx-1,0.6852507375456178
GAGTCCGGTTCGAATCx-1,0.7752596382165458
GATCGATCACAGTCGCx-1,0.9495265021615118
GATCGTAGTTAAGAACx-1,0.955106633416715
GACTAACAGTGATCGGx-1,0.7394737849565258
GACTACAAGACCTTTGx-1,0.7773829661343211
GATCAGTAGTACATGAx-1,0.9376866215865309
GATCTAGAGTAGATGTx-1,0.7477622811869283
GACTGCGAGTGTACCTx-1,0.9438570123750142
GACTGCGTCCTAGTGAx-1,0.949912390590751
GACTAACTCTCGCTTGx-1,0.7399057269160878
GACTACAAGCTGATAAx-1,0.9665525573601206
GATCGATAGGATGGAAx-1,0.7594141849181452
GATCGCGCAATCAGAAx-1,0.9336917489340854
GACGTTATCACCCGAGx-1,0.9523867988793984
GACTAACGTAGGAGTCx-1,0.7573805507388129
GAGGTGACACGCATCGx-1,0.8247473864741114
GATCGCGAGGGAAACAx-1,0.957282118318102
GAGCAGATCGAACGGAx-1,0.8042940159530868
GAGCAGAGTCGGCTCAx-1,0.9444701759116176
GACTAACCACACCGACx-1,0.7827902846887971
GAGCAGATCGGATGTTx-1,0.7847847223734065
GAGTCCGAGCTTTGGTx-1,0.9695854875199137
GCAGTTACATTCTTACx-1,0.8857136396174162
GCACTCTTCGTGGGAAx-1,0.9217043364318181
GCAGCCAAGAGTGACCx-1,0.595287942429114
GCACATAGTTAAAGTGx-1,0.7607837823175244
GCAATCAGTGTATGGGx-1,0.9395211200721049
GCACTCTCAACGATCTx-1,0.9024100300084739
GATTCAGTCACTTACTx-1,0.9473982401081735
GATGAGGCACAGGAGTx-1,0.7578384150235216
GATGAAACATGTTCCCx-1,0.7667577583860944
GCACATATCGGTTCGGx-1,0.9161630625325737
GATCTAGTCTAACTCTx-1,0.9555884273015177
GATCTAGCAGGGTACAx-1,0.6942865832376994
GCATACACAACACCTAx-1,0.943293416867006
GCATACATCGAACTGTx-1,0.9406486789171761
GCATACATCCCATTTAx-1,0.9472168373336345
GATTCAGGTATATGAGx-1,0.7552686632195768
GATTCAGCAAGGACACx-1,0.9535910819478627
GCATGATAGGACAGCTx-1,0.9413769900373886
GCACTCTAGAAGGACAx-1,0.7083778791500078
GATGAGGGTTAAGACAx-1,0.9541323956261285
GATGCTACATTACCTTx-1,0.9512697107199161
GCATACACACGTGAGAx-1,0.9684947792152788
GATTCAGCAGTTCATGx-1,0.8842438367393225
GATGCTACAACACCCGx-1,0.7632204831789114
GCACATAAGACTGGGTx-1,0.7748778173702274
GCACTCTGTAAACACAx-1,0.9739505994877954
GCAAACTGTTCCCTTGx-1,0.7664736725705708
GATTCAGAGCGATGACx-1,0.8310280739046257
GCAGTTATCACCTCGTx-1,0.9098416086722657
GCACTCTCACATGGGAx-1,0.6503092898860986
GATGAGGGTCATGCATx-1,0.9574885898245474
GATGAAACACGGCTACx-1,0.9637226427483314
GATGCTACATCGGGTCx-1,0.7868014391684939
GCAGTTACAAGTTAAGx-1,0.9533159257055458
GATGCTACAACAACCTx-1,0.683851042549608
GCAGCCACAGGTTTCAx-1,0.7572770695580169
GCAAACTAGTTGTCGTx-1,0.9558354446900147
GATGAGGGTGGCTCCAx-1,0.9559325847349461
GATTCAGCAATGGTCTx-1,0.9543363184874288
GCACTCTGTTAGGGTGx-1,0.9175937179524102
GATGCTATCCGGGTGTx-1,0.8224626644505261
GCAGCCACAAGACACGx-1,0.8997745616058151
GCACATACAGCGATCCx-1,0.7053475413264861
GCAGTTATCCGTTGCTx-1,0.9435571788525609
GATTCAGGTGACTACTx-1,0.6336504962358994
GATGCTAGTAAGTGTAx-1,0.9251851203677276
GCACTCTAGCGTAATAx-1,0.9532612073591455
GCACATAGTACCATCAx-1,0.7555157498767325
GATTCAGGTTGATTGCx-1,0.7962115987853937
GCACTCTTCTTAGCCCx-1,0.9482393405925921
GCAGTTAGTCGCCATGx-1,0.6760838759289887
GCAATCATCCCTAACCx-1,0.8393433140938067
GCATGATCAAGGACTGx-1,0.6217618823109476
GCAGCCAGTGGTGTAGx-1,0.9573224648263474
GCAGTTATCCCATTATx-1,0.939148536046565
GCAGTTATCAAGCCTAx-1,0.7762143447603249
GATGAAAAGGTCGGATx-1,0.9430533499707245
GATGAGGCACGGCGTTx-1,0.9033185604351576
GCATACAAGGCATTGGx-1,0.7591707543604092
GATTCAGAGCACAGGTx-1,0.7354439509049188
GATGAGGAGGTAAACTx-1,0.8248397040263102
GCACATAGTGATGATAx-1,0.9422477184090435
GCACTCTTCACAGGCCx-1,0.9577953295297588
GATGAGGGTCTCAACAx-1,0.955271766355455
GATGAGGAGTGCCAGAx-1,0.7111642292678437
GATCTAGCAGCTGCACx-1,0.9315829095409317
GATTCAGTCGGTGTTAx-1,0.87492678458077
GCAATCAGTTCGTTGAx-1,0.758186679041469
GATGCTAGTCATTAGCx-1,0.7983608373802006
GCAGTTATCAAGAAGTx-1,0.760282354604515
GATGAGGAGGCATGGTx-1,0.9588300390465901
GCACATATCAGGCCCAx-1,0.8105929202263003
GATGAAATCAGGCCCAx-1,0.7289457034358463
GATGAAATCCCTCAGTx-1,0.8077909466965965
GATGAGGTCGTTACAGx-1,0.94327744764119
GATGCTAAGCGCCTTGx-1,0.9542171882977498
GCATACACATCCTAGAx-1,0.8495740855574379
GCAGTTACAGTCGATTx-1,0.7920051153862757
GCACTCTCACAAGCCCx-1,0.7578006577399071
GCAAACTCAAGTTAAGx-1,0.9679139956708148
GCAATCATCTTACCTAx-1,0.7633860221002836
GATGAAAAGGCAGTCAx-1,0.9256887676934115
GATGAGGTCCGTTGCTx-1,0.7373669479050307
GATGAGGTCTACTATCx-1,0.7156771626128551
GCAGTTAAGACAGAGAx-1,0.9589478969237737
GCAGTTACACAGCCCAx-1,0.9518223625027968
GATGCTACATCCGGGTx-1,0.9384423280966858
GCAAACTGTCAGTGGAx-1,0.7131582326616213
GCAAACTGTTATCACGx-1,0.8534680103830595
GATCTAGCACGGTTTAx-1,0.9618702352805667
GATGAAAGTTCAGACTx-1,0.6618934331446833
GATCTAGCAGCCAGAAx-1,0.7064345214664032
GCATGATCACCAACCGx-1,0.9477151931332491
GATGAGGCAGTAGAGCx-1,0.8730945249688772
GCGACCACAAAGGTGCx-1,0.8495344968853298
GCGCGATTCGTTGACAx-1,0.8890897603953152
GCGCGATAGGCCCGTTx-1,0.9509839566682458
GCGCCAAAGGGAACGGx-1,0.7608617442897765
GCGGGTTGTACAGACGx-1,0.952579243826595
GCGCGATCAGGTTTCAx-1,0.9456634730369408
GCGCGATGTCTCTTATx-1,0.9547395842717976
GCCAAATGTTACAGAAx-1,0.7535724120695821
GCGAGAAGTAGCGTCCx-1,0.9162889851001078
GCGGGTTCACATCCAAx-1,0.8887195150213415
GCGGGTTAGCTGATAAx-1,0.8743450056721233
GCGCGATTCGGCGCTAx-1,0.9727837494228011
GCCTCTAGTGATAAGTx-1,0.9500267534529798
GCATGTAAGCTCCTTCx-1,0.9600925181546578
GCGAGAATCAACACTGx-1,0.7632019848483081
GCGAGAACATGTCTCCx-1,0.9475664973172737
GCGGGTTTCGTCGTTCx-1,0.6814869593969928
GCGCAACAGGCTCTTAx-1,0.9319842211377632
GCATGTATCGTTACAGx-1,0.9581781222110076
GCGCAGTCAATCAGAAx-1,0.8630487004853655
GCATGCGAGTGTCTCAx-1,0.9415854529070559
GCCAAATCATATGGTCx-1,0.9516737192858501
GCGCGATGTCGGATCCx-1,0.9448424764759403
GCCTCTAGTTCCACAAx-1,0.9638495111460208
GCGCAACGTGTTCTTTx-1,0.7667685113836813
GCGGGTTCACCAGGTCx-1,0.9571837563613329
GCGGGTTCACTCTGTCx-1,0.9489251665118444
GCCTCTACAGGTGGATx-1,0.755431948203803
GCGCGATGTAAATGTGx-1,0.7532886833214342
GCGCGATGTGCACCACx-1,0.954639979396157
GCGGGTTCAGACAAGCx-1,0.9413203203015115
GCATGCGGTCTTGCGGx-1,0.637062955811181
GCGACCAAGACTGGGTx-1,0.5745643688171891
GCGCCAACAACACCCGx-1,0.9396094502080368
GCGCAGTGTTGTCGCGx-1,0.9489461078753005
GCCAAATAGTCAAGCGx-1,0.7501797454762027
GCGCGATTCGAACTGTx-1,0.9496088586150391
GCCAAATAGCGTAGTGx-1,0.9334612707103825
GCGCAACCAGAGCCAAx-1,0.7519204358592766
GCGCGATAGTCGTACTx-1,0.9579043848130294
GCATGTAGTGCACTTAx-1,0.9595662854572934
GCGCAGTAGATGTCGGx-1,0.9466890085901074
GCCTCTAAGTGAACGCx-1,0.859890353475333
GCGCCAAGTTCAGTACx-1,0.7228039340937253
GCCAAATCATAACCTGx-1,0.929836930524032
GCGCAACTCGTACGGCx-1,0.7926303600769428
GCGCCAAGTACATCCAx-1,0.7416589252974807
GCGCGATTCCAGAGGAx-1,0.7842661096197862
GCATGCGTCACAATGCx-1,0.955751049010227
GCGCCAAGTTGACGTTx-1,0.7432901741838586
GCATGTAGTTATCCGAx-1,0.9542213035248545
GCGCAACCAATAGCGGx-1,0.9202833341603632
GCCAAATAGTTGCAGGx-1,0.8717058664715196
GCGCCAAGTCTCATCCx-1,0.6931500983417528
GCGCAACAGCGTGTCCx-1,0.9515300850475457
GCGCAGTCAAACCCATx-1,0.7678416357645889
GCGCCAATCTGACCTCx-1,0.9398816392592575
GCATGTATCCATGAGTx-1,0.94781695604083
GCATGTATCTTTACGTx-1,0.9711869788077918
GCGACCACACGAAGCAx-1,0.7512280807808172
GCGAGAACACGGCCATx-1,0.9482194497345806
GCATGCGTCAATAAGGx-1,0.8675516576821497
GCATGTACATGGTCTAx-1,0.8145500968821451
GCGACCATCTTAACCTx-1,0.866243602087311
GCGCAGTTCTTGTTTGx-1,0.8992063628115756
GCGAGAACACCCAGTGx-1,0.9535684852001157
GCGCAGTCACGAAGCAx-1,0.9576125570570155
GCCTCTACAGAAGCACx-1,0.929624903151833
GCATGCGGTACTCTCCx-1,0.7595386976577096
GCCAAATCACCAGCACx-1,0.9551798605424074
GCGCAGTAGACAGAGAx-1,0.951726346867545
GCATGCGGTGGTGTAGx-1,0.9613931445176811
GCGCCAACAAAGTGCGx-1,0.9540976337702847
GCGGGTTTCTCGAGTAx-1,0.9399924236320649
GCGGGTTTCGTTGCCTx-1,0.970378297560544
GCGCAGTTCGTAGATCx-1,0.9302167662450421
GCGCCAATCGTGGGAAx-1,0.9620162859831193
GCATGTACACCACCAGx-1,0.8967048189173584
GCGAGAAAGTAGCCGAx-1,0.9530767911450477
GCATGCGAGTGTGAATx-1,0.9291178198981879
GCATGTAGTTCCATGAx-1,0.5496747281878406
GCGAGAAGTAAACGCGx-1,0.9304240903370196
GCGCGATTCTCCAACCx-1,0.949751608289418
GCATGATCAGCGATCCx-1,0.9496690342134314
GCGAGAACACTTAAGCx-1,0.7511396577453984
GCGCAACGTACTCTCCx-1,0.9429943116726556
GCGCAGTAGGTCATCTx-1,0.7169172739751838
GCATGCGGTGGTACAGx-1,0.9445396826683609
GCGCCAACAAACTGCTx-1,0.6689660322763488
GCGAGAAAGCTAACTCx-1,0.9703923121531018
GCTCCTAGTATAGGGCx-1,0.9604616363506774
GCGCCAATCAATCACGx-1,0.9200171132614614
GCGCCAAAGGGAGTAAx-1,0.9447673970043262
GCATGTAAGGCTATCTx-1,0.7789335880552215
GCATGTAGTCCGAATTx-1,0.748253179484031
GCCAAATCAGTCGATTx-1,0.7724764755065383
GCTCCTACAAGCCATTx-1,0.9684321835896327
GCGACCACAAAGCGGTx-1,0.6698697803562524
GCTCCTAGTTCAGTACx-1,0.9387018736155724
GCTGCAGCAACGATGGx-1,0.9131075209857807
GGAAAGCAGATGTAACx-1,0.7769709693601375
GCTGCGATCAACGGGAx-1,0.7943550689974919
GGACGTCGTACCGAGAx-1,0.8500414794303702
GCTGGGTAGCACGCCTx-1,0.7619768558435248
GGACGTCCACATCTTTx-1,0.9531566547847552
GGACAAGTCAACGGGAx-1,0.9466801734130287
GGACAAGTCATGCTCCx-1,0.8265797995531338
GGAACTTGTCACAAGGx-1,0.9533983418168062
GCTTGAAAGGGAGTAAx-1,0.9411734368875506
GGAACTTTCTTGTCATx-1,0.7661452780615906
GCTGCGACAGTCAGCCx-1,0.732580153563006
GCTGCGAAGTACGCCCx-1,0.9350274280182796
GGAACTTAGGGAGTAAx-1,0.7299199523380584
GGACAGACAACTTGACx-1,0.7714460748416798
GGAAAGCTCCGCGTTTx-1,0.9604188639577863
GCTTGAAGTACTTAGCx-1,0.9539533603175255
GGAAAGCAGCAGCGTAx-1,0.9535382824436847
GGAATAATCGTCCAGGx-1,0.83763326603738
GGACATTTCTTCCTTCx-1,0.5401425955033613
GGAAAGCAGTCATGCTx-1,0.50736155727754
GGAATAACACAGCCCAx-1,0.9533686495610134
GGACATTGTGTGTGCCx-1,0.8666592032841491
GGAATAAGTCGCTTTCx-1,0.8513718711046192
GCTGCAGCATGAAGTAx-1,0.9078886242616092
GCTGCTTTCTTAGCCCx-1,0.7719413759525237
GGACAGACAATGCCATx-1,0.9473711342734619
GCTGCGATCCGTTGCTx-1,0.9523807664215771
GCTGCGAAGGAATCGCx-1,0.9225788811196182
GCTTGAATCCGCATAAx-1,0.9408034787827727
GGACAAGGTCTGCCAGx-1,0.8986871166002901
GGAATAATCTCAAGTGx-1,0.4709974390485685
GGACATTCATACTACGx-1,0.6392288769638838
GCTGCTTAGTAGCCGAx-1,0.6935816490480994
GGACATTTCTTGAGACx-1,0.8000981149581509
GCTGGGTTCGTTACAGx-1,0.76255881915009
GCTGGGTGTAGCGTGAx-1,0.960361495142159
GCTTCCAAGATATGGTx-1,0.7594000771041859
GGACAGAGTTCTCATTx-1,0.8515144728800756
GCTGCTTGTCCATCCTx-1,0.9242741333715082
GGAACTTGTGTGCCTGx-1,0.9393818491781163
GCTGGGTCAGCCAATTx-1,0.79894590693691
GCTTCCAGTTACCAGTx-1,0.9285438314284213
GGAATAAGTATCAGTCx-1,0.8485356385992655
GCTGCTTCAGGATTGGx-1,0.7212599946841309
GCTTCCAGTGACTACTx-1,0.7851399669640324
GGACATTGTCACCCAGx-1,0.6740946514409843
GGAATAAAGCTGCGAAx-1,0.9298823033899499
GCTCTGTTCACCACCTx-1,0.7740053382552642
GCTGGGTTCAACACGTx-1,0.9487324097824819
GGAACTTAGGGCTCTCx-1,0.8672505830048841
GCTTGAATCGTTGCCTx-1,0.6443138447074052
GGACGTCAGAGGTTATx-1,0.8421684802106055
GCTTCCATCGCGATCGx-1,0.788891912608114
GGACAGAAGATGTCGGx-1,0.9373518140212197
GGACATTCATCGGAAGx-1,0.9525439940329414
GGACATTCAGTCACTAx-1,0.9284300743786537
GGACAGAGTCCATGATx-1,0.9542702333540531
GCTTGAACAGGGTACAx-1,0.7973368179398138
GGAAAGCTCAGCTTAGx-1,0.8085120685994196
GCTCTGTTCAATCTCTx-1,0.8162432203692249
GCTGCGAAGGCTACGAx-1,0.9581786757945397
GGACGTCAGTATGACAx-1,0.9590126751684452
GCTGCTTGTAGGGTACx-1,0.7689141480424809
GCTTCCAAGCAGATCGx-1,0.7352490528026174
GGAATAAAGCGATCCCx-1,0.8580635429420674
GGACAAGAGTTATCGCx-1,0.727718670766345
GGACATTAGCTAACTCx-1,0.9539706988272372
GCTCCTAGTTGCCTCTx-1,0.8104493386701542
GGACATTAGACACGACx-1,0.9476520451554786
GCTTGAACATCGGTTAx-1,0.9627374173010831
GCTGCTTTCGACCAGCx-1,0.8537777347156547
GGAAAGCGTCCGTTAAx-1,0.9654459166899894
GCTGGGTCATTGAGCTx-1,0.5476470299997585
GCTGCAGAGTCTCAACx-1,0.9583526710842984
GCTTGAATCTAACGGTx-1,0.9276713795437403
GCTTGAATCCAAACACx-1,0.9315577668882752
GGAAAGCAGCTGCCCAx-1,0.9521238165574127
GGACAAGAGCTAGGCAx-1,0.955306954552826
GGACATTGTTATCGGTx-1,0.6546038764423726
GCTTCCACACTTCTGCx-1,0.9005274959686055
GCTTCCAAGGATCGCAx-1,0.9392190461665337
GCTGCGATCATGCATGx-1,0.9551178849107971
GCTGCGATCGTTACAGx-1,0.6860593765756576
GGACAAGTCCTTTCGGx-1,0.9523059772619332
GCTTCCAAGCTAACTCx-1,0.9140155535384537
GGAATAAAGGTGTTAAx-1,0.9665903808422016
GGACAAGCAGGAACGTx-1,0.9541140731192149
GCTGCTTCATGGAATAx-1,0.8143729132137546
GGACAGAGTGAGGGAGx-1,0.8966663611951898
GGAACTTGTTCCCTTGx-1,0.790296042690588
GGACATTCAAGCTGAGx-1,0.7722517943638353
GCTGCAGGTCAAAGATx-1,0.7629776290076384
GGACGTCGTCCGTTAAx-1,0.6930377052285057
GGACAAGAGGAGTTTAx-1,0.8171509119998652
GGATTACCAAGAAGAGx-1,0.9331021149280709
GGCCGATCATTCCTCGx-1,0.9526913281083539
GGACGTCTCAACTCTTx-1,0.5762460148847822
GGCCGATTCGTCGTTCx-1,0.7319170706720244
GGGAGATTCTGGCGACx-1,0.8990337302112172
GGCAATTGTAGGGTACx-1,0.958675617133998
GGCGTGTTCCCTAACCx-1,0.7428131644182224
GGAGCAAGTATAAACGx-1,0.6923456932088021
GGGAATGCAAACGTGGx-1,0.9445458049358364
GGATGTTGTTCCCGAGx-1,0.956514675795691
GGATTACAGTAGGTGCx-1,0.8962211739458029
GGATTACTCTGAGTGTx-1,0.7808380970798102
GGCTGGTTCAACACGTx-1,0.937394630498522
GGCTGGTCATATGGTCx-1,0.659915730598876
GGAGCAACACAGGAGTx-1,0.6164372078161525
GGGAATGAGGGAACGGx-1,0.9526187438898835
GGCGTGTGTAGAAGGAx-1,0.9160352569662694
GGGAGATCATTACGACx-1,0.8942841863538384
GGGAATGCAATCCAACx-1,0.9476296196527716
GGATTACGTGGCCCTAx-1,0.9590129534991407
GGATGTTGTGTTCGATx-1,0.8287845831959945
GGCTGGTAGCTAGGCAx-1,0.9523034625634182
GGCCGATGTGCCTGCAx-1,0.9543108877608529
GGAGCAACACCTCGGAx-1,0.5165757350384241
GGCTCGACATTCTTACx-1,0.7904229593153326
GGGATGACAATACGCTx-1,0.5638382456584087
GGATGTTAGGGTGTTGx-1,0.9431286104618424
GGATGTTGTTATCCGAx-1,0.9281516208059167
GGCGACTTCTCGAGTAx-1,0.6552363197015513
GGCGTGTCATCATCCCx-1,0.7858407939163962
GGCGACTTCGTCACGGx-1,0.9487252497937049
GGCTCGACAAGCGAGTx-1,0.7843109506817874
GGATTACTCACTTCATx-1,0.9542435503715215
GGCGACTTCTGTTTGTx-1,0.9340567006805852
GGATTACAGCTGTTCAx-1,0.6119799161513267
GGCTGGTAGATATGGTx-1,0.6966037140555813
GGATTACCATCCCATCx-1,0.6727865571531486
GGATGTTCAGACGCTCx-1,0.9551956225490423
GGCCGATAGGCGACATx-1,0.8229768522330029
GGCAATTGTCGAATCTx-1,0.7498119448321873
GGCGACTAGAGGGATAx-1,0.953019356011933
GGCCGATGTGAGTGACx-1,0.9244005489999215
GGACGTCGTTCCCGAGx-1,0.7306674777655418
GGATTACCAGTTTACGx-1,0.9520478340814182
GGAGCAATCCGAGCCAx-1,0.9118648304540216
GGCAATTTCCGGCACAx-1,0.7433823736644517
GGACGTCTCCGTAGTAx-1,0.95347670677909
GGATTACGTGATGCCCx-1,0.9483569648033277
GGCTCGACAGCCAATTx-1,0.9579354874468972
GGATTACTCAGTTGACx-1,0.9488014141535179
GGCGTGTTCTGTGCAAx-1,0.9602381792941227
GGCCGATTCTTCGGTCx-1,0.894605609284032
GGCTCGACAGTACACTx-1,0.9411636778073483
GGATTACTCATTGCCCx-1,0.9628682188486622
GGCGACTTCAATCACGx-1,0.9540172544693247
GGCCGATAGGTGCACAx-1,0.7429462249425927
GGCGACTGTGGTGTAGx-1,0.7429191226493832
GGCGTGTGTCGGATCCx-1,0.9604020808863046
GGCTCGAGTCGTGGCTx-1,0.9466552900602213
GGCGTGTGTACCGCTGx-1,0.9495259078662944
GGCTGGTTCTCGAGTAx-1,0.9094606834482435
GGCCGATAGACTCGGAx-1,0.9544673691221921
GGGAATGGTCGACTGCx-1,0.7855583626208011
GGCGACTGTCTTCGTCx-1,0.9583806039270886
GGGAATGCACATTTCTx-1,0.89777603145911
GGGAGATAGTCTCCTCx-1,0.9481955933948508
GGAGCAACATGACATCx-1,0.8684166909243851
GGGAATGGTGACTCATx-1,0.8684722879735325
GGGACCTCATGTCGATx-1,0.8084621691181832
GGCTCGATCAGTTCGAx-1,0.9370367303538301
GGCTCGAGTTCGTCTCx-1,0.7823053798092665
GGGAATGCAAGTCTGTx-1,0.7033198310011795
GGGAGATAGTTGTCGTx-1,0.8430520301708456
GGGAGATCAAGTAGTAx-1,0.7558792294295918
GGATTACGTTAAGGGCx-1,0.9538665630488031
GGGAGATTCAAAGTAGx-1,0.7804708457939626
GGCGACTGTGATAAACx-1,0.7614914635835933
GGAGCAACAATCCGATx-1,0.6536638383139578
GGCGTGTGTATGCTTGx-1,0.9351852813357447
GGCGTGTGTACATCCAx-1,0.829595130899908
GGATTACAGGCCCTTGx-1,0.8258930961182088
GGCTCGAGTTCCACGGx-1,0.9632648604467104
GGGAATGCAAACCTACx-1,0.8205382578611726
GGGAGATCAGCTGTGCx-1,0.7361480021188994
GGCAATTTCGCCAGCAx-1,0.8392588951268869
GGCGTGTTCATGCATGx-1,0.9541397185945155
GGGAATGCACCACCAGx-1,0.8117268393666008
GGATTACTCCGGGTGTx-1,0.9220304795713606
GGATTACTCTGCGGCAx-1,0.9474012837032655
GGCAATTTCGGAGGTAx-1,0.9063750016312118
GGAGCAAAGTACACCTx-1,0.8123316834552052
GGCGTGTCAATCTACGx-1,0.9589801121928153
GGGAGATTCAACGGGAx-1,0.9516393911336366
GGCAATTCACCACCAGx-1,0.9530702385095954
GGCTCGATCTGGTGTAx-1,0.7772457700282296
GGGAGATTCTGGTGTAx-1,0.734522143785711
GGAGCAACACCACCAGx-1,0.7815490036393324
GGGACCTAGTGCGATGx-1,0.9509482732197998
GGGATGACAGATAATGx-1,0.9411983027686862
GGCAATTGTTCGTCTCx-1,0.7546352569688343
GGTATTGCATAAGACAx-1,0.9427323979134502
GTAGGCCAGCGGATCAx-1,0.8094116646192199
GGGATGAGTCCGAGTCx-1,0.8035614014416126
GGTGAAGCATACTACGx-1,0.6322270434360137
GTACGTAGTATATGAGx-1,0.8639131928014331
GTACTTTCACGGTGTCx-1,0.736157706944425
GGTGCGTGTATATGAGx-1,0.7743073659325327
GGTGTTAGTACCGGCTx-1,0.9491240915627335
GTACTTTTCTAACCGAx-1,0.9277240267916245
GTACTCCGTGTCAATCx-1,0.9589465501698902
GGGTCTGCATGTAAGAx-1,0.9393179555245054
GTACTTTCAAGGCTCCx-1,0.7911255421465261
GTACTCCTCTGACCTCx-1,0.956490075451532
GTACTCCGTTGGGACAx-1,0.7729355151404412
GTAACGTTCTAAGCCAx-1,0.9626347035711946
GGGCATCGTACAGCAGx-1,0.9537476860984271
GGTGTTAAGTGGTAATx-1,0.7410719271636447
GTAACTGTCTCGGACGx-1,0.919078684005635
GGGTCTGCATGAACCTx-1,0.9605313290865501
GGGTCTGCACTCAGGCx-1,0.95317249576982
GGTGTTAGTCTTGCGGx-1,0.6483348843233444
GTACGTAAGTGACTCTx-1,0.7220224381726655
GTAACGTCACGCATCGx-1,0.7710916573264238
GGTGTTAGTGATAAACx-1,0.9111081029001655
GGGCACTAGGCAATTAx-1,0.918792901519654
GGTGTTAGTAAAGTCAx-1,0.9503979076334316
GGTATTGTCCAAAGTCx-1,0.8642771896197828
GGGTCTGCAAGCTGAGx-1,0.9415025618267169
GTACTTTAGCACACAGx-1,0.96330209092109
GGTGTTAGTGGCCCTAx-1,0.954466459727771
GGGCACTCATCCAACAx-1,0.9615710767406024
GTAACGTGTTCACCTCx-1,0.9636714322215868
GTAACGTGTTAGTGGGx-1,0.880579994183907
GGTATTGGTAGCGCAAx-1,0.8384119793248728
GTACGTATCGGTGTTAx-1,0.9181870082079056
GGTGTTATCTACCAGAx-1,0.9359720419748929
GGTGAAGAGGGATGGGx-1,0.8556202246026513
GGGATGAGTCCTCCATx-1,0.7590302884492948
GTACTCCTCTGGTGTAx-1,0.9553038074617058
GGTATTGAGAAGAAGCx-1,0.9664813349444864
GGGCATCTCGGAGCAAx-1,0.9222870981227952
GTACTTTGTAATCGTCx-1,0.921963402823726
GGGTTGCAGGACCACAx-1,0.8977986690003547
GTAGGCCCATACGCCGx-1,0.8288579959460999
GGTATTGTCCACGACGx-1,0.9596672185705579
GGTGCGTCACACGCTGx-1,0.8812059897586765
GTACTTTGTCGCCATGx-1,0.7845557843199252
GGTGAAGGTCGGCATCx-1,0.8469580049448057
GTAACTGCACACATGTx-1,0.9587884967985041
GGGCATCGTCGCCATGx-1,0.9703356593678285
GGTATTGTCAGTGCATx-1,0.9424850100220813
GTACTCCGTATGGTTCx-1,0.5985709266953999
GTACTCCTCTACTCATx-1,0.9621623580909584
GGTGAAGTCAAGATCCx-1,0.5674188165163665
GGTATTGAGAAGGCCTx-1,0.9573205692041893
GTAACGTAGTTAAGTGx-1,0.9504409618277155
GGTGCGTCAGCTCGCAx-1,0.8191657111558404
GGGTCTGCAACGATGGx-1,0.8232661055134426
GGGCACTAGGTGCACAx-1,0.6913352796851627
GTAACTGGTTCGTGATx-1,0.9639794427357917
GGGTCTGCATTACGACx-1,0.8546889033254023
GTACTTTTCCACGACGx-1,0.81122696055783
GGTGCGTCAGCTTAACx-1,0.9491981088744091
GTACTCCAGGGAAACAx-1,0.9423621274075503
GGTATTGGTGCAACTTx-1,0.8776201240448213
GGGATGACATTTCAGGx-1,0.7729095868462185
GGTATTGAGGATGGTCx-1,0.960486860018901
GGTGCGTCAGGTCGTCx-1,0.9222539176064336
GTACGTAGTACAGTGGx-1,0.9482145255396744
GGTGTTATCTAACTCTx-1,0.9665232670361356
GGTGAAGAGAATAGGGx-1,0.8784116258944338
GTACGTACACATGTGTx-1,0.9546229032341339
GTACGTAAGGCCCTTGx-1,0.870399938599221
GGGATGAGTAAGTGGCx-1,0.954452359236645
GGGCACTAGTGGAGTCx-1,0.947475292390745
GGGCATCCACAGGTTTx-1,0.9591612574788299
GTACTCCAGTAAGTACx-1,0.9531565601728688
GTAACGTCAAGGTTCTx-1,0.9546059469765786
GGGTCTGAGTAAGTACx-1,0.8678124392884852
GGTGAAGCATGGGAACx-1,0.8114435651867538
GGTGTTAGTTCGGGCTx-1,0.8027601176003719
GTACTTTGTGAGGCTAx-1,0.9331049365361284
GTAACTGCAGATCTGTx-1,0.7512008431912133
GGTGAAGTCGAATGGGx-1,0.7250815349401301
GGGTCTGAGGTGATTAx-1,0.7768892218276384
GGTATTGTCACGATGTx-1,0.9461067652058035
GGTGTTACAGGATTGGx-1,0.7744519182627733
GTAACTGCAAGGGTCAx-1,0.9205453739830272
GTAACTGGTGACGGTAx-1,0.7998768346528717
GGGTTGCTCATTTGGGx-1,0.9633117975578633
GGTGTTAGTATTCTCTx-1,0.8879488808143615
GTCGGGTAGACACGACx-1,0.7461768504178429
GTCACAAGTAAACCTCx-1,0.9510983815922308
GTCACGGTCCTAGGGCx-1,0.7328534829115025
GTCACAAAGGGCACTAx-1,0.9241597187598796
GTGAAGGGTCCGTTAAx-1,0.9517217177633065
GTATCTTCATAGAAACx-1,0.9490211700594409
GTCATTTTCGCATGGCx-1,0.9420484002114881
GTCGTAAAGCTCAACTx-1,0.7844423337473954
GTCGGGTGTCCGCTGAx-1,0.9140953597291969
GTATCTTGTTTGGCGCx-1,0.7700850776567878
GTCGTAATCGATGAGGx-1,0.9196756891563104
GTCACAAGTCCCTTGTx-1,0.5689880715989143
GTATTCTTCTTAACCTx-1,0.8784999566722588
GTATCTTGTTTGTTTCx-1,0.9218486736168995
GTCAAGTAGCTGCCCAx-1,0.966139763090941
GTCGTAAAGATAGCATx-1,0.9588508091280166
GTATTCTTCCGTACAAx-1,0.9485750653159168
GTGAAGGGTCAGAAGCx-1,0.9598697412426779
GTATCTTCACGGATAGx-1,0.9409538325559552
GTAGTCAAGTACGTAAx-1,0.8156616929626156
GTCACGGTCAATCTCTx-1,0.7472295894917337
GTCTCGTGTCCGAACCx-1,0.7083728133017606
GTCGGGTCAATGGAGCx-1,0.8390290748859603
GTCAAGTTCTTGAGGTx-1,0.9285891759926835
GTCTTCGTCGTACGGCx-1,0.812011872354952
GTATCTTCACATCCGGx-1,0.9504859921993126
GTCGTAAAGGGAAACAx-1,0.8370945886703584
GTCATTTAGGCTAGACx-1,0.7660937656654172
GTCATTTAGCACCGCTx-1,0.9562010094870544
GTCCTCAGTCATATGCx-1,0.9470683663696302
GTATCTTGTTTCGCTCx-1,0.9103573955005424
GTCGGGTAGATGCGACx-1,0.9056882284877737
GTAGTCATCTGGTGTAx-1,0.7941970872774115
GTAGTCACATGCTGGCx-1,0.9551233334456407
GTCGGGTAGGTGTTAAx-1,0.9547351642121007
GTCGGGTCATCCCACTx-1,0.7231367682697856
GTAGTCATCCTAGAACx-1,0.9503948684932583
GTCTCGTCATATGGTCx-1,0.784075254795966
GTCTCGTAGCTCCTTCx-1,0.7693843825831281
GTCAAGTGTTTGTGTGx-1,0.9522737817066145
GTCTCGTGTTCCAACAx-1,0.693065575221579
GTCTTCGGTTGTGGCCx-1,0.9255115154343112
GTCCTCACAAGGACTGx-1,0.7774150389945291
GTAGGCCGTCATTAGCx-1,0.7427485773324402
GTCACAAAGGTGATTAx-1,0.966625345989118
GTCGTAATCGTTACAGx-1,0.7563482373494302
GTCGGGTCATCGGACCx-1,0.9541676721548424
GTAGTCACATGCGCACx-1,0.9669723934113994
GTCATTTAGCTAGGCAx-1,0.80741843189923
GTCACAACATGCGCACx-1,0.9504083349577627
GTATTCTGTCCGAAGAx-1,0.8482608383441419
GTCTTCGCATATGAGAx-1,0.9610334642233092
GTAGTCAAGTCTCAACx-1,0.9520815418833171
GTATCTTTCTGCGACGx-1,0.8539594851283355
GTCTCGTTCTTTAGGGx-1,0.9212313560898743
GTCATTTAGTCCGGTCx-1,0.910413839461058
GTCACAAAGCCTCGTGx-1,0.9539548358892228
GTCGGGTTCGCCCTTAx-1,0.8400514417964807
GTCATTTGTCGCGTGTx-1,0.9411188896425
GTAGTCAGTTATGCGTx-1,0.9685145848139183
GTCACAATCCTTGACCx-1,0.8826284215089575
GTAGGCCGTGGTTTCAx-1,0.9499299149114461
GTATTCTAGCTCAACTx-1,0.9422323575290575
GTATTCTGTCTAGCCGx-1,0.6714738179965902
GTCCTCAGTAGGCATGx-1,0.7382817862310229
GTAGTCACACTGTCGGx-1,0.9408785770978593
GTCAAGTAGATGCGACx-1,0.9506299541543549
GTCGTAAGTCCTCTTGx-1,0.8626603027778612
GTCCTCATCACCAGGCx-1,0.8562507196612027
GTAGGCCTCGTCACGGx-1,0.7630852540865722
GTCACAAGTACAGACGx-1,0.9268581801877439
GTCAAGTCATTAGCCAx-1,0.734998997887279
GTATCTTGTATATGAGx-1,0.7480235893522746
GTCTCGTTCTCACATTx-1,0.9472104071337403
GTCGTAAAGCCTTGATx-1,0.8986940791080767
GTGAAGGCAGGTCTCGx-1,0.8802034565699685
GTATCTTCACCGAATTx-1,0.9535045767181857
GTCTTCGGTTACGTCAx-1,0.9471380414288002
GTATCTTCAGCCAGAAx-1,0.9509764529845177
GTCACGGCAGCTGCTGx-1,0.4682327924222417
GTATTCTCAGATGAGCx-1,0.7960077620038565
GTGAAGGCATAAGACAx-1,0.9507420178950826
GTCACAAAGGCCCGTTx-1,0.7481390139679173
GTCATTTCAGATCCATx-1,0.8286912042489278
GTCATTTAGACAAGCCx-1,0.89577957090657
GTCGTAATCGGTCCGAx-1,0.946360473743636
GTCACGGAGTCCTCCTx-1,0.7438222920541031
GTCACAATCTAGAGTCx-1,0.8148320182964318
GTCTCGTCACCTGGTGx-1,0.6862377696756209
GTCCTCACAATCCAACx-1,0.7669795095183167
GTCACGGAGCTACCGCx-1,0.7568927816631743
GTCACAACAGACAAATx-1,0.9500336055689121
GTAGGCCTCTCCAGGGx-1,0.7900805101755718
GTCACGGAGGTCGGATx-1,0.9515875886303624
GTCAAGTAGCTAACAAx-1,0.9555614066775224
GTAGGCCGTCAGGACAx-1,0.9541839497777578
GTTCTCGTCACCACCTx-1,0.7450684680987419
GTTTCTACATTTGCCCx-1,0.9280571537971773
GTTCATTGTTCGAATCx-1,0.9408068751188624
GTGGGTCGTGATGATAx-1,0.8792987009699144
GTTCTCGAGGGTTCCCx-1,0.9367782970952344
GTTCGGGAGGTTCCTAx-1,0.9506740026254478
GTTCATTTCAGTTAGCx-1,0.9035724308355569
GTTCTCGTCCTATGTTx-1,0.9529133646895572
GTGCTTCCACACTGCGx-1,0.9466602675457501
GTTCATTGTATCGCATx-1,0.8913927800818996
GTTTCTAGTCCTAGCGx-1,0.9611622315986184
GTTCGGGAGGGCTTGAx-1,0.8030992266914186
GTGCGGTTCGTTACGAx-1,0.7246905505354986
GTGCGGTTCGCATGGCx-1,0.7921688740467788
GTGCTTCCATTATCTCx-1,0.8957362496821158
GTTCGGGGTCTTGCGGx-1,0.9005522957386524
GTTCATTAGTGTGAATx-1,0.8612441671278562
GTTACAGGTAGCGCAAx-1,0.9522771002770286
GTTACAGCATTGGCGCx-1,0.8208181383262956
GTGGGTCGTCCTCTTGx-1,0.8222258855200499
GTGTTAGTCTTCATGTx-1,0.7490162750185947
GTGCATATCTTTAGTCx-1,0.7213777915576159
GTGGGTCGTATAGTAGx-1,0.8448999905891762
GTTTCTAAGGAACTGCx-1,0.8066685930914599
GTTTCTAGTGCCTTGGx-1,0.9548280541233468
GTTAAGCCAGTTCATGx-1,0.6509257966056606
GTTCGGGGTTGGTGGAx-1,0.8939575578413238
GTGTTAGGTCATCGGCx-1,0.603315417921902
GTGTGCGAGCTATGCTx-1,0.9465443180789371
GTGGGTCCACCCATTCx-1,0.7567938613668546
GTTTCTACAGATAATGx-1,0.7546704351164891
GTGTGCGAGACTAAGTx-1,0.9636553099029661
GTTCGGGGTAGCGATGx-1,0.6071614924940534
GTTCTCGTCGCAAGCCx-1,0.6203225270531976
GTTTCTATCCACGTTCx-1,0.8974016524560681
GTGCGGTCAGGGTATGx-1,0.7846162705958977
GTGCATACAATGACCTx-1,0.9150288641954492
GTGTTAGTCTCCGGTTx-1,0.9189128938416804
GTGTTAGTCCGCATAAx-1,0.6848237195051746
GTGTGCGAGATATGCAx-1,0.8094915891205664
GTTAAGCAGTGACATAx-1,0.9500753423803813
GTGCGGTAGCCGTCGTx-1,0.9322755602676337
GTGCATACACGGCGTTx-1,0.7738734988965815
GTTCATTCAGACACTTx-1,0.9449811397777722
GTGCGGTAGCCCGAAAx-1,0.9793122773941227
GTTACAGAGCTGCAAGx-1,0.9136097571604982
GTGTGCGCAGTATCTGx-1,0.906894469796579
GTGCGGTAGACTACAAx-1,0.95265771741215
GTGCATAGTCTTCGTCx-1,0.9491679776906444
GTTCTCGTCTGTACGAx-1,0.9522701733637561
GTGCGGTCATACGCTAx-1,0.9460674875580343
GTGCAGCGTGTTGGGAx-1,0.9528641475236894
GTTTCTACACACCGACx-1,0.6317085735021092
GTGTTAGGTTGCCTCTx-1,0.7855090018618521
GTGCTTCGTAAGTGTAx-1,0.9358158744718498
GTTCTCGTCTGGGCCAx-1,0.7728249855369604
GTGCAGCCATTTCACTx-1,0.6884430841674813
GTTCATTCACCGGAAAx-1,0.7701487354941212
GTTAAGCCACGAAAGCx-1,0.7746067304289903
GTTCGGGCACCAGGCTx-1,0.8457288836368808
GTTCATTGTAAGGGCTx-1,0.9619652473560024
GTTCGGGGTTTAGCTGx-1,0.9270472193472458
TAAACCGAGCGTTTACx-1,0.9033439069640733
GTGCAGCAGGACCACAx-1,0.9020147964262419
GTTACAGGTTATGCGTx-1,0.9658240651924549
GTTTCTACACCTGGTGx-1,0.9416481460487811
GTGCAGCAGCAATCTCx-1,0.9570941295330251
GTGGGTCGTCAAGCGAx-1,0.7596764691424179
GTGCGGTGTTGTCGCGx-1,0.7921090499620337
GTGTTAGTCGTGGACCx-1,0.9564099658875501
GTGCTTCTCTTGGGTAx-1,0.7499622877303707
GTTCGGGCAATCTACGx-1,0.9478540266977599
GTGTGCGAGACTAGATx-1,0.9419823527570398
GTTCATTGTCGAATCTx-1,0.9206236143323089
GTGTGCGTCCAATGGTx-1,0.8490294953382526
GTGCATAGTAAACCTCx-1,0.7632008228288801
GTGCATAAGGTGACCAx-1,0.7627933182537482
GTTCGGGTCGAGCCCAx-1,0.7417975385396717
GTTCATTCACCAGGCTx-1,0.7459086436725445
GTGCATACAGTAAGCGx-1,0.8802188213265245
GTTACAGCACATGGGAx-1,0.9214441911553216
GTGGGTCTCTCCCTGAx-1,0.952350797294171
GTTCATTGTGCACCACx-1,0.9577528308995035
GTTAAGCTCCACGAATx-1,0.9541696101234833
GTGCGGTTCACAACGTx-1,0.9621703206825478
GTGCTTCGTTCCGTCTx-1,0.9464646436266155
GTTACAGGTCTTTCATx-1,0.7850164896766476
GTTCTCGAGTTGCAGGx-1,0.7775701890027291
GTGCGGTAGACACTAAx-1,0.7465061426310381
GTGGGTCGTACACCGCx-1,0.9475935577942037
GTGTTAGCATCAGTCAx-1,0.8115585322666696
GTGTTAGCAGGGCATAx-1,0.954248121525386
GTGCATAAGGAGTAGAx-1,0.5010064327078375
GTTTCTATCCGCGGTAx-1,0.9656803305846944
GTTCTCGAGCAGCCTCx-1,0.7553041824593749
GTGCATAAGGAGTACCx-1,0.9605549046104807
GTTACAGTCCCGGATGx-1,0.7872081077251205
TACAGTGAGAGTACCGx-1,0.775590478280948
TACGGGCGTCCAGTATx-1,0.9458024087273164
TACCTTAAGGAACTGCx-1,0.9370729163599378
TAAGAGAGTAGCGTGAx-1,0.9522436968960533
TACTCATGTTGCGTTAx-1,0.6767909175148682
TACGGGCGTCTACCTCx-1,0.9347096077747511
TACCTATTCCCTAATTx-1,0.9470443386459878
TACTTACGTAAAGTCAx-1,0.7997132561727863
TACAGTGTCGGTTCGGx-1,0.6889994865674687
TAAACCGTCGAACTGTx-1,0.9594905056059524
TACTCGCCATGCCACGx-1,0.90122306075543
TACGGATCAGCTGCACx-1,0.7534253413322486
TACGGTACACCAACCGx-1,0.734889995937652
TACTCATGTCTAGGTTx-1,0.9513959116867182
TAAGTGCCATGAAGTAx-1,0.922436530782544
TACGGGCTCCTCAACCx-1,0.9560343439398815
TAAGCGTTCAGTTGACx-1,0.9535135132084441
TACTCATAGCTACCGCx-1,0.9583084401362116
TACTCGCCAAGACACGx-1,0.9537170132728076
TACGGGCGTCCAGTGCx-1,0.9193244383481131
TACAGTGCAGCGTTCGx-1,0.9428061281544806
TACTTACCAGACGCAAx-1,0.7985238179580749
TACTCGCAGGCGATACx-1,0.7738043395624418
TACTTACAGAAGATTCx-1,0.9362937173361712
TACGGTAGTACTCGCGx-1,0.9456883479076368
TACTTACGTTGTGGAGx-1,0.9456834515739188
TACTCATGTCATCCCTx-1,0.8298596278873968
TAAACCGGTATAAACGx-1,0.9369504995109144
TACTTACGTCAACATCx-1,0.9624670447608142
TAAGCGTAGAGCTTCTx-1,0.8626636137657578
TACGGGCAGATAGGAGx-1,0.931541830120967
TACGGGCTCGCATGATx-1,0.9655718408744413
TACCTTACATGTCGATx-1,0.861743164380111
TAAGTGCTCACGGTTAx-1,0.9333032568305031
TACAGTGAGGACAGAAx-1,0.885109204948641
TACCTATGTCATGCATx-1,0.9540443836992972
TACTTACAGATGGCGTx-1,0.95157195424222
TAAGCGTCAGGCGATAx-1,0.9394108527764267
TACGGTATCGCAGGCTx-1,0.9804002242259291
TACGGGCCACAAGTAAx-1,0.8813967124121392
TAAGTGCGTTCAGGCCx-1,0.7288981486106463
TACGGATTCTGCGGCAx-1,0.9580171125824919
TACAGTGAGTACGATAx-1,0.9473651784735684
TAAACCGCAGATGGCAx-1,0.7485135978199534
TACCTATTCTTCAACTx-1,0.9546814450041694
TACTCATTCGTTACAGx-1,0.737433414850841
TAAGTGCTCTTGCAAGx-1,0.8935920929319136
TACTCATAGACCACGAx-1,0.7681742454630447
TAAGTGCGTTACGTCAx-1,0.7974224890740212
TAAACCGGTTAAGAACx-1,0.8918593275404746
TACTCATGTCCAGTTAx-1,0.8064257882568339
TACCTATCAAGGTTCTx-1,0.8750222465024519
TACACGACAAGCCATTx-1,0.8154130479394692
TACGGATGTTCCATGAx-1,0.9544783733435475
TACGGTATCCAAACACx-1,0.8547855954935669
TAAGCGTAGGAGTACCx-1,0.7866025003977338
TACAGTGAGGCGTACAx-1,0.9508752028774491
TACAGTGCATGAACCTx-1,0.72819833476777
TAAGTGCTCATGCTCCx-1,0.9393272434843717
TACGGTATCTGCTGCTx-1,0.6171261005838496
TAAACCGTCGCCTGTTx-1,0.6843179852080223
TACACGAAGAATTCCCx-1,0.9654397549241972
TACGGGCTCCTTGCCAx-1,0.9608949627739234
TACCTATGTCTCAACAx-1,0.7467602805230575
TACTCGCCAGGTCGTCx-1,0.7998607030483401
TAAGCGTAGGCAGGTTx-1,0.9689117828639557
TACTCGCGTGGTTTCAx-1,0.7885732620356201
TAAGCGTGTTATCGGTx-1,0.5577360681488879
TACTCATTCTAACTCTx-1,0.7496994979205699
TAAGAGATCCAGTATGx-1,0.950717462300002
TACGGATAGTACGCGAx-1,0.9563627422441282
TAAGAGATCAACGAAAx-1,0.9579929494634245
TACGGATCACCATCCTx-1,0.7554627253942535
TAAGTGCCATCGGTTAx-1,0.9503628400021752
TACGGATCAAACTGTCx-1,0.9623548649750124
TACACGATCAGCAACTx-1,0.5936826172528435
TACGGTAGTCGCATCGx-1,0.7919378509369908
TACTCGCAGCAAATCAx-1,0.7743501240790972
TACGGTACATGAAGTAx-1,0.8829285274994139
TACTTACCAGTCAGAGx-1,0.7302478291879112
TACGGGCCATAGTAAGx-1,0.9527146695584627
TACAGTGCATGTCGATx-1,0.8618636920005486
TACCTATCATGCCCGAx-1,0.9402435340996838
TACTTACCATCGACGCx-1,0.9474843861002521
TACGGGCGTGTCCTCTx-1,0.953881539316397
TACCTATTCATGCTCCx-1,0.7723526166336624
TACACGACAAGTTAAGx-1,0.9544761359542866
TACGGATGTCTCTTTAx-1,0.9513591950562305
TAAGCGTAGAGTGAGAx-1,0.883266871051779
TACTTACAGGTGATATx-1,0.7161975167350931
TACGGATTCTTGAGACx-1,0.7292332289202963
TACGGATGTAGCTAAAx-1,0.9434199587142625
TACTCGCCAGTAAGCGx-1,0.9367128766030076
TACCTTATCGCCAAATx-1,0.942218506396546
TACAGTGCAACTGCGCx-1,0.9479484977338333
TACGGTATCCGCATAAx-1,0.9531916217677955
TACCTTAAGAACAATCx-1,0.949966474135993
TCACAAGAGAATAGGGx-1,0.9285619189182245
TATCTCAGTCAAAGCGx-1,0.7210748429042755
TAGTTGGCAGCTTCGGx-1,0.9437920866979681
TCACAAGAGACAATACx-1,0.8396762860218485
TATGCCCTCACGACTAx-1,0.9462075293007824
TAGTTGGTCACGAAGGx-1,0.9173334394673641
TCACAAGAGTACGACGx-1,0.651170662408015
TCAACGACAAGAGTCGx-1,0.903405323314385
TAGCCGGTCTGCTGTCx-1,0.9160919630379256
TAGTTGGTCCGGGTGTx-1,0.7560822170411599
TAGACCAAGATCGGGTx-1,0.6881781847446081
TAGAGCTCAGTCAGCCx-1,0.9324683568099162
TACTTACTCGTGTAGTx-1,0.8523149041734424
TCAATCTCATTTGCTTx-1,0.7164661430458446
TACTTGTCACACAGAGx-1,0.7886231837926889
TATTACCTCCTATTCAx-1,0.8236891715696558
TCAATCTCATGCAACTx-1,0.8252675174760834
TAGTGGTAGGTCGGATx-1,0.7603415062313716
TATGCCCCAACACGCCx-1,0.8669708430659775
TATCTCATCTAACGGTx-1,0.9440176706304538
TATGCCCAGTCTCGGCx-1,0.9429436347674441
TACTTGTTCACGACTAx-1,0.772230966626296
TAGAGCTAGCCAGAACx-1,0.43230577234218626
TATCAGGTCTCAACTTx-1,0.7058837481065556
TAGAGCTTCTAACCGAx-1,0.7874102675990611
TCAACGAAGTACATGAx-1,0.9520411572927303
TAGACCATCCTTTACAx-1,0.6499321955495709
TAGTTGGCAGATGAGCx-1,0.931576291850542
TACTTACTCTCAAACGx-1,0.7385570663523188
TCAATCTCACCGGAAAx-1,0.9598749424616068
TCAACGAGTGCTAGCCx-1,0.9112946169811282
TAGTGGTGTAAATGTGx-1,0.9021781723764738
TAGTGGTCAAGAAGAGx-1,0.7577645266635596
TAGCCGGCAAGAAAGGx-1,0.6913925770116358
TCAACGATCAGCATGTx-1,0.948046702111691
TAGACCAAGCTAAGATx-1,0.7254013103248705
TATTACCAGGAGTCTGx-1,0.7463082640554959
TAGACCACATGTCTCCx-1,0.9203966771207124
TATTACCGTAGCGCAAx-1,0.4050225834142011
TAGCCGGCAGACGCAAx-1,0.9425360422350325
TAGTTGGCACTCAGGCx-1,0.9786827008931243
TCAATCTCATGAAGTAx-1,0.972704222391995
TAGGCATTCTCATTCAx-1,0.964142976122939
TCAACGACATCTCCCAx-1,0.7288666932570519
TATTACCCATCGTCGGx-1,0.7077465609512009
TAGTTGGTCAGCACATx-1,0.91269528079152
TATTACCTCGCTTGTCx-1,0.9544041101688745
TATCAGGGTGGTCCGTx-1,0.7607509379130482
TATTACCCACCACGTGx-1,0.9719487006794655
TCAATCTTCAGGCCCAx-1,0.9528549101983343
TCACAAGCAGATGGCAx-1,0.953681196285368
TACTTGTAGTGCGATGx-1,0.7349513696331135
TCACAAGAGATGTGTAx-1,0.9053296252474905
TAGCCGGAGCTTATCGx-1,0.8058943889738498
TATGCCCCAAACGCGAx-1,0.7617475741049804
TCAATCTTCTAGAGTCx-1,0.7185781870757033
TCAATCTCAGTCGTGCx-1,0.9631053216908037
TATGCCCGTAGCGTAGx-1,0.72815291348285
TACTTGTAGTGGAGTCx-1,0.9358310443829267
TAGTGGTAGTCCGTATx-1,0.7934048061539197
TAGTTGGCAAACTGCTx-1,0.9177027207855125
TATTACCGTGCAACTTx-1,0.5992572524247017
TAGACCAAGTGTCCATx-1,0.9224537678483731
TAGTTGGAGCGTCAAGx-1,0.8448661458713077
TATTACCCACGAAAGCx-1,0.7932298143349911
TCAACGACAATACGCTx-1,0.946739053068263
TAGTGGTAGAATAGGGx-1,0.8061211638193596
TATCTCAGTCAGAATAx-1,0.9091403152455547
TAGTGGTAGTCATCCAx-1,0.9684021187275622
TAGTTGGTCAGAGCTTx-1,0.9490182890031253
TACTTGTCAGATAATGx-1,0.9558270265469253
TAGTTGGGTGCTCTTCx-1,0.9549382063928756
TAGCCGGCACCCTATCx-1,0.9591505789173341
TAGCCGGTCAACGGCCx-1,0.833531080659615
TATCTCAAGTGTACCTx-1,0.8204856069781166
TATGCCCAGATAGCATx-1,0.9513637221744187
TAGCCGGAGGCCCGTTx-1,0.8409132028402702
TCAACGAAGCGTAGTGx-1,0.9321274019306722
TAGGCATGTGCGATAGx-1,0.7555411194534603
TATTACCCAGGACGTAx-1,0.7434075550051776
TCAACGAGTTTGACACx-1,0.8364343388522387
TACTTGTAGTGCGTGAx-1,0.9347386854605834
TCAATCTCATGAGCGAx-1,0.953840271920041
TCAATCTGTGAGGGAGx-1,0.9522081220177464
TACTTGTGTACCGCTGx-1,0.9130929307113917
TAGCCGGCAGATTGCTx-1,0.930354329627025
TATTACCAGCTTATCGx-1,0.7400333823283574
TACTTGTTCTTGTTTGx-1,0.7364341954927396
TACTTGTCAGTGAGTGx-1,0.757297838356706
TAGTGGTGTCAGAAGCx-1,0.6211993483369731
TCAACGAGTTACCAGTx-1,0.9503128408546463
TATCAGGAGTAATCCCx-1,0.7978577876659967
TAGCCGGGTACCATCAx-1,0.9457755240788083
TAGACCATCAAACCACx-1,0.8574615063189586
TAGACCAGTTACCAGTx-1,0.8411473920937956
TCAATCTAGCGACGTAx-1,0.9520809257070697
TAGACCAGTAGGACACx-1,0.9282324621944887
TCAGGATAGTGTACCTx-1,0.7809872703706625
TCCCGATGTCCCTACTx-1,0.9062985760379757
TCCACACGTAAAGTCAx-1,0.7006771464598036
TCACGAATCCTGTAGAx-1,0.5820028662232275
TCAGCAAAGCCATCGCx-1,0.6958037434932598
TCCCGATAGTGTCTCAx-1,0.7659480224670109
TCATTACTCCGCGTTTx-1,0.9612428281825833
TCAGCTCTCATGTAGCx-1,0.8174776769232381
TCAGCTCGTCGAAAGCx-1,0.9424561402162138
TCACAAGTCATTCACTx-1,0.8860805244406651
TCAGGATAGAGCCCAAx-1,0.7541620388534765
TCATTTGGTTTGTTGGx-1,0.7203176470643023
TCCCGATCAAGCTGTTx-1,0.8456670169611286
TCAGCAAGTAGAGCTGx-1,0.9506441386558896
TCAGGTACAAGCCTATx-1,0.9461232629729802
TCCACACGTCATGCCGx-1,0.8896183112729785
TCCACACCATTACGACx-1,0.9465830119765545
TCAGGTACACGGTAGAx-1,0.9207666723148965
TCAGCTCGTAAGTGTAx-1,0.666285608187221
TCATTTGAGAGTAATCx-1,0.9522566549492378
TCACGAACAAACCTACx-1,0.9495176193226531
TCACAAGTCAAGGTAAx-1,0.9025127350762709
TCAGGATAGTTAACGAx-1,0.7498280006937458
TCACGAAAGCGATATAx-1,0.5806304029009841
TCAGCTCCAGGGTATGx-1,0.9579850430839032
TCAGCAATCGGAAATAx-1,0.6756045095164269
TCAGCTCGTTTAAGCCx-1,0.7568051512049045
TCAGCAATCTCATTCAx-1,0.89426160572527
TCACAAGCATTGCGGCx-1,0.9484109198159464
TCCACACAGGACAGCTx-1,0.9573147710269336
TCAGGATTCGACGGAAx-1,0.76798805567105
TCACGAAAGAGCAATTx-1,0.8990729241849967
TCCCGATAGCTAGTTCx-1,0.8659808476410661
TCATTTGAGACTAAGTx-1,0.7688707718989358
TCCCGATGTTGTCGCGx-1,0.9720785924295265
TCAGATGAGGCTATCTx-1,0.813350448219413
TCAGGTAAGATGTTAGx-1,0.7924579684562362
TCGAGGCGTCATACTGx-1,0.8162942044489503
TCACGAATCTTTAGTCx-1,0.751547776355828
TCACGAACACGGTAAGx-1,0.9511591514741304
TCGAGGCCATGGTAGGx-1,0.781281309657075
TCATTTGGTCCTCCATx-1,0.9569708486140495
TCAGGTAGTCCTCCATx-1,0.9579899281570526
TCCACACAGTGGCACAx-1,0.9400396974931352
TCCACACGTGATGTGGx-1,0.8986875421870215
TCAGGTATCTGATACGx-1,0.6395984674489467
TCGAGGCAGTGGTCCCx-1,0.9205102244586777
TCACAAGCAGCATGAGx-1,0.9533512173170731
TCACGAATCGATAGAAx-1,0.8716207920705658
TCAGGTACAAGCTGGAx-1,0.9366217016454261
TCCCGATGTCTACCTCx-1,0.9318082018940649
TCACGAAAGGAGTTTAx-1,0.7717696279659173
TCCCGATCAAACTGCTx-1,0.9450856382752791
TCAGGTATCTCAACTTx-1,0.9558967975287546
TCCCGATCAGCGTTCGx-1,0.9332705124885595
TCACGAAGTATAGGTAx-1,0.5056545778414994
TCCACACGTACCGTATx-1,0.9366612478773083
TCATTTGAGACTAGATx-1,0.9414923884499464
TCCCGATCAATAGAGTx-1,0.6534056600479813
TCCACACGTCAAAGCGx-1,0.9264856905123198
TCACGAACAGGAATCGx-1,0.9602176372602079
TCAGCTCGTGCGAAACx-1,0.9494677501215407
TCATTTGTCGGCTACGx-1,0.8600132571692594
TCAGCAACAGAAGCACx-1,0.9285859721512746
TCACGAACACGCCAGTx-1,0.9424886506299366
TCACGAAAGTACGATAx-1,0.9744170195147656
TCACAAGGTGGACGATx-1,0.7834028369182827
TCACAAGTCTGAGGGAx-1,0.86796282956587
TCAGCTCCACATTTCTx-1,0.9618836586824593
TCAGGTAGTGCGATAGx-1,0.7753146006396661
TCCACACCAGGCTCACx-1,0.7679813865332142
TCACGAACACAACGCCx-1,0.7036635729630842
TCACAAGGTTCACGGCx-1,0.9665931673737268
TCCCGATAGATCACGGx-1,0.7106306339457809
TCAGGATCATGTAGTCx-1,0.7814265228900883
TCAGCAACACGTAAGGx-1,0.5953742287828381
TCACAAGGTCCATGATx-1,0.7594597561216964
TCAGATGAGTGAACATx-1,0.9449136371914358
TCCACACCACCAGCACx-1,0.9043099222262925
TCAGCTCCACCATGTAx-1,0.7767488810591151
TCAGCTCGTAGAAAGGx-1,0.8338304270122262
TCAGCTCAGCGTTGCCx-1,0.9463347174785056
TCCCGATAGCGCCTTGx-1,0.7688033757596751
TCAGATGCACCGAAAGx-1,0.951767054745719
TCACAAGTCGATCCCTx-1,0.9334809852841839
TCACGAATCTACCTGCx-1,0.9531717239761147
TCCACACGTGTGGTTTx-1,0.9612005709000597
TCACAAGTCTCGATGAx-1,0.779075942521432
TCAGCTCCAATAAGCAx-1,0.9615622400156025
TCAGGATCACCAGATTx-1,0.7863808640081601
TCGAGGCAGGAGTCTGx-1,0.7329294137166449
TCAGCTCGTTCGCGACx-1,0.7483731113881383
TCACGAATCAGGCGAAx-1,0.9503552100472684
TCATTACCACGACTCGx-1,0.7384746024967344
TCAGGATCAGGCGATAx-1,0.5416532143734195
TCGAGGCCAAAGCAATx-1,0.7691798799030135
TCACGAAGTGATGCCCx-1,0.9413979585252608
TCAGCTCAGCTGCCCAx-1,0.9278778982905678
TCGGTAACAACTGCGCx-1,0.9034912956852048
TCGGTAATCGTGGTCGx-1,0.7758522147639185
TCTCTAATCCATGCTCx-1,0.8137821283899825
TCGTACCAGATGTCGGx-1,0.7838664104790998
TCGTACCAGAAGATTCx-1,0.7999653227899381
TCTGGAAGTGTTCGATx-1,0.6928864212701586
TCGTACCGTAAGTGTAx-1,0.7761265469627215
TCGGTAAAGTGGACGTx-1,0.9476278774996724
TGAAAGAAGCGATATAx-1,0.8288908134294347
TCGGGACTCAGTCCCTx-1,0.7669427272260899
TCGGGACTCCTAGGGCx-1,0.949034089591797
TCGGTAATCATTATCCx-1,0.8459057519230364
TCGAGGCGTCGGCACTx-1,0.9501196692333735
TCTGGAAAGACTAAGTx-1,0.9496271283456134
TCGGTAATCCCTTGTGx-1,0.8697646229401881
TCTATTGTCCGCAGTGx-1,0.958560888790071
TCTTTCCAGTCTCAACx-1,0.968163806466757
TCGTACCTCATAACCGx-1,0.9587345448370438
TCTATTGAGATGGGTCx-1,0.7749583602308623
TCTCTAACACCAGTTAx-1,0.9305535148200452
TCGGTAAAGCGTGTCCx-1,0.834134105429059
TCTTTCCGTTCCCTTGx-1,0.9524327116455176
TCTGGAATCTGCTGCTx-1,0.9388149005333769
TCGAGGCTCCGTACAAx-1,0.8068787946448053
TCGTACCAGATCTGCTx-1,0.9470243171430985
TCTATTGAGTTGTCGTx-1,0.9459222884109193
TCGTACCCACCTATCCx-1,0.7587764338444484
TCGGGACTCCATGAGTx-1,0.9033325004375029
TGAAAGAAGGACAGCTx-1,0.8897368941360951
TCGGGACGTGCGCTTGx-1,0.9223683933613487
TCTCTAAGTCGTCTTCx-1,0.8907638691232639
TCTGGAATCGCAGGCTx-1,0.7578585373785437
TGAAAGAAGACACGACx-1,0.908783702783108
TCGGGACTCAGGTAAAx-1,0.9482355970358017
TCTCTAAAGTTCGCATx-1,0.8734906617163483
TCGCGTTCAATGGACGx-1,0.7455767066876902
TCTCATATCTCTTGATx-1,0.7040550674818904
TCTTTCCAGTAGCCGAx-1,0.9598918779137401
TCTCATACAGTGGAGTx-1,0.6026679130815079
TCGCGTTTCTGCCCTAx-1,0.7761567210414673
TCGTAGATCCTCAACCx-1,0.9581143916413604
TCGCGTTAGGAGTTTAx-1,0.8514393851781855
TCGTAGAGTCTAGCGCx-1,0.18597377228087741
TCTTCGGTCGTTTATCx-1,0.9366629917995328
TCTTTCCTCTCTGCTGx-1,0.9284907549697846
TCTCATATCTTTACACx-1,0.9147741594765294
TCTGAGAGTTCAGTACx-1,0.8534120823917618
TCTCTAACAAGAAGAGx-1,0.9451870554292007
TCGGGACAGAAACGCCx-1,0.8606981887420783
TCTCATATCATACGGTx-1,0.7105309269147393
TCTTTCCGTCTCCACTx-1,0.9643652953711019
TGAAAGAAGCGTCAAGx-1,0.9450846939418487
TCGCGAGAGAGGTAGAx-1,0.7478724315808989
TCTGGAAGTCTGATCAx-1,0.9536882447414491
TCGTAGAAGGATGTATx-1,0.9553699268731682
TCGCGAGAGATGCCTTx-1,0.9499853937103555
TCGCGAGGTAGTACCTx-1,0.9572244773369681
TCTGGAATCCATGCTCx-1,0.946898096274433
TCGCGTTTCTGCAAGTx-1,0.9533268503160838
TCGGTAACAGTCCTTCx-1,0.9527635987156702
TCGCGAGGTCTGCGGTx-1,0.9561876322621996
TCGGGACGTAGGAGTCx-1,0.776438469701613
TCTGAGAAGATGTCGGx-1,0.7990403270667009
TCTGGAAGTCAAACTCx-1,0.9700658291503925
TCGAGGCTCAGTTTGGx-1,0.9581114524318589
TCGTAGAAGATGGGTCx-1,0.8392929336930268
TCGAGGCGTGTGCCTGx-1,0.8062419773158918
TCGCGAGTCCCTGACTx-1,0.9584866568841423
TCGTACCGTTAGAACAx-1,0.9480242760986941
TCGGGACGTCACTGGCx-1,0.934792828130799
TCGTAGAAGTTAACGAx-1,0.7544022790584867
TGAAAGAAGGCGTACAx-1,0.6764402822872699
TCGCGAGCACATCTTTx-1,0.95255701091608
TCTATTGAGTGTTTGCx-1,0.9595202815562558
TCTGGAATCTCGCTTGx-1,0.9312016985464897
TCGGGACCAGTAAGCGx-1,0.7949671009895342
TCTCATATCACGAAGGx-1,0.7683894895256204
TCGGGACAGGATGGTCx-1,0.8246950502777427
TCGGTAATCATGGTCAx-1,0.8769328270360454
TCTATTGAGGGATACCx-1,0.9517806920837137
TCGTAGATCAGCGACCx-1,0.7647883244129038
TCGGTAAGTTCGGCACx-1,0.7734603034291081
TCGTACCAGACAAAGGx-1,0.9478941958188275
TCGAGGCTCGTTGACAx-1,0.9455223113048641
TCTGAGAAGTCGTTTGx-1,0.7819225154454411
TCGAGGCTCATTATCCx-1,0.9266692181598176
TCGCGTTGTGATGTGGx-1,0.7638570084713826
TCTATTGGTAAGAGGAx-1,0.9518115348997791
TCTCATAGTAAGGATTx-1,0.9582936337637247
TCGCGTTGTGGTTTCAx-1,0.9470211636748892
TCTTCGGTCGTTGCCTx-1,0.9262246164720935
TCGCGTTAGCGGATCAx-1,0.9497890757152965
TCGTAGAAGGCGACATx-1,0.7406543368452922
TCTCATATCAACGGGAx-1,0.9081387164798453
TCGGTAAGTCTTGCGGx-1,0.9534559901735438
TCTATTGCAGCCTTGGx-1,0.9546644125659689
TGAGCCGTCTAAGCCAx-1,0.8084806804760947
TGATTTCGTGACGCCTx-1,0.9516788677223282
TGACTAGAGTAGGCCAx-1,0.7286012378067696
TGAAAGAGTGACAAATx-1,0.93659300111444
TGATTTCCAATGAAACx-1,0.8472184951014913
TGAGCATAGTGGGCTAx-1,0.7096166133783058
TGATTTCAGCAGCGTAx-1,0.7849707204913009
TGACTTTAGGCTCTTAx-1,0.9597430642875852
TGAGCATTCTCTGTCGx-1,0.6572756648986737
TGACTTTGTCTTGATGx-1,0.6959806836572275
TGAGCCGAGGACAGAAx-1,0.9641584018873689
TGATTTCGTCTCACCTx-1,0.9180607739566784
TGACTTTTCGCAAACTx-1,0.8359800393355907
TGACAACGTGGGTATGx-1,0.9580676456420183
TGACTAGCATGATCCAx-1,0.9515261682637401
TGAGGGATCCATGAGTx-1,0.8126593230662219
TGAAAGAAGTGTTTGCx-1,0.544266996692403
TGAGAGGGTCTTTCATx-1,0.7923342458889441
TGAGCATGTAGGGTACx-1,0.7319126486244028
TGAGGGAAGTGCTGCCx-1,0.8504861455813167
TGACTTTTCGGCATCGx-1,0.9484561091700558
TGACTTTCAATCTGCAx-1,0.909482598716355
TGACAACGTCACACGCx-1,0.8215144077698086
TGAGCATCATGTTCCCx-1,0.9400770951938744
TGACTAGAGGCATGTGx-1,0.7817268611947252
TGAGCATGTTCCACAAx-1,0.7148905425496309
TGAGAGGAGCTCTCGGx-1,0.9517501775848096
TGCCAAAAGCATCATCx-1,0.9467945080591735
TGATTTCCAATTCCTTx-1,0.8344066090681647
TGAGGGATCTTGAGGTx-1,0.9493809916528343
TGAGCCGAGAGACTTAx-1,0.9555197304039683
TGACTTTCATCCAACAx-1,0.8957176795194103
TGAGCATGTTACGACTx-1,0.9451865826135907
TGAGCATTCATGTCTTx-1,0.7913046260103379
TGAAAGAAGTGATCGGx-1,0.8323155680538528
TGACTTTGTCGCCATGx-1,0.9472774016505842
TGAGAGGTCGTCCGTTx-1,0.7340034777056785
TGACGGCTCATTGCGAx-1,0.7581904330699797
TGAGGGATCCTGCAGGx-1,0.7639334716537017
TGACTAGAGTAACCCTx-1,0.8285895137839416
TGATTTCAGAAACCATx-1,0.95614201838366
TGACAACAGTGTACTCx-1,0.9680168558578842
TGACGGCAGTGTTTGCx-1,0.7280282674688198
TGAAAGAGTCGAACAGx-1,0.9452100257013162
TGATTTCGTGGGTCAAx-1,0.6760598642324527
TGACGGCTCAGAGCTTx-1,0.9432182072972308
TGAGAGGGTTAAGAACx-1,0.8751124091841451
TGAGGGACAGCCTATAx-1,0.874972670739594
TGAAAGATCCTATGTTx-1,0.7707882834731801
TGACTAGAGTGAATTGx-1,0.8185942129238272
TGACAACAGAGGTTGCx-1,0.8579977717213678
TGATTTCGTCAGTGGAx-1,0.9386913964406286
TGACTTTCATACCATGx-1,0.9551419324132759
TGAGCATAGACAAAGGx-1,0.7849792777034128
TGAGCCGAGATCTGAAx-1,0.7957350410179721
TGACAACTCTCTGAGAx-1,0.9510589799498043
TGACTTTAGCCACCTGx-1,0.90486992365505
TGCACCTTCACTTACTx-1,0.9645830874637945
TGAGAGGGTTTGACACx-1,0.947781083357068
TGAGAGGTCCTAGGGCx-1,0.9380946532816253
TGACTAGTCAATCTCTx-1,0.9226130572650866
TGACTAGGTCTCTCTGx-1,0.8978913705631634
TGCACCTTCCGGGTGTx-1,0.9578814721650104
TGACTAGCACCCTATCx-1,0.9472499254008727
TGCACCTAGGCTCATTx-1,0.5040883146079648
TGACGGCGTCCAGTTAx-1,0.9498189595018134
TGAGCCGAGAGCTTCTx-1,0.9521995179215698
TGAGAGGAGGCAATTAx-1,0.9526862781904162
TGATTTCGTCCATGATx-1,0.8794437235295236
TGAAAGACAGATTGCTx-1,0.9588919422787896
TGATTTCAGGAGTAGAx-1,0.7408063640148147
TGAGGGAAGCACCGCTx-1,0.7910507262311727
TGAGCCGTCCTGCCATx-1,0.9378418245166197
TGAGAGGGTTCACCTCx-1,0.7820907716658342
TGAGCCGTCCCACTTGx-1,0.952719156209802
TGAGGGAGTACTTGACx-1,0.7799924878374216
TGACTTTTCAAACGGGx-1,0.7308069470840244
TGACTAGCATGGTCTAx-1,0.8626496629747565
TGCACCTGTGATGCCCx-1,0.9408555645845356
TGACTTTAGTCTCAACx-1,0.9576039812649448
TGCCAAAAGTGTACGGx-1,0.9566918787376911
TGAGCATGTATTCTCTx-1,0.6886203869978214
TGACTTTGTTCTCATTx-1,0.8458736193309105
TGAGCATAGACCTTTGx-1,0.9608088297015254
TGATTTCCAATGGAGCx-1,0.7618023339060277
TGACGGCAGACACGACx-1,0.9515970882974254
TGAGCCGGTGATAAACx-1,0.9503204056112152
TGACTTTAGAAGATTCx-1,0.9524740642751379
TGAGCCGGTGGTCCGTx-1,0.9148973902361989
TGCACCTGTGAAGGCTx-1,0.785242778235503
TGAGGGAAGCGTCTATx-1,0.8798948607618312
TGACTTTTCAGTCCCTx-1,0.7615743063655058
TGAGCATGTTGGTTTGx-1,0.9499675900478423
TGATTTCGTGGTCTCGx-1,0.945217376003409
TGATTTCGTCTTCAAGx-1,0.7278021204682219
TGGGCGTCAACGATGGx-1,0.9431981918625391
TGCGCAGAGGCCCTTGx-1,0.8360198950982328
TGGGAAGAGTGTTTGCx-1,0.97765141722649
TGCGGGTTCACTATTCx-1,0.8533613451673837
TGCGTGGGTGGTACAGx-1,0.9480763763960735
TGGGCGTAGCGATTCTx-1,0.7445452821268891
TGCGTGGTCGAATGCTx-1,0.9487398299687394
TGCCCTATCGAACTGTx-1,0.8018066453403527
TGGCGCAAGTATCTCGx-1,0.9285008513896911
TGCCCTAGTCCCTTGTx-1,0.9348807746123023
TGCTGCTAGCTACCTAx-1,0.9295077337486046
TGGCGCACATTATCTCx-1,0.8718658462865161
TGGCTGGAGGGATACCx-1,0.950798041630329
TGGCTGGTCCTTGCCAx-1,0.780357466098321
TGCGTGGGTCGCATCGx-1,0.9564095892598237
TGGGCGTAGATATACGx-1,0.9190015303419642
TGGCCAGTCACGATGTx-1,0.9363283671973092
TGGCTGGTCAAACGGGx-1,0.8878527976741047
TGGCTGGCAGTTCATGx-1,0.7801681651099163
TGGGAAGAGTACTTGCx-1,0.9361981435383597
TGCCCTACACTAGTACx-1,0.7023590005311966
TGGCGCATCCGAACGCx-1,0.843464709490238
TGCGCAGTCGGTTAACx-1,0.9539811822933728
TGGACGCGTTCGTTGAx-1,0.77171791962364
TGCTGCTCAATAAGCAx-1,0.6334587239825485
TGGGAAGAGCTGAACGx-1,0.9554121381677106
TGCCCATAGGTGCTAGx-1,0.7671698671888476
TGCGGGTTCTCTGAGAx-1,0.9048769910514995
TGCTACCCATGAACCTx-1,0.9706023650835103
TGGACGCGTCTTGATGx-1,0.7841773034246861
TGCTGCTTCAGCCTAAx-1,0.9516449937464659
TGCTACCTCCCAGGTGx-1,0.9546267254193375
TGGCTGGCAAGCCTATx-1,0.7493001219767302
TGCTACCGTCTCCCTAx-1,0.8239084388473769
TGGACGCCACGACTCGx-1,0.8900137349078467
TGGACGCGTGACGCCTx-1,0.8626064221022504
TGCGTGGTCAACACGTx-1,0.8272195340173768
TGCGGGTCATACGCTAx-1,0.6768429701254939
TGGGAAGAGGTCGGATx-1,0.9223236367081783
TGCCAAACAGGTTTCAx-1,0.8817578142395961
TGCGGGTGTATTACCGx-1,0.9453893770545153
TGCTACCGTTCAACCAx-1,0.9281387771685835
TGCGGGTAGATCGGGTx-1,0.9423306472998203
TGGCTGGCACAAGCCCx-1,0.9570596684620061
TGGCCAGCATCGTCGGx-1,0.8415516899840008
TGCTGCTCACATCCAAx-1,0.74434520787042
TGCGGGTGTAAGAGAGx-1,0.839666351663911
TGGCTGGAGATCGGGTx-1,0.8568277360756099
TGCGGGTTCCAACCAAx-1,0.9546683336463777
TGCCCTAGTTAAGATGx-1,0.7961019885532122
TGCCCATAGTGCGTGAx-1,0.8361914818220556
TGGACGCCAGTAAGCGx-1,0.6007916927028957
TGCTACCTCCAAGCCGx-1,0.7082910052346171
TGCCAAAGTTCACGGCx-1,0.9253747538480447
TGCCCATAGATCTGAAx-1,0.7942515478949398
TGCGTGGTCCGCGCAAx-1,0.9538633107000866
TGGCTGGAGAGGTAGAx-1,0.8015831623610251
TGCGCAGAGCGTTTACx-1,0.9520987150849077
TGCTGCTAGACACTAAx-1,0.957878977674217
TGCGGGTGTAATAGCAx-1,0.7925867403741721
TGGCTGGTCTATGTGGx-1,0.942045249479543
TGCTGCTTCCCATTATx-1,0.9478981223087923
TGCTGCTCATAGTAAGx-1,0.9544169590355825
TGCGGGTCATCCCATCx-1,0.9438410877800708
TGGGCGTCAGCTGCACx-1,0.9194334082624535
TGCTACCAGCAAATCAx-1,0.7621363887238116
TGCGCAGCACCAGATTx-1,0.7837722082761249
TGCCCATGTACCGGCTx-1,0.9495119409828224
TGCGCAGCAGTGAGTGx-1,0.9569893890260583
TGGACGCTCGCGATCGx-1,0.9408295016671654
TGCCCATCATTGCGGCx-1,0.9682461633744188
TGCGGGTTCGCAAACTx-1,0.7771724469014256
TGCTACCCATAGTAAGx-1,0.7543067908359261
TGGCCAGTCCCGGATGx-1,0.9472038040668016
TGCGGGTCATGTAGTCx-1,0.9510459237315074
TGCGCAGCATCCCATCx-1,0.9531072169229063
TGCTGCTAGTGAACGCx-1,0.9508039878530479
TGCCCTACATTGGGCCx-1,0.7988824297298696
TGGACGCAGCTGGAACx-1,0.633784011292426
TGCCCTATCTATCGCCx-1,0.8300810870096742
TGCCCTAAGAGGGATAx-1,0.9444949244712864
TGGCGCAAGGCCATAGx-1,0.9508426144722283
TGCCCTATCACGGTTAx-1,0.9504906452037093
TGCCCATTCGACGGAAx-1,0.612999814291336
TGGGAAGTCAAACGGGx-1,0.9532083086660574
TGCCAAAGTAGCGCAAx-1,0.8837290211707453
TGCGTGGTCATGTAGCx-1,0.82808341633571
TGCTACCTCGCATGATx-1,0.9538166213419536
TGCGTGGGTCTCATCCx-1,0.9480265188987451
TGCGTGGGTACCGAGAx-1,0.9551074551260702
TGCCCATAGGTGGGTTx-1,0.9386016477108485
TGGCGCACACCAGATTx-1,0.8406292684216338
TGGACGCAGCAGATCGx-1,0.9643962079955298
TTATGCTAGACGCTTTx-1,0.9220529434671892
TGTATTCGTCTAGCGCx-1,0.7575240249094989
TGTCCCAGTTCCTCCAx-1,0.9539821159196078
TGGGCGTCAGGGTATGx-1,0.6205402829187896
TTATGCTCACCAGATTx-1,0.7290657608818203
TGGTTAGTCCAGATCAx-1,0.8332707819678905
TGTCCCAGTTAGTGGGx-1,0.6353698834868372
TGGTTAGGTGGTACAGx-1,0.951768510336543
TGTGGTATCATGCATGx-1,0.9520101565056183
TTAGTTCTCTAACTTCx-1,0.9499564907214182
TGTATTCTCGAACTGTx-1,0.9526743978357273
TTATGCTTCTTGACGAx-1,0.8650334459099293
TTATGCTAGGCCCTCAx-1,0.897112431616014
TTAGTTCAGATCTGAAx-1,0.9392806171016597
TGTATTCTCATAAAGGx-1,0.8982562516286414
TGTTCCGTCACTTACTx-1,0.7593838397504684
TTAGTTCGTCGCATATx-1,0.8034394475584359
TTAACTCCACATGGGAx-1,0.9523543337079977
TGTGTTTGTATTCGTGx-1,0.6942499756118609
TGTTCCGTCACTCTTAx-1,0.9011772530908198
TGTATTCTCTTGACGAx-1,0.8710196663412999
TGGTTCCAGATCTGAAx-1,0.7718255068677063
TTAGTTCGTTGCCTCTx-1,0.9503789000062286
TGGTTCCTCGCAGGCTx-1,0.702390811740611
TTATGCTCATCACAACx-1,0.9558157017178022
TGGGCGTGTAGAAGGAx-1,0.9433613936787804
TTAACTCAGTTATCGCx-1,0.9384645011496074
TGTCCCACACATCTTTx-1,0.6103680591379849
TGTATTCGTCTCTTTAx-1,0.7727487519558919
TGGTTAGCAAAGCGGTx-1,0.9537030027695247
TTAGTTCTCACTATTCx-1,0.9625651097664072
TTAACTCCAGGGATTGx-1,0.8049889704319333
TGTATTCTCCCTTGCAx-1,0.8566507953988846
TGTGGTATCCTCATTAx-1,0.951988133257177
TTAACTCCATCACCCTx-1,0.9530572522843278
TGTATTCGTATCACCAx-1,0.9435723261138873
TTAACTCGTTTGGGCCx-1,0.7299642006346009
TTCCCAGAGTTCCACAx-1,0.9414465908561181
TGTATTCTCCGCATCTx-1,0.9557911343225207
TGGTTCCAGCCCAACCx-1,0.6377646872048057
TTATGCTGTACAGCAGx-1,0.9571829820684226
TTAGGACAGAGGTTGCx-1,0.7952779779888468
TGGTTAGGTCCGTGACx-1,0.9659440278830402
TGTCCCAGTTGACGTTx-1,0.9502770353701214
TTAACTCAGCTAAGATx-1,0.9576084619922981
TGTCCCATCAGTGCATx-1,0.768725426394775
TGTTCCGTCCGAATGTx-1,0.7176678288594907
TTAACTCCATCTCCCAx-1,0.9577128560655869
TGTGTTTAGCACGCCTx-1,0.9528339466863908
TTAGTTCCATATGAGAx-1,0.9206500125734551
TGTGTTTAGCGCCTTGx-1,0.9233480717268607
TTATGCTCAGTATCTGx-1,0.9493983064444894
TTATGCTCATCTACGAx-1,0.9548953042489409
TTAACTCTCAACACTGx-1,0.88552457351126
TTAGGACCACAGACAGx-1,0.9658432031911578
TTAACTCTCTAACCGAx-1,0.7879994847733023
TGTGGTAAGTGGTAGCx-1,0.797014739651204
TTAGGCAAGGTAGCCAx-1,0.6223227805231408
TTAGGCAAGGATATACx-1,0.7488587656904035
TTAACTCCACTACAGTx-1,0.958489987212755
TTAGGCAAGAGCTTCTx-1,0.9514606302469254
TGTCCCAAGTTTAGGAx-1,0.7952590547024415
TGTGGTAAGGGCTTCCx-1,0.7464087272081932
TGTGGTAAGTCTCAACx-1,0.8444421097390131
TGTGTTTCACGCTTTCx-1,0.8106282335888827
TGGTTCCGTGATAAGTx-1,0.9496693175426993
TGTCCCAGTTCCCGAGx-1,0.8866915161086973
TGTCCCACACGGTGTCx-1,0.9065276495087335
TTAACTCGTAGTACCTx-1,0.90220844294601
TGGTTCCAGGGATGGGx-1,0.7354953501845314
TGTATTCGTATATGAGx-1,0.9678605392791543
TGTCCCAGTTTAGCTGx-1,0.7440204425865227
TGTTCCGGTGTGGCTCx-1,0.9548191923325821
TTAGGACAGCCAGAACx-1,0.950385593716455
TTAGGCAAGTGTACCTx-1,0.8401465548792048
TGTCCCAAGAGACTATx-1,0.9490563579169068
TGTGTTTCATTCTCATx-1,0.9557571478020267
TGGTTAGCACAGGAGTx-1,0.9592835856243203
TGTATTCAGGCAAAGAx-1,0.9487620695615184
TTAGGCATCAGCTTAGx-1,0.9701370417006504
TTATGCTTCTTGAGGTx-1,0.9560616183477199
TGGTTAGGTGTGAAATx-1,0.9558604270028948
TGTCCCATCTGTACGAx-1,0.768355959858459
TTAGGACGTACTTGACx-1,0.9454923418101545
TGTTCCGTCCATGAGTx-1,0.7566418695819022
TGTGGTAAGTGCTGCCx-1,0.9601365142571706
TGGGCGTTCACCATAGx-1,0.9411676599328104
TTAGGACGTATTAGCCx-1,0.7993008986325646
TTCCCAGCACACCGACx-1,0.7834039113047757
TGTCCCATCAGCTCTCx-1,0.9518528723075446
TGTTCCGCACATCCAAx-1,0.6825062608285523
TGGTTCCAGAAACGCCx-1,0.7359738711242771
TTAGTTCAGCCCGAAAx-1,0.9420139751496905
TTCCCAGCAAGCTGTTx-1,0.742395245447133
TTCCCAGAGCTGAAATx-1,0.954613318622088
TTGAACGGTAATTGGAx-1,0.7404972633589801
TTCTTAGTCAACACGTx-1,0.9522451841557359
TTGGCAAGTCGTTGTAx-1,0.9382826257142199
TTGTAGGAGATGGGTCx-1,0.879934408047067
TTGACTTTCAAACCGTx-1,0.9814294994074602
TTGTAGGGTCGCATCGx-1,0.593044538395069
TTCGGTCGTCATATCGx-1,0.6563221798085008
TTGACTTAGTGAATTGx-1,0.8180618548411159
TTCTACAGTTCCACAAx-1,0.9343974035477309
TTGCGTCAGTACGTTCx-1,0.9461080074722511
TTCGGTCCAGTCGTGCx-1,0.7828140672704531
TTCGAAGGTCTTTCATx-1,0.9319561511949038
TTGTAGGCATGGGAACx-1,0.7519441692386171
TTGACTTGTATCAGTCx-1,0.9452768901664425
TTCTCCTAGGAGTACCx-1,0.8147188631968646
TTCTCCTTCATGTCCCx-1,0.9496507178843621
TTGTAGGGTTTGTTTCx-1,0.9507570014033293
TTGACTTGTCTCTTTAx-1,0.9470703788406482
TTGACTTAGACTTGAAx-1,0.40959256596321925
TTCGGTCGTGCGGTAAx-1,0.8639667859677967
TTGCCGTCAATCCAACx-1,0.73369432254946
TTGACTTAGTGACATAx-1,0.7837233591684594
TTCTCAAGTCTGCGGTx-1,0.7861323642326761
TTCGAAGTCTAACTCTx-1,0.9368488856433951
TTGGCAAAGTCCTCCTx-1,0.9479354120810752
TTTACTGCAAGCCTATx-1,0.7865814851641532
TTCTCCTCATGCGCACx-1,0.8029107456699528
TTCTACATCCTCGCATx-1,0.6522698668763381
TTGGAACAGGACACCAx-1,0.7557635257165426
TTGGAACCACACCGACx-1,0.9460852747736593
TTGGCAAGTACTTAGCx-1,0.9446652031709045
TTCGAAGGTAAATGTGx-1,0.931367102701287
TTGACTTTCGGGAGTAx-1,0.8748595062356409
TTGACTTCAGGATCGAx-1,0.9408078783284494
TTCTTAGGTGAGCGATx-1,0.9493372931058573
TTCCCAGGTGCGAAACx-1,0.8008610075958031
TTGTAGGGTTACGTCAx-1,0.7971956136157426
TTGGCAACAAAGGTGCx-1,0.5404564603836236
TTGGCAACATACGCTAx-1,0.966887394220695
TTGACTTCACAAGTAAx-1,0.7305937773907375
TTGGAACCACTGCCAGx-1,0.6564935452785889
TTCCCAGGTGTAATGAx-1,0.9116001910905154
TTGTAGGCAAACTGTCx-1,0.8576938376248034
TTGTAGGTCTTGCATTx-1,0.9500050307718803
TTCTCAACACCTATCCx-1,0.7280288251401469
TTCGAAGCATGGTTGTx-1,0.9185066523796889
TTGTAGGGTCATTAGCx-1,0.9549932468119585
TTGTAGGGTAGAAAGGx-1,0.6331207977235507
TTCTCCTCAAGTAGTAx-1,0.9636428641754565
TTGACTTTCTTGTATCx-1,0.8747447016429755
TTCCCAGGTACAGCAGx-1,0.9476704031990913
TTCTACAAGTGAAGTTx-1,0.8079004026817385
TTCTACAGTGACTACTx-1,0.9621901380412307
TTGAACGGTCAGAGGTx-1,0.7711717870843339
TTCTTAGCAGCCTTGGx-1,0.9814081167310975
TTGAACGGTTTCCACCx-1,0.7444415419968519
TTCTTAGCAGGCTCACx-1,0.9518977767407669
TTGCGTCTCTGTCTCGx-1,0.7698147246390559
TTGCGTCCACATGACTx-1,0.9056179251658197
TTCTTAGCATCCTAGAx-1,0.8167256522492216
TTGACTTCAGCCACCAx-1,0.7668805596176016
TTGAACGAGGACAGAAx-1,0.8810882262553678
TTGAACGTCTGCCCTAx-1,0.7240312951419899
TTGAACGGTTACCGATx-1,0.9245168448181691
TTGCCGTAGCGCCTTGx-1,0.9301587442828526
TTCTCCTAGTACATGAx-1,0.7637078320953626
TTGCCGTCATACGCTAx-1,0.7626834583992655
TTGTAGGCATTGCGGCx-1,0.7349054306184989
TTGAACGCAGCCTTTCx-1,0.7480063504943053
TTGACTTCATTGAGCTx-1,0.9321800485610781
TTCGAAGAGCATGGCAx-1,0.8991980663214278
TTCGGTCTCGGAATCTx-1,0.9318619385870072
TTGCCGTGTGCCTGCAx-1,0.6295192163108574
TTCGAAGGTGAGGGTTx-1,0.7451068365776963
TTGGAACAGGAGTCTGx-1,0.7464867629956923
TTGACTTAGCGGATCAx-1,0.6295371633165819
TTGGCAATCCAAACTGx-1,0.7771930251830892
TTCTTAGTCTAGAGTCx-1,0.9668433313331467
TTCTCCTAGCTACCGCx-1,0.7712771523659016
TTGCCGTTCCTGCCATx-1,0.7598075120933762
TTGTAGGAGTCAATAGx-1,0.8955348158610834
TTGACTTGTGTGACGAx-1,0.922772500582301
TTCCCAGCAGATCCATx-1,0.9476932599353873
TTGGCAAGTTGTCGCGx-1,0.9060232286916484
TTGTAGGTCCAAGCCGx-1,0.9452560980222126
TTGTAGGTCTGCGTAAx-1,0.9352821319794598
TTGCCGTTCAGAGCTTx-1,0.9600662639896836
TTCTCAACAGACAGGTx-1,0.9563123944078092
TTGCGTCCATGGTAGGx-1,0.7731124211460972
TTGGAACGTAGCGTAGx-1,0.9752301271493147
TTGGCAAGTCCGTCAGx-1,0.7240991927789446
TTGGAACGTTGCGCACx-1,0.9509795351653397
TTGGAACCATAGGATAx-1,0.9073060951739749
TTCTTAGTCGGCCGATx-1,0.9465351947976717
TTGGCAATCTGAAAGAx-1,0.9513523563555173
TTTCCTCTCTTAACCTx-1,0.8227303963946783
TTTGGTTTCGTCTGAAx-1,0.8691885667735179
TTTGGTTGTGCGCTTGx-1,0.8883761617583146
TTTCCTCTCTTGCAAGx-1,0.7979323728469844
TTTGCGCTCAACTCTTx-1,0.9516876079796354
TTTGCGCTCCAAACACx-1,0.9525813304684936
TTTGTCAGTTCCACAAx-1,0.761068264686913
TTTATGCTCACCGGGTx-1,0.8209667549046894
TTTCCTCGTAAGTAGTx-1,0.7665022038879356
TTTGCGCAGTCCCACGx-1,0.9236778360031033
TTTGCGCGTGTGCCTGx-1,0.7465281450385307
TTTGGTTAGAGAGCTCx-1,0.9601052836754688
TTTGTCATCTAACGGTx-1,0.9537282149589348
TTTGTCAAGCTGTCTAx-1,0.9016741950969361
TTTATGCTCGGCGCATx-1,0.8709827953182375
TTTGCGCTCCGAACGCx-1,0.9669073153441664
TTTACTGTCTCCAGGGx-1,0.727665082281767
TTTATGCGTGCAACGAx-1,0.9535318783191011
TTTATGCGTTTGTTTCx-1,0.7951950576770557
TTTATGCGTAGAGCTGx-1,0.943402348243435
TTTGCGCTCCCAACGGx-1,0.9449301666249825
TTTGGTTGTCTACCTCx-1,0.8462947895788001
TTTGCGCCACGACTCGx-1,0.7466534078673288
TTTGGTTGTGAACCTTx-1,0.7460282624199367
TTTGGTTAGCCGCCTAx-1,0.687012457927744
TTTCCTCCAAGTAATGx-1,0.6679061989588431
TTTATGCGTGCCTGGTx-1,0.9510519142964153
TTTGGTTAGTGGTCCCx-1,0.8964395448336111
TTTATGCTCCCAAGATx-1,0.9521560483993249
TTTGTCAAGAACAATCx-1,0.9516481509766941
TTTGCGCCAGTTCATGx-1,0.9543248327808695
TTTATGCAGGACTGGTx-1,0.9262811163184002
TTTCCTCAGAGTGAGAx-1,0.46695946620560935
TTTACTGTCCACTCCAx-1,0.7321266928425684
TTTGTCAAGACGCACAx-1,0.946131385611744
TTTGTCAAGCAGCGTAx-1,0.8186383340178977
TTTGTCAGTGAACCTTx-1,0.8223853775217913
TTTGCGCCACCTATCCx-1,0.9586066891165567
TTTGTCAAGGCCCTCAx-1,0.9347574160408137
TTTACTGGTCTCCACTx-1,0.8750082009905359
TTTATGCTCCGTAGTAx-1,0.9552959092246684
TTTATGCAGATAGCATx-1,0.8030677679081274
TTTGTCATCACCTCGTx-1,0.8372560080528033
TTTGTCACATCCCATCx-1,0.9711756191586227
TTTGTCAAGGATGGTCx-1,0.9522044527166345
TTTGTCAAGCATCATCx-1,0.9530782619555915
TTTACTGTCCAGGGCTx-1,0.9504802541551208
TTTGTCATCTTCGGTCx-1,0.9404018880509509
TTTGTCACACGACTCGx-1,0.8962791257049362
TTTACTGTCTATCCCGx-1,0.9499069484198265
TTTCCTCGTGTGAAATx-1,0.7963213973646721
TTTATGCCAGGCTCACx-1,0.951043243301368
TTTCCTCAGTGAAGAGx-1,0.9178838547116471
AAAGTAGAGGCCCTCAx-2,0.965267562700125
AAAGTAGCATGGGACAx-2,0.9665272690595743
AACCATGAGACAAAGGx-2,0.972394031145118
AAAGATGTCAGTTTGGx-2,0.9815502683317601
AACCGCGCACGGTAAGx-2,0.9662235417958835
AAAGTAGTCACCCGAGx-2,0.8748976954612059
AACACGTCAATCGGTTx-2,0.9601445543787208
AAAGTAGAGCGTAATAx-2,0.9744377039526255
AAACCTGTCCTAAGTGx-2,0.9751593386528981
AAAGATGGTTGGAGGTx-2,0.9715581556918874
AAAGCAAGTGGCAAACx-2,0.9605126244394658
AAAGTAGAGTGAAGAGx-2,0.9782846289142261
AAACCTGAGATCCCATx-2,0.9769981915408432
AACACGTGTCATGCCGx-2,0.9229769177054842
AACCATGCACATCCGGx-2,0.9216233526257536
AAAGATGCACCAACCGx-2,0.8205098087300852
AAAGATGCAGTACACTx-2,0.7793796566875509
AAACGGGTCCTCAACCx-2,0.8923734103987295
AAACCTGCAGATAATGx-2,0.9583978542930016
AAACGGGGTGCACGAAx-2,0.979085343253184
AACCGCGGTTCACGGCx-2,0.972036129188879
AAAGATGAGCAGACTGx-2,0.8053441396054748
AAATGCCGTAGCGATGx-2,0.9420178118949194
AACGTTGTCACCCTCAx-2,0.9686211121616302
AAATGCCCAACGATCTx-2,0.8070069314589781
AACTCAGAGATGTGTAx-2,0.9741589920595246
AAAGATGAGAAGGGTAx-2,0.9761971757822293
AACCGCGTCAGTTGACx-2,0.6974783981647841
AAAGCAAAGAGTTGGCx-2,0.9894959077030415
AACACGTAGACTTGAAx-2,0.9767747455547106
AACCGCGCACGCCAGTx-2,0.9579689101365595
AAAGCAAGTGATGTGGx-2,0.9739841103637243
AACGTTGTCATGTAGCx-2,0.98930397383145
AACGTTGAGTGTGAATx-2,0.797443316658653
AACACGTGTATCGCATx-2,0.9788471291437822
AAATGCCGTCGCTTTCx-2,0.8681261431375737
AACACGTGTCACACGCx-2,0.7922069014364461
AAAGATGGTGTTTGGTx-2,0.9427451350756695
AACACGTAGAAACGCCx-2,0.8184385026467002
AACGTTGCAGGTTTCAx-2,0.8206784504532483
AACACGTAGGTGCTAGx-2,0.7973560557690468
AACCATGGTACCGCTGx-2,0.9811693169232915
AAAGATGTCTGGGCCAx-2,0.9405913954170574
AACCGCGTCACTTACTx-2,0.9808425765021339
AACCATGGTCTGCAATx-2,0.9779037432457336
AAACGGGGTGAAAGAGx-2,0.9495115880417666
AAAGCAAGTCTAAAGAx-2,0.8209049251178755
AACACGTAGTTCGCATx-2,0.9156070899425736
AACACGTTCTCGCATCx-2,0.8899521358068199
AACACGTGTCGAGTTTx-2,0.9889249813894777
AACACGTCAGCATGAGx-2,0.9594912742129303
AACGTTGTCTTTCCTCx-2,0.9673227147756897
AAATGCCTCTCTAGGAx-2,0.9738798423679776
AAAGATGTCTGGTGTAx-2,0.9507851819118902
AACCATGAGGTAGCCAx-2,0.9773594420982397
AACCATGTCATCGCTCx-2,0.8178780509712281
AACGTTGCAGGGTATGx-2,0.9704771154225617
AAAGCAAGTTACGTCAx-2,0.9821709902840389
AACGTTGGTTGACGTTx-2,0.7786372647212123
AACCATGTCGGCTTGGx-2,0.9217941560400078
AAACGGGCAGTTTACGx-2,0.9384425461925082
AACGTTGGTCTAGCCGx-2,0.8470305618711136
AACCATGGTTACCAGTx-2,0.9812841420263282
AAAGTAGGTGCGAAACx-2,0.9784083374623266
AACCGCGTCACAACGTx-2,0.9672455135588407
AACACGTTCCATGCTCx-2,0.8223543610184463
AACGTTGGTTGAGTTCx-2,0.8280261166280695
AAAGTAGCAGATCGGAx-2,0.8064805756063923
AAATGCCCACGGTTTAx-2,0.9562216580653062
AAACCTGTCCAGATCAx-2,0.9775464250621964
AAACCTGGTAGAAGGAx-2,0.8069393975784723
AAAGTAGAGACACGACx-2,0.9779741603795038
AAAGTAGGTGCGCTTGx-2,0.9681224080940768
AACGTTGGTCCGAGTCx-2,0.980188622270387
AAAGATGAGATGGCGTx-2,0.9380897785419436
AAAGTAGCATGACGGAx-2,0.9786730839746381
AAAGCAATCTTTCCTCx-2,0.978965137000711
AACACGTCAAATCCGTx-2,0.9767689273427418
AACCATGAGAGGTTGCx-2,0.9703359431446625
AACCGCGTCATTATCCx-2,0.9699913458941517
AACACGTGTACATCCAx-2,0.9761978317407631
AACTCAGAGCCCAGCTx-2,0.9837853785816909
AACGTTGTCTCGATGAx-2,0.9878898029360216
AAACGGGTCATCTGCCx-2,0.8664978254861494
AACGTTGTCGTACGGCx-2,0.9769041524410068
AAACGGGGTTTGACTGx-2,0.8086351066258068
AACACGTGTGTGTGCCx-2,0.804821281025884
AAAGTAGTCCTCTAGCx-2,0.8941263547859664
AAAGCAATCGAATGGGx-2,0.9608340060375701
AAACGGGAGCTAGGCAx-2,0.978229803988773
AACCATGAGATGCCTTx-2,0.9855165210569371
AAAGATGCAGCTCGCAx-2,0.9818559374505909
AAACCTGAGCGTAGTGx-2,0.7633057125830525
AACTCTTAGGAATGGAx-2,0.9792221446131762
AACTTTCAGCCTTGATx-2,0.8159340779835857
AACTCAGCACTTAAGCx-2,0.9659705892502293
AAGGTTCAGCCTCGTGx-2,0.9159087637026556
AACTCTTCAAGGCTCCx-2,0.9753121636979798
AACTCAGGTCTAGAGGx-2,0.9718555318521068
AAGGCAGAGCTAAACAx-2,0.8219748666677096
AACTTTCAGACTGTAAx-2,0.8482656972955827
AAGGTTCGTATGCTTGx-2,0.9920383006426788
AAGGAGCTCGCACTCTx-2,0.7992350928783517
AACTTTCGTGCCTGGTx-2,0.9792635362173892
AACTCCCCATATACCGx-2,0.9769367873462914
AACTGGTGTGTCCTCTx-2,0.891770146389612
AACTTTCAGGATGGAAx-2,0.9703888700722395
AACTCTTCACCGGAAAx-2,0.971289310106854
AACTGGTTCCGCATCTx-2,0.973518397625523
AACTTTCAGCGCCTTGx-2,0.8683348827014319
AAGGAGCAGAAGAAGCx-2,0.9765802154262302
AACTCAGGTCGCGAAAx-2,0.7992263939605941
AACTTTCAGAAACCGCx-2,0.912582778849625
AACTCTTAGTGTACGGx-2,0.9675224477638741
AAGCCGCCACTAAGTCx-2,0.9721510108107817
AACTCAGCACGAGGTAx-2,0.8146911006238482
AAGGAGCGTGGTACAGx-2,0.9094523411632541
AACTCTTAGGGCTTCCx-2,0.9892931881496052
AACTCAGGTAGGGACTx-2,0.9458656269216028
AAGACCTTCAACGGCCx-2,0.9844923145522912
AAGGCAGTCATAGCACx-2,0.9738329500424387
AACTCTTAGTACGACGx-2,0.9828279582917782
AAGACCTTCATCTGCCx-2,0.8341017775323545
AACTCAGAGGATTCGGx-2,0.9706448872184236
AACTTTCTCTTGCATTx-2,0.9743811855420939
AACTTTCGTCGAATCTx-2,0.9782852650219691
AACTCAGCAATCGAAAx-2,0.9798905399776023
AAGACCTAGTCAAGCGx-2,0.8225684024847761
AACTCCCCATAGACTCx-2,0.9632055510068065
AAGGAGCCACGACTCGx-2,0.9593148658384466
AACTCCCTCGCCGTGAx-2,0.9759116666356067
AACTGGTCACGAAATAx-2,0.9789236303583578
AACTCTTAGCCACGCTx-2,0.9779762900587171
AACTCTTTCTTTACACx-2,0.9472479570324968
AACTCTTAGAATGTGTx-2,0.9883994688729786
AACTCTTGTTTGGGCCx-2,0.820717741800843
AAGGCAGAGTCAATAGx-2,0.9740245534090961
AACTCCCTCGTTACAGx-2,0.9677309603690777
AAGACCTCATCATCCCx-2,0.8631574420637295
AACTGGTCACGGTTTAx-2,0.9777492187030048
AAGGTTCGTAGCTTGTx-2,0.9810919979479016
AAGACCTAGTGTGAATx-2,0.8161615732308241
AACTCCCCATGCATGTx-2,0.9570264545600984
AACTGGTCAACCGCCAx-2,0.957360847320585
AACTTTCGTGAGGGAGx-2,0.9787662832024024
AAGACCTTCCGCATAAx-2,0.9777123988927547
AAGGCAGAGAAAGTGGx-2,0.7784699526253868
AAGGCAGCACCAGCACx-2,0.9912311911067858
AACTCTTTCAGAGGTGx-2,0.9029125954965825
AACTCAGGTAGAGCTGx-2,0.8045146864746558
AAGGTTCCATTACCTTx-2,0.9609803228782288
AAGCCGCGTTGGTAAAx-2,0.9694606642044123
AAGGCAGGTGGGTATGx-2,0.9760674052667799
AAGGAGCTCACAATGCx-2,0.9765583549216285
AACTGGTTCTGGAGCCx-2,0.8832909071559534
AACTCTTAGCTAACAAx-2,0.9816763176755496
AACTGGTAGACTAGGCx-2,0.9615404382771701
AAGGTTCCAGGCAGTAx-2,0.9477846309524388
AACTGGTTCCGCTGTTx-2,0.8838539534861095
AACTTTCCACCTATCCx-2,0.9803883320250081
AAGCCGCTCTCAACTTx-2,0.9813380124990458
AACTCCCTCTCTTGATx-2,0.8107458710345478
AACTCTTGTGAACCTTx-2,0.9800090233915753
AACTCAGTCCTTTCTCx-2,0.9798681737613628
AACTCTTCACCACGTGx-2,0.9903987241631846
AACTCTTGTTTGTTTCx-2,0.9522622680484935
AACTGGTTCGGCTACGx-2,0.9919345858732787
AAGCCGCGTCTAAAGAx-2,0.9864166801545898
AAGCCGCAGGGATCTGx-2,0.9932026395220038
AAGACCTAGTTACCCAx-2,0.9159933130121816
AACTCAGTCCTGTAGAx-2,0.9764216894886204
AAGGAGCTCGCTAGCGx-2,0.9635309059746221
AACTCTTTCCGAAGAGx-2,0.975473975058218
AACTGGTTCAAGGCTTx-2,0.9670913910242921
AAGGAGCGTGGTCCGTx-2,0.9702405612859321
AACTCCCAGAAGAAGCx-2,0.9875573885043369
AAGGAGCCACTGTCGGx-2,0.8186567337764519
AAGGTTCCATCGACGCx-2,0.7608341362230664
AACTCCCTCCGCGTTTx-2,0.9790874670908409
AACTCTTGTCTGCGGTx-2,0.9649017236599275
AACTTTCTCGCGATCGx-2,0.9761787398667173
AACTGGTAGTGCAAGCx-2,0.9388206670229277
AACTCAGAGGTGACCAx-2,0.8082795980353061
AACTCTTTCGGTTCGGx-2,0.862217638241904
AAGGTTCCATGGATGGx-2,0.9544249120327419
AAGGCAGCATTGGGCCx-2,0.8553795666644198
AAGACCTGTCACACGCx-2,0.8331945605474506
AAGGCAGCACCGCTAGx-2,0.9852785881146294
ACACTGAGTGGTCCGTx-2,0.8613327880957351
AATCCAGGTTCAGACTx-2,0.771038242675757
ACACCAAAGCTACCTAx-2,0.995741917552071
AAGTCTGCACCGTTGGx-2,0.9971816676143067
AATCGGTAGAGTGAGAx-2,0.8804399507038801
ACATACGAGCGCTTATx-2,0.9417298239656734
AAGTCTGTCGTTACAGx-2,0.9689222676587226
ACACCGGTCTCTGAGAx-2,0.968971398540088
ACAGCCGAGTGTCCATx-2,0.8041960347005932
AAGTCTGGTATAAACGx-2,0.9544968444498825
ACACTGAAGGATGCGTx-2,0.7963023337888471
AAGGTTCTCCCGGATGx-2,0.9772178049947505
AAGTCTGCACCTATCCx-2,0.9788798983041929
ACACTGATCTGCCAGGx-2,0.9697347736965369
AAGTCTGGTCTAGAGGx-2,0.9769227395135969
AATCCAGCACAGCCCAx-2,0.9720017434263141
ACAGCCGGTCATGCATx-2,0.9500836511459573
ACACCCTTCGTAGGAGx-2,0.9754130076573271
AATCCAGAGGACAGCTx-2,0.9525872758286167
ACACTGAGTACCCAATx-2,0.8401233174792951
AATCCAGAGCTCCCAGx-2,0.9616954254314529
ACACCAAAGTGTACCTx-2,0.803796859359296
AAGGTTCTCGTAGGAGx-2,0.9745967463269873
AAGGTTCGTCAGATAAx-2,0.8562617035875926
ACACCGGAGGCTAGACx-2,0.9920418866111297
ACACTGATCAAACCACx-2,0.8085291573124989
ACACTGATCGAGAGCAx-2,0.9799142577189386
ACAGCTACAGATGAGCx-2,0.9638114156806092
ACACCGGTCCGTTGCTx-2,0.9364357925016239
ACACTGAAGCCAGGATx-2,0.9668072988157429
ACATACGCAATGCCATx-2,0.9463506546389865
AATCCAGCACCAGGTCx-2,0.8032943142738629
ACAGCTACAGGAACGTx-2,0.9017800177464795
ACACTGAGTTCCACAAx-2,0.7512647274990591
ACATCAGCACAGCCCAx-2,0.9838289170452432
AATCGGTCAAGTAATGx-2,0.9743787404826667
AATCGGTGTTAGAACAx-2,0.8056343203983302
AATCGGTCAGTAAGCGx-2,0.9454001301939973
ACACCGGTCAAACGGGx-2,0.7985212263499162
ACACTGACAGGTGCCTx-2,0.854712198786816
ACACCCTAGTGTTTGCx-2,0.9591790820299851
ACATACGTCATCACCCx-2,0.8461590508209528
ACATACGCAGTGGGATx-2,0.8243614055621151
AATCCAGGTCGCATATx-2,0.916885620172219
ACATCAGAGTGGAGAAx-2,0.8822174403648746
AAGTCTGTCAGTACGTx-2,0.9808063338358607
AATCCAGGTCTAAACCx-2,0.7638023494871188
AAGTCTGTCCCATTATx-2,0.8341923577269872
AATCGGTCAGCTCGACx-2,0.9342749532253195
ACAGCTATCGCAAACTx-2,0.977775218080948
ACACTGAGTCGAAAGCx-2,0.9562731834143617
ACACCAATCACAGGCCx-2,0.9792420027594342
ACACCAATCTTCGGTCx-2,0.9767546741552035
ACAGCCGAGGGATACCx-2,0.9772700547875852
ACATCAGCAAAGCAATx-2,0.9948381795773503
AATCGGTCATACGCCGx-2,0.9763002084835916
ACAGCCGCAGGACGTAx-2,0.9709299340003293
ACACCGGAGACTGGGTx-2,0.9674605149588376
ACACTGATCTGAAAGAx-2,0.8657314782970347
ACACCGGGTCTTCGTCx-2,0.9651802377096714
ACACCGGCACAGACTTx-2,0.9438231368218307
ACAGCTAGTACTTGACx-2,0.8908421861529048
AATCGGTCATTTGCTTx-2,0.9075542972962702
ACACCGGAGCTCCTCTx-2,0.8147933199467263
AATCCAGTCGGAAATAx-2,0.9891891117353203
ACATACGCAACTTGACx-2,0.9769832703090261
ACACCGGCACGAAGCAx-2,0.9731915358308691
ACACTGAGTTCCACTCx-2,0.9405443453087429
ACACCCTTCTATCGCCx-2,0.9026512401884992
ACACCCTAGTCCATACx-2,0.9727849788150221
ACAGCCGAGCGATAGCx-2,0.9798039538259342
AATCCAGCACGGTGTCx-2,0.995978570735158
ACACCCTAGTGTCCATx-2,0.9318966795425583
AATCGGTAGGCCATAGx-2,0.9763132622077954
ACACCGGAGCAGACTGx-2,0.9807616650989056
ACACCGGCACCTATCCx-2,0.9930118216888403
AATCGGTAGTGAACATx-2,0.9496575711555292
ACAGCCGTCCCTAACCx-2,0.891407568098441
AATCCAGTCTGTCTATx-2,0.8062508301406507
AATCGGTCAAGGCTCCx-2,0.9751745115195563
AAGTCTGGTGTGACCCx-2,0.9884672655556382
ACATACGGTATTCGTGx-2,0.776774852556156
AATCCAGGTTGACGTTx-2,0.9570224624327642
ACATACGCATGAGCGAx-2,0.8346689149976576
ACATACGTCGCCCTTAx-2,0.9728258525909731
ACACCCTGTCGCATCGx-2,0.8127223880233125
ACACCGGTCAACACGTx-2,0.8391170993298763
AATCGGTGTACGCACCx-2,0.9285984810001351
ACACCGGTCAATCTCTx-2,0.9399127221126291
ACAGCCGCACCGATATx-2,0.8033521668056168
AATCCAGTCATAGCACx-2,0.9856834769721428
ACACTGAGTGTCCTCTx-2,0.9767145049543412
ACACCGGCAATCACACx-2,0.9223232696815196
ACATACGAGGAATGGAx-2,0.9787592172982291
ACGATACGTATGAATGx-2,0.9799744258283255
ACATGGTTCCTGCTTGx-2,0.9799258242708793
ACATGGTTCTTACCGCx-2,0.8410957837388753
ACGCAGCAGGCTCAGAx-2,0.9847603834586899
ACCTTTAAGGTGCTTTx-2,0.9306201582592929
ACGAGCCTCTGCTTGCx-2,0.765407405576101
ACGCAGCCAGCTTCGGx-2,0.9822655153987905
ACATGGTGTAGCCTATx-2,0.9777461483288916
ACGAGCCGTGCAACTTx-2,0.9680407534512092
ACCGTAAGTCCAAGTTx-2,0.9812209846239719
ACCGTAACACCAGGCTx-2,0.9772364945326478
ACGAGCCGTTCCGGCAx-2,0.9690536182538128
ACGATGTCACAACGTTx-2,0.9798908779923651
ACATCAGGTCTCTTATx-2,0.8273161532553123
ACGATACGTACCGTTAx-2,0.9651289164415233
ACGCCGAAGTGACTCTx-2,0.9946591676097497
ACGCAGCCAGCCTGTGx-2,0.9813069044807254
ACATGGTAGCCGTCGTx-2,0.976281457227416
ACGATGTTCTCGCTTGx-2,0.9784868642308396
ACGCCAGCAGGACGTAx-2,0.9772292819156291
ACGATGTAGATGTCGGx-2,0.841545247382011
ACGATGTAGTTAAGTGx-2,0.8118496878806583
ACCGTAACAATGAATGx-2,0.8103114793716679
ACATCAGGTCATGCCGx-2,0.9763252458871229
ACGAGCCAGCAGGTCAx-2,0.9672548332741888
ACGATGTAGGTGCAACx-2,0.9981302125443035
ACGCCAGAGACAGACCx-2,0.8071539119692569
ACCTTTAGTGAGGGTTx-2,0.990750292213367
ACGAGCCGTCTCAACAx-2,0.9684839029037984
ACATGGTGTTATCACGx-2,0.995534655497653
ACCGTAACAGCCAATTx-2,0.9982096887623447
ACGCCAGCATACGCTAx-2,0.8669240694650241
ACGCAGCCAATGGATAx-2,0.9728652834855135
ACGATGTCACTTAACGx-2,0.9670967022655848
ACGCCAGCATGGTCTAx-2,0.9556760564779142
ACCCACTAGAAGGTGAx-2,0.9703160370206004
ACGAGCCGTTATCCGAx-2,0.8910156364167415
ACATGGTAGTAGTGCGx-2,0.9949216659272901
ACGCCAGGTATGAAACx-2,0.8046049009015227
ACATGGTCATCTCCCAx-2,0.8791679385276538
ACCTTTACAGATCGGAx-2,0.8065610646762258
ACGCAGCCAAGTCTGTx-2,0.8626276461300443
ACATGGTCATACGCTAx-2,0.7927949714455071
ACGAGGACATCTATGGx-2,0.9743626712689127
ACGATACAGTAAGTACx-2,0.9784635725099691
ACGATACTCAACCAACx-2,0.9098830886322836
ACGAGGAGTGCCTGGTx-2,0.9726489612619555
ACCAGTACAGGCTGAAx-2,0.8206650044502388
ACGCCAGCAATGTAAGx-2,0.9674686854101383
ACCCACTAGCACACAGx-2,0.9773089179196304
ACGAGGACATGTCGATx-2,0.9614282836875369
ACCAGTATCTCAAACGx-2,0.9100918085657882
ACCAGTACACGACTCGx-2,0.9768139499800811
ACCAGTATCTTAGAGCx-2,0.9622568992769414
ACGATGTCAGACAAATx-2,0.9759045995219681
ACGCCAGGTTACGACTx-2,0.9729439097146774
ACGAGGAGTTAAGTAGx-2,0.9938946087412809
ACCCACTTCGCGCCAAx-2,0.9096635110913659
ACGCAGCGTACCATCAx-2,0.9431746259795318
ACGAGCCCACTGCCAGx-2,0.9525958448492846
ACGAGGAAGGCCATAGx-2,0.9798033297644592
ACCTTTACACCATCCTx-2,0.9890030630836517
ACCTTTAGTCCGACGTx-2,0.798504080744795
ACGCCAGTCGCGATCGx-2,0.8015509312495506
ACGATGTGTAGTGAATx-2,0.9770991669107378
ACCTTTACAGCCACCAx-2,0.8211633519655525
ACCCACTTCAGGATCTx-2,0.9784171432553429
ACCGTAACAGCTCGCAx-2,0.9529985391001294
ACCGTAACAAATCCGTx-2,0.9636034018327728
ACGAGGACAACAACCTx-2,0.9724429350569661
ACCTTTATCTTCGAGAx-2,0.9713189882891985
ACGATGTGTGACTCATx-2,0.8567419210668266
ACGATACTCTATCCTAx-2,0.972386250338895
ACATGGTCAAAGCAATx-2,0.89693073849675
ACCTTTATCAACGGCCx-2,0.9832132004054437
ACCCACTTCAGGCAAGx-2,0.9639893569704742
ACATCAGTCTATGTGGx-2,0.8384249006435437
ACCTTTAAGATACACAx-2,0.9687245957661984
ACGATACCATACGCCGx-2,0.9624371325151526
ACGATACAGGCAAAGAx-2,0.9414561980522292
ACGAGCCGTATTCGTGx-2,0.8638762748446301
ACGATACCAACTGGCCx-2,0.9695394563776979
ACGCAGCTCAGCGATTx-2,0.9068065875993271
ACGATGTGTGACGGTAx-2,0.9644660602327195
ACGATACTCCGCAAGCx-2,0.9726871742104712
ACGCCAGCACGGTAGAx-2,0.9685274957749237
ACCAGTAAGGCACATGx-2,0.9848154867040722
ACGAGGATCCTAGTGAx-2,0.99158158685963
ACCTTTAAGCAGACTGx-2,0.942222148881368
ACATGGTTCTCAAGTGx-2,0.9790425241390778
ACCCACTCAGTATCTGx-2,0.9829116284021173
ACCCACTGTCAAAGCGx-2,0.7420591388150458
ACGATACAGGCATGTGx-2,0.9786178646719569
ACGTCAAAGCTCAACTx-2,0.8799988840874451
ACGTCAAAGTGTTTGCx-2,0.9427856770321049
ACGGCCAAGGTTCCTAx-2,0.874233093604181
ACGGGCTAGTGTACCTx-2,0.9823069691761569
ACGGGCTCACCTGGTGx-2,0.9830683695006512
ACGGGCTCAGCGTAAGx-2,0.9780076182521681
ACTATCTTCCGCAAGCx-2,0.9642353404179365
ACTGAGTCAGATGGCAx-2,0.9211168774237277
ACGGAGAAGTCATCCAx-2,0.8133890088797838
ACGGGTCAGCCCAGCTx-2,0.9897837875665466
ACTATCTAGTGACTCTx-2,0.9870070949342196
ACTGAGTAGAAGGTTTx-2,0.9488191930675244
ACTGAGTGTGTCAATCx-2,0.8042568005024486
ACTGAACAGACTAAGTx-2,0.9786910263903734
ACGGCCAGTCACCCAGx-2,0.9689731260609128
ACTGCTCAGATGGCGTx-2,0.97738865098355
ACTGATGGTTCTCATTx-2,0.837430563517698
ACTGAGTAGGGCATGTx-2,0.9768615943623725
ACGCCGACAATGGACGx-2,0.9841063395889125
ACTGAACGTGCATCTAx-2,0.7912324172775436
ACTGATGCAAGGTTTCx-2,0.860402248465048
ACTGATGTCGTCGTTCx-2,0.9683841107803473
ACGCCGATCGCTAGCGx-2,0.9376338549216237
ACGGGCTTCTGCCAGGx-2,0.9802196685380581
ACGGGTCAGCCAGTAGx-2,0.8862931305349495
ACTGCTCTCACAAACCx-2,0.9761832422633923
ACGGGCTCAGTAAGATx-2,0.9667023619190512
ACTGAGTAGATCACGGx-2,0.9804118459708628
ACGTCAATCGGCATCGx-2,0.998403637071978
ACTGAACAGCGGCTTCx-2,0.9760606006083572
ACTGATGTCTTGCAAGx-2,0.9831275529719998
ACGGCCAAGATCCTGTx-2,0.9663727629270901
ACGGCCAAGTGTTAGAx-2,0.9539012341095998
ACGTCAAAGACTAAGTx-2,0.9837641718074744
ACGGGCTGTACAAGTAx-2,0.9734336117264687
ACTGAGTAGCAGCGTAx-2,0.7911680833539334
ACTGCTCTCTGTCTCGx-2,0.978656873701735
ACGGAGATCTTGGGTAx-2,0.9208051251887843
ACGGGTCGTGATAAACx-2,0.9806682085136413
ACGTCAACAGGTCTCGx-2,0.8280457301231814
ACTATCTGTCACAAGGx-2,0.9807675131411139
ACTGTCCCATCACAACx-2,0.8379721265846694
ACTGATGCATGGTTGTx-2,0.9716149240346893
ACGGCCAAGCAGCCTCx-2,0.9900960201331377
ACGGAGATCTGGTATGx-2,0.9766567528725585
ACTGAGTTCTAACCGAx-2,0.9742375215072345
ACTGAGTAGACACTAAx-2,0.9629700336891808
ACGTCAATCGGCTACGx-2,0.9758060067220811
ACGGAGATCCTGTACCx-2,0.8909075638636391
ACGGAGAAGGCGATACx-2,0.9398473348255484
ACTGTCCCACAGCGTCx-2,0.9723606394861551
ACTGAACCATCTGGTAx-2,0.9960903814264703
ACGGAGAAGGGAACGGx-2,0.863786016034234
ACTGCTCAGTAATCCCx-2,0.9726120134867909
ACTGCTCCACGAAGCAx-2,0.9703595675573446
ACGGCCAGTAGCGTAGx-2,0.9742671639907764
ACGGGCTAGTTCGATCx-2,0.8793170170712457
ACGTCAAAGCATCATCx-2,0.9407586865442982
ACGGCCAAGGGTGTGTx-2,0.9670856549211971
ACGGGCTAGAGACGAAx-2,0.9957027367665946
ACTGCTCAGTGGTAATx-2,0.9714235477199009
ACGGCCACATCGGGTCx-2,0.9513660529818473
ACGGAGATCCTGCAGGx-2,0.9811459635954227
ACTGAACCAGGACCCTx-2,0.8106327726467714
ACGGCCATCTGCAGTAx-2,0.9876822603330309
ACGGCCAAGACTGGGTx-2,0.982359169613902
ACTATCTCAGGACGTAx-2,0.9825634300654136
ACTGAGTGTCTTCAAGx-2,0.9763840793010953
ACGGCCAGTAATCACCx-2,0.8091628306893964
ACTGAGTTCAACCAACx-2,0.8028653805410201
ACGGAGAGTGTTCTTTx-2,0.956261253944984
ACGCCGATCCTGCAGGx-2,0.8704639476213111
ACTGAACCAGGCTCACx-2,0.9808952837581585
ACTGAGTCATGATCCAx-2,0.9889562517669819
ACTGAACTCCTAAGTGx-2,0.9653094606770497
ACTATCTGTAAAGTCAx-2,0.8384149222547621
ACGGCCAAGTCCAGGAx-2,0.981679888508749
ACGGGCTCAAGGTTCTx-2,0.9575216756872894
ACTGATGTCACAGTACx-2,0.9947524700059309
ACGTCAACATCCCATCx-2,0.994923421977449
ACGGCCATCATGTGGTx-2,0.992572982565707
ACTATCTTCTTCGGTCx-2,0.8111316083774643
ACGTCAAAGTCAAGGCx-2,0.8573871596590096
ACGGCCAGTGGGTCAAx-2,0.977615928336919
ACTGAGTCAAGTAATGx-2,0.9676337511286089
ACGGAGAGTTCCACTCx-2,0.8807808201421806
ACTGTCCCAGCTGGCTx-2,0.9741678779233399
ACGGGCTGTGGTGTAGx-2,0.8579532100824038
ACGGCCACAGGCGATAx-2,0.985286154252341
ACTGATGAGTCAAGCGx-2,0.9681675445522642
ACTGAGTTCACGATGTx-2,0.9762563581725502
ACTGATGGTGACTACTx-2,0.9014894009110235
ACTGAGTGTTCAGACTx-2,0.9800949488859039
ACGGGTCTCGCTTGTCx-2,0.9798792577619992
ACGCCGATCCTGCCATx-2,0.8127591264558496
ACTATCTAGGCCATAGx-2,0.9850312539834468
ACGCCGACAGTTAACCx-2,0.9167526687092513
ACTGAGTAGGCAATTAx-2,0.9665600691240286
ACTTTCATCTGCGGCAx-2,0.9561314516138405
AGAGTGGGTCTAGAGGx-2,0.9712426396277529
ACTGTCCTCCTCAACCx-2,0.9729874759031689
AGAATAGGTTGGTGGAx-2,0.8153188397172282
AGAGCGAGTGAACCTTx-2,0.9779482979193682
ACTTTCACAGGGTACAx-2,0.7637247993895249
AGACGTTGTGTGACCCx-2,0.9749520136075585
AGCAGCCAGCGAGAAAx-2,0.9961654244596883
AGAATAGAGTGGAGAAx-2,0.9812041929981898
AGAGCGACAAAGGAAGx-2,0.8905095127701526
ACTTTCAGTCAAACTCx-2,0.9793324309198315
ACTTACTTCTGTTTGTx-2,0.9649432230220931
AGACGTTAGCAGACTGx-2,0.8037750213564799
AGAGTGGGTATGAATGx-2,0.9343430126635696
AGAATAGGTCCGAAGAx-2,0.990038730854174
AGACGTTAGAATTGTGx-2,0.839329172859565
AGAGTGGTCATCTGTTx-2,0.8128021924463109
AGAGCGAAGGTGATTAx-2,0.9465522977033546
AGAGCGAAGGGCTTGAx-2,0.9767477922730561
AGAGTGGGTTGTCGCGx-2,0.8344743537730923
AGAGTGGCACACATGTx-2,0.9784712402826006
AGAGTGGAGCGTAGTGx-2,0.942903428754813
AGATCTGGTTAAGACAx-2,0.9792555191054344
ACTGTCCCATCTCGCTx-2,0.9546814080367378
AGAGTGGAGGTGCACAx-2,0.9777744836543906
AGATCTGAGCTACCGCx-2,0.8952815282889884
ACTTACTAGAATCTCCx-2,0.9949186032114301
AGATCTGTCGTACGGCx-2,0.9694221398901832
AGAGCGAGTCGCCATGx-2,0.9256587628119953
AGAGCGAAGGGCATGTx-2,0.8190007028768426
AGATCTGCAATCTGCAx-2,0.980837845466249
AGACGTTCATGGTAGGx-2,0.9333814657859988
AGAGCTTTCAGTCAGTx-2,0.9702957071895112
AGATTGCCATAGACTCx-2,0.9725936698431746
AGAATAGAGGGCACTAx-2,0.9779404066324674
AGATCTGCAGCCAGAAx-2,0.9729929582708804
AGATTGCGTCGCCATGx-2,0.9561379265815577
AGATTGCTCTGTCTATx-2,0.9133467491311896
AGAGCTTAGATCACGGx-2,0.8347918494285078
AGAGCTTTCTTCAACTx-2,0.7816009888603175
ACTTGTTTCGTTGACAx-2,0.9662107497639743
AGACGTTCATTACGACx-2,0.9791661021791055
AGCATACCAAACCCATx-2,0.9774463784649016
AGCAGCCTCACGATGTx-2,0.9784492011371673
ACTTACTCAACGATGGx-2,0.9759090415227997
AGCAGCCGTCAGAGGTx-2,0.9780884728708267
ACTTGTTCACGTTGGCx-2,0.97898435662737
AGATTGCCATTATCTCx-2,0.8316312045136562
ACTGTCCTCATTTGGGx-2,0.9883715052952231
ACTTACTGTGCGAAACx-2,0.9789420493759532
ACTTGTTTCAAAGACAx-2,0.980968511435692
AGCAGCCAGTATCTCGx-2,0.9806990957870898
AGAGCTTAGAGTACATx-2,0.979718219850337
AGAGTGGAGGGAGTAAx-2,0.9459088386617863
AGAGCTTGTCTACCTCx-2,0.9733036132606134
AGATTGCGTCTCTTTAx-2,0.9593254296770465
AGCATACAGTATTGGAx-2,0.7771902002162949
AGATTGCGTACCAGTTx-2,0.8557145976405436
AGAGCGATCAGGCCCAx-2,0.9656336967402707
ACTTACTTCGGTGTTAx-2,0.8231348275610121
AGACGTTTCAGCTTAGx-2,0.9826848037745379
ACTGTCCTCGAGCCCAx-2,0.9604356027640836
ACTTACTCACGCCAGTx-2,0.9861726178063096
ACTTGTTGTCGCGGTTx-2,0.8103808259983678
AGAGTGGCAGCTGCTGx-2,0.8012370055944085
AGCATACCACACAGAGx-2,0.8641270992234931
AGCAGCCAGTCAAGGCx-2,0.9695393414382076
AGCATACAGCGTAGTGx-2,0.8119608309419826
ACTTGTTAGGATCGCAx-2,0.9742261674424777
AGATTGCTCCGTAGTAx-2,0.9766227630328422
ACTTGTTTCCTTGACCx-2,0.8122259231197727
ACTGTCCTCCGAAGAGx-2,0.9467825529320919
AGACGTTCAAGCTGGAx-2,0.8000335321945707
AGAGTGGAGACCTAGGx-2,0.9861487338512548
AGCATACAGACCTAGGx-2,0.7989599686286257
ACTGTCCGTAGAGCTGx-2,0.9439760150616484
AGATCTGCAGGAACGTx-2,0.9916301853364776
AGCAGCCCATGTTCCCx-2,0.9830811408663063
ACTTACTTCCAGAGGAx-2,0.9685307087986083
AGAGCTTTCATGTCCCx-2,0.975486788900283
AGAGCGACACACAGAGx-2,0.8081640196108636
ACTTACTGTTTGACTGx-2,0.9760776334157608
AGCAGCCCATGGTTGTx-2,0.97787060607217
AGATCTGAGATATACGx-2,0.9959328065008981
AGAGCTTCACAACGCCx-2,0.9265056211184758
AGCATACAGTAGCGGTx-2,0.9754867374186141
AGAGCTTAGGCGACATx-2,0.976398048411084
AGAGCTTGTACCGCTGx-2,0.8859764572419133
ACTTTCAAGTGGTAATx-2,0.9802690961345906
ACTTACTGTACATCCAx-2,0.9765039158788371
AGATCTGCACAGACTTx-2,0.965554765598838
ACTTGTTCATCTATGGx-2,0.9882755072732885
ACTTACTCAACTGCTAx-2,0.9653378955627909
ACTGTCCCATCGGAAGx-2,0.978155378443563
AGATTGCGTGCGAAACx-2,0.9187009157728467
AGCGTCGAGGATGTATx-2,0.9866286932476462
AGCTCCTCATAAGACAx-2,0.9678792917816093
AGCATACCAGGATCGAx-2,0.8395807066268591
AGGCCACGTTCAACCAx-2,0.8005939358408994
AGCTCCTGTCACTGGCx-2,0.9775211391942006
AGGCCGTTCTGAGTGTx-2,0.9687519428701791
AGGCCGTGTTCGTGATx-2,0.805412027010613
AGCGTCGTCTGAAAGAx-2,0.9455799160451647
AGCTCTCAGTGACATAx-2,0.8484825931935824
AGGGATGGTCACAAGGx-2,0.9951500093139746
AGCGTATAGCACAGGTx-2,0.8475483993811476
AGCTCTCCATGGTAGGx-2,0.8867625750193481
AGGCCACGTTCGAATCx-2,0.978927436414903
AGCGGTCTCCCAGGTGx-2,0.9853793413001884
AGGCCGTGTTCAGGCCx-2,0.9138756462330808
AGGGAGTAGGAATTACx-2,0.9739350581397809
AGCGTCGCAGCTTCGGx-2,0.8086719067051249
AGCTCCTCACATCTTTx-2,0.989126180107874
AGCTCTCCACTCTGTCx-2,0.9551319125696582
AGCTTGAGTAAACCTCx-2,0.9741705061003426
AGGGATGTCACTGGGCx-2,0.9842053687367529
AGCTCCTAGTGCTGCCx-2,0.9774630559580603
AGGGAGTGTTTGGCGCx-2,0.9394323658410912
AGGCCGTCAGTTTACGx-2,0.7311649278221851
AGCGTCGGTTCTCATTx-2,0.8207579300657906
AGGCCGTGTCCTCCATx-2,0.8331819677244033
AGCTCCTCATCCGGGTx-2,0.9727209142483879
AGGCCACAGTTGTCGTx-2,0.9802849174012124
AGCGTCGTCACTCTTAx-2,0.9775744945993072
AGGGAGTCACTAGTACx-2,0.9707424869973348
AGGGATGCAGGGTACAx-2,0.9846139670019765
AGCGGTCAGAATGTTGx-2,0.975923026241257
AGGCCACAGTGGTCCCx-2,0.9213389659379689
AGGGATGGTTCAGACTx-2,0.9801540595428689
AGCTCCTCACGGATAGx-2,0.975941947768283
AGCGTATAGGCCGAATx-2,0.9939061418094587
AGCTCCTCAAGGACACx-2,0.9683428006460193
AGCGTATTCGCGGATCx-2,0.981013418693738
AGCGGTCAGCTACCGCx-2,0.961954977169826
AGCTTGAAGGATATACx-2,0.8957770545283334
AGGCCGTCATCTATGGx-2,0.9728472719328954
AGGGATGCATGATCCAx-2,0.9776659255411373
AGCATACGTCAGCTATx-2,0.9847239624533508
AGGGAGTTCTTCTGGCx-2,0.9803761359298055
AGCATACGTTGACGTTx-2,0.9838731114630719
AGCTCCTCATCGATTGx-2,0.9793985331971334
AGGGAGTAGACAGGCTx-2,0.9522753789323652
AGGGATGTCCTTTCTCx-2,0.7925720686235116
AGCTCTCAGCCCGAAAx-2,0.9780924974724811
AGCGTATAGGTTCCTAx-2,0.9755573840259747
AGCGTATGTCTCCATCx-2,0.884940976970673
AGCTCCTAGAGCTGGTx-2,0.9535492334700149
AGCTTGATCGTAGGTTx-2,0.9725730645783384
AGGGATGAGATGTCGGx-2,0.953271213845075
AGGCCGTAGACATAACx-2,0.980042689035803
AGCTCTCTCACGCATAx-2,0.9877881758995626
AGCTTGACACCTCGTTx-2,0.9860670917382203
AGCTTGATCCTACAGAx-2,0.8527500090124808
AGGGAGTCAGTCGTGCx-2,0.8292790194086177
AGGGAGTGTTGAGTTCx-2,0.9840978899977122
AGGCCGTTCTTCTGGCx-2,0.9684116064340813
AGGGATGTCATAAAGGx-2,0.9719668045600462
AGGGATGGTCGTCTTCx-2,0.9822421163642775
AGGGATGTCCTTAATCx-2,0.8110337087697993
AGCGTCGAGAAGGCCTx-2,0.8091945580634444
AGCTTGAGTCGCGGTTx-2,0.8942852028277539
AGCTTGATCATCGGATx-2,0.9880323522154087
AGCGTATCATCTACGAx-2,0.9766538973722415
AGCCTAAGTATGCTTGx-2,0.8027291916771306
AGGGAGTGTGTGAAATx-2,0.9729601259247767
AGGGATGGTCCCTTGTx-2,0.7994124178462214
AGGCCACCAAAGGTGCx-2,0.9674958828394393
AGCTTGACAGGATTGGx-2,0.9699725189622499
AGCTTGACATTATCTCx-2,0.966774821823058
AGGGTGAAGCCATCGCx-2,0.9736440287683569
AGGGAGTGTCTCTCGTx-2,0.9002226813821927
AGCCTAATCGGCGGTTx-2,0.9620351300262016
AGCTCTCAGGTAGCTGx-2,0.9164941162231081
AGCTCTCTCTTTCCTCx-2,0.8314091914451692
AGCTCTCCAGTAACGGx-2,0.9094661885088571
AGCTCTCGTCGCGAAAx-2,0.9466851082562134
AGCTTGACAGTCTTCCx-2,0.8042738183730127
AGGCCACAGTTTGCGTx-2,0.9855673689263031
AGCGGTCAGCGTCAAGx-2,0.9773752953741824
AGCCTAAAGCGGATCAx-2,0.790159442766918
AGCGTATCAACGATCTx-2,0.9845499546148334
AGGGAGTCAATGACCTx-2,0.8016112886915094
AGCGTCGCATACGCTAx-2,0.9801966219161213
AGCGTCGCAGGACCCTx-2,0.9803728464582184
AGCTCCTGTCCCTACTx-2,0.9860048209376957
AGGGAGTCAATCAGAAx-2,0.9214371140104276
AGCTCCTGTGAAAGAGx-2,0.9748054694598424
AGCTCCTTCGGTTAACx-2,0.9849949901810664
AGCGTATAGCAACGGTx-2,0.9003447818633823
AGCATACTCGCTGATAx-2,0.9685719086410308
AGGCCACTCTGGTGTAx-2,0.9213266650850922
AGCCTAAGTCTTCAAGx-2,0.8312001130207416
AGCGTATGTTACAGAAx-2,0.9754481753407861
AGTGGGAAGCAATCTCx-2,0.9575545349077429
AGTCTTTTCGCGTAGCx-2,0.969504866463247
AGGTCCGAGCCACCTGx-2,0.968757542401754
AGGTCCGCAAGCCATTx-2,0.9430413843655309
ATAAGAGGTCAATACCx-2,0.8831278625917482
AGTAGTCCAATGACCTx-2,0.9841119892665479
ATAACGCTCACCTTATx-2,0.8341878127183106
AGTGAGGAGGGCACTAx-2,0.8836285069344982
AGTCTTTGTAGCGCTCx-2,0.9705370745646884
AGTGTCAGTACCGTATx-2,0.9744220640120453
AGGGTGATCCGTCAAAx-2,0.9751671298389578
AGTTGGTTCGTGGGAAx-2,0.977077508019895
AGTAGTCGTGTAAGTAx-2,0.8043662825354412
AGGGTGACATGTTGACx-2,0.9926428099248965
AGTGAGGGTAGAAGGAx-2,0.9776197449027298
AGGGTGAGTTTCGCTCx-2,0.8015405627452699
AGTGTCATCTCGTTTAx-2,0.982104401425159
AGTCTTTGTACATCCAx-2,0.8090506922921429
AGTGGGAGTGGTACAGx-2,0.8878684401677075
AGTGAGGAGGTGATTAx-2,0.980205647296047
ATAGACCGTCTTCGTCx-2,0.9767694344248894
AGTTGGTGTCCGCTGAx-2,0.9976348231052402
AGGGTGACATACTCTTx-2,0.9788269291881827
AGTGAGGCACGGTGTCx-2,0.9764219416040769
AGTGTCACACGTGAGAx-2,0.9781363926046562
AGGTCCGCATTGCGGCx-2,0.9714144566418943
AGGTCCGGTATGAAACx-2,0.9786066466845348
ATAACGCCATACTCTTx-2,0.9839936459223718
ATAAGAGGTCTCTTTAx-2,0.9641472825375751
AGTCTTTTCCTGCTTGx-2,0.8028154111425938
AGGGTGACAGCTGGCTx-2,0.7926182194357877
ATAGACCCAAGAAAGGx-2,0.9778179735873936
AGTGTCAAGTATGACAx-2,0.8523712821342668
AGTTGGTGTCAAGCGAx-2,0.9767050389068298
AGTTGGTTCGGCGGTTx-2,0.9745898014267814
AGGTCCGAGGTAGCTGx-2,0.99330805376726
AGTGAGGTCACATAGCx-2,0.8697843817124765
AGGGTGATCCAAACACx-2,0.9783138977247874
ATAACGCTCGGTTAACx-2,0.798213867664247
AGTGAGGAGCTAGTGGx-2,0.9112600034952949
AGGTCCGCATTAACCGx-2,0.942864183298854
AGTTGGTTCAGCTTAGx-2,0.9727507893329342
ATAGACCAGCTGTCTAx-2,0.9794871018151801
AGTAGTCAGTGGAGAAx-2,0.9792611268881185
AGGGTGATCCTGCAGGx-2,0.9798123849989971
AGTTGGTAGGGCATGTx-2,0.9422987976286787
AGGTCCGAGGACACCAx-2,0.881272336552105
AGTGTCATCTTGAGACx-2,0.811163933842216
AGTCTTTTCTACTTACx-2,0.9211010017747226
AGTGGGATCGTAGGAGx-2,0.9160342727386537
AGTGTCACACGGATAGx-2,0.9753994746888114
ATAGACCCAGACAAATx-2,0.9765755956399106
AGTGAGGCATGTCGATx-2,0.9743195455204685
AGTCTTTGTCGAGATGx-2,0.9290304540536333
AGTAGTCAGCCAACAGx-2,0.9769486200446739
AGTGAGGTCCTAGTGAx-2,0.8207714236825049
AGGTCATTCTACGAGTx-2,0.9760957699018706
ATAGACCGTGTAAGTAx-2,0.8295150968672637
AGGTCCGTCAAGGTAAx-2,0.8992770117557601
ATAGACCCAGGTCGTCx-2,0.9228165224735279
AGTGAGGGTACTTCTTx-2,0.9770494437973272
ATAACGCAGTCATCCAx-2,0.9614960885559188
ATAACGCGTGCTTCTCx-2,0.9771494510286232
AGGTCATCACACTGCGx-2,0.9723477414834756
AGGTCATTCCGAATGTx-2,0.8417580363097477
AGGTCATTCCGCGGTAx-2,0.9869066215276662
AGGTCCGTCGAATGGGx-2,0.8273190000908931
AGTGGGATCTGAAAGAx-2,0.8454613071263039
AGTGTCACACCAGCACx-2,0.9686607476533977
AGGGTGAAGTAGGTGCx-2,0.9668630878351271
AGGTCATCAAACTGCTx-2,0.9789804534271225
ATAGACCGTGACAAATx-2,0.9726375125988072
ATAAGAGGTACAGACGx-2,0.981316599098961
AGGTCCGGTCTGATCAx-2,0.9776033722160018
AGTGAGGCATGCAATCx-2,0.8077133482044483
AGTTGGTAGTCACGCCx-2,0.9791283527214386
AGTCTTTGTTTAAGCCx-2,0.9725339573167568
AGTAGTCTCACGGTTAx-2,0.978709941064424
ATAGACCGTGAGTGACx-2,0.8110244125695026
AGGGTGATCATCTGCCx-2,0.9808356320779048
AGTGAGGGTACCGTATx-2,0.8565709660621632
AGTGTCACAAAGAATCx-2,0.9447925023925979
AGTCTTTGTGAAGGCTx-2,0.9751524891696282
AGTTGGTCAATCGGTTx-2,0.990649483052956
AGTGGGAAGACCTAGGx-2,0.9757917736806371
ATAACGCCACAGATTCx-2,0.9738505839264825
AGGTCCGTCAACCAACx-2,0.9857709877763251
AGGGTGAAGTGTCTCAx-2,0.7989528297640247
AGTGAGGCAATGTAAGx-2,0.975076638877409
AGTGAGGGTAGGGACTx-2,0.9687159453160517
AGTGTCAGTTGATTCGx-2,0.9757850591522849
AGGTCCGGTGGGTCAAx-2,0.8029772223983964
AGTTGGTAGCATCATCx-2,0.9979204399327599
AGGTCATCAGTAGAGCx-2,0.9797602277329471
AGTGTCACACCTCGTTx-2,0.7977329865827536
ATGAGGGTCATCACCCx-2,0.8843610941776726
ATCACGAGTGCACCACx-2,0.8027034391760757
ATCGAGTCAATCACACx-2,0.9870467849514707
ATGAGGGCATCCAACAx-2,0.9827968402256291
ATCCACCAGAATGTTGx-2,0.9761658457024152
ATAGACCTCTGAGTGTx-2,0.9903582545133914
ATGCGATAGGATTCGGx-2,0.9819736843997509
ATCATGGGTGTGAATAx-2,0.8890496004155297
ATCACGATCAACGCTAx-2,0.9936305447268627
ATCATCTCACTCAGGCx-2,0.9433868737045168
ATCACGATCGTCTGCTx-2,0.950930580332465
ATCATGGCAGCTCGACx-2,0.9797535469577259
ATCGAGTCAAGTCATCx-2,0.8001263516537731
ATGAGGGTCAGTGTTGx-2,0.9793152194455208
ATCTACTCATATACCGx-2,0.7993762000836276
ATCCACCCAAACTGCTx-2,0.5629051557766931
ATCCGAACAAGCTGGAx-2,0.9469453279580414
ATCGAGTAGCGTGAACx-2,0.9778640305156415
ATCATCTAGACAAGCCx-2,0.9762363036177945
ATCATCTAGACAATACx-2,0.8088592585218722
ATCCACCGTCAGTGGAx-2,0.9873303606856635
ATCCGAAGTAAGGGCTx-2,0.9707150290187113
ATCCACCTCGGCCGATx-2,0.8013452977473733
ATGAGGGGTGCAGACAx-2,0.9703587357868044
ATCACGAAGTACGTAAx-2,0.9871352436480264
ATCTGCCTCACGCATAx-2,0.9838855794478636
ATCCGAAAGATCACGGx-2,0.990493082897743
ATCTACTTCTTATCTGx-2,0.9172260510368944
ATCACGAAGGGTGTGTx-2,0.9811056328643206
ATCTACTCATCGACGCx-2,0.8353004070660736
ATCACGAAGCACCGTCx-2,0.9779974511311293
ATCCGAAGTCGGCACTx-2,0.7881746169828898
ATCGAGTGTTTGTGTGx-2,0.9759391758799246
ATCACGAGTACGACCCx-2,0.807792706461464
ATCATGGCAGAGCCAAx-2,0.9520949632527692
ATCGAGTGTACAAGTAx-2,0.8950771195638926
ATCGAGTTCTCGAGTAx-2,0.9716665183319697
ATCCACCCATCACCCTx-2,0.9804211883210251
ATGAGGGCATCCGCGAx-2,0.9713352926533096
ATGAGGGGTTAAGAACx-2,0.9781618617297289
ATCATCTCATAAGACAx-2,0.9821365016123909
ATCACGAAGCTGAAATx-2,0.9486069549603731
ATCACGATCTCATTCAx-2,0.8345684562503256
ATCCGAATCGAATGCTx-2,0.9760841962145164
ATGAGGGAGCCTATGTx-2,0.7992108723755541
ATCACGACATGCCCGAx-2,0.9891050867101596
ATCGAGTAGGGTCGATx-2,0.9112335532680401
ATGAGGGGTTGTGGAGx-2,0.8191831794463598
ATCACGAGTAGCCTATx-2,0.9974193252928846
ATCGAGTTCGTCTGAAx-2,0.7895113338745594
ATCACGATCCGTAGGCx-2,0.9312656931287703
ATCTGCCTCTGTCCGTx-2,0.9925980169362492
ATCATCTAGGGCTTCCx-2,0.9225874030811394
ATCACGAAGGTTCCTAx-2,0.9732308535988311
ATCCGAATCTTGTCATx-2,0.9762105276602341
ATCTACTCACATCCGGx-2,0.9292448338305017
ATCTGCCGTGGGTCAAx-2,0.9767989841696156
ATCATGGTCTACTTACx-2,0.9476240668569634
ATGAGGGGTATCACCAx-2,0.870813992209045
ATCATCTCACAGTCGCx-2,0.9486918759476854
ATCCGAACAGTATGCTx-2,0.8487007489910622
ATCGAGTGTGTCAATCx-2,0.8086335676877988
ATGAGGGAGTATCGAAx-2,0.8685005886778623
ATGAGGGGTTCCATGAx-2,0.845687192015996
ATCTACTAGGGTTTCTx-2,0.9458230678709355
ATCATCTCATGCGCACx-2,0.9566308002871311
ATCATCTTCACAATGCx-2,0.911317604325986
ATCTACTGTCCCTTGTx-2,0.9952833235264159
ATCCACCCATCTCCCAx-2,0.9747042732059427
ATCATCTTCACTTCATx-2,0.9756482804351917
ATCGAGTGTACATCCAx-2,0.9718190090295141
ATCATGGTCCATTCTAx-2,0.9772971017179882
ATCCGAAAGTGGCACAx-2,0.8011507358001202
ATCACGAAGAGGTTGCx-2,0.9778966550175552
ATGAGGGGTCAAGCGAx-2,0.9737659077375422
ATCATCTCAGGATCGAx-2,0.972049271217033
ATCTGCCAGTGTCTCAx-2,0.8397337574250805
ATCATCTGTCGAACAGx-2,0.9763499285855746
ATCCACCGTAGAGGAAx-2,0.9707477317029808
ATCCGAAAGATGTGTAx-2,0.9726025890658857
ATCATGGCATCGGAAGx-2,0.8709855453806464
ATCATGGCACAGACAGx-2,0.9936343022298636
ATCATCTGTCTAGCCGx-2,0.9837403093512579
ATCTGCCTCGGTTAACx-2,0.8958817551917357
ATCATGGCAGCGTTCGx-2,0.9801667548785705
ATCATCTAGATGCCTTx-2,0.8367009445159955
ATCATGGCATCTCCCAx-2,0.7972894375921086
ATCACGATCCTGTACCx-2,0.9644114621908826
ATCATCTAGAGACGAAx-2,0.9809212094541077
ATCGAGTTCATTGCCCx-2,0.9770356538998968
ATCTACTGTTACCGATx-2,0.8083634368448511
ATCACGATCCTGTAGAx-2,0.9521715230086075
ATCCGAACACCATCCTx-2,0.8947237820014952
ATCGAGTCAGTAACGGx-2,0.975142233116828
ATCTGCCGTAGAGGAAx-2,0.9887351537227865
ATCGAGTAGGCCGAATx-2,0.9824897880810752
ATCCGAACAGTAAGATx-2,0.9851048902051949
CAACCTCGTCTCAACAx-2,0.9783212629826216
ATGGGAGGTTGCTCCTx-2,0.9786486217718886
ATTATCCAGAGTCGGTx-2,0.9822315694343751
ATGCGATGTCTCCACTx-2,0.9624853886235624
ATTGGTGTCAACACTGx-2,0.9825090510116119
ATTATCCCACCATCCTx-2,0.8037318013582665
ATTATCCTCACATACGx-2,0.985615309983597
ATGCGATGTTCCACTCx-2,0.9061702261720016
ATGTGTGCACATGACTx-2,0.9696607694953085
CAACCAAAGGAGCGAGx-2,0.9856010368181991
ATTGGACGTACTTCTTx-2,0.9606083815474398
ATTTCTGGTACCAGTTx-2,0.9695326244134476
ATTGGTGCATTGGGCCx-2,0.9695074523639655
ATTTCTGCACATTTCTx-2,0.9750303730412898
ATTTCTGCATAGACTCx-2,0.9771220860788875
ATTCTACGTTCGCGACx-2,0.8853870209935345
ATTGGTGAGTGTCTCAx-2,0.9623893453540544
ATTACTCAGGAACTGCx-2,0.8965874104567041
CAACCAAGTCCCTACTx-2,0.9846234349041321
ATTGGTGTCAAGCCTAx-2,0.9725731031375809
ATTACTCAGCTCAACTx-2,0.9767263746183548
ATTTCTGTCTAGCACAx-2,0.9818452735554479
ATTGGACAGGTAGCCAx-2,0.987508212206069
ATGTGTGGTACCTACAx-2,0.9748667929599503
ATGGGAGAGTCCGGTCx-2,0.9886775322372782
ATGTGTGGTCGGGTCTx-2,0.8866190681402377
ATTATCCGTATCAGTCx-2,0.9787065465618366
ATTTCTGAGCCATCGCx-2,0.8882631220547247
ATGCGATAGGTCGGATx-2,0.9624485403679099
ATGGGAGAGATCCCATx-2,0.9812296877098817
ATTGGACTCCACGTGGx-2,0.8954121182913948
ATGCGATTCGGGAGTAx-2,0.9795968813997067
ATGGGAGAGAAACGAGx-2,0.978725059997854
ATTACTCGTTGCTCCTx-2,0.9844711627575989
ATTACTCCACGCTTTCx-2,0.9779093006717338
ATTGGACCACCTATCCx-2,0.9758046826846672
ATTGGTGTCACCATAGx-2,0.990251042473291
ATTGGTGCATCCGCGAx-2,0.8175050517735908
ATTTCTGTCCCTTGTGx-2,0.9575701307221309
ATTATCCTCCACGTGGx-2,0.7863165094282536
ATTATCCGTCACTGGCx-2,0.9766327261738434
ATGGGAGCAAGGTTTCx-2,0.9804962680266914
ATGGGAGCAATAACGAx-2,0.9601480804315233
ATTATCCCATCCAACAx-2,0.8655284328741304
ATGGGAGTCTGCTGCTx-2,0.9764309168965901
ATTTCTGTCTGTGCAAx-2,0.9743437566128016
ATGCGATCATTCTTACx-2,0.802965115327401
ATTATCCTCTTGAGGTx-2,0.863477385789741
ATGGGAGGTGACTCATx-2,0.7739442607045551
ATTGGTGCATCGATTGx-2,0.8481066834883376
ATGGGAGGTCTCTCGTx-2,0.7872096665122011
ATGGGAGCAAGAAAGGx-2,0.8950661925163513
ATGCGATTCATGTCCCx-2,0.9898925270632888
ATGTGTGCAACGATGGx-2,0.9755601605840656
ATTCTACTCCACTCCAx-2,0.9800737539996665
ATTTCTGGTCAGCTATx-2,0.9811921977221852
ATTCTACGTCCCTACTx-2,0.7815965623797221
ATTGGACAGGCATGGTx-2,0.8470528115734833
ATTACTCGTCGCGAAAx-2,0.9695034380589864
ATTGGTGCACGGCTACx-2,0.7924989689869589
ATTCTACCACGGTAAGx-2,0.8149537260684321
ATTCTACAGGTGCACAx-2,0.8022309542707452
ATTATCCTCGCGTAGCx-2,0.7497555501027849
ATTCTACTCCAAACACx-2,0.9959301963060584
ATGGGAGCACATCTTTx-2,0.9672200690279998
CAACCAACATACAGCTx-2,0.985245038908913
ATTATCCCAAGGACTGx-2,0.9035368719637622
ATGTGTGAGACACTAAx-2,0.984196577861019
ATTGGACTCAACGAAAx-2,0.9578407252646337
ATTCTACCACATGACTx-2,0.9726697778630653
ATGCGATTCACGATGTx-2,0.9740926884588659
ATTATCCTCCATGAGTx-2,0.8143466107552403
ATGGGAGTCGTAGGAGx-2,0.9735539594608856
ATGGGAGGTTCCCGAGx-2,0.9868251989240474
ATTCTACAGGATATACx-2,0.9184986006583796
ATTGGACCAACACCTAx-2,0.8590121670730446
ATGCGATAGTTCGCATx-2,0.9697632780753496
ATTATCCTCCTGTACCx-2,0.8352381882954341
CAACCTCAGTAGGTGCx-2,0.9782624214272303
ATGTGTGGTGGCAAACx-2,0.9762982106717891
ATTTCTGGTATGAATGx-2,0.9886454055321464
CAACCAAAGCCACTATx-2,0.7776434952293008
ATTGGACTCTGCCAGGx-2,0.8546755398392717
ATTGGACCAGGGCATAx-2,0.97633578550501
ATTGGACTCCCTAATTx-2,0.9730465854559482
ATGTGTGAGTGTACTCx-2,0.8438920240644799
ATGGGAGAGTGTTTGCx-2,0.7906256514621043
CAACCAAGTCATGCCGx-2,0.9732072871946893
ATTGGACAGAGCTGGTx-2,0.9777397405720988
ATTGGACTCGGCGCATx-2,0.9325662580722837
ATTTCTGTCAGCTCGGx-2,0.9797677192948868
ATTGGTGAGCGCTTATx-2,0.9342434127064625
ATGCGATGTTGTGGCCx-2,0.8099462179231196
ATTACTCGTAAGTGGCx-2,0.9801676066378949
ATTGGACGTCGCTTTCx-2,0.8280314025459943
CACAGTAAGAGTACATx-2,0.8723670010453836
CAAGATCGTAGAGCTGx-2,0.9395239579175606
CACAAACGTGACTACTx-2,0.7998245552163373
CAAGTTGAGATAGGAGx-2,0.8161942687514983
CACACTCTCTCGAGTAx-2,0.9761335923579483
CAAGATCCACGAAACGx-2,0.7994621210088404
CAAGATCAGGTGGGTTx-2,0.9792842727056441
CACACAAGTCTGCGGTx-2,0.9540790095927003
CACAGGCGTCTAGAGGx-2,0.9818016235782394
CAAGAAATCACAGTACx-2,0.9652563640150608
CACAAACGTTACGCGCx-2,0.9072771744088419
CAAGAAAGTCTGATTGx-2,0.8290763207040938
CACACTCGTAAATGTGx-2,0.8234484237643493
CAAGATCAGGACAGAAx-2,0.9446676707558257
CAACTAGGTTTGCATGx-2,0.9056986924265484
CACAGTAGTACGAAATx-2,0.8214345690777559
CAAGTTGGTTCACGGCx-2,0.9818278249632362
CACACTCAGAGCTGGTx-2,0.9819272698059825
CAAGTTGGTATAGGTAx-2,0.8329443267072425
CAACTAGGTGTGCGTCx-2,0.9715496614744152
CAAGAAAGTCACCTAAx-2,0.9815259909412002
CACACTCTCTATCCTAx-2,0.9727528272618376
CACAGGCTCTCGAGTAx-2,0.7823851307639336
CAAGTTGGTGCAACGAx-2,0.9923138028210612
CAAGTTGTCGTATCAGx-2,0.9795429659766273
CACATAGTCTGCAAGTx-2,0.9670035499544893
CACACTCGTGTGTGCCx-2,0.979092652576333
CACATAGTCGAACGGAx-2,0.8057013948570442
CACACAACAAGGTTCTx-2,0.9645209686008853
CAAGTTGAGGGTATCGx-2,0.9665283596983132
CACAGTACAATCAGAAx-2,0.9671280342890125
CAAGAAACACTCAGGCx-2,0.9618212982978053
CACACCTGTTGAGTTCx-2,0.987728057459379
CAACTAGTCTGCTGTCx-2,0.9824462798355151
CACAGTATCCATTCTAx-2,0.7915379286891246
CACACCTGTACTTCTTx-2,0.8283739504250431
CAAGTTGAGCCCGAAAx-2,0.9098952644108342
CACACCTGTGTATGGGx-2,0.9940871705221286
CAACTAGAGAAAGTGGx-2,0.9824544215593833
CACAGGCCATTGGCGCx-2,0.9732026540352593
CACAAACTCTCTGTCGx-2,0.9766909250910143
CACAGGCGTCTAGTCAx-2,0.9812472399402193
CACACCTAGAAGGACAx-2,0.9615490458040129
CACAGGCAGCAAATCAx-2,0.9734773801493791
CAAGATCAGAGACTATx-2,0.9594764761690183
CACAGGCTCCTTTCGGx-2,0.8073817534103812
CACATAGGTCTCATCCx-2,0.9798344363493081
CACAGTACACCTCGTTx-2,0.9757317329613064
CAAGAAAAGATCCGAGx-2,0.7538411073152891
CAAGAAATCCCGACTTx-2,0.9870434385644048
CAAGGCCCAGGGTTAGx-2,0.9860377843659436
CAAGAAAAGATCCTGTx-2,0.9939490414573836
CAAGATCGTGCAGACAx-2,0.8038929952013377
CAACTAGAGCCAGGATx-2,0.9691824904281051
CACAAACGTGGGTATGx-2,0.8612369487468461
CAAGTTGGTTGATTCGx-2,0.8301056874922249
CAACCTCTCGCACTCTx-2,0.9838989416181612
CACACAATCGTCTGAAx-2,0.968812763066809
CACACTCTCCAAACACx-2,0.9789853717645305
CACATTTAGTGTGAATx-2,0.96493891505871
CACACTCAGGTTACCTx-2,0.9539643382412545
CACAAACGTGCGATAGx-2,0.916248033279398
CAAGAAAGTAATCACCx-2,0.9834432469566295
CACACAAGTAACGCGAx-2,0.7394312592496871
CAAGTTGGTCCAGTTAx-2,0.9621745675019795
CAACCTCGTGCGGTAAx-2,0.9796319769826616
CAACTAGTCGTCCGTTx-2,0.9812203770905668
CAAGATCAGAGGTAGAx-2,0.842290635654985
CAAGATCAGCTATGCTx-2,0.9403479105670384
CACAGGCTCGCGGATCx-2,0.9679911613685211
CACAAACTCCGTAGGCx-2,0.9749958768237204
CACACCTGTTAAGATGx-2,0.9235181652432595
CAAGAAATCCCTAACCx-2,0.981789332684205
CAACTAGTCACCGTAAx-2,0.78390252890017
CAACTAGCATCACAACx-2,0.9867962447783758
CAAGAAACACAACGCCx-2,0.9542534588707863
CAAGGCCTCTGGAGCCx-2,0.979294628399787
CACATAGGTCTGCAATx-2,0.9718513020779664
CAAGTTGAGAACTGTAx-2,0.8022163750403648
CACACCTGTCGCTTTCx-2,0.9680346258020568
CACAAACGTCTAACGTx-2,0.9793391285349028
CACAGTAAGTTAGGTAx-2,0.9612241650920678
CACACAAGTTACAGAAx-2,0.8667592177558419
CACACAACACCTCGTTx-2,0.9722082012410782
CACACAAAGTCACGCCx-2,0.9755746033761487
CAACTAGAGCGATTCTx-2,0.9631963879820584
CACAGGCCAAGAAGAGx-2,0.7946912790022239
CACAAACGTACCAGTTx-2,0.9768636978184605
CAAGTTGAGTGCGTGAx-2,0.9740332480219606
CACAAACAGTGTACGGx-2,0.9655650561770128
CACAGGCGTTACGTCAx-2,0.9850736592946462
CAAGATCAGTTCGATCx-2,0.9834933874257255
CACATAGTCGCAAACTx-2,0.9593825345975282
CACACAAAGTCTTGCAx-2,0.8961821948549824
CAGCAGCAGTGACATAx-2,0.861169650703544
CAGCAGCAGGATCGCAx-2,0.9634157424086622
CAGAATCGTTTGGGCCx-2,0.9785444125806777
CAGATCAAGTAATCCCx-2,0.9745569851504051
CAGATCAGTTCCGGCAx-2,0.9927663985585671
CACATTTTCATCTGTTx-2,0.8216046800388874
CAGCATAAGTCATCCAx-2,0.9849836762639173
CACTCCACAATCGGTTx-2,0.9760982748429324
CACCTTGCACAGCGTCx-2,0.9952657486105478
CAGAGAGGTGTCCTCTx-2,0.8211392597845102
CAGATCAGTGAGTATAx-2,0.9780013855633876
CAGCATAGTCTAGTGTx-2,0.974415757155066
CACCAGGCAAACCTACx-2,0.8414427311588015
CACCTTGGTGCCTGGTx-2,0.9744853916927109
CACCTTGTCAGGCCCAx-2,0.9946653866273388
CAGATCAAGCCACGTCx-2,0.978114747245243
CAGAATCCATGGTAGGx-2,0.976879723383279
CAGCATATCGGCGGTTx-2,0.7991940325156132
CAGATCATCACAATGCx-2,0.8957834910780559
CAGAATCCAACTGCGCx-2,0.7872008163303474
CACCTTGTCCTGTAGAx-2,0.8166921756327279
CACTCCATCCGTTGCTx-2,0.9787462669583525
CAGCATACATCATCCCx-2,0.8542697214653274
CAGAATCTCCTTTCGGx-2,0.9589787766811833
CACCTTGGTGAGCGATx-2,0.9532816763883748
CAGATCATCCGAAGAGx-2,0.972402537759601
CAGCAGCGTTCCGGCAx-2,0.9551345560385409
CAGAGAGCACTGTCGGx-2,0.9923257168558762
CACATTTTCCGTTGCTx-2,0.8224366830925218
CACCAGGTCCTTGCCAx-2,0.9636805395926413
CACCTTGAGTGGACGTx-2,0.9640450580032368
CAGCAGCTCCAGGGCTx-2,0.9815713847655997
CAGCAGCAGGGTATCGx-2,0.9784177195088393
CACTCCAGTGCACTTAx-2,0.9788045411174346
CACCACTGTGAGGCTAx-2,0.972801650535539
CACCAGGCAGCCAATTx-2,0.9804906874970429
CAGAGAGAGCACCGTCx-2,0.9735289805702833
CACCAGGCAGCGTTCGx-2,0.9794805050510335
CACATTTTCGTGGACCx-2,0.977086782699159
CAGAATCTCAGCTCGGx-2,0.9842268240754739
CAGCCGAAGAGCAATTx-2,0.8171134194295246
CAGATCATCTGATACGx-2,0.8280518316801212
CACCAGGCAGTATGCTx-2,0.9834554832599426
CAGAGAGAGTGTACCTx-2,0.9222896798542003
CAGCATACAATGGACGx-2,0.8063530172109833
CAGATCAGTAACGTTCx-2,0.9529679730577002
CACCACTTCAAGATCCx-2,0.8599818723677388
CACTCCAAGGATGTATx-2,0.9671487860925609
CACCAGGCAGACGCAAx-2,0.9810699776829065
CAGAATCGTTCTGGTAx-2,0.9802164758659221
CAGATCACAGTCCTTCx-2,0.8061020907514904
CACCAGGCACAGAGGTx-2,0.9776967999849389
CACCAGGCAGTAAGCGx-2,0.9758719415327187
CAGATCAGTAGAGCTGx-2,0.9795076449182888
CAGAATCGTGTTGAGGx-2,0.9730255777884838
CAGCAGCTCCAAAGTCx-2,0.8875255943728542
CACATTTCAGAAGCACx-2,0.9754675756113405
CAGCATATCGTAGGAGx-2,0.9371253751352783
CACATTTCACGTAAGGx-2,0.9899586549093036
CACATTTCAGTGACAGx-2,0.9783495043499489
CACCACTAGATACACAx-2,0.9673329218296315
CAGATCAAGGCGTACAx-2,0.9876484189464573
CAGCATAAGTCTCAACx-2,0.9113378311756244
CACCTTGAGTTAGCGGx-2,0.9507672867647392
CACATTTTCAACACGTx-2,0.8141536045944004
CACTCCAGTTCCATGAx-2,0.9671637112568057
CAGAATCAGAACAACTx-2,0.9720527458350717
CACCACTGTTTGTTGGx-2,0.9711490715654322
CAGCCGAAGCTGAACGx-2,0.9617454633082086
CAGATCAGTGACGCCTx-2,0.9389187231242712
CACATTTTCCAGTAGTx-2,0.8185222169998303
CACCTTGCAATACGCTx-2,0.9721111513919555
CACCAGGCATTACCTTx-2,0.9881132151767896
CAGAGAGGTTTCCACCx-2,0.9860127471522651
CAGAGAGTCAGGCAAGx-2,0.7835441975184684
CAGATCAGTTATCGGTx-2,0.9696714889753171
CAGAATCGTGTCCTCTx-2,0.8053374623231457
CAGAATCGTCTAGAGGx-2,0.9880304811404469
CACCAGGGTAAGTAGTx-2,0.8953224117505699
CACCAGGCACGGACAAx-2,0.7996951838878639
CAGCAGCAGTCAATAGx-2,0.9742892075474622
CAGCAGCTCTTCGAGAx-2,0.9775201479357853
CACCAGGAGTCCAGGAx-2,0.9102043281464403
CAGCCGAAGCAGCCTCx-2,0.9740681256652524
CAGCATACAGGGCATAx-2,0.756258385013014
CACCAGGAGGTAGCCAx-2,0.9731414778321402
CACATTTTCTTCAACTx-2,0.9107969305562994
CAGAATCAGTCCAGGAx-2,0.9787255053754008
CACCACTGTTAGAACAx-2,0.9807644553608595
CAGCATAGTCTAGTCAx-2,0.7786774434231409
CACATTTGTTTGGCGCx-2,0.9819050772796438
CACCAGGCAGCTGTATx-2,0.9745539998211041
CACCTTGGTGTGACGAx-2,0.8630577880958875
CACTCCACAAGGTTCTx-2,0.9756865227957425
CAGAATCAGAGGTTGCx-2,0.9764670314711058
CACTCCAGTTGATTCGx-2,0.9789068784581293
CAGCATATCGCGGATCx-2,0.9120140782972388
CACCAGGTCGCTTGTCx-2,0.9660961363680873
CACCAGGGTATAGGGCx-2,0.7879971709311288
CAGCCGAAGTCTCGGCx-2,0.9109176516521371
CAGCTGGTCTCAAACGx-2,0.795703477768988
CAGCGACGTAAATGTGx-2,0.8576602305630374
CAGTAACTCTCCAACCx-2,0.8089606855780187
CATATGGTCCAATGGTx-2,0.9714347032671082
CAGGTGCGTTAAGGGCx-2,0.9776467098501683
CAGCCGACACTTACGAx-2,0.8130208468684602
CAGGTGCTCGGAGGTAx-2,0.8274707456402272
CATCAGATCTTGTATCx-2,0.9702100776700291
CAGCGACTCTTGTATCx-2,0.9283833551019961
CATATGGAGTACGTTCx-2,0.9197788591164324
CAGCTAAGTAAGGGAAx-2,0.9749719763311758
CAGCCGAGTTAAGAACx-2,0.9285564145709648
CAGCTAATCATCACCCx-2,0.974707094822378
CAGCTGGTCAGTGTTGx-2,0.9671042921285935
CAGGTGCCAGTATAAGx-2,0.8513190720228894
CATATGGCATGCCCGAx-2,0.9769275645013412
CAGCGACCAGACGCAAx-2,0.925292764299118
CAGCTGGGTATGGTTCx-2,0.9854015274683813
CAGGTGCCAGCTCCGAx-2,0.9802165984445348
CAGTCCTAGTCCTCCTx-2,0.8267724635645627
CAGGTGCGTCCATCCTx-2,0.9218623578152397
CATATTCAGACGCTTTx-2,0.987116160592463
CAGCTGGTCAATAAGGx-2,0.8009518655954365
CAGGTGCGTAAGGATTx-2,0.9721423066074505
CAGCTAACATTGGGCCx-2,0.8659180751959002
CAGCGACGTGTTGGGAx-2,0.9205648155037977
CATCAGAGTTTGTTGGx-2,0.8538311672839295
CAGCGACTCCTTGGTCx-2,0.7998198683511267
CAGCTGGTCTTTACGTx-2,0.9749986308673623
CAGGTGCGTGACGGTAx-2,0.9748181802757578
CAGCTAACAGTCCTTCx-2,0.8377766395096431
CATATGGCATGGGAACx-2,0.8217709350549208
CAGCTGGCAACACGCCx-2,0.9704797755763007
CAGCTGGTCAGGTTCAx-2,0.9728703469820522
CAGGTGCAGGTAGCTGx-2,0.9716237020935605
CAGCTGGTCATTGCGAx-2,0.9643215635277183
CAGGTGCGTAGCCTATx-2,0.9957433456409164
CAGTCCTAGTACATGAx-2,0.8180120244563844
CAGCTGGCACCGGAAAx-2,0.9881410130043384
CAGCCGAGTCTCTTTAx-2,0.9013784278147344
CAGCTAACATGCTGGCx-2,0.9691508867164136
CATATTCGTACAGTTCx-2,0.9771473904085025
CAGTCCTCATGTCGATx-2,0.982486425889658
CATATGGAGCGTTTACx-2,0.9801819976764572
CATCAGATCTCCAACCx-2,0.9817172799516095
CATATGGGTATAGGGCx-2,0.9629149046132954
CATATTCGTGGTTTCAx-2,0.9672748810849114
CATATTCTCCATGAACx-2,0.9698317379451447
CAGTAACGTATTCGTGx-2,0.9755361106376853
CAGCTAAGTAAGTGTAx-2,0.7994278670090491
CAGTAACCAACTGCTAx-2,0.7871241320211333
CAGGTGCGTGAGTATAx-2,0.9358778283628066
CATCAAGAGACTACAAx-2,0.9666612643217384
CAGGTGCAGACTACAAx-2,0.9559024683817436
CATCAGACATCGATTGx-2,0.9793172883987908
CATATGGTCGGAATCTx-2,0.9503955264201119
CAGTAACGTGCCTGTGx-2,0.9712419997103647
CAGTCCTCAGACGTAGx-2,0.9779554611452416
CATATGGAGGCTCATTx-2,0.7792569316006475
CATATGGTCGTTGCCTx-2,0.9799147875699786
CAGGTGCGTATTAGCCx-2,0.7867979374702707
CAGGTGCGTGTAAGTAx-2,0.9769208179606839
CAGGTGCCATCGTCGGx-2,0.9788758316146768
CATATTCGTTGCGCACx-2,0.8861094302876373
CATCAGACAAGTCATCx-2,0.9790277204732027
CAGGTGCGTGGGTCAAx-2,0.9848389517530864
CATATTCCAGGGCATAx-2,0.9508635517332583
CAGTAACTCATTTGGGx-2,0.8489485103033308
CAGTAACTCGTAGGAGx-2,0.9775598355136405
CATCAAGGTTCATGGTx-2,0.9687711827741992
CAGCCGACAGATAATGx-2,0.9234435416077016
CATATTCGTCGAACAGx-2,0.9606494902525603
CAGTCCTCATGCATGTx-2,0.9186634617330622
CAGGTGCGTATGAATGx-2,0.9880891235845234
CAGCGACTCGGACAAGx-2,0.952785911360315
CAGCTGGTCTGCGGCAx-2,0.9859460461617101
CAGTCCTAGCAGGTCAx-2,0.8010797033710446
CAGTAACTCTGGTGTAx-2,0.9771002677042472
CAGCCGAGTCTAGTCAx-2,0.8543132526060481
CATATTCGTATGCTTGx-2,0.972293310889187
CAGCTGGTCCGTAGTAx-2,0.9682547730791035
CATATTCTCTTCGGTCx-2,0.84831474830969
CAGGTGCGTGTTGAGGx-2,0.980642225778945
CAGGTGCAGCGCTTATx-2,0.9754135924921414
CAGCGACCATCTCCCAx-2,0.969775545089244
CAGTAACCATCGTCGGx-2,0.9792667407916396
CAGTCCTAGCGTCTATx-2,0.9730751923623588
CAGCGACAGTAGCCGAx-2,0.9649833780065202
CATCAAGTCCTGCCATx-2,0.98105174756951
CATCGAATCCTGTACCx-2,0.9905719271182123
CCACCTAGTATAGGGCx-2,0.9677611563032703
CATTATCTCCCTGACTx-2,0.975403540833047
CATCGGGGTCCATCCTx-2,0.9881010543926766
CCACCTAAGGTGTTAAx-2,0.9662056939304172
CATCCACAGTGGGATCx-2,0.9064612246629378
CATGGCGAGGCATTGGx-2,0.9932953605476005
CATGGCGGTTTGACACx-2,0.9770678521650498
CATGACACATCACAACx-2,0.7849245766585157
CATCCACTCATGTCTTx-2,0.9180311995866671
CATTATCAGGATGGTCx-2,0.9714175108475472
CATGGCGCAAGGACTGx-2,0.9891918254984825
CATGCCTTCTCTAGGAx-2,0.991312200386313
CCACCTACAGACGCCTx-2,0.9476187032571692
CATCCACCAAGGACTGx-2,0.9791524828560944
CATCGGGCATAAAGGTx-2,0.868220276764191
CATTCGCCACAGATTCx-2,0.9756318956174242
CATCGAATCAAGGCTTx-2,0.9769857722600327
CATCCACCAGCTGTTAx-2,0.9687346674692374
CATGACAAGATGGGTCx-2,0.9923390528394701
CATCGAAAGACAAAGGx-2,0.8822189930732173
CATTCGCGTCGCTTTCx-2,0.9695751779135431
CATGCCTGTCCGAACCx-2,0.9801948692238911
CCAATCCTCGCATGGCx-2,0.9770064096626618
CATTATCCATACGCTAx-2,0.8020264284196772
CCACCTAGTTCGAATCx-2,0.8822661146650547
CATCGGGGTCTTGCGGx-2,0.9550188549808457
CATCGAATCGGCTTGGx-2,0.9807210232937786
CATTCGCCAGACTCGCx-2,0.9811935228775376
CCAATCCCACATCCGGx-2,0.81094680097125
CATGGCGAGTTAAGTGx-2,0.9741993369072962
CCACCTAGTGCGATAGx-2,0.9787051736753795
CATCCACTCTGACCTCx-2,0.9477536781994595
CATCGAACATTAGCCAx-2,0.8262571362510858
CATCGGGTCGTACGGCx-2,0.9875902323780533
CATGGCGGTCAAAGATx-2,0.8054803096699886
CATTCGCAGTCGTTTGx-2,0.9711607422093232
CATGACATCCTACAGAx-2,0.8012028142880341
CATGGCGGTGTTCTTTx-2,0.9783172008951969
CATCGAAAGAGAGCTCx-2,0.9731861072645327
CATGCCTGTCGAATCTx-2,0.9659201222688669
CATTATCCACACCGACx-2,0.9644304828538371
CATCCACCACTTGGATx-2,0.9790782760840926
CATGACACAGGAATCGx-2,0.9825331999523241
CATGGCGAGCTCCCAGx-2,0.803350930212088
CATGCCTTCGCCTGAGx-2,0.976500494017109
CATGCCTAGCTAGGCAx-2,0.9716802032372833
CATCCACTCCGTTGTCx-2,0.980429615347646
CATTATCCACAGGCCTx-2,0.983553510113525
CCAATCCCAGACGTAGx-2,0.825499100252259
CATGGCGCAATGGTCTx-2,0.6536540503989917
CATCGGGCAAGGTGTGx-2,0.9727991483725181
CCAATCCGTGCGGTAAx-2,0.9879843016595675
CCAATCCTCAAGATCCx-2,0.9630063969999301
CATCGGGAGAAGCCCAx-2,0.9766323856460799
CATCGGGTCGTCTGAAx-2,0.9772837793838339
CATTCGCTCTGGGCCAx-2,0.9148944754569771
CATTATCGTTGCGCACx-2,0.9808710820675268
CATTCGCAGTGGAGAAx-2,0.8160488164730003
CATGGCGTCGATCCCTx-2,0.9264875168933061
CATGGCGTCCCGGATGx-2,0.9742787961712462
CATGCCTAGTCGAGTGx-2,0.9827108565211272
CATCGGGTCGCTTAGAx-2,0.9393981131984768
CATGGCGGTTCATGGTx-2,0.8022686939974201
CATGGCGTCATAAAGGx-2,0.9602770898737635
CATTCGCTCGGAGCAAx-2,0.9557954524490192
CATCAGATCTTGTCATx-2,0.9645049191361456
CATCGGGCACTGTTAGx-2,0.8236915600834558
CATCGAATCTTGAGGTx-2,0.9876107114218141
CATCCACAGGGTGTGTx-2,0.9689022781693175
CATTATCCAGCATACTx-2,0.8414612630477083
CATGGCGAGGGCACTAx-2,0.95182430992952
CATCGGGAGCTGCCCAx-2,0.984328655521683
CATCCACCAGGCGATAx-2,0.9480949717353281
CATCCACCAGGGTATGx-2,0.9220973012883072
CATCGAAGTTGTCTTTx-2,0.9927041687698858
CATCGGGGTGTGAATAx-2,0.8299155983188438
CATCGAATCGTAGGTTx-2,0.9860785106662588
CATCGAAGTGTTGAGGx-2,0.9395821899095889
CATGACAGTAGAGCTGx-2,0.9754729667562487
CATGACAAGGGTTCCCx-2,0.9086735286512171
CATGGCGAGGTCGGATx-2,0.9707430147886905
CATCGAATCTAACTCTx-2,0.9853070061852066
CATTCGCCAGCCACCAx-2,0.9159989222528356
CATCCACAGCGATTCTx-2,0.9795041624640446
CCAATCCTCTATGTGGx-2,0.9820885469758285
CATGCCTGTTACGCGCx-2,0.9756891258724003
CATCGGGTCAGAGGTGx-2,0.976505879554658
CATTATCCACTGTCGGx-2,0.9952962580750442
CATTCGCGTACCTACAx-2,0.8468797984630866
CCAATCCGTGCAACTTx-2,0.9536313049609466
CATTATCGTAGTAGTAx-2,0.8066386421857755
CATCCACTCCACGACGx-2,0.9738737158442662
CATGGCGCACAGTCGCx-2,0.8013077195753318
CATGGCGGTGAAAGAGx-2,0.9821931794068908
CATGCCTAGAGATGAGx-2,0.994028038418464
CCCTCCTAGACTAGATx-2,0.7696256192883054
CCCAGTTGTACATGTCx-2,0.8586043878025792
CCACGGAAGAAGGACAx-2,0.9813550801794757
CCCATACGTCTAGAGGx-2,0.9595223471523
CCACTACAGTACGTAAx-2,0.9796265383346272
CCATGTCGTGCACTTAx-2,0.9720844486947556
CCACCTATCGAGCCCAx-2,0.8508502371302786
CCGGGATTCATCATTCx-2,0.9531036505434877
CCCAATCAGTATCTCGx-2,0.9413755627116748
CCCAATCGTCAAGCGAx-2,0.9810956438449103
CCACTACTCACGACTAx-2,0.7682239101087761
CCACTACAGCAAATCAx-2,0.7906859358877902
CCCTCCTGTCGGCACTx-2,0.9703217165509921
CCAGCGATCACAGTACx-2,0.9682380110275861
CCGGTAGAGAATGTTGx-2,0.9652814621859289
CCGGGATGTAGCGTCCx-2,0.9693589311384838
CCAGCGATCCGAACGCx-2,0.8515308274821091
CCGGGATTCCTTCAATx-2,0.8018619814790279
CCACTACAGCACACAGx-2,0.9090570974160793
CCGGGATTCGCCAGCAx-2,0.9153377297878397
CCCTCCTCATGCCACGx-2,0.9507277176050856
CCACGGATCCTCGCATx-2,0.9771172788669233
CCCAATCGTCTGCAATx-2,0.9700867000525858
CCCATACGTGCCTTGGx-2,0.9718784817397564
CCACTACGTCTTCAAGx-2,0.9688860705649264
CCACTACTCACCGTAAx-2,0.9526893493741801
CCCAATCGTACGACCCx-2,0.9875227163675745
CCACTACAGGCCCGTTx-2,0.9600013208576768
CCATTCGGTTTACTCTx-2,0.9841018556905072
CCCATACAGACAAGCCx-2,0.9772547292298533
CCACGGAAGAATTGTGx-2,0.9731378863827906
CCACTACAGGAGCGAGx-2,0.9892992095877315
CCGGGATGTGGGTCAAx-2,0.9667271331049294
CCACGGACAGATCCATx-2,0.792357002789346
CCCAATCTCACGCGGTx-2,0.9536895039237072
CCCTCCTAGAGTACCGx-2,0.9803744996273694
CCATGTCTCTCGCTTGx-2,0.9781273014800035
CCAGCGATCTTGTACTx-2,0.9810350351416058
CCCTCCTGTACTTAGCx-2,0.9814377612682257
CCATGTCAGCTAGTGGx-2,0.978722388445069
CCCTCCTGTTATGCGTx-2,0.9901314072691766
CCCAATCTCCCTCAGTx-2,0.7906502446549685
CCATTCGCACTATCTTx-2,0.9745663931505308
CCCAATCAGATCTGCTx-2,0.8832201624796414
CCATGTCGTGTGACGAx-2,0.9578585924954608
CCATGTCCAATGACCTx-2,0.9214735879484781
CCATTCGAGATAGGAGx-2,0.8215297098834577
CCACGGATCGCATGGCx-2,0.8669877241442702
CCACTACTCTTCGGTCx-2,0.9766367376788045
CCACTACAGTTAAGTGx-2,0.9847247791459324
CCCAATCGTGTTTGTGx-2,0.9845769421996236
CCCAGTTCAGGGCATAx-2,0.9745991942682104
CCAGCGATCCAGTATGx-2,0.9767980770223946
CCATTCGGTCGGCTCAx-2,0.9622060612761167
CCCAGTTTCAATAAGGx-2,0.9895744484671287
CCCATACCACAAGACGx-2,0.9677663795425463
CCCAATCCAGCCAGAAx-2,0.9658185194655656
CCCATACGTCGGGTCTx-2,0.9792194265823128
CCATTCGAGAGATGAGx-2,0.8607545915459274
CCATTCGGTACAAGTAx-2,0.9709920228012539
CCACCTATCGTCCAGGx-2,0.9884363004022169
CCGGGATTCGCCCTTAx-2,0.9742121206500762
CCGGGATAGGTAGCCAx-2,0.9788642579975414
CCATTCGAGTGGGATCx-2,0.7853665295483815
CCCATACCATATACGCx-2,0.9760794297261767
CCACGGATCGTCTGAAx-2,0.9796142688640768
CCCAATCCACACGCTGx-2,0.8220505003859517
CCGGTAGGTCAGCTATx-2,0.9593385483449037
CCCATACGTCTGGTCGx-2,0.9860238822249591
CCCAGTTAGATGGCGTx-2,0.9766427690498026
CCGGGATAGCGATCCCx-2,0.8672470824858299
CCCATACGTAGGAGTCx-2,0.633742018032722
CCATGTCGTTTAGGAAx-2,0.9683443413292985
CCGGGATGTGTTCGATx-2,0.9670110467219327
CCACGGATCCTTAATCx-2,0.798665002729758
CCCTCCTTCGATCCCTx-2,0.8637134017885759
CCGTACTAGCATGGCAx-2,0.7927320920589606
CCAGCGAAGCCGCCTAx-2,0.981157755941787
CCATTCGTCTGATACGx-2,0.9778789511595279
CCCATACCAGACGTAGx-2,0.8716985452350353
CCCAATCGTCGCTTTCx-2,0.9269169247165313
CCACGGACAGTTTACGx-2,0.9764438041813047
CCCATACCAGGACGTAx-2,0.801521448366997
CCACGGATCTCAAACGx-2,0.7913454098604633
CCACGGAAGATGTGGCx-2,0.8989354020080429
CCGGGATCATATGCTGx-2,0.9777802706051721
CCATTCGAGTGAAGAGx-2,0.8878446974640374
CCGTACTAGAGAACAGx-2,0.9630456076834465
CCATTCGGTAGTAGTAx-2,0.9767529431365854
CCGGTAGAGCGAAGGGx-2,0.9804162895059056
CCACTACCAGATCTGTx-2,0.936396186956809
CCACTACGTTAGTGGGx-2,0.8115314077281438
CCGGTAGGTTTGCATGx-2,0.9792368479739283
CCACTACCAGCCAGAAx-2,0.9806358335542429
CCTATTAAGTTGAGATx-2,0.9752926387483448
CCTCTGACAATACGCTx-2,0.9774484336334041
CCGTGGAAGGCCATAGx-2,0.9828420170716341
CCGTACTGTTCGAATCx-2,0.976248748194447
CCTAGCTAGTCAAGGCx-2,0.8098874029811907
CCTACACGTAGCTCCGx-2,0.9802102352758767
CCTTCCCGTAGGCATGx-2,0.9742164126752908
CCTACCAGTTCTGGTAx-2,0.8933101101897672
CCGTACTGTGGGTCAAx-2,0.8528440986153795
CCTACACCATCGGTTAx-2,0.9805365750429942
CCTCAGTAGCAGCGTAx-2,0.9506984893339168
CCTACCAAGACCACGAx-2,0.7944989290797059
CCTTACGCAGTAAGATx-2,0.8651990602878633
CCTCAGTCAACGCACCx-2,0.9191127402705734
CCTAGCTGTTCGTGATx-2,0.9846203325932278
CCTACACGTTCTGAACx-2,0.8008818544962955
CCGTGGACAGAGTGTGx-2,0.9789946037738887
CCTCAGTTCAGAGACGx-2,0.937420149849242
CCTAAAGGTGAGGGAGx-2,0.8760533443330939
CCTTCCCTCCGCTGTTx-2,0.9739868842248474
CCGTGGATCAGCACATx-2,0.974647603152277
CCGTACTCAACCGCCAx-2,0.8156135227517722
CCTTACGAGTGGACGTx-2,0.6989582411331016
CCTCTGACAAATTGCCx-2,0.9550380819899511
CCTATTAAGACCTAGGx-2,0.9731810354987892
CCTAAAGAGTCGATAAx-2,0.805939248041193
CCTCTGATCGGTCTAAx-2,0.9481962997023632
CCTAAAGGTCATCCCTx-2,0.9504773397136272
CCGTTCACAAAGTGCGx-2,0.8777356168349718
CCTCAGTAGCTAGTGGx-2,0.9741193504926845
CCTTACGTCTCTAGGAx-2,0.962579794062871
CCGTACTGTGCCTGCAx-2,0.9628767224591109
CCTTACGAGAGGTAGAx-2,0.9803376390176717
CCTTCCCGTTCAACCAx-2,0.9510447206051341
CCGTTCAGTGTGAATAx-2,0.9802208912578345
CCTCAGTTCTTGCATTx-2,0.9698466131393138
CCTTCCCGTCGTTGTAx-2,0.9781532223363044
CCGTTCACAGACAAATx-2,0.810210355210897
CCTAGCTTCTGTCAAGx-2,0.8035566475925698
CCTATTATCAGGTAAAx-2,0.9779986762376827
CCTATTAAGTGAAGAGx-2,0.8145321888423435
CCTACCACACCCATGGx-2,0.980029440019227
CCGTACTGTCAGCTATx-2,0.967262061331729
CCGTACTTCCCATTATx-2,0.9647839207335588
CCTCTGAGTTAAGGGCx-2,0.9916626528052778
CCTTCGAAGCAATCTCx-2,0.9787614004412549
CCGTGGACAATACGCTx-2,0.98106188252272
CCGTGGAAGTGGTCCCx-2,0.9724769481592502
CCTCAGTGTCAGTGGAx-2,0.9196661217876739
CCGTACTGTAGCACGAx-2,0.8107149536508568
CCGTACTCATCAGTCAx-2,0.9792740461895085
CCTTTCTAGAATTGTGx-2,0.970214301823086
CCGTGGAAGATCGATAx-2,0.9820364260007661
CCTTACGAGTTGTAGAx-2,0.9642938220721516
CCTAAAGCAAGAGTCGx-2,0.993644998001312
CCTTCCCGTCGCATCGx-2,0.9775161045455868
CCGTACTTCACCCGAGx-2,0.807682784167482
CCTTCGAAGTGGCACAx-2,0.9780382823217714
CCGTGGACAGGTCCACx-2,0.9336340240772097
CCGTTCAAGAGGTTATx-2,0.8036799474157227
CCTAAAGAGCTCCCAGx-2,0.9803802150092016
CCTAAAGCATTGCGGCx-2,0.9804200455393912
CCTACACTCCTGTACCx-2,0.9579085300570478
CCTACCACACTTACGAx-2,0.9610611021768355
CCTCTGATCACTTCATx-2,0.939530274227928
CCTCTGATCGGAGGTAx-2,0.7932956768601656
CCTTACGCATAGTAAGx-2,0.96734471185522
CCGTTCACACCAGATTx-2,0.983236649348931
CCGTACTTCTACTCATx-2,0.986111388824729
CCTACACGTAATCACCx-2,0.863228201936563
CCTACCATCCTTGACCx-2,0.8046680356923114
CCTACACGTTAAGGGCx-2,0.9872174121321944
CCTCAGTAGGGTATCGx-2,0.9046853379139812
CCTAGCTAGAAGGGTAx-2,0.8512848490344951
CCTATTATCTCCAGGGx-2,0.972765159419796
CCTAGCTGTTACCGATx-2,0.9658505328850057
CCTAGCTGTCCGTGACx-2,0.9698263782895459
CCGTACTGTGCAACGAx-2,0.9486195430938542
CCTATTACAGTCGTGCx-2,0.9797391722560413
CCTAGCTGTCGGATCCx-2,0.9920710772015446
CCTTACGCACAAGTAAx-2,0.7494401572760638
CCGTACTAGGATTCGGx-2,0.8021826104130986
CCTAAAGGTAGCTCCGx-2,0.8842923579298181
CCTACCACATGCAACTx-2,0.9775254669256728
CCTTCGACACAACGCCx-2,0.985495199093327
CCTAGCTGTATGAAACx-2,0.820968294934043
CCGTACTCACTGCCAGx-2,0.9752278656407949
CCTCAGTCAATGAAACx-2,0.9757731745795293
CCTTCGACAGTAAGCGx-2,0.9179613722580677
CCTTCGAGTAGCTTGTx-2,0.9314022605854771
CCTACCAGTCTCCACTx-2,0.8829263537017521
CCGTACTTCATGTAGCx-2,0.9793746392727539
CCGTACTTCTTGGGTAx-2,0.973903595190663
CCTACCAAGTTGTAGAx-2,0.9889891832595294
CCTACACGTCCATCCTx-2,0.9603876842649068
CCTCTGACAGACGCAAx-2,0.9653110332599811
CGATGTATCCCTTGTGx-2,0.811159551976233
CGATGTACATGACATCx-2,0.9656710208408071
CCTTTCTAGCCGTCGTx-2,0.9693834195360065
CGAGCACTCCGTCATCx-2,0.9779396238865721
CGAACATGTGCCTGGTx-2,0.8048288124234667
CGACCTTTCGCAGGCTx-2,0.9770362226860886
CGAGCACGTCCAGTTAx-2,0.9768873514324531
CGAACATCACTCTGTCx-2,0.977988420913547
CGATTGACAGCTGCACx-2,0.9488270245882793
CGAGCACTCACATGCAx-2,0.9041161677924802
CGAGAAGTCGTCGTTCx-2,0.9578537645630617
CGAGCCACACTTAACGx-2,0.9790414077312171
CGATTGAAGGACGAAAx-2,0.8033237107780876
CCTTTCTGTTCCGGCAx-2,0.9838157178157141
CGACTTCAGTGACATAx-2,0.9746904381373084
CGACTTCAGTCCAGGAx-2,0.981063862063473
CGATGTAAGGAGTTTAx-2,0.9945324055454499
CCTTTCTCAAGCCGTCx-2,0.9236420010862127
CGATGTATCATTGCCCx-2,0.8179326807240374
CGAACATAGCTAGCCCx-2,0.9939746849191862
CGAGAAGGTCTAGGTTx-2,0.9741068186584246
CGCCAAGAGGCTCATTx-2,0.9811801061771434
CGAGAAGAGTAGGTGCx-2,0.9737288342364601
CGATCGGCACAGCCCAx-2,0.9715612671411885
CGACCTTGTCGGCACTx-2,0.9800798720239028
CGAACATAGGTAGCTGx-2,0.9772681570982132
CGAGCCATCGCCATAAx-2,0.9630172752433692
CGATCGGAGAAACCTAx-2,0.9709894209191828
CGCCAAGTCCGTAGTAx-2,0.8917472067766866
CCTTTCTAGTACGTAAx-2,0.80455500341543
CGATTGATCGTAGATCx-2,0.9969721133935255
CGAATGTTCCCATTTAx-2,0.9795891531376402
CGAGCCAGTCTGGTCGx-2,0.9756586381679649
CGACTTCCAGATCTGTx-2,0.840614338956954
CGATTGAGTTAAGTAGx-2,0.9795962142595739
CGACCTTAGTCGCCGTx-2,0.9800415916680361
CGAGCACTCAAGATCCx-2,0.981298206884041
CGAATGTAGTGTGGCAx-2,0.9936563414436502
CGAATGTGTAGAGTGCx-2,0.9451887669953535
CGATCGGGTACCATCAx-2,0.9620841995902534
CGAACATAGACCGGATx-2,0.978362908143816
CGATTGACAGTTCATGx-2,0.9734512071067518
CGACCTTGTAAGGGCTx-2,0.9590873034992727
CGAACATCACATGTGTx-2,0.984406932863095
CGATGGCTCCTATGTTx-2,0.9761736225219341
CGAATGTGTGAAATCAx-2,0.8241218206164409
CGATCGGAGTCTTGCAx-2,0.9845450005540974
CGATGTATCTGATACGx-2,0.9203328808554027
CGACTTCTCCATGAGTx-2,0.9837867735013341
CGATGGCAGCAACGGTx-2,0.9743534837560883
CGACCTTTCAACCAACx-2,0.9797619615374115
CGATCGGCAGGCGATAx-2,0.9727187893213455
CGATGTAAGAGCTTCTx-2,0.989612315450799
CGAGAAGTCTGTTTGTx-2,0.885376072791685
CGAGCCACAAGAGTCGx-2,0.8516894364519955
CGCCAAGAGTAATCCCx-2,0.8113902687150253
CGAACATCAGGAACGTx-2,0.9698433413153633
CGATCGGGTTAGGGTGx-2,0.7893200324424361
CGACCTTGTCCAGTGCx-2,0.966015038166951
CGCCAAGCACGAAAGCx-2,0.9052978147496094
CGAATGTCACAACTGTx-2,0.9752839378009923
CGATCGGTCTCTGTCGx-2,0.9870725135791907
CGATGTAAGCGTGTCCx-2,0.821728245367959
CGATCGGCAGACAAATx-2,0.9611080196271271
CGAGAAGGTAGCGCTCx-2,0.9749598797484174
CGACTTCAGTACGTAAx-2,0.8474753732254541
CGAATGTGTGCATCTAx-2,0.9830567325143799
CGATGGCGTCAAAGCGx-2,0.9440683542632036
CCTTTCTAGGCACATGx-2,0.980943903458419
CGAGCACAGAACAACTx-2,0.971085906295984
CGATTGAAGCGATCCCx-2,0.8760871330556816
CGATGGCCACTAGTACx-2,0.9794854345248981
CGACTTCCATAACCTGx-2,0.9709989703283792
CGAATGTTCAAACGGGx-2,0.8032612665938336
CCTTTCTCATTATCTCx-2,0.9704999295916102
CGATGGCGTAATAGCAx-2,0.9446668012978496
CGAGCACCAGAGCCAAx-2,0.990726601922401
CGAATGTAGTTGAGATx-2,0.9766428176437486
CGATGTAAGTCTCAACx-2,0.979332304598278
CGAATGTGTCGTGGCTx-2,0.9771344584827779
CCTTTCTTCCAAATGCx-2,0.9928919708271624
CGAGCCAGTGTCAATCx-2,0.8211829626742134
CGAACATAGTAGCGGTx-2,0.98079922256491
CGCCAAGTCTACTTACx-2,0.9785546304881034
CGACTTCTCCACGTTCx-2,0.9745695628052876
CGAACATTCATCTGCCx-2,0.9951682194559848
CGATCGGGTACAGTTCx-2,0.848979028991444
CGAACATGTACCATCAx-2,0.9732368254395544
CGAGCACAGGGATCTGx-2,0.7955587277344538
CGAGCCATCCGCATCTx-2,0.9377106839712028
CGAACATGTAAGTGGCx-2,0.8362262808916536
CGAGAAGAGTTAAGTGx-2,0.8479611890195967
CGACCTTTCCTTTACAx-2,0.804469614768086
CGAACATTCCGCGCAAx-2,0.7948857682102528
CGAGCCACAGACGCCTx-2,0.9807323256875052
CGAGCCAGTAGCCTATx-2,0.954357026079385
CGGACGTAGGGTCGATx-2,0.9898348435972388
CGCTGGAGTAGGAGTCx-2,0.9687434941710692
CGGACGTTCAAACGGGx-2,0.8038923738626222
CGGCTAGGTTCCACTCx-2,0.9794330501438026
CGGACGTTCTATCCCGx-2,0.9811214573603573
CGCTGGAGTAAGTGGCx-2,0.9751219129239515
CGGAGCTCAGACGTAGx-2,0.8182574932981831
CGGCTAGAGACGCACAx-2,0.9801272903984336
CGGCTAGCACTCAGGCx-2,0.9468726161641393
CGCTGGACAGATGGGTx-2,0.7836799798760877
CGGAGTCAGGCTATCTx-2,0.9809708026744371
CGGAGTCCAGAGTGTGx-2,0.9614538242762324
CGCGTTTAGTACTTGCx-2,0.7498049129851727
CGGCTAGGTAAATGTGx-2,0.982805134780407
CGCCAAGTCTTTAGGGx-2,0.9788123349804568
CGCTATCCAGCCTGTGx-2,0.9603957957742739
CGCCAAGTCTCATTCAx-2,0.9773928280760136
CGGAGCTCAAGTTGTCx-2,0.9792146547574129
CGCGTTTGTCTCACCTx-2,0.9770506064576725
CGGCTAGTCGATCCCTx-2,0.9793514085686335
CGGACGTCACCCATGGx-2,0.9749597736875635
CGCGTTTTCCTGCCATx-2,0.9784607760124783
CGGACACCAAGCGCTCx-2,0.9816980202554432
CGCTTCACACCACGTGx-2,0.977738025612036
CGGACACAGCCACTATx-2,0.9909170469470132
CGCGTTTTCACCGTAAx-2,0.8791492942358414
CGGACTGGTCCCTACTx-2,0.9791755538489063
CGGACTGGTACTCTCCx-2,0.978614701140236
CGCTGGAGTACAGACGx-2,0.8123984255929351
CGCTGGATCGCGATCGx-2,0.9555704524787064
CGGAGTCCAGACGCCTx-2,0.9624837255742964
CGGACTGGTCTGATTGx-2,0.9229491394132578
CGGCTAGGTAGGCTGAx-2,0.9770769253262804
CGCGGTATCTCTAGGAx-2,0.9864091387400395
CGCCAAGTCTGTTGAGx-2,0.9805741271892419
CGCGTTTTCTGGGCCAx-2,0.9895967903652534
CGGACTGAGCCGCCTAx-2,0.981043479238087
CGGACGTGTCCTCCATx-2,0.9773770710685955
CGGACTGTCACTTACTx-2,0.9696775603717113
CGGAGTCAGTTGAGTAx-2,0.9783794223106722
CGCTGGAAGCACCGCTx-2,0.9839449766346019
CGGAGTCAGGTGACCAx-2,0.9811856537068421
CGCTATCTCTTGTACTx-2,0.972770550108856
CGCTGGATCGGAAATAx-2,0.993048737896956
CGCTTCAAGTACCGGAx-2,0.9811500613678291
CGGAGTCGTCGCATCGx-2,0.9791427529617505
CGGCTAGGTTCCAACAx-2,0.9746284967026535
CGGACACGTGAAAGAGx-2,0.8792276037136924
CGCTGGAAGGATATACx-2,0.9763374147025297
CGCTTCACACCCATGGx-2,0.973469096712322
CGGAGCTAGATCCCGCx-2,0.968038722655715
CGCGGTATCGAGAACGx-2,0.9737903198657771
CGCTATCCACCTCGTTx-2,0.9767286974205968
CGGACTGTCTCATTCAx-2,0.9787170629242171
CGGAGTCCACCAGGTCx-2,0.9713767045072838
CGGCTAGTCTAACCGAx-2,0.9879533880161281
CGCTATCAGTGTCTCAx-2,0.916961909887865
CGCTGGATCGCTTAGAx-2,0.861796950224919
CGCTGGAGTTAAAGACx-2,0.9786039123628593
CGGACTGAGAATGTGTx-2,0.7903872024953468
CGCTGGAGTAAATACGx-2,0.9805864745866842
CGGAGTCTCCAAATGCx-2,0.9764171281062128
CGCGGTAGTGCATCTAx-2,0.9187123424617804
CGGAGCTTCGTTACGAx-2,0.9051860782788909
CGGAGTCTCTGCTTGCx-2,0.9699460054245902
CGGAGCTCAAGCGCTCx-2,0.9742032708549181
CGGACTGCACAAGCCCx-2,0.9752256544693042
CGCTTCACACCACCAGx-2,0.8897976069488865
CGCGTTTCAATGACCTx-2,0.9751588337276728
CGCTTCAGTCAATACCx-2,0.9676030739716036
CGGACACGTCGGGTCTx-2,0.8262367781711706
CGGAGCTGTAGCTTGTx-2,0.9818422677341743
CGGACTGGTACATGTCx-2,0.974755993431024
CGCGGTAGTCTGGTCGx-2,0.961696176428574
CGGCTAGAGTATCGAAx-2,0.9788712870570626
CGGAGCTGTTTGACACx-2,0.8706286848108564
CGGACTGAGTCCGTATx-2,0.9803469068628838
CGGAGTCAGGGCATGTx-2,0.9859525881947003
CGGACACTCAGTTGACx-2,0.9613425109444704
CGGAGTCTCCGTTGTCx-2,0.9674474103902522
CGCGGTAAGCTCCTCTx-2,0.9836314105867628
CGCGGTAGTTGTCTTTx-2,0.9759754825877242
CGCGGTACAATGACCTx-2,0.7861907317500055
CGCGGTACAGTTTACGx-2,0.7956100212214717
CGCTGGAGTCCGTCAGx-2,0.9342109422511445
CGGACGTCAAACTGTCx-2,0.9664477914174381
CGCTATCGTCTCTCTGx-2,0.9813784394032923
CGGACACCACAACGTTx-2,0.9734658171903137
CGCTGGACAACCGCCAx-2,0.9852419244608014
CGCTATCGTACTTGACx-2,0.9908429243869885
CGCTTCAAGATGGGTCx-2,0.9903284150172208
CGCTTCAGTCTCCCTAx-2,0.8106687045368072
CGCTATCCACCGCTAGx-2,0.8842423980036851
CGGACGTTCAGGCCCAx-2,0.8356481932149272
CGGCTAGGTCTCCCTAx-2,0.7889996819772012
CGGACTGAGAGTTGGCx-2,0.9774772601157019
CGTCACTCAATAGAGTx-2,0.9785147387486683
CGTCACTCAGGATTGGx-2,0.988023651422318
CGTCAGGTCCTATGTTx-2,0.9393115062215955
CGTGTCTCATTACGACx-2,0.781914986432456
CGTAGGCGTCAACTGTx-2,0.9622470035425325
CGTAGCGAGAGCTTCTx-2,0.8092838567205058
CGGGTCAGTCTAGCCGx-2,0.9749039600162511
CGGTTAAGTCCCGACAx-2,0.9698815449095641
CGTGTAATCTTGTATCx-2,0.9931996790404968
CGGGTCATCGCTTAGAx-2,0.9679186990781367
CGGTTAAGTTATCACGx-2,0.9664257006873325
CGTGTCTGTATTCTCTx-2,0.9625369464276735
CGTCAGGGTAGAGTGCx-2,0.960666869092142
CGTCACTTCTACTTACx-2,0.8814812689108241
CGTGTCTCACCCATGGx-2,0.9678409875247961
CGTCCATCAGGCTCACx-2,0.9933647275642534
CGTCTACCACACAGAGx-2,0.8057368233711337
CGGGTCAGTGATAAGTx-2,0.978758669563947
CGTCACTTCTAGCACAx-2,0.9725335710267258
CGGGTCAAGCCGTCGTx-2,0.9815525307198073
CGTCCATTCATTATCCx-2,0.9769014210745134
CGTCCATAGATAGGAGx-2,0.9667364137850434
CGTGTAACATGAGCGAx-2,0.9716916544063335
CGTAGGCGTAGAGGAAx-2,0.899461238280634
CGTGAGCAGTCAATAGx-2,0.965760579952285
CGTAGGCGTACGACCCx-2,0.9669859037195875
CGTCAGGTCATAACCGx-2,0.836423195315809
CGTGTCTGTCTTTCATx-2,0.991860730023158
CGTAGCGTCTCTTGATx-2,0.9079036215732949
CGTCACTGTCGCATATx-2,0.986425588143422
CGTCCATGTCACTTCCx-2,0.9912172972958123
CGTGAGCAGGGCTTGAx-2,0.9725822382870947
CGTGAGCTCGCCGTGAx-2,0.9811214843998983
CGTGTAAAGATGTTAGx-2,0.9862193277876453
CGGTTAAGTCGTTGTAx-2,0.8179983604290304
CGGTTAACATCCAACAx-2,0.9494994135568385
CGTCCATCATTCCTCGx-2,0.9800876653218256
CGTAGCGTCTCGATGAx-2,0.8403373003104926
CGTCACTAGTGTTTGCx-2,0.8056282008007042
CGTAGCGGTCTTCTCGx-2,0.9928061570524337
CGTCACTTCCAATGGTx-2,0.9671288424700266
CGTGTCTCATTGCGGCx-2,0.9921418243323032
CGGTTAATCGCCGTGAx-2,0.9694969250873532
CGTCAGGGTGACGCCTx-2,0.7780024264686715
CGGGTCACAATGGATAx-2,0.961469485884911
CGTCTACTCGATGAGGx-2,0.9713736355491466
CGGTTAAAGCATGGCAx-2,0.9506043771895548
CGTAGCGGTGCACTTAx-2,0.9728498567561943
CGTCAGGCACCAGGTCx-2,0.9817231083582005
CGGTTAAGTTCATGGTx-2,0.9901086941410375
CGGGTCACACCCTATCx-2,0.9746268845803896
CGTCCATCACAACGTTx-2,0.9712335234212582
CGGTTAAAGACACGACx-2,0.965601480311732
CGTAGGCGTTGTCGCGx-2,0.7969524633841766
CGTCACTCACGGATAGx-2,0.9812021981979379
CGTCTACTCAACCATGx-2,0.9693503540658537
CGGTTAAAGTGTACGGx-2,0.9884133764701387
CGTGAGCTCCACGTGGx-2,0.9711910126267111
CGTAGCGTCTGGTTCCx-2,0.9154216763634482
CGTGAGCGTATAATGGx-2,0.791256891705758
CGTAGCGCATATACGCx-2,0.974906781020473
CGTGTCTAGCGTCTATx-2,0.9623127876396097
CGTAGCGGTTTACTCTx-2,0.8922616391863545
CGGTTAAGTTAAAGTGx-2,0.9650546279092246
CGTGAGCCAGTGGAGTx-2,0.9798735174993939
CGTAGCGCAAAGAATCx-2,0.944094419826915
CGTCTACGTGATGATAx-2,0.8300376038805143
CGGTTAACATGCGCACx-2,0.9799015571907849
CGTCTACGTTTGGCGCx-2,0.8727242583761784
CGTGTAAGTACAAGTAx-2,0.9757197306037735
CGTGTCTCAAGCTGGAx-2,0.9854290067495941
CGTGAGCCAAGCCGCTx-2,0.9711605927514819
CGTCAGGCATCCGTGGx-2,0.9772637048406482
CGTAGCGTCTATGTGGx-2,0.977185750543852
CGTCCATAGCCACGCTx-2,0.9928295181204236
CGGTTAACAGGTCGTCx-2,0.8316617649650533
CGTAGCGTCAGTACGTx-2,0.9767926414253347
CGTGTCTCACTAGTACx-2,0.9628574126469889
CGTCAGGTCCATTCTAx-2,0.9820973832720575
CGGGTCAAGAGCTGGTx-2,0.8566610249766072
CGTAGCGGTACTCAACx-2,0.807975186433656
CGTCACTAGCTGCGAAx-2,0.7994612121028956
CGTCACTGTTAGATGAx-2,0.9606294533739237
CGGGTCACACACCGCAx-2,0.9744036161059817
CGTCCATGTGTTTGTGx-2,0.9729353226877396
CGGGTCAAGAGACGAAx-2,0.9652214166329526
CGGGTCAAGCGCCTTGx-2,0.9699491825722594
CGTGAGCCATTGTGCAx-2,0.9744715517360387
CGGTTAAAGTCCAGGAx-2,0.992443423494272
CGTCAGGGTTGGTAAAx-2,0.9601030879176147
CGTGAGCGTGATGCCCx-2,0.9656524303882746
CGTGAGCTCTACGAGTx-2,0.986811337683192
CGTGTAATCAAACAAGx-2,0.962654024304281
CGTGTCTAGACCCACCx-2,0.9725414420158323
CGTCACTAGTCCTCCTx-2,0.9555725058898007
CGTAGCGGTCGACTGCx-2,0.9701993193224645
CTAATGGAGTGAAGAGx-2,0.9804066368705976
CTACATTTCAGTTCGAx-2,0.9824580214072415
CTACATTAGTGGGTTGx-2,0.9718734453880845
CGTTAGAAGAGCAATTx-2,0.9801772513934632
CTAATGGTCATGTGGTx-2,0.9588253394212944
CGTGTCTTCCCAAGATx-2,0.9707362363898298
CGTTCTGGTGTAATGAx-2,0.9566457121699913
CTAACTTCAGGATCGAx-2,0.8496727495181962
CGTTAGAAGGCATGTGx-2,0.9873234653404475
CTAACTTGTCGAATCTx-2,0.8063536619962253
CGTTAGAGTAGCTAAAx-2,0.9698836480830433
CTAAGACAGCCCTAATx-2,0.9570918592231722
CGTTGGGCACAGGTTTx-2,0.8149756935689125
CTACCCATCTGGAGCCx-2,0.9783395428685774
CTAAGACCATGAAGTAx-2,0.9577946645640171
CTACATTCATTTGCTTx-2,0.9818869757204497
CGTTCTGCATATGCTGx-2,0.9899315907881678
CGTTCTGTCACTCCTGx-2,0.971722856078871
CTAATGGAGAATCTCCx-2,0.9513548368591664
CGTTAGAAGATGTAACx-2,0.9788709040357862
CTACCCAAGCTGCGAAx-2,0.9947284361010174
CTACATTCACATGACTx-2,0.9703333559535754
CTACCCATCAGCCTAAx-2,0.8561693790443167
CTAAGACGTAGTAGTAx-2,0.9775833630519157
CGTTAGACACCCATGGx-2,0.9848724830884313
CTAATGGCATATGAGAx-2,0.9233283215196835
CTACCCACAGACGCCTx-2,0.6628719339329231
CTAATGGAGCACGCCTx-2,0.9671751739187333
CTACGTCGTAAATACGx-2,0.8025823531784898
CTACGTCGTTGATTCGx-2,0.9755997085404136
CGTGTCTTCAACCATGx-2,0.8616035749450865
CTACCCACATGGTCATx-2,0.9930000099803378
CGTTGGGCAAGTCTGTx-2,0.9720893186021747
CGTTCTGTCCCTCTTTx-2,0.9640092510575183
CGTTGGGAGTACGTTCx-2,0.7579277590649547
CTACCCATCTTGTATCx-2,0.9891224869607376
CTAACTTGTAAGTGGCx-2,0.7630845743763264
CTAATGGGTCTGGAGAx-2,0.8097922626778907
CGTTGGGTCCAACCAAx-2,0.8553806628103193
CGTTGGGCACCAGATTx-2,0.980287770081027
CTACGTCAGCCGTCGTx-2,0.990898293408275
CGTTGGGAGGCTAGGTx-2,0.7993963815436991
CGTTGGGTCCATGAGTx-2,0.9604339221946864
CTAAGACGTCATGCATx-2,0.7995849168584784
CGTTGGGAGCTAAGATx-2,0.9873789282850551
CTACGTCGTTCGCTAAx-2,0.9809299496881027
CGTTCTGTCAGTCCCTx-2,0.9885614325954681
CTACATTCATGTAAGAx-2,0.9717373807043688
CTACCCAGTTGACGTTx-2,0.9961682531436907
CTACCCATCAGTACGTx-2,0.7811424740007973
CTACATTCAATCTACGx-2,0.9734001644899608
CTAATGGAGATCGGGTx-2,0.9780175664513614
CTAATGGGTCACAAGGx-2,0.9741420523189003
CGTTAGATCATGTGGTx-2,0.9875769833156349
CGTTAGAAGACTCGGAx-2,0.8396494238089808
CGTTGGGAGCTAGTGGx-2,0.8341784889594173
CTACCCAGTCACTTCCx-2,0.970774939249742
CTACACCCAGACGCAAx-2,0.9716381709988796
CTAATGGGTAACGTTCx-2,0.9762988050517312
CTACGTCCAGGGATTGx-2,0.8377794020917627
CGTGTCTTCTTGAGGTx-2,0.9677633214385214
CTACATTTCCAAACACx-2,0.97786904012843
CTAACTTGTCCGACGTx-2,0.9709829856781232
CTAATGGGTCTACCTCx-2,0.8479595763282921
CTACACCAGACCGGATx-2,0.9677420130648795
CGTTAGAAGTGGTCCCx-2,0.9752198750505251
CTAACTTGTACAAGTAx-2,0.7721431020466575
CTACGTCCATAGTAAGx-2,0.9097681230067128
CTAACTTTCCGTTGCTx-2,0.8013599960982022
CTAACTTTCAGAGGTGx-2,0.9609288141060397
CTACCCACAGCGTTCGx-2,0.9933595193030477
CTACATTTCGGATGTTx-2,0.9428920345799479
CTACCCACAAGCCCACx-2,0.9766215699000069
CGTTAGACAATACGCTx-2,0.9799290019530225
CTAACTTAGCGTTGCCx-2,0.9962082578757642
CTACACCCAACGATCTx-2,0.972647785393666
CTAATGGCACCAGGCTx-2,0.9038177691386966
CTACACCAGACTAGATx-2,0.9773418416452426
CGTTCTGAGATGGCGTx-2,0.933717252413206
CTAATGGGTAATCACCx-2,0.9270013616020231
CTAAGACAGAGGTAGAx-2,0.9810562571093885
CGTTCTGTCGCAGGCTx-2,0.9782047992867542
CGTTGGGGTTGTTTGGx-2,0.9721000649618357
CTAATGGAGATCCCATx-2,0.9418952106154517
CGTTGGGAGTCTCAACx-2,0.9748710088005546
CTAATGGAGTCTTGCAx-2,0.96952612158204
CTAACTTTCCGAACGCx-2,0.8952189619874207
CTAATGGTCGCATGATx-2,0.8026609077528254
CTAACTTCAGGAACGTx-2,0.8188981076023933
CTACACCCAGCTCCGAx-2,0.9753493125676581
CTACATTGTTACGCGCx-2,0.9769911115436053
CTACCCAAGGTGATATx-2,0.9783748942316098
CGTTAGACAGCTCCGAx-2,0.8384399053436759
CTAACTTAGGAACTGCx-2,0.9816677693303812
CGTTCTGCATCCAACAx-2,0.972047322585404
CTAGAGTGTCTAACGTx-2,0.9270775689969266
CTAGAGTGTGATGATAx-2,0.9773258176007924
CTCGGGATCAGCTCGGx-2,0.9898271569875164
CTCGGGAAGCTCAACTx-2,0.9791383231377379
CTAGTGAGTTGATTGCx-2,0.8747949607100763
CTACGTCTCCACGACGx-2,0.9683234609085936
CTAGAGTGTTTGTTTCx-2,0.9776388958521084
CTAGAGTGTGCAGTAGx-2,0.9902178827788104
CTCAGAAAGCAGCGTAx-2,0.9778205354204116
CTCGAAACAAGCCGCTx-2,0.8760787821413566
CTCACACAGCGCCTTGx-2,0.9124283681323418
CTCATTAAGGCGTACAx-2,0.8754544644663516
CTCACACCACACGCTGx-2,0.9088234206146634
CTAGTGAGTCTCAACAx-2,0.9769603866056603
CTAGCCTCAATACGCTx-2,0.8154738162316073
CTCGAGGCAGACAGGTx-2,0.9786818962201558
CTAGAGTAGAAACCATx-2,0.9879959739221061
CTCGGGAAGTGAACGCx-2,0.9639048591426459
CTCGGGATCTCCGGTTx-2,0.9962246737383076
CTCGAAAAGTGCTGCCx-2,0.9569514776952808
CTAGCCTCACGCCAGTx-2,0.9856905243317418
CTAGCCTTCTCCCTGAx-2,0.8013373156729178
CTCCTAGCATACTACGx-2,0.9723893135713157
CTAGAGTAGCTGGAACx-2,0.9465983957237168
CTCGAAATCAAACAAGx-2,0.9740748328083068
CTCACACCAAGGACACx-2,0.9771830926963679
CTCATTAAGGGTTCCCx-2,0.979015797219336
CTAGTGAGTAAGTGTAx-2,0.9794759398296496
CTCGGAGGTCTGGTCGx-2,0.9837944174455062
CTAGTGACATTGTGCAx-2,0.9655505550395482
CTAGCCTGTCGAATCTx-2,0.9776408250204739
CTCCTAGAGAACAACTx-2,0.9755983193802812
CTAGAGTTCGCGATCGx-2,0.981412917385081
CTAGCCTAGTACATGAx-2,0.971489478441388
CTCAGAAAGATCGATAx-2,0.9779819617063461
CTCATTACATCGATTGx-2,0.9793975414137315
CTCCTAGAGTTGTAGAx-2,0.9607912712036569
CTCACACCAGAGTGTGx-2,0.9728722679891914
CTCGAGGGTTTGCATGx-2,0.9750306502544677
CTCCTAGTCCTTGCCAx-2,0.977751238794017
CTCGAAACACTGCCAGx-2,0.8806946535278622
CTCCTAGCAATGCCATx-2,0.994193333205055
CTCATTAGTAAGGATTx-2,0.7498297505815577
CTCGAAAGTCGCGGTTx-2,0.9292038281406364
CTCCTAGAGATGCGACx-2,0.9760849325238652
CTCGGGAGTGACTCATx-2,0.9956517032932009
CTCATTATCAGTTTGGx-2,0.8714850067923927
CTCCTAGTCATCTGCCx-2,0.9971851154459304
CTAGAGTTCTACTCATx-2,0.9617195626450656
CTAGCCTAGTGAAGTTx-2,0.9800461607338068
CTCACACTCCGAATGTx-2,0.9776869377040075
CTAGAGTGTCGGCATCx-2,0.9788913467364322
CTCGGAGTCTTTACACx-2,0.8245936803553787
CTCACACCACATTTCTx-2,0.969694042374342
CTCCTAGAGGAGTACCx-2,0.7937758532205547
CTAGTGAGTAAACGCGx-2,0.9449462264239508
CTCGTACAGCTAAACAx-2,0.9763080386776445
CTCGGAGTCTGGAGCCx-2,0.9755703204909758
CTCCTAGCACATCCAAx-2,0.9818580563063898
CTAGCCTCATACAGCTx-2,0.9719423105897074
CTCGGAGAGTTGAGTAx-2,0.9758364637961872
CTCAGAACATATGAGAx-2,0.9782245361099102
CTCCTAGGTCTAGTGTx-2,0.9785814140479578
CTCGAGGTCGCAGGCTx-2,0.8873391038015922
CTAGAGTTCTTGTTTGx-2,0.9772106758929174
CTCGAAATCCAAGCCGx-2,0.8306649168758571
CTAGTGATCGTTACAGx-2,0.8156972302514323
CTACGTCTCGCGTTTCx-2,0.8356326499304232
CTCCTAGTCCCATTTAx-2,0.9742614427715843
CTCATTAAGTGGACGTx-2,0.9847777932876414
CTAGCCTCACAGACTTx-2,0.9757788115510204
CTAGAGTTCCGCAAGCx-2,0.9861668483038869
CTCGTACAGCGTCTATx-2,0.9229103740774647
CTCGAAATCCTGCTTGx-2,0.9744040239661691
CTAGCCTCAGCTGTATx-2,0.990316194175811
CTCGAAAGTAGCGCAAx-2,0.9702557067854609
CTCGAGGTCCGAGCCAx-2,0.8435341162552655
CTCGAGGCAATGACCTx-2,0.9509573567363964
CTCGAAACAGGGTATGx-2,0.9814781067326761
CTCGAGGCACTTACGAx-2,0.9771114852146164
CTCCTAGTCTGACCTCx-2,0.9768765660839333
CTCGGAGCATATACGCx-2,0.9718569193116966
CTAGCCTTCAGAGCTTx-2,0.8113040439410864
CTAGAGTTCGCAAACTx-2,0.9719861174215148
CTCGGGACACCGCTAGx-2,0.9737149243472484
CTCCTAGGTTCGTGATx-2,0.9880124610965476
CTCATTAGTAAATGTGx-2,0.977042066205936
CTCCTAGGTAGCGCAAx-2,0.9853533349536527
CTAGTGAGTGCCTTGGx-2,0.980142503269793
CTCATTAGTTTAGGAAx-2,0.9808846706329054
CTCGGAGTCAAGGTAAx-2,0.8242511346745307
CTAGCCTCAAACGCGAx-2,0.7993612460005441
CTCGGGAGTCAACTGTx-2,0.9398779811596049
CTAGCCTAGACCTTTGx-2,0.8383768613696515
CTAGTGAGTCTCTTTAx-2,0.9703557778752367
CTAGCCTCAAGCCGCTx-2,0.9774473609654862
CTCATTAAGTTCGCGCx-2,0.9294292524525747
CTCTAATTCAGAGACGx-2,0.8211223126764587
CTGATAGCATATACGCx-2,0.7930635362248574
CTGCCTAAGACTAAGTx-2,0.8141864411883091
CTCTGGTAGTTGCAGGx-2,0.809351984653602
CTCGTCACAGCGAACAx-2,0.9374614935039324
CTCGTCAGTTAAGAACx-2,0.9785392466281028
CTGCCTAAGAGTACATx-2,0.9734652191250838
CTGCCTAGTCACCCAGx-2,0.9848467211307647
CTGCCTATCAACACTGx-2,0.9844458516276183
CTCTGGTCAGGAACGTx-2,0.9433754202947701
CTCGTCAAGCAATATGx-2,0.9930913313131529
CTCTGGTTCCGTCATCx-2,0.9946459545102152
CTGCTGTCATTAGGCTx-2,0.9765304190607963
CTCTAATAGTGTGGCAx-2,0.7925333418657835
CTGCTGTCATTTGCCCx-2,0.8535983736559418
CTGCCTATCGTGACATx-2,0.9892245567765758
CTGCTGTTCTGCTGCTx-2,0.9036915978798142
CTGCCTAGTAAGAGGAx-2,0.9801438899388022
CTGCGGAGTAAGTGTAx-2,0.9949303430491481
CTCTACGCAAAGGAAGx-2,0.8390165138295039
CTGCGGATCCCTCAGTx-2,0.8151137394607731
CTCGTACCATGTAAGAx-2,0.9825522232067235
CTCTACGAGCCATCGCx-2,0.9788117332730146
CTGCTGTTCATGTAGCx-2,0.805725494371486
CTCTACGGTGTGCGTCx-2,0.9693795110481163
CTCGTCACATGTAGTCx-2,0.8095269290657312
CTGATCCTCGTTGACAx-2,0.8689035739914586
CTGATAGCATTTGCTTx-2,0.8241559540194147
CTGATAGAGTGTACCTx-2,0.8009969624526503
CTGCGGATCCTTGACCx-2,0.976122893320631
CTCTGGTTCTGCTTGCx-2,0.8043718335158772
CTGAAGTGTCGAGTTTx-2,0.9725315910419181
CTCTGGTAGCGTAATAx-2,0.9723906800177027
CTGAAGTTCACCTCGTx-2,0.8682633709853157
CTCTAATCACGAAAGCx-2,0.976326921101127
CTGAAACGTAGCTGCCx-2,0.8139965190782569
CTGAAACAGAGCAATTx-2,0.9779914176531143
CTGAAACTCTATCCTAx-2,0.9857586647189813
CTGAAGTTCCGCATCTx-2,0.9987773133326291
CTCTGGTGTTAAAGTGx-2,0.9813502056305455
CTGCGGAAGGACAGCTx-2,0.9748897100856773
CTGATAGCATTACCTTx-2,0.9934390307639993
CTGCGGACAAGTAGTAx-2,0.9844011056375658
CTCTGGTTCTAACTCTx-2,0.8577530140422301
CTCTAATAGCAGACTGx-2,0.9790677668572146
CTGAAACGTATGCTTGx-2,0.8600271573564201
CTCTGGTAGGTTACCTx-2,0.8157737134567701
CTGAAGTCAGATCCATx-2,0.8724468499271197
CTGATAGCATGCGCACx-2,0.9799084403101843
CTGAAGTCAGGGTACAx-2,0.9677797791842284
CTGCGGAGTTCATGGTx-2,0.9598458512856689
CTGAAGTTCTCTGTCGx-2,0.974874154197745
CTCTACGCACAAGTAAx-2,0.9839995095526682
CTGATAGTCTCTAAGGx-2,0.8854116708951454
CTGATCCCAGCCACCAx-2,0.8138085935698045
CTGAAACGTCGGATCCx-2,0.9806115226639538
CTGATAGTCAGAGCTTx-2,0.9669461112628435
CTCTGGTAGAGAGCTCx-2,0.9931898950727357
CTGCGGAAGCGATGACx-2,0.9749750390630194
CTCTGGTAGATGTCGGx-2,0.9747240065811007
CTGCCTAAGAGCTGGTx-2,0.9912768785346358
CTGAAACGTGTAATGAx-2,0.9635964822595714
CTCTAATAGCTGCCCAx-2,0.9231353177987847
CTCGTACCACAAGTAAx-2,0.7983763560912079
CTCTACGCAGTCGTGCx-2,0.928245968981395
CTCGTACCAGTATCTGx-2,0.9818764434937196
CTGCTGTTCGAGAGCAx-2,0.9790765811205642
CTCTGGTTCTAACCGAx-2,0.9792448953403772
CTGCCTACATGCCACGx-2,0.9711803109734776
CTGAAACGTGGGTATGx-2,0.9811422027287751
CTGCCTACATTCCTGCx-2,0.9941593627574606
CTGCTGTTCTGTGCAAx-2,0.7972292936373173
CTGATCCGTCGCTTCTx-2,0.9639555489689952
CTGCGGAGTGCGGTAAx-2,0.8393966104439194
CTCTGGTGTCGCCATGx-2,0.9923062234722788
CTGCTGTCACTTAACGx-2,0.970623234675138
CTGAAGTGTTCCTCCAx-2,0.9792475059041341
CTGGTCTAGCCTATGTx-2,0.8563471512733283
CTGAAGTAGAATCTCCx-2,0.9802514397799381
CTCTACGAGCCAACAGx-2,0.9778972676686415
CTCGTCATCAGAGCTTx-2,0.9754984197421768
CTGAAACCACGGCGTTx-2,0.9775969055157792
CTGCTGTGTAGTGAATx-2,0.9768802510760383
CTGAAACCAGGTGCCTx-2,0.9692269174780894
CTGCGGAGTGAAAGAGx-2,0.9867448760589311
CTGAAGTTCACTTATCx-2,0.8401937051369129
CTGCCTACAAGGCTCCx-2,0.9800044817040463
CTCTACGTCAGCTGGCx-2,0.976388636806526
CTCTGGTAGCCTTGATx-2,0.9776722383066156
CTGCGGACAGACGCTCx-2,0.9003987928908782
CTGCTGTAGCTAGGCAx-2,0.9662178058239188
CTGCGGAAGGTGCAACx-2,0.9657978679931277
CTGATCCCAGGGCATAx-2,0.9784780889585447
CTCTAATAGGAATTACx-2,0.9775884967742535
CTGAAGTCATCATCCCx-2,0.9453581832321941
CTGATCCGTGTGAAATx-2,0.9426119155244729
CTGGTCTAGAAACCGCx-2,0.9908618379216233
CTGCGGACAGGGTTAGx-2,0.9512900524812389
CTTGGCTGTCAAAGCGx-2,0.9601713575706904
CTTAGGAGTGATGATAx-2,0.8755956976103986
CTGGTCTGTCAACTGTx-2,0.9779115757293535
CTGGTCTGTGGCTCCAx-2,0.9780760781847648
CTTAACTAGTATCTCGx-2,0.975911619822112
CTTTGCGAGATCTGCTx-2,0.9834471467515721
CTTGGCTAGTTAACGAx-2,0.974824294755654
CTTAGGAGTCTCATCCx-2,0.95446256608984
GAAACTCGTAAGCACGx-2,0.9610388761630594
CTGTTTATCAGTTCGAx-2,0.9743568561345402
CTTCTCTTCCAGATCAx-2,0.8034690107122583
CTTAACTAGGAGTCTGx-2,0.9130879398305007
CTGTGCTCATTGGCGCx-2,0.8080144857519237
CTTTGCGGTCACAAGGx-2,0.8051784458007665
CTTGGCTAGAAGGTGAx-2,0.975877834069789
CTGGTCTGTAAAGTCAx-2,0.9775479514133811
GAAACTCCACCGATATx-2,0.9950487277194013
CTTCTCTGTAGTAGTAx-2,0.8325107275857718
CTTGGCTTCCGGGTGTx-2,0.9792343100440954
CTTGGCTAGGGTCGATx-2,0.9673179123552255
CTTTGCGAGTTACCCAx-2,0.8942678727428722
CTTTGCGGTAGGCATGx-2,0.9775862740289148
CTTTGCGGTGTGAATAx-2,0.9801233712007362
CTTTGCGGTAAAGTCAx-2,0.9844562712275634
CTTACCGCATGCCTAAx-2,0.9775719723085238
CTTCTCTTCCAAACACx-2,0.9824784992111097
CTTGGCTTCAACGGCCx-2,0.9810476698752026
GAAACTCAGCAGGCTAx-2,0.9697317188532287
CTGTTTAAGCGATAGCx-2,0.8049722205235951
CTGGTCTGTTCAGGCCx-2,0.9095717863043041
CTTACCGCAAGGACTGx-2,0.9228028314368243
CTTTGCGCAGACTCGCx-2,0.8951011725381874
CTGTGCTGTGGCGAATx-2,0.9806873145713546
CTTAGGATCGCATGATx-2,0.9551374126109645
CTTGGCTAGAAACCGCx-2,0.9781132710138842
CTTGGCTGTGCGCTTGx-2,0.979945045218445
CTTGGCTAGGATCGCAx-2,0.8637451961087258
CTTTGCGAGATGTGTAx-2,0.9761071716817756
CTGGTCTGTTAAGACAx-2,0.7998606152393598
CTTGGCTGTCTAGTCAx-2,0.8000914701151268
CTTTGCGAGTCCATACx-2,0.9357663585645881
CTTGGCTGTCATCCCTx-2,0.9776456411213695
CTTTGCGCAGTTAACCx-2,0.9682817647309788
CTTCTCTAGTGTGAATx-2,0.8596451494946661
CTGTGCTCAAGGTTTCx-2,0.8870396338174626
GAAACTCCACTTCGAAx-2,0.9146887451916746
CTTCTCTAGTGGGTTGx-2,0.8072034656310488
CTTAACTTCCAAAGTCx-2,0.7901175760937823
CTTACCGTCATCGCTCx-2,0.9818300426456505
CTTAGGATCTAACTCTx-2,0.9806718350082501
CTGTGCTAGCCACTATx-2,0.8006806324626814
CTTCTCTAGTCCTCCTx-2,0.9744042624205246
CTTAGGACAGCCTTGGx-2,0.8116204913535262
CTTAGGACATCTATGGx-2,0.939073083243157
CTTTGCGTCATCTGCCx-2,0.9865639544112429
CTTACCGGTGAGGGAGx-2,0.9911530875214599
CTTGGCTAGCCACGTCx-2,0.9784566818707077
CTGGTCTAGTATTGGAx-2,0.7980831407392073
CTTCTCTAGATATGGTx-2,0.9496614167718311
CTGTTTAAGGTCGGATx-2,0.9942546999977214
CTTTGCGAGGCTATCTx-2,0.7684732179933103
CTTGGCTAGAGCTGGTx-2,0.9635993305109961
CTTACCGAGTCATGCTx-2,0.9541717371556117
CTTGGCTAGGGCTCTCx-2,0.9643178945851073
CTTTGCGAGTACGATAx-2,0.9799799882818646
CTTGGCTAGATCGGGTx-2,0.976031344545276
CTTCTCTCAATGACCTx-2,0.987672420141325
CTGGTCTGTGGCGAATx-2,0.8354049347886637
CTTCTCTGTATAGGGCx-2,0.9805504958929812
CTTGGCTCAATCACACx-2,0.978557763447814
CTGTTTAAGCGATATAx-2,0.9791979128684183
CTGTTTAAGGCTACGAx-2,0.9273219301366509
CTTACCGTCCAAACACx-2,0.9787534087069538
CTGGTCTAGGCCCTTGx-2,0.9784540966549976
CTTACCGTCCATGAACx-2,0.9687155340105419
CTGTGCTCAAGCGTAGx-2,0.9749621809344408
CTGGTCTAGTGCGTGAx-2,0.9718445043174686
GAAACTCAGGCATTGGx-2,0.9125915766913631
GAAACTCGTACGCTGCx-2,0.9860707350074912
CTTCTCTTCCCTCAGTx-2,0.970251056560926
CTTACCGTCAGATAAGx-2,0.8811699534730157
CTTAACTCACGGCCATx-2,0.9593056119331685
CTGTGCTGTAAGGGAAx-2,0.9711967322389975
CTGTGCTGTCGATTGTx-2,0.9653984280291142
CTGTTTATCGGTCCGAx-2,0.9731563041748801
CTTAGGACAGGGTTAGx-2,0.9615870231106194
CTGTTTAGTAAGAGAGx-2,0.9954881850100697
CTTAGGATCTGCAGTAx-2,0.9912495403063948
CTGTGCTGTTAAGACAx-2,0.9802083125699472
GAAACTCAGCTGTTCAx-2,0.988550393260352
CTTGGCTCACCAGGTCx-2,0.9372613283732655
CTTAGGAAGATGCGACx-2,0.9760123373410821
CTTAGGATCACCAGGCx-2,0.8768150134727155
GAATAAGTCAGAGCTTx-2,0.9805526182116066
GAAACTCGTCACTGGCx-2,0.8197721599517352
GAAACTCTCAAAGACAx-2,0.9925531415995775
GAAATGACATACGCTAx-2,0.9751191991973341
GAATGAACAGACGTAGx-2,0.9767024491584495
GACACGCAGAGTCTGGx-2,0.9653804968359466
GAATGAATCCTTTCGGx-2,0.9860507303412812
GACACGCTCCTAAGTGx-2,0.9899136253832097
GAAGCAGAGTGAAGTTx-2,0.9752769007476104
GAAGCAGCAGATGGGTx-2,0.9080841263702467
GAAGCAGCATGACGGAx-2,0.9785933000994637
GAAATGAAGGGAAACAx-2,0.9681648698487489
GACCAATGTTGACGTTx-2,0.9761641912980912
GAAATGAGTACCCAATx-2,0.9759015195083462
GACACGCTCTTGCCGTx-2,0.9665333636400422
GACCAATGTTGTTTGGx-2,0.8774769587917379
GACAGAGAGGGCATGTx-2,0.8094294950601517
GAACGGAAGCTAACAAx-2,0.9607238905003075
GACACGCGTAGCACGAx-2,0.9873039122746456
GAATAAGGTAAACGCGx-2,0.9923034205264837
GAATAAGCATGGGACAx-2,0.9766450112737499
GAACATCCACCAGATTx-2,0.9265118714050684
GACACGCTCTTGAGGTx-2,0.9490970167913697
GACCTGGAGTCACGCCx-2,0.9803361437141263
GAACCTAGTGGCTCCAx-2,0.8372507598987793
GACAGAGCAGTATCTGx-2,0.9758097361852263
GAAGCAGGTACCGGCTx-2,0.9968752316044388
GAAGCAGAGCAGGTCAx-2,0.9539893755449714
GAACGGATCAGAGGTGx-2,0.9754572788063255
GAATGAACAGCCTATAx-2,0.9581434165682825
GAACGGAAGTTTGCGTx-2,0.978095829039513
GAAACTCTCTTTACGTx-2,0.9629529635115068
GACACGCTCCCATTTAx-2,0.9793968969475579
GAATGAAGTGCTGTATx-2,0.9063444371069956
GAACCTATCGCATGATx-2,0.8564597046413994
GAACGGAAGCGATTCTx-2,0.9784145689269705
GACAGAGCACTTCTGCx-2,0.9460518876262018
GAAACTCGTCTAGCCGx-2,0.9751241770579318
GAAATGATCTTCGAGAx-2,0.9766303173242579
GACCTGGAGCGATATAx-2,0.8290132021482061
GACCAATAGTGAAGTTx-2,0.9817989273367396
GAATAAGGTCAAAGCGx-2,0.9754601775537746
GACCTGGCATGTCTCCx-2,0.9738515623599848
GAAGCAGCACCTATCCx-2,0.7937280000165924
GAAGCAGCAGCATACTx-2,0.9585241673019135
GAAATGAGTTAAAGACx-2,0.97361215229066
GAATGAAAGGGATCTGx-2,0.9891007099455713
GACCAATGTTTGTGTGx-2,0.9873755573005677
GAACATCCACATCCGGx-2,0.9610945196699798
GAAATGACACAGGTTTx-2,0.8465993915712492
GAAGCAGCACGAGGTAx-2,0.8765212832860972
GACACGCTCTCCAACCx-2,0.9809742595821742
GAACGGAAGGCTCTTAx-2,0.8888321324541454
GACCAATGTTGGACCCx-2,0.978343292031377
GAACCTAGTATCACCAx-2,0.9744452001213171
GAAATGAGTGTTAAGAx-2,0.8498163696355516
GAAGCAGAGAGGTTATx-2,0.7856279651359003
GACACGCCAAGAAAGGx-2,0.932890480164371
GAAGCAGTCTTGTATCx-2,0.9692766238837648
GAATGAAGTTAAGATGx-2,0.9532432916864625
GACACGCCAGTTCATGx-2,0.9799589301332848
GAATAAGTCATGCAACx-2,0.8115882630227466
GAACGGAAGACTGGGTx-2,0.8885386014379834
GAACATCAGTCCCACGx-2,0.9806791019601552
GAAACTCGTGTGACGAx-2,0.8987037170355621
GACCTGGTCTTGAGGTx-2,0.9711677632401762
GACCAATAGGACACCAx-2,0.8499627356063086
GAATGAACAAGCCGTCx-2,0.9005367316727946
GAATAAGAGTGACATAx-2,0.9712106444689794
GAACATCGTGCCTGCAx-2,0.9165692890715391
GAATGAATCCATGCTCx-2,0.9811055045446255
GAATAAGAGGTGATTAx-2,0.9938606185270896
GAACATCCAGTAACGGx-2,0.9783193038343077
GAACGGAAGCCCTAATx-2,0.8463000995766091
GAATAAGGTTCGGCACx-2,0.9857134968474454
GACCAATCAAAGTGCGx-2,0.8158956496120588
GAACGGAAGAGCTGGTx-2,0.9607900443854587
GAAGCAGGTGTGACCCx-2,0.953928821911362
GAACGGACACTTCGAAx-2,0.9598447222886135
GAATAAGGTGTTTGGTx-2,0.9762912838612358
GAAATGAGTAGCTGCCx-2,0.9031739770539653
GACCTGGCATCCGTGGx-2,0.9884798256954027
GACACGCAGGAATCGCx-2,0.9916274954566761
GAAGCAGAGAGTGAGAx-2,0.9656758913763467
GACCAATCAATGGAATx-2,0.9924561616489944
GAAATGAGTGTTCTTTx-2,0.8213194889449722
GACCTGGGTACTTCTTx-2,0.9566293793535866
GAACCTACACTCGACGx-2,0.9785903143847311
GAAATGAAGGTAGCTGx-2,0.9711274919661241
GACACGCGTTATCGGTx-2,0.9741300091185335
GACGCGTAGACACGACx-2,0.7972026211287322
GAATAAGGTGATGATAx-2,0.9372883871868989
GAAGCAGGTATTAGCCx-2,0.9741598331572279
GAACATCGTGTTTGTGx-2,0.9767342506079333
GACGTTACATGCCTAAx-2,0.9981661137467055
GAGCAGAGTCTAAAGAx-2,0.8501202883821236
GACGTTATCATTGCCCx-2,0.9777266850638286
GACGTGCGTGCTTCTCx-2,0.9636211605084255
GACTACAAGAATTCCCx-2,0.9696987471470604
GAGTCCGGTCAAGCGAx-2,0.9780021664369407
GACTGCGTCAGAAATGx-2,0.8963888253669596
GATCAGTAGTGCAAGCx-2,0.7993593587873311
GACGGCTGTCAGCTATx-2,0.9594014530717698
GACGTTAAGAAGATTCx-2,0.9736770712966606
GACGCGTTCTCACATTx-2,0.9769705734937842
GACGGCTCATTGGGCCx-2,0.772060658576629
GAGGTGAGTCTTCGTCx-2,0.8536366920605032
GACTAACGTAGGCATGx-2,0.9777426074127559
GAGCAGATCCTGCAGGx-2,0.9731627752307117
GAGGTGAGTAGGGTACx-2,0.9808422146661473
GAGGTGATCTGCCCTAx-2,0.9312377255607216
GACGGCTAGATCCCGCx-2,0.9880518984687802
GACGTTAGTGTCTGATx-2,0.9943091037452874
GACGTTAGTTGTGGCCx-2,0.970609960267583
GACGCGTCACGCCAGTx-2,0.981429210177166
GACTAACGTTTGTTTCx-2,0.9706987813585106
GAGCAGACAAGCTGGAx-2,0.9026242384652339
GACGTGCTCGGTCCGAx-2,0.9835620911322733
GACGTTACAGGTGGATx-2,0.8006520258959606
GAGTCCGTCTTACCGCx-2,0.9761101495852414
GAGTCCGCATGACGGAx-2,0.9808395823669063
GAGGTGATCACCCGAGx-2,0.9730982301613219
GAGGTGATCGCGTTTCx-2,0.9589928036173115
GATCAGTGTATATGGAx-2,0.9715145775036872
GACTGCGTCTCAAGTGx-2,0.8401870381191334
GAGTCCGGTGAGGGTTx-2,0.9790445398960416
GACGCGTTCCGCATAAx-2,0.9784347424591509
GACGTGCCATTTCAGGx-2,0.9770323473714235
GACGTGCCATCAGTACx-2,0.9627033276313837
GACGTTAAGTCGATAAx-2,0.9792051951419843
GACTACACATCGGGTCx-2,0.9704312406066691
GACTGCGTCTTCCTTCx-2,0.7641811896548697
GACGGCTGTCGGCATCx-2,0.9744296580694339
GACTGCGAGGGTGTGTx-2,0.9961643108298804
GACGTGCTCTGCGTAAx-2,0.9815461696065023
GACGTTACAAGCTGAGx-2,0.9802742454168324
GACGTTATCGTTACGAx-2,0.9785276219230128
GACGTGCCAAAGTCAAx-2,0.8554647070601803
GAGGTGAAGCGGCTTCx-2,0.9812657338508951
GACTGCGGTCGCCATGx-2,0.9292451504968579
GACTGCGGTGACCAAGx-2,0.9817264462465679
GAGGTGAGTGATGCCCx-2,0.8461275107381215
GACTGCGCAAGTTAAGx-2,0.9851515407476733
GAGTCCGAGCACAGGTx-2,0.9802246468638931
GAGCAGAAGGCCGAATx-2,0.980793141672166
GATCAGTAGATGTGTAx-2,0.7938781955787727
GAGTCCGGTAATAGCAx-2,0.979029924659668
GACGTGCAGCAGACTGx-2,0.9473081505402511
GAGCAGATCCTCAATTx-2,0.8199928631624391
GACGTGCTCCGCGTTTx-2,0.9898269157716774
GACGCGTAGCTATGCTx-2,0.820659524933925
GAGTCCGAGTACTTGCx-2,0.9751866949942071
GATCAGTAGGTCGGATx-2,0.9790649726762795
GACGTTAAGCGGCTTCx-2,0.97643040190922
GACTAACCATGCCTAAx-2,0.9930778487705688
GACTGCGAGCTTCGCGx-2,0.9632060720687459
GACGTGCAGATGTCGGx-2,0.9839178618530505
GATCAGTTCCGAATGTx-2,0.9579508210765603
GAGTCCGGTACCGGCTx-2,0.8326149765902737
GAGGTGATCCGCAAGCx-2,0.8408363708517612
GACTGCGTCGTCTGCTx-2,0.9275897202611596
GACGCGTCAAGGACACx-2,0.9793057316010327
GACGTGCGTCCGCTGAx-2,0.9494737728648439
GACTACATCCTCTAGCx-2,0.9635831136823133
GAGTCCGCACTTCTGCx-2,0.9590999249827147
GAGTCCGTCTGCTGCTx-2,0.795639997555731
GAGCAGAAGGCAAAGAx-2,0.7946363780538791
GACTACACAAGTTGTCx-2,0.8020649997195339
GACTACATCCCTAATTx-2,0.978899601223958
GACGGCTAGCAATCTCx-2,0.804337502658954
GATCAGTTCCTCGCATx-2,0.9944055771207907
GAGTCCGTCGGTCCGAx-2,0.9802258513018026
GACGTTAAGCCCAGCTx-2,0.9822946387588246
GACGCGTCAAGTCATCx-2,0.874036517141183
GACTGCGGTAGCGTCCx-2,0.9768618282889344
GAGTCCGCAATCGAAAx-2,0.9224898526125296
GACTACAAGGTCATCTx-2,0.9745983493638952
GAGGTGAAGTCACGCCx-2,0.8386729236691596
GACGGCTCATGCCTAAx-2,0.9126152692756078
GACGTTAAGACCTTTGx-2,0.8041400610885194
GACTGCGGTACGACCCx-2,0.8831400808906066
GACTGCGTCTTGTCATx-2,0.8877925931368567
GATCAGTTCCTACAGAx-2,0.8463843324749619
GACGCGTCAATGGAGCx-2,0.9212864798699942
GACTAACGTGTGAATAx-2,0.8004645801499981
GAGTCCGCACCTCGTTx-2,0.9772858989344327
GACTGCGAGCGATTCTx-2,0.9604551317938669
GACGCGTGTATTCGTGx-2,0.9791126543855435
GACTACACAGATGGCAx-2,0.9711634164766008
GAGCAGAAGCAATATGx-2,0.9912287844898883
GACGTGCAGAACTCGGx-2,0.974638339821687
GCACTCTAGCCCAACCx-2,0.9733713155184129
GATCGCGTCACATAGCx-2,0.9737473104765594
GCAATCAGTTTGTTTCx-2,0.9780744055553261
GATCGATAGCCGTCGTx-2,0.9923644628107294
GATTCAGAGGCTACGAx-2,0.9808029417700188
GATCGCGCAACTTGACx-2,0.974466900440216
GCACATAGTAGCCTATx-2,0.8435225335618615
GATCGATGTTGGGACAx-2,0.8036840663956034
GATGCTATCTCCTATAx-2,0.9813721457016831
GATCGCGAGCTAGGCAx-2,0.988100116698078
GCACTCTTCCATGAGTx-2,0.9813592544739815
GATTCAGAGTCGCCGTx-2,0.9820630856002175
GCACATATCGCTGATAx-2,0.7855557581026448
GCACATATCGTGGGAAx-2,0.9773443434558351
GATCGCGTCCTGTACCx-2,0.8284033295474071
GCAGTTACATACGCCGx-2,0.9814272379536833
GCAATCATCCTGCTTGx-2,0.9814122437715604
GCACATACACGGCCATx-2,0.9653484350586099
GCACTCTAGCGATAGCx-2,0.9757563485379313
GATGAGGGTCAGAAGCx-2,0.9660442365063449
GATCAGTTCTGCTTGCx-2,0.9853309343424419
GATGCTACACTTGGATx-2,0.944772935016039
GATGCTACAACTGGCCx-2,0.9714192328461954
GATCGTATCTTGAGACx-2,0.9802444071921136
GATCGATAGATATACGx-2,0.9797856500414427
GATGAAAGTAGCGTGAx-2,0.8005337985841792
GATGAGGTCTCCCTGAx-2,0.9829999605420143
GATCGTAGTCTAGTCAx-2,0.9685773654323293
GCAAACTTCCTGTAGAx-2,0.8162397815442178
GCACATACAGTCTTCCx-2,0.8376608524664447
GATTCAGTCAGTTAGCx-2,0.97140881615406
GCACATACAGTTCATGx-2,0.9444190630441723
GATCGATCATGTTGACx-2,0.9836884223146273
GATGAGGTCCAGATCAx-2,0.8572865494551846
GCACTCTAGGGCTCTCx-2,0.7850914460520025
GCAGCCACAGCCTATAx-2,0.9761715854745071
GATCGTATCACTATTCx-2,0.9852706547855489
GCAGCCATCTCAACTTx-2,0.921300697831237
GATCGCGCATTCACTTx-2,0.8786029517962006
GCAAACTCATTACGACx-2,0.973825043653403
GATCGCGCAAGCCATTx-2,0.9046748738115309
GATGAGGGTACTTGACx-2,0.9770542024358443
GATCGTAAGTTCGATCx-2,0.9759711038554356
GCAGCCAAGGCGTACAx-2,0.7252973457189427
GCAAACTGTTCGTTGAx-2,0.978599826543376
GATGCTAGTGGGTATGx-2,0.9783777941490691
GATCGATCAGACGCAAx-2,0.9706101883393906
GATGAAATCCTTGGTCx-2,0.9712674522431523
GATTCAGCATTAACCGx-2,0.978815039607539
GCAGCCATCCCTAATTx-2,0.9676185099104923
GATCTAGGTCACACGCx-2,0.7798710159417561
GCAAACTTCAGTTGACx-2,0.8886459862238381
GATCGTAGTATCAGTCx-2,0.9801967931476985
GCAGTTACACCGCTAGx-2,0.8346480971218717
GATCTAGAGCCAGTTTx-2,0.9602253082510894
GATTCAGGTAGCCTCGx-2,0.9295649284891705
GCAGTTAAGGTGCACAx-2,0.9760157277423179
GCACTCTAGCGACGTAx-2,0.9766239419383721
GATCGTAGTCACAAGGx-2,0.8830816179018426
GATGCTACACCTGGTGx-2,0.9666112081140534
GATGAGGCACGGTTTAx-2,0.9809396202523144
GATGCTACAGATCCATx-2,0.9673405034567781
GATCGTATCACTCCTGx-2,0.978533729702528
GCAGTTACAGGGTATGx-2,0.9655043232323731
GATCGTACACTTCGAAx-2,0.956904002880129
GCAGTTAAGTATTGGAx-2,0.7852141661733673
GATCTAGAGACAAAGGx-2,0.9822366200767727
GATCGTATCGACAGCCx-2,0.9560970969710614
GCAGCCATCCGTACAAx-2,0.989470005275831
GATCGATGTACATCCAx-2,0.968916837345923
GATGCTAGTAGAGCTGx-2,0.8546423124026532
GATCGCGGTTCCACGGx-2,0.9813198991919226
GATCGTAGTTGAACTCx-2,0.956485653416547
GATTCAGAGGTGTTAAx-2,0.9761403313771183
GATCGTACAATGTAAGx-2,0.8973702881810456
GCAGCCATCAATCACGx-2,0.9741911507326658
GATCGCGCAGACGCTCx-2,0.8201761648354994
GCACTCTGTTCCCGAGx-2,0.9769516480427998
GATCGATGTGCCTGGTx-2,0.9615890044662185
GCACTCTTCTCGAGTAx-2,0.7927529532123371
GATGAGGGTTACGCGCx-2,0.8209278841076467
GCAGCCAGTGGCGAATx-2,0.9791206766149
GATCGCGCACGCCAGTx-2,0.9826640667749894
GATGAAATCACTCTTAx-2,0.9802431680295793
GCAGCCATCTGTCAAGx-2,0.9813185851362987
GATCGCGGTCGAGTTTx-2,0.8890004052331686
GATGCTAAGGATGGTCx-2,0.9772696917339192
GATTCAGTCACGCATAx-2,0.9756209812052634
GATGCTATCAGTGTTGx-2,0.9664522589330441
GATGAAATCGCGCCAAx-2,0.8295096115180963
GATGAGGAGTATGACAx-2,0.9695628097109606
GATTCAGCAGACAAATx-2,0.938549605781768
GCAGTTAGTTACTGACx-2,0.9789249568110399
GATCGATGTCAGAGGTx-2,0.9668434180623606
GCACATACAAGAGGCTx-2,0.9844212303102864
GATTCAGTCGTTTGCCx-2,0.9681692712794219
GATCGATCACATGTGTx-2,0.9585433147713197
GATGAAAGTGAAAGAGx-2,0.9617077762659603
GCATACAAGCTTATCGx-2,0.9542629556778306
GCCTCTAGTTCAGCGCx-2,0.7961889788255146
GCGCAACTCAGCACATx-2,0.9688551096161303
GCATACAAGCCAGTTTx-2,0.9745170131422474
GCGCAACAGGAGTTTAx-2,0.9331717473387496
GCATGCGGTGGCAAACx-2,0.9775762000790108
GCGAGAAAGAGTGACCx-2,0.9574893162052123
GCGCAGTAGCTTATCGx-2,0.9880375640864799
GCATGATGTCTAGTCAx-2,0.9744439157609959
GCGACCACACCTATCCx-2,0.9169487819955511
GCGAGAAAGAGTACATx-2,0.9783027673322413
GCGCAACAGCACGCCTx-2,0.7758564678263358
GCAGTTATCCGCATCTx-2,0.9034752471888358
GCATGATAGTCCGTATx-2,0.9768857071988567
GCCTCTATCGGAAATAx-2,0.9529488562093907
GCGCAACTCTCGAGTAx-2,0.9380494849786832
GCATACAGTGCGCTTGx-2,0.8006074606545877
GCATGATTCGTGGTCGx-2,0.9453906584504211
GCATGTACATCCTTGCx-2,0.9818817179076734
GCGAGAACAGCTGCTGx-2,0.8190085784322821
GCATGTAGTGCCTGGTx-2,0.9778674053939845
GCCTCTAGTAAAGTCAx-2,0.9246259990076912
GCATACATCGGTCTAAx-2,0.9775590940441705
GCCTCTAGTCAGGACAx-2,0.9856809950910139
GCATGATTCAGCTTAGx-2,0.9651342578871923
GCGCAACCACTATCTTx-2,0.9785634580467891
GCCTCTATCCGCTGTTx-2,0.9087505378012948
GCATGTAAGAGCTATAx-2,0.9807022439197952
GCATACACACTTACGAx-2,0.9753542394941981
GCGACCAGTCGCATCGx-2,0.8064447070438832
GCATACACACACCGACx-2,0.9771498818144977
GCCAAATCAATAAGCAx-2,0.9765485867096935
GCGCAACGTCTGGTCGx-2,0.9775375153823805
GCATGATCACATCTTTx-2,0.9757503980590716
GCATGCGAGAACTGTAx-2,0.8111741685035174
GCGCAACAGAGGTACCx-2,0.8462820801063052
GCGCAGTGTGTTGAGGx-2,0.8055027548618144
GCATGCGCAATAAGCAx-2,0.9792449676765008
GCCAAATCATATGGTCx-2,0.9912227148157927
GCCTCTATCTACCAGAx-2,0.9786313102647418
GCGCAGTGTCGATTGTx-2,0.9936195000948612
GCATGATGTCCGACGTx-2,0.9804341177238621
GCGACCAGTGTAACGGx-2,0.95942251869041
GCAGTTAGTTCGTCTCx-2,0.873474482318362
GCCTCTAGTTGTCGCGx-2,0.8012224093713928
GCGCAACTCCACGACGx-2,0.9945987792451308
GCATGATGTATAATGGx-2,0.8027386139319451
GCGCAACTCCACTGGGx-2,0.9630600782846058
GCCAAATTCCCTGACTx-2,0.9792256965361504
GCGACCACATTGAGCTx-2,0.8218949731740046
GCATGATAGCCTATGTx-2,0.9803437361343824
GCGACCACATAAAGGTx-2,0.8359936852787452
GCGACCACAGATTGCTx-2,0.875719957839227
GCCTCTACACGCTTTCx-2,0.9869661324629656
GCATGCGCAGAGCCAAx-2,0.9437527594118654
GCGCAACCAAGAGGCTx-2,0.8123494911305129
GCATGCGAGCCATCGCx-2,0.9741885779744223
GCATACACAGTGGGATx-2,0.9751596353364202
GCGCAACCAGCATACTx-2,0.9719869400486466
GCATGTAGTTAAAGTGx-2,0.9780543961057647
GCGCAACTCATGCTCCx-2,0.8133058328324537
GCGCAGTCATCCTAGAx-2,0.9794377156724831
GCATGCGCACACAGAGx-2,0.9738639203825192
GCATGCGGTGGTTTCAx-2,0.8381019099521178
GCGACCACACCTCGTTx-2,0.8097459931120472
GCATACAGTAGGACACx-2,0.7999605690912325
GCATGATAGGTGTGGTx-2,0.9742959373429398
GCATGATCAGGGCATAx-2,0.9548379186749363
GCCTCTATCTGGGCCAx-2,0.9528677860880195
GCGCAACCAGCCTTTCx-2,0.9820550688616487
GCATGATCATGTAGTCx-2,0.981559745857118
GCATGCGGTAGGAGTCx-2,0.9819093017292521
GCCTCTATCCTGCTTGx-2,0.9165516325518084
GCGAGAAGTGGCTCCAx-2,0.963224451729546
GCGACCAAGCCACCTGx-2,0.8850762792519697
GCCTCTATCAGCTTAGx-2,0.9745296044400159
GCGACCAAGGGCTTGAx-2,0.9380970305720688
GCCAAATCATCAGTCAx-2,0.9817497038186009
GCGCAGTCAACTGCGCx-2,0.9762981286212121
GCCTCTAAGACCACGAx-2,0.9796409646245317
GCATACAAGGACAGCTx-2,0.9836996694935412
GCCAAATAGCACCGTCx-2,0.9718575192448401
GCGCAACAGCTCCTCTx-2,0.9794792302187966
GCATGATAGAATTCCCx-2,0.8470892480851148
GCAGTTATCGGTTCGGx-2,0.9754470660301101
GCGAGAATCGGTTAACx-2,0.9702105991434469
GCGCAGTCAGGGTTAGx-2,0.7308850232831928
GCATGTAGTTGCGTTAx-2,0.9849140699221461
GCAGTTATCACCCTCAx-2,0.9617702201641978
GCGCAACTCGCGTAGCx-2,0.8208046780222803
GCATACATCATAAAGGx-2,0.9763053513679575
GCATACAAGTGTGAATx-2,0.9803503879134473
GCGAGAATCTTGCATTx-2,0.8171114431240811
GCGCAGTTCCAATGGTx-2,0.9922026390906983
GCTGCGACACGTCAGCx-2,0.9649061437355763
GGACAAGGTATAATGGx-2,0.9814620944427654
GCTGCAGAGACAGACCx-2,0.9727815001559212
GGAATAAAGGCCATAGx-2,0.8143382320006117
GCGCCAAAGTCACGCCx-2,0.8103532646726455
GCTGCTTGTGCACCACx-2,0.9745799719401013
GCTCCTAAGAGCCCAAx-2,0.9711797157603549
GCGCGATGTTGACGTTx-2,0.9893077397874886
GCTGCAGAGACTACAAx-2,0.9767766056311479
GCTGCGAGTGGGTCAAx-2,0.9804722282117209
GGAATAATCCCAACGGx-2,0.9701266332519723
GCTCCTAAGCGATTCTx-2,0.9779166118758502
GCTCTGTAGGATTCGGx-2,0.8021673728289199
GCTCCTATCCTTAATCx-2,0.8046379824618377
GGAACTTTCTGGCGTGx-2,0.9646741957218096
GCTCCTAGTACTCGCGx-2,0.9819492684561989
GCGCGATTCTTGTCATx-2,0.9731788302838343
GCTCTGTGTTCCGGCAx-2,0.8348615299180493
GCTTGAATCCGTAGGCx-2,0.9783302459615314
GGACAAGTCCACGTTCx-2,0.9910544900840317
GCTGGGTCACAACTGTx-2,0.8081876986572706
GCGCGATGTGAAGGCTx-2,0.9922001781702781
GCTCTGTGTCTTGATGx-2,0.9786469868010423
GGAAAGCAGGATGTATx-2,0.919953128343963
GCTGCAGGTCACCTAAx-2,0.8023618024287518
GGAACTTGTACAGACGx-2,0.9906355290513034
GCTGGGTAGAGTGACCx-2,0.9781898055965185
GGAACTTGTTCCGGCAx-2,0.9748469573012087
GCGGGTTGTCAAGCGAx-2,0.9659016054103848
GCTCCTACAAGTCATCx-2,0.9570095580748658
GCTGCTTAGGTGTGGTx-2,0.9807757761311359
GGAATAAGTAAGCACGx-2,0.8959346415096269
GCGCGATGTTCACCTCx-2,0.9765448427495541
GCTCCTATCGGCGCATx-2,0.8473515792546276
GCTGCAGTCCGAACGCx-2,0.9708625929295452
GGACAAGAGAGGGCTTx-2,0.9214576702027218
GGACAGAAGATCCGAGx-2,0.9766180549768003
GCTGCTTCATGCCCGAx-2,0.9611627278117141
GGAATAAGTGCCTGTGx-2,0.7985147121753776
GCTCTGTTCAATACCGx-2,0.9612516504034514
GGAATAATCGATGAGGx-2,0.9803765719826554
GCGCCAAGTTGTCGCGx-2,0.9718155571555261
GCGCGATCACATGTGTx-2,0.9807550312347042
GCTCTGTTCGGCATCGx-2,0.891143475845702
GGAATAACAGCTTAACx-2,0.9491103685399984
GGAATAAGTGATGATAx-2,0.976292119022065
GCTGCTTAGTGGGTTGx-2,0.8169242938415165
GCGCGATGTTTGTTGGx-2,0.9851305774704038
GCGCGATAGTGCGATGx-2,0.9823949874218939
GCGCAGTTCGGAAATAx-2,0.9758198350009093
GCTGGGTCATCACAACx-2,0.9792891373076344
GGACAAGTCAAACAAGx-2,0.9792451800658873
GCTGCTTGTGAGGGAGx-2,0.8013234040608173
GCTGCAGCAACGCACCx-2,0.9785276628267765
GGAACTTGTTAAGAACx-2,0.8071402971574635
GCTGCTTTCAGGCGAAx-2,0.9751220321397756
GCGCCAACAAGCTGGAx-2,0.9822659256734679
GGAACTTTCCCGGATGx-2,0.9961578687638031
GCTTCCATCTCTGCTGx-2,0.9698370063486497
GCGCCAAGTCGCGGTTx-2,0.8408859831082001
GCTGGGTGTCTGGAGAx-2,0.9731563907834871
GCTCCTACAGTATCTGx-2,0.9370198827545178
GCGGGTTGTTATCCGAx-2,0.8929063204495182
GGAACTTGTTTAGCTGx-2,0.7941385705322581
GCTGCAGGTGTGTGCCx-2,0.9802157350151229
GCTGCAGTCCAGGGCTx-2,0.9796298391704445
GCGCGATAGCCTATGTx-2,0.8070685986018552
GCGGGTTTCGCCCTTAx-2,0.964607965101271
GCGCCAACATTGGGCCx-2,0.8155196864673436
GCTCTGTCAATCACACx-2,0.9758832103424282
GCTTCCATCAGATAAGx-2,0.946449518141352
GCGCGATCATGCCTTCx-2,0.9743612741733577
GCTGGGTCACAGCCCAx-2,0.8227590329368075
GCTGCAGTCCACTGGGx-2,0.8782411726329041
GCGGGTTCAATCTACGx-2,0.9796966874401184
GCTGCTTAGCTCCCAGx-2,0.8854165035406303
GCGCGATCAGTAACGGx-2,0.9677828459454312
GCTGCAGCAGCTTAACx-2,0.9791962017266415
GCTCTGTTCAACACTGx-2,0.9776716801921211
GGAACTTCAGTTAACCx-2,0.9939712372159125
GCTGCAGGTACCGAGAx-2,0.9037076666885715
GCTCCTACAAGTACCTx-2,0.7837967472284504
GCTCTGTGTATAGTAGx-2,0.9637145375486126
GCTTCCAAGGCACATGx-2,0.8807106868745187
GGAACTTAGACTACAAx-2,0.9823123086523446
GCGCCAAGTTTGACACx-2,0.978459990888428
GCTGCGACATGGATGGx-2,0.977444011248271
GCTCTGTTCGAACGGAx-2,0.9858565082521846
GCTGCTTGTTCCGGCAx-2,0.9803217457762434
GCGGGTTAGGATGGTCx-2,0.9761427083905181
GGAATAAGTGGACGATx-2,0.9780631987972993
GCTTCCATCGACCAGCx-2,0.9820683961289322
GGACAGAAGACAGACCx-2,0.8778042495864466
GCTTCCATCTGCTGTCx-2,0.9814280692097964
GGAAAGCCATTAACCGx-2,0.9372299629180059
GGACAAGAGCCCGAAAx-2,0.901044072668177
GGACAAGTCGCAGGCTx-2,0.8305913419495539
GGATGTTGTAAGGGAAx-2,0.7958075283892159
GGCGACTTCGCGATCGx-2,0.8505337845043767
GGATGTTAGGCAGTCAx-2,0.9721393209807025
GGCGTGTTCCACTCCAx-2,0.9764342100659943
GGCTCGACAAGGACTGx-2,0.9663500945485919
GGACAGACACTGTGTAx-2,0.8142751079876006
GGCGTGTGTCAAACTCx-2,0.9714934207175976
GGACGTCCAAGAAAGGx-2,0.9778129565403594
GGCGACTTCGACAGCCx-2,0.9791335155146509
GGACAGACATAGTAAGx-2,0.9844443963689278
GGAGCAACATGGTTGTx-2,0.9916984223243402
GGAGCAACACTAGTACx-2,0.9739293537280166
GGCGACTAGAGAGCTCx-2,0.9024551865352831
GGCAATTAGATCCGAGx-2,0.9894340868952789
GGCTGGTCAAACGTGGx-2,0.9735717761792544
GGACAGAGTGATGATAx-2,0.9761817953478992
GGAGCAACATCATCCCx-2,0.9823312934544909
GGATGTTGTCCGTTAAx-2,0.9251135750479325
GGACAGAAGTCAAGGCx-2,0.9807687806602153
GGATGTTAGTACGACGx-2,0.8067054654186622
GGCAATTAGTTAGGTAx-2,0.8531238843628794
GGCAATTGTACCCAATx-2,0.7967060652485171
GGCCGATGTAGCCTCGx-2,0.9784599840238511
GGCCGATGTGACAAATx-2,0.9066514997514166
GGCGACTTCGGCGGTTx-2,0.9788214702884899
GGATGTTTCCCAGGTGx-2,0.7989833656697154
GGAGCAAGTGCGAAACx-2,0.9382210760160007
GGATTACAGGCTCAGAx-2,0.8723303578059106
GGACATTAGTCATGCTx-2,0.9883372459146638
GGATTACAGAGTAAGGx-2,0.9800897228162365
GGATTACTCCTTTCTCx-2,0.8079615842508895
GGACATTGTAGCGCAAx-2,0.9718666828334082
GGCCGATAGTATCGAAx-2,0.9709499061863827
GGCGACTAGGTGTGGTx-2,0.8057555033188439
GGCCGATAGTCCCACGx-2,0.9733917218264673
GGACGTCCACGACTCGx-2,0.9588722048371734
GGCTCGATCCGTACAAx-2,0.98292850023752
GGATGTTAGCTGCGAAx-2,0.9794779462235339
GGCCGATTCTCAACTTx-2,0.9771449539185109
GGCGACTCAAGTACCTx-2,0.9767572804376208
GGACATTAGCTCTCGGx-2,0.9626813115519188
GGACGTCTCTGCGGCAx-2,0.8391142622133256
GGACAGATCTGCCCTAx-2,0.9749597727352017
GGATTACTCTTCCTTCx-2,0.9798486223959194
GGACATTAGTGGAGAAx-2,0.927103826757257
GGCTCGAAGGCCATAGx-2,0.8060571528604763
GGATTACGTCTGCAATx-2,0.8008455981846545
GGCGTGTGTAGCGTAGx-2,0.9763512037395563
GGCGACTGTAAGAGGAx-2,0.7963746567937372
GGCGTGTGTGGCCCTAx-2,0.9220575361323992
GGCGTGTTCGTCGTTCx-2,0.965497312165279
GGACAGATCTTGCATTx-2,0.956611324365048
GGACAGAGTTACGCGCx-2,0.972349284916092
GGAGCAACATCCGTGGx-2,0.9741540074793373
GGCCGATTCTAACTGGx-2,0.9715450560042299
GGCAATTAGAATGTTGx-2,0.9796994130720161
GGACGTCAGATGCGACx-2,0.9839787675239713
GGCGACTGTGTCTGATx-2,0.8276634436226987
GGCGTGTGTCGGGTCTx-2,0.9686239458788825
GGACATTTCGGTTAACx-2,0.87878636645273
GGATGTTAGAATTCCCx-2,0.7917538771871051
GGCCGATTCCCTTGCAx-2,0.8053166005513994
GGCGACTTCAGGATCTx-2,0.9760136374018582
GGATTACAGTGTACCTx-2,0.9765694012475046
GGACATTAGCCGCCTAx-2,0.9877946730458537
GGATTACGTCAGAGGTx-2,0.9797744122391179
GGAGCAATCAAAGACAx-2,0.8858229501004937
GGCCGATGTCTGATTGx-2,0.9739245388412182
GGAGCAAAGGTGCTAGx-2,0.9973934164604122
GGAGCAACAATGCCATx-2,0.8075427127928938
GGACATTGTCAGATAAx-2,0.9819607134074728
GGCTCGAAGCCCAACCx-2,0.7988592164727729
GGCTCGACATCATCCCx-2,0.9799130563800047
GGACGTCTCCAACCAAx-2,0.9907538987872461
GGCGTGTAGCTTCGCGx-2,0.9067105799483786
GGCAATTAGGATGTATx-2,0.9538423471578981
GGATGTTCAATCTACGx-2,0.7869255678799697
GGCTCGAGTTCCTCCAx-2,0.9839419284134655
GGACATTTCAGGTTCAx-2,0.973945434092625
GGATGTTCAGACTCGCx-2,0.9792233739245993
GGATTACAGAGACTATx-2,0.9805296481253275
GGCTGGTAGCGATTCTx-2,0.9779744104699343
GGCCGATGTCAATGTCx-2,0.9795924122444444
GGCAATTCACGGTTTAx-2,0.9698558622269592
GGCCGATAGGTTCCTAx-2,0.9711267738208412
GGACGTCTCGCCAAATx-2,0.8091357580821538
GGCTCGACAGGGTATGx-2,0.9802764412032438
GGACAGACAAGCGAGTx-2,0.8140467421605011
GGATTACGTTGAGTTCx-2,0.9789712071418911
GGCCGATGTTCAGGCCx-2,0.8997330357201744
GGACAGAGTAAAGGAGx-2,0.9829928099828397
GGCGACTGTATGGTTCx-2,0.8209437276586491
GGCTCGAAGTGAACATx-2,0.9789165302564374
GGATGTTCACAGGAGTx-2,0.8520683906708442
GGATGTTCATCACCCTx-2,0.8540360895889336
GGATTACAGTCGAGTGx-2,0.8203605444085668
GGAGCAATCCGAGCCAx-2,0.9790183316948631
GGTGAAGGTAGAAGGAx-2,0.8972769647317398
GGGCATCGTTCCACAAx-2,0.8485374246846404
GGTGAAGTCTCGAGTAx-2,0.9666086613054223
GGCTGGTTCTCGATGAx-2,0.9790418193956747
GGGAATGTCTTGCAAGx-2,0.9715516003015984
GGGATGACATCGGAAGx-2,0.9665948423857549
GGGCATCCACCTCGGAx-2,0.9790421056505245
GGGTCTGTCAACCATGx-2,0.9739259345058491
GGGATGAGTGTATGGGx-2,0.805316932541731
GGGATGATCGTCGTTCx-2,0.9815070280594158
GGTGTTAGTGAGGCTAx-2,0.9772907760214956
GGGAGATCAACGATGGx-2,0.8032856360945771
GGTGAAGTCCACGAATx-2,0.9796341315750396
GGGCATCAGTCCGTATx-2,0.8225607387076138
GGGCACTCATCGGACCx-2,0.9799615840562071
GGTGTTACATCACAACx-2,0.9779422614519135
GGCTGGTCACGAAATAx-2,0.9810906216159265
GGGCATCAGTGGGATCx-2,0.9778601990424445
GGGCATCCACCAGGCTx-2,0.9782415399907053
GGGTTGCGTGCGATAGx-2,0.980007462400566
GGTGTTAGTGATAAGTx-2,0.9863661781741572
GGGACCTAGTGACTCTx-2,0.9789410620105161
GGGACCTTCGCAAACTx-2,0.8316810193867267
GGGATGAGTATTACCGx-2,0.9811072520347132
GGGAATGGTGTAATGAx-2,0.9820039150300915
GGGCATCCATGCCCGAx-2,0.8021500019643055
GGTATTGTCAGCCTAAx-2,0.9744240597487643
GGGACCTAGTGTGGCAx-2,0.9780097561377114
GGGAATGAGTAGCCGAx-2,0.9720942495022581
GGTGAAGCAGGAATCGx-2,0.8298706487735052
GGTGCGTCAGTCACTAx-2,0.9618467095632282
GGTGTTAGTATAGGTAx-2,0.9771916384705325
GGGCACTTCAAAGTAGx-2,0.9698333584799697
GGGTTGCTCATGTCCCx-2,0.9801934154495757
GGTATTGGTATAATGGx-2,0.9756870562038717
GGCTGGTCATCCGTGGx-2,0.9928456797574475
GGTATTGGTAACGCGAx-2,0.9737833141120126
GGGCATCCAGTAAGCGx-2,0.9740765883285009
GGTATTGTCCTTGCCAx-2,0.8208991904871282
GGGAATGTCATTGCGAx-2,0.9824814939775586
GGGTTGCGTTCCGTCTx-2,0.9198543985642669
GGTGTTACAATGACCTx-2,0.9734114649711758
GGGAGATGTAAGGGCTx-2,0.8602255279290171
GGTGAAGCATCGACGCx-2,0.8298726101259069
GGTGCGTAGGTGATTAx-2,0.9108490671194833
GGGATGACAATCGAAAx-2,0.9744603338031468
GGTGCGTTCGGAATCTx-2,0.8843243257679165
GGTGTTACAATCCAACx-2,0.9139081095155046
GGTGCGTCAGCTTCGGx-2,0.9759683389201343
GGGTCTGAGTGTGAATx-2,0.9730856435544091
GGGAATGTCCCAAGATx-2,0.9698172058737546
GGTATTGTCTCCAACCx-2,0.9724865886772854
GGTGAAGCACCGTTGGx-2,0.9794599719362665
GGTGCGTGTCGCTTTCx-2,0.9786568801288166
GGCTGGTTCCACTGGGx-2,0.9706532723191567
GGGATGACAATACGCTx-2,0.9733061042245984
GGGCATCTCCCACTTGx-2,0.7967024786670867
GGCTGGTCATCCTAGAx-2,0.8749387276286976
GGTGCGTCATTAGCCAx-2,0.8089362504717186
GGCTGGTTCAGCTTAGx-2,0.8100319131808574
GGGTTGCGTGTTCGATx-2,0.7968237049352582
GGGTTGCTCCAAAGTCx-2,0.9786068160139338
GGGTTGCCACACATGTx-2,0.9782850022529961
GGGCACTGTAGGGACTx-2,0.9178212831879928
GGGACCTTCTATGTGGx-2,0.9842306935215079
GGTGAAGTCATCGCTCx-2,0.8169139009841162
GGGCACTCAACACCCGx-2,0.8457897345585556
GGTATTGTCTTTAGGGx-2,0.9676689910400619
GGTGCGTGTTCGTCTCx-2,0.8839766958231935
GGGCACTTCTGCGTAAx-2,0.9965885271983685
GGGTTGCTCGTAGGTTx-2,0.79451717870986
GGGCATCCATGCTAGTx-2,0.9761494759816018
GGGTCTGAGATGCGACx-2,0.9904329421064707
GGGCATCTCGAGAGCAx-2,0.8051463096998427
GGGACCTCAATGCCATx-2,0.9578351509324722
GGGAGATCAGACTCGCx-2,0.814937344196605
GGGCATCAGTATTGGAx-2,0.991337923535294
GGTATTGAGGGAAACAx-2,0.9768361047384463
GGGAGATGTACCCAATx-2,0.9816660739371719
GGGATGAAGCTGCGAAx-2,0.9711871833172769
GGGAGATTCGTAGGAGx-2,0.9286038591749219
GGGCACTTCACCGTAAx-2,0.9869875085901216
GGGTTGCCACGGACAAx-2,0.861111495305452
GGGAATGCACGGATAGx-2,0.9671460635199063
GGTGTTAGTCACAAGGx-2,0.8751506204384318
GGTGAAGTCACTTATCx-2,0.9763324482524469
GGTATTGTCACAAACCx-2,0.8109535845209339
GGGAGATTCGGTGTCGx-2,0.9677436241772912
GGTGAAGCATCCTTGCx-2,0.9778932004034818
GGTGTTAAGCACACAGx-2,0.8973174912536261
GGGAATGCATTTCAGGx-2,0.9943698047687767
GGGCATCCATGGGAACx-2,0.9534559306203534
GGTATTGTCCTGCCATx-2,0.9854853533165889
GGGAGATCAATGAAACx-2,0.9686232731772562
GGGTTGCTCACTTCATx-2,0.974162316170971
GGTGTTACAAACCTACx-2,0.9644635698841727
GGGATGAAGGGCATGTx-2,0.9730521082315299
GGTGTTATCGCGCCAAx-2,0.9841271033285567
GTCACAATCATGGTCAx-2,0.9655528963489827
GTAACTGTCTTGTTTGx-2,0.9649181671115369
GTATTCTAGTGCGTGAx-2,0.9748544515933502
GTCATTTAGTACGATAx-2,0.9733280519720261
GTATTCTAGAGCCTAGx-2,0.9787857833663518
GTAGTCATCAACCATGx-2,0.9729263628301854
GTACTCCTCTGCGGCAx-2,0.9675851142604267
GTACTTTTCAACCAACx-2,0.9727753115328672
GTCACGGTCAGGTAAAx-2,0.99218042158409
GTATTCTTCACTGGGCx-2,0.9798482173828635
GTCATTTAGACTTTCGx-2,0.830206901255771
GTACTCCAGCAATATGx-2,0.9811684741082225
GTACTCCGTTGGTGGAx-2,0.9230745038271256
GTATCTTTCTGCAGTAx-2,0.997254076159987
GTATTCTGTACCCAATx-2,0.9041766736178879
GTACGTACACGACTCGx-2,0.9810491348140327
GTAGGCCCACATCCAAx-2,0.9602089300729835
GTAGTCAAGACCTTTGx-2,0.9783708914604741
GTACGTATCTGCGACGx-2,0.9483260547350734
GTAGGCCAGTTAGCGGx-2,0.9763346136226198
GTCATTTAGCGATGACx-2,0.953210416598455
GGTGTTATCACATACGx-2,0.954869994591492
GTACGTACAATGGATAx-2,0.7849866118867418
GTCACAATCCGCATAAx-2,0.8671120187400154
GTACGTATCTGTGCAAx-2,0.9673005567894432
GTCACGGGTGTTTGGTx-2,0.971995750735274
GTAACTGGTAGCGCAAx-2,0.981522259582349
GTACTTTCACAGTCGCx-2,0.918766289429606
GTCACAAGTGCGATAGx-2,0.9725300024712671
GTAGGCCCAAGCGCTCx-2,0.9581651777271712
GTATTCTCAGTCAGAGx-2,0.9453548734095077
GTAGTCAGTATCAGTCx-2,0.9696192351976942
GTCACAAGTAAACCTCx-2,0.7872165677976912
GTCACGGGTCTCCATCx-2,0.7840944109527629
GGTGTTATCGTGGGAAx-2,0.9796371324382165
GTACTTTTCAGTTAGCx-2,0.943942772156276
GTATCTTGTTCAGGCCx-2,0.9770847150665418
GTATTCTGTTCCACTCx-2,0.9662163628203476
GTACTCCGTGTTGGGAx-2,0.9211733589558291
GTCAAGTGTAGCAAATx-2,0.7854263018970229
GTCACGGTCTTCGGTCx-2,0.8060226419249306
GTAACTGTCCAAACTGx-2,0.810411079601085
GTACTTTGTATAATGGx-2,0.8017163233628403
GTATTCTGTCGGCTCAx-2,0.8312802051607343
GTAACGTGTAAGTGGCx-2,0.9769515010529606
GTAGTCACAGATCCATx-2,0.7470937015144613
GTATTCTCATTTCACTx-2,0.7988098010676048
GTAGTCACAACTGCGCx-2,0.9774583020500567
GTATCTTCAAGCCTATx-2,0.9775787913507462
GTACTCCAGGTGACCAx-2,0.8154174586608093
GTAGTCACAGCCTGTGx-2,0.9775985273045623
GTAGTCAGTCGCGAAAx-2,0.9718842730655943
GTAGTCAGTTCAGCGCx-2,0.9804461255521201
GTAGGCCAGATGAGAGx-2,0.9740430785404223
GTATTCTTCACTTACTx-2,0.9769339894376892
GTAACTGAGACACGACx-2,0.8170003262745827
GTACTTTTCAGTTGACx-2,0.973869418524683
GTAACTGAGCGTAGTGx-2,0.8985802125895017
GTAACTGAGAGTCGGTx-2,0.8286238912285038
GTCACGGTCCCAACGGx-2,0.9951314932310317
GTAACTGCAAGTTCTGx-2,0.9773874730016269
GTATCTTGTGTCGCTGx-2,0.8018649620210477
GTCATTTAGACTGTAAx-2,0.9680691533084423
GTACGTAAGTGGGTTGx-2,0.8803395048721481
GTAACTGGTAGGCATGx-2,0.9861161703449713
GTACTTTAGGAGTTTAx-2,0.8034403890372073
GTAACGTAGCCGTCGTx-2,0.9094402198847306
GTAACTGGTACCGTTAx-2,0.8109273600659904
GTACGTATCTCTGTCGx-2,0.9772552157927744
GTAACGTTCTTATCTGx-2,0.9947009525748692
GTAACGTGTCTCGTTCx-2,0.7764535974962763
GTATCTTCAGGCTGAAx-2,0.8608344283438308
GTAACGTAGCCAGTAGx-2,0.9818890180737774
GTATCTTCATATACCGx-2,0.795486897849543
GTCATTTCAGGGTATGx-2,0.9862209305758102
GTAGGCCAGGATATACx-2,0.9805592025380583
GTCATTTCACGCTTTCx-2,0.9129994829068165
GTAGTCAAGTCGATAAx-2,0.9659964123975069
GTCACAAAGCGTTGCCx-2,0.80476166103941
GTACTTTCACATCTTTx-2,0.9647404119355019
GTACTTTCAATCGGTTx-2,0.7965325284340958
GTCACAATCGCATGGCx-2,0.9407778327758255
GTACGTATCATAAAGGx-2,0.9859535936557615
GTACTTTGTTCGGCACx-2,0.9568212159807208
GTCACAATCCGTCATCx-2,0.9760301242395769
GTAGGCCTCTTGTCATx-2,0.965955707002191
GTACTTTTCAGCTCTCx-2,0.9794927202207359
GTCAAGTCAAGGCTCCx-2,0.8850182906635174
GTATCTTAGAAGAAGCx-2,0.9631627026568639
GTATTCTTCATAAAGGx-2,0.9747131482903173
GTCAAGTGTGACTACTx-2,0.9762354700964551
GTCACAACATGCCTAAx-2,0.895189727672833
GTAACGTCATACGCCGx-2,0.9760014978938214
GTAACTGTCTACGAGTx-2,0.9759825375101318
GTACTCCTCGACAGCCx-2,0.9307775434967539
GTAACGTAGCACCGTCx-2,0.987405528796908
GTCTCGTTCAGCTCGGx-2,0.9709893405384158
GTGCGGTTCCCACTTGx-2,0.9927632292391774
GTGCAGCTCGGAAATAx-2,0.8192956942087689
GTCATTTTCGCGTTTCx-2,0.9766763035557641
GTGTGCGCACATAACCx-2,0.9829701475126297
GTGGGTCCAGTCGTGCx-2,0.9677091044499064
GTCTCGTTCGGAGCAAx-2,0.9442465509430219
GTCTTCGTCAATCACGx-2,0.9267557468951493
GTGAAGGCACCCTATCx-2,0.9553825964516252
GTGCATATCTGGGCCAx-2,0.9792243443725166
GTGCGGTAGCCAGAACx-2,0.9786923604083664
GTGGGTCAGAGTAAGGx-2,0.854125159024638
GTGCAGCAGCCTTGATx-2,0.9779642160553709
GTGCGGTTCGCGGATCx-2,0.8619745913275273
GTCCTCACAGCAGTTTx-2,0.9936614189012657
GTCTCGTAGTACCGGAx-2,0.9001813492294859
GTCATTTGTCAGTGGAx-2,0.9602785019234864
GTGAAGGGTCTAGCGCx-2,0.9806590130423086
GTGCAGCAGATCACGGx-2,0.8123983978001007
GTCGTAAAGGTTACCTx-2,0.8638955343635298
GTGCTTCGTTAGTGGGx-2,0.9849644450512299
GTGGGTCCAGCATGAGx-2,0.9735663339884907
GTGCATAGTTCGGGCTx-2,0.7979648376811289
GTGAAGGCACATTAGCx-2,0.9870377063960281
GTCGGGTCATGCCACGx-2,0.7817616633911347
GTGAAGGGTCATACTGx-2,0.9599629115392561
GTGAAGGAGGAGTTTAx-2,0.8168707047390157
GTGAAGGTCTCCCTGAx-2,0.9766404456768479
GTGCATAGTTTGCATGx-2,0.9828422514422326
GTCTTCGCATGCCTAAx-2,0.9897993373378223
GTGCTTCGTGTTCTTTx-2,0.8036706740395188
GTGCAGCTCTGGGCCAx-2,0.9576725845695725
GTGAAGGAGCTGCCCAx-2,0.9815982458027434
GTCGTAAGTTACAGAAx-2,0.974464759945789
GTGCGGTAGGCAGGTTx-2,0.9715281464444998
GTGCGGTTCACTTCATx-2,0.9745168357882327
GTGGGTCGTCCATGATx-2,0.9784867055120463
GTCCTCATCGTGGGAAx-2,0.8740521961171308
GTGCTTCCAAGTTGTCx-2,0.9737343811583196
GTCATTTTCTCTGTCGx-2,0.8532899870106389
GTGAAGGAGACTAAGTx-2,0.7435490696511285
GTCGTAATCATAAAGGx-2,0.9699643390112607
GTCGGGTGTGAAAGAGx-2,0.9816047846087874
GTGCAGCGTGTATGGGx-2,0.808468976243044
GTCTTCGGTATTCTCTx-2,0.9941579588053163
GTCGGGTGTCATGCATx-2,0.7877574570572732
GTCTTCGAGCCCAGCTx-2,0.8987785525943701
GTGGGTCAGCCAGTTTx-2,0.9798211460176055
GTCATTTGTACGCTGCx-2,0.7925532797982845
GTCGTAAAGTTAACGAx-2,0.9683341301340487
GTCATTTTCCTCCTAGx-2,0.966658976269448
GTCCTCAGTCAAACTCx-2,0.9606216703127812
GTGAAGGCAGCCAGAAx-2,0.9771129940278884
GTGAAGGCACTTAAGCx-2,0.9825845442057789
GTGCGGTAGTCACGCCx-2,0.9643594803467354
GTGCTTCGTTGCGTTAx-2,0.8978139328174922
GTGCAGCGTCGAAAGCx-2,0.9890161431211256
GTCTCGTTCTGGTGTAx-2,0.9807942795503378
GTCTCGTCATGCAACTx-2,0.8430034118935459
GTGCATATCCCAACGGx-2,0.9790855663810466
GTGCATATCTACCTGCx-2,0.978236459218857
GTCTCGTTCTGCTTGCx-2,0.9802970729323716
GTCCTCACAAGGTTTCx-2,0.9787355324976998
GTGGGTCTCAGCTTAGx-2,0.9702348623192608
GTGAAGGCAGCTGTATx-2,0.9872186046780345
GTGTGCGCAGCCAGAAx-2,0.7054286515585287
GTGAAGGGTAGAAGGAx-2,0.9840037047792324
GTCTCGTGTCAATACCx-2,0.9721233468092885
GTGAAGGTCGGCGCATx-2,0.9809701759334186
GTCGTAACACGGTGTCx-2,0.9676046239001359
GTCGTAATCCTGTACCx-2,0.9681099555283953
GTCGTAACAAGCGCTCx-2,0.78512947875565
GTGCATACATCACGTAx-2,0.9462759591353533
GTGCTTCAGCAGCGTAx-2,0.9650987684784623
GTGCAGCCATTTCACTx-2,0.9569601424395378
GTGCAGCTCTAGAGTCx-2,0.9615092237910629
GTCGGGTCACAGGCCTx-2,0.9771042406195292
GTCGTAACACACGCTGx-2,0.8355086283549118
GTCTTCGAGGCCCGTTx-2,0.972295232783367
GTCGTAATCAAGGCTTx-2,0.9451052642577306
GTCATTTTCGAATGCTx-2,0.9757134472230031
GTCGGGTTCCGTCAAAx-2,0.8666564758160685
GTCATTTGTCTTGATGx-2,0.797121439939398
GTGAAGGTCGAACGGAx-2,0.9739345451388126
GTGCTTCCATGAACCTx-2,0.9859099829510557
GTCGTAATCCTTTCGGx-2,0.8465918964529235
GTGAAGGTCTGCCAGGx-2,0.9645976391200123
GTGCATAAGTTACGGGx-2,0.9799662688414459
GTCGTAAGTCGAAAGCx-2,0.9779950664187617
GTGGGTCCATGCGCACx-2,0.9456995024874651
GTCTCGTAGGCTACGAx-2,0.8082162311995703
GTCCTCACAATGTAAGx-2,0.9027944848808958
GTGCTTCGTGGACGATx-2,0.9926088938335395
GTCCTCAGTGCAACGAx-2,0.9031086357139102
GTGCGGTGTCGTTGTAx-2,0.9700758430932309
GTGCATATCTGTTGAGx-2,0.9675516104938566
GTCGTAAGTGCCTTGGx-2,0.981500146265525
TAAGAGACAGCCAATTx-2,0.8414156390291273
TAAGAGAAGAAGATTCx-2,0.883364291908513
GTTCGGGCATGTCCTCx-2,0.9795450517108971
TAAGAGATCGAGGTAGx-2,0.9206816125245827
GTTACAGTCGCTGATAx-2,0.8527912573456747
GTTAAGCCACAGACTTx-2,0.9710816177573138
GTTCGGGTCTTGTACTx-2,0.9027786409873628
TAAACCGCATACGCTAx-2,0.9832950600114292
TAAACCGGTTGTACACx-2,0.8941897005187215
TAAACCGTCCACTGGGx-2,0.9771497751013595
TAAGAGATCGGTTCGGx-2,0.9766232958279487
GTTTCTATCTGGTGTAx-2,0.9772478707184952
GTTCGGGCACGAAGCAx-2,0.9552205174975903
TAAGAGAGTCTAGTGTx-2,0.969681615405613
GTTAAGCAGCTTATCGx-2,0.8818059039926701
GTTCGGGGTGCAACGAx-2,0.961651181375081
GTTCGGGCAAGGTTTCx-2,0.9937984477959336
GTGTGCGGTCTGGAGAx-2,0.9784146862419084
TAAGAGAAGAACAATCx-2,0.9814629637218852
TAAACCGAGCGAGAAAx-2,0.964820989229023
GTTAAGCGTCTTTCATx-2,0.9676550937633974
GTTCGGGTCTCCCTGAx-2,0.7449974279169115
GTTCGGGGTGTTCTTTx-2,0.9827134803195681
GTTCATTAGTCCGGTCx-2,0.7977647109660699
GTTTCTAGTTCCACGGx-2,0.9710257121767142
TAAGAGACAAAGTGCGx-2,0.7966875118708897
TAAACCGCACGGCTACx-2,0.9639764851227232
TAAGAGAGTGAGGGTTx-2,0.975737449628133
GTTACAGCACTGTCGGx-2,0.7962125329363635
GTTTCTATCTGCTTGCx-2,0.9741132129669945
GTTAAGCTCTGCTGTCx-2,0.9759804792662968
GTTCATTAGATTACCCx-2,0.9791794403284857
TAAACCGGTGGACGATx-2,0.7823686701906523
GTTCGGGTCTCGTTTAx-2,0.9698144195208926
GTTACAGAGCATGGCAx-2,0.9692462720790054
GTTCTCGGTCTAAAGAx-2,0.8278791940140383
GTTAAGCTCCGAAGAGx-2,0.9752380507069305
GTGTTAGAGTAGGCCAx-2,0.9806351241676333
GTTCATTTCAAGAAGTx-2,0.9878616706005959
GTTCGGGAGGGTATCGx-2,0.9816852238005938
GTTCATTTCCTGCAGGx-2,0.8796384398939412
GTTTCTACAATCCGATx-2,0.8002476388556878
GTTACAGGTTGATTCGx-2,0.8944050908086218
GTGTGCGCATCCTAGAx-2,0.9791169235638657
GTTCTCGGTTGCTCCTx-2,0.9781521390424959
GTTCTCGTCTCCCTGAx-2,0.7967508794309915
GTTCTCGGTTCCACAAx-2,0.9608218841165014
GTGTGCGTCGTTTGCCx-2,0.9800349768227875
GTTTCTAGTTAAGACAx-2,0.824484467054788
GTTACAGGTATCACCAx-2,0.8640355519556737
TAAACCGCACGCTTTCx-2,0.9754425951355951
TAAGAGACATTCCTGCx-2,0.9785364065424639
GTGTTAGGTTACGCGCx-2,0.7876937013234464
GTGTGCGGTGGCCCTAx-2,0.9749179891551882
GTTCGGGGTCAACATCx-2,0.9630445293388051
TAAACCGTCGGTCCGAx-2,0.9788873004209185
GTTCTCGGTAGCCTCGx-2,0.974753536324759
GTGTGCGGTCTCGTTCx-2,0.9503300807227983
GTGTGCGGTTAAAGTGx-2,0.8134038188811854
GTTCATTCACCCATGGx-2,0.8506648379677302
GTGTTAGTCCAGGGCTx-2,0.9712328102025526
GTTCATTCACGTCTCTx-2,0.9745374775000867
TAAACCGGTTACTGACx-2,0.979604444947908
GTTACAGTCTATGTGGx-2,0.9669960283632193
TAAGCGTAGAAAGTGGx-2,0.9786187047498984
GTGTGCGGTATTACCGx-2,0.9569114383678808
GTTTCTAAGCTGAAATx-2,0.8097724670814733
GTTCGGGGTCGTCTTCx-2,0.9939993160523493
GTTCGGGAGTGTTGAAx-2,0.9442214173553433
TAAACCGAGTGCCATTx-2,0.8299629640980056
GTTAAGCAGGCGACATx-2,0.9738043833812337
GTTCTCGTCGGCGCATx-2,0.9668521550665378
GTTACAGCAGTATAAGx-2,0.9753058886376483
GTGTGCGCATCACAACx-2,0.8162136915720513
GTGTTAGCATGGTAGGx-2,0.9758214445603981
TAAGCGTCAAACGTGGx-2,0.9209412526412004
TAAACCGAGAGGACGGx-2,0.7429846925989924
GTTACAGTCCGATATGx-2,0.9779144147770069
GTTTCTACATGCATGTx-2,0.9773289897807635
GTTTCTATCGAATGGGx-2,0.9454603611704424
GTTTCTAAGTGTACCTx-2,0.9827770684707443
GTTCATTCAAGTCTGTx-2,0.8044763954595574
GTGTTAGCATTTGCCCx-2,0.8775702241763116
GTTTCTACAATGGTCTx-2,0.976720225323725
GTTACAGCAAGTACCTx-2,0.9692526849297672
GTGTTAGCACTAAGTCx-2,0.9564746249947854
GTTACAGCATGGGACAx-2,0.9860816326932564
GTTTCTAGTGGTACAGx-2,0.9719194453177203
TAAACCGCATAGGATAx-2,0.9115563378751448
GTTTCTAGTTCGGCACx-2,0.9655288462712619
TAAGAGAGTAAGGATTx-2,0.8148304321676761
GTGTGCGCAGGTGCCTx-2,0.9015511734465291
TAAGAGATCTGCGTAAx-2,0.8062239935273873
GTTTCTACAGCGTCCAx-2,0.9806693704774758
TACACGACAAAGGTGCx-2,0.9767079302459617
TACACGAGTCGCATATx-2,0.9748304284132695
TACTCGCGTACATCCAx-2,0.9845146455399141
TACTCATAGATCACGGx-2,0.9821103972633611
TACACGACAATCCAACx-2,0.7856990736268988
TACTTGTCAAGACGTGx-2,0.800769798024412
TACTCGCGTCGCGAAAx-2,0.9903655855416353
TACGGGCAGCGTGAGTx-2,0.9880833155160629
TACTCGCAGGATGCGTx-2,0.8289065595564605
TACAGTGAGCCCAGCTx-2,0.9350549136081783
TACCTATGTTGCGCACx-2,0.9804573863231233
TACGGGCCAAAGAATCx-2,0.9783849350848608
TACTCATAGACTAGATx-2,0.984128947023796
TAAGTGCCACTGTGTAx-2,0.9921488391680665
TACTCGCTCTACTTACx-2,0.9799644077296754
TACCTTAAGTAGTGCGx-2,0.8000641485005856
TACGGATGTTGTTTGGx-2,0.810948611273343
TACAGTGCACCTCGGAx-2,0.9711900823428897
TACTCATAGAGGGATAx-2,0.9708028411248848
TAAGTGCAGAAGGCCTx-2,0.9925744478143271
TACCTATCAGTCGTGCx-2,0.97312594269695
TACACGAAGTATTGGAx-2,0.9944845247630617
TACGGTAGTCTAGGTTx-2,0.9046989341441689
TAAGTGCAGATGTTAGx-2,0.817123676538275
TACAGTGAGCGTTGCCx-2,0.9791122400462143
TACGGTAAGACAATACx-2,0.9714205006393977
TACGGATCACCGGAAAx-2,0.9715205811213441
TACCTATTCAAAGTAGx-2,0.8145501088228234
TACGGATAGGCCGAATx-2,0.9798221659553098
TACTTACGTTTGGCGCx-2,0.9789489633859296
TACACGATCATTTGGGx-2,0.97429716646188
TACACGACAATGTTGCx-2,0.9878719779232754
TACCTATTCCAAACACx-2,0.9789602183078584
TACGGGCAGGCTAGGTx-2,0.9567970465127675
TACCTTACATTCTCATx-2,0.8218860390639611
TACACGACATCCAACAx-2,0.9784104379460596
TACACGAGTATCACCAx-2,0.8821301236787376
TAAGCGTGTGACTCATx-2,0.9616697751068748
TACGGGCTCCGAACGCx-2,0.8795321485736811
TAAGCGTTCATGCAACx-2,0.9787207609318634
TACTCATGTCAGAATAx-2,0.9820248145874555
TACGGGCCATTACGACx-2,0.9737196852598454
TACTCATGTGAACCTTx-2,0.9677853127921127
TAAGCGTCAGTAAGCGx-2,0.9736132401697429
TACTTGTCACACATGTx-2,0.9663613863110723
TACTCGCCAGGGTATGx-2,0.8047633371727888
TACCTATCACCACCAGx-2,0.9808820709356155
TACCTATAGGGCATGTx-2,0.9611396072134494
TACGGATGTTTAGGAAx-2,0.796637460143497
TACGGTAGTAAATACGx-2,0.9250646787258725
TACGGTACACCCATTCx-2,0.9909916914543617
TACCTATAGACACTAAx-2,0.9779926437753893
TACGGGCCAATGGAATx-2,0.9757890493380776
TACTCGCCAGCTCGACx-2,0.9737496840649411
TACGGGCCAGATGGGTx-2,0.978018049884721
TACGGGCTCACTTCATx-2,0.8055179104316902
TACTTGTCAAGCCGTCx-2,0.9820226573109971
TACACGACAGCTTCGGx-2,0.9902354831395168
TACCTTATCGCCAAATx-2,0.864680358875273
TACTCGCTCCGTAGTAx-2,0.9847445761861762
TACTTACCAGACAGGTx-2,0.970612357810616
TACGGTAAGTCGAGTGx-2,0.9673592568198199
TACTCATGTAGCGTCCx-2,0.9718049799493873
TACAGTGGTTTGTTGGx-2,0.97734491319054
TACGGGCTCGGATGGAx-2,0.785508344061613
TACCTATAGCCACGTCx-2,0.8735956777979866
TACGGTAGTTGATTGCx-2,0.7896211236242363
TACTCGCTCTGGGCCAx-2,0.9873068743085044
TACGGGCTCCGTCATCx-2,0.9581981588948584
TACACGATCACTATTCx-2,0.9804822660697058
TACGGATGTAGTAGTAx-2,0.9717942265370009
TACAGTGTCTGCGTAAx-2,0.8748502619924255
TACCTATTCATCTGCCx-2,0.9658527161422925
TACTTACAGCTAAGATx-2,0.9596426052515666
TACCTATGTAGCTCCGx-2,0.9768558247678817
TACACGAAGCAGGTCAx-2,0.5814685136162578
TACGGATGTTGGTGGAx-2,0.980680864218602
TACTCATAGAGATGAGx-2,0.8059569766803546
TAAGTGCAGGTACTCTx-2,0.9797386387162904
TACTCATTCTGGAGCCx-2,0.7745703827630782
TAAGTGCGTTTGGCGCx-2,0.9610709661786676
TAAGTGCTCATAGCACx-2,0.9775638230123078
TACCTATTCGGCGCATx-2,0.8113132647540567
TACCTTAGTATAGGGCx-2,0.9898832566571143
TACCTATCACATCCGGx-2,0.9935642238056696
TACGGTACACATTAGCx-2,0.9784414519064858
TAAGTGCGTGGCGAATx-2,0.8364328524835325
TACCTATCATACGCTAx-2,0.9785870548290888
TACTCATGTATTCGTGx-2,0.9357027201597836
TACGGTATCGCGCCAAx-2,0.974808806045805
TAAGCGTTCGATAGAAx-2,0.9779271329719058
TACAGTGTCAGCCTAAx-2,0.9747663421854654
TACTCGCCATCCTAGAx-2,0.9938460247515095
TACTCATTCTGATACGx-2,0.9732917074958487
TACTCGCCAAATACAGx-2,0.9802526077768734
TAAGCGTGTCAAACTCx-2,0.9640974189927658
TAAGTGCCATGTTGACx-2,0.977856137028688
TACGGTATCTGGTATGx-2,0.8771117585394488
TAGACCAGTGAAATCAx-2,0.9764374453693112
TAGTTGGTCACTTACTx-2,0.9793162617219946
TACTTGTTCCAAGTACx-2,0.9184602153809078
TATCAGGAGACGCAACx-2,0.983500614602294
TATCAGGAGCAGCCTCx-2,0.9756828830502048
TAGGCATCAGCCAATTx-2,0.9666970181814564
TAGTGGTCATCCGTGGx-2,0.9212629709116877
TAGACCACACAGGCCTx-2,0.9665371820096081
TATCTCAGTACCAGTTx-2,0.962280364950201
TAGGCATTCAAAGTAGx-2,0.9779940611570713
TAGTTGGAGGGAGTAAx-2,0.8043470135621636
TCAACGACAAACGCGAx-2,0.9019036993190815
TACTTGTGTCAGAATAx-2,0.9846378173876236
TATCTCACACCACGTGx-2,0.9753959142400002
TATCTCAGTGTTGGGAx-2,0.9806372090592084
TATGCCCCAGCGAACAx-2,0.9813963841678667
TATTACCGTGTTTGTGx-2,0.9790761651373882
TAGTGGTAGGCGATACx-2,0.9078246233162203
TATGCCCCAAGTTCTGx-2,0.8683786563817689
TATCAGGCAGTCCTTCx-2,0.991249839663689
TAGGCATCACCCATGGx-2,0.9696068527778796
TAGTGGTGTCGAACAGx-2,0.9553296787379029
TAGACCAGTAGCGATGx-2,0.9545988082629793
TAGAGCTTCCTAGTGAx-2,0.8980304675651579
TAGGCATTCTGATACGx-2,0.9804087005515503
TATCAGGAGCGGCTTCx-2,0.8652682323123431
TATTACCGTCAATGTCx-2,0.89981026743419
TATCAGGAGGAACTGCx-2,0.9251988151116433
TAGAGCTGTATGCTTGx-2,0.8466427263885772
TATTACCCACCGATATx-2,0.9763945057372261
TATGCCCGTGGACGATx-2,0.9797378281403152
TATGCCCGTTCGGCACx-2,0.9790161996133133
TAGGCATTCGCATGGCx-2,0.9751994849867128
TATGCCCGTTATCACGx-2,0.9760424289631092
TAGTTGGAGTTTAGGAx-2,0.7973200546715717
TAGTGGTAGCTGTCTAx-2,0.9749223519343948
TAGAGCTCATAGAAACx-2,0.9725668015355249
TATCAGGTCTGATTCTx-2,0.9727038182052367
TACTTGTCACGAAATAx-2,0.8911628236985234
TAGTTGGTCAGGTAAAx-2,0.9668526487471125
TAGTTGGCATATGAGAx-2,0.9884323977629529
TAGCCGGGTAAGGATTx-2,0.9504477545784928
TAGGCATCAAGCGCTCx-2,0.9779111489951221
TAGGCATTCCATGCTCx-2,0.8798392601761672
TCAACGACACCCATGGx-2,0.8085192380379279
TAGTGGTGTTGCTCCTx-2,0.9435324866177102
TAGTGGTGTGGGTATGx-2,0.9744590143476235
TAGTGGTGTAGCGTAGx-2,0.9738293658985692
TATTACCAGATATGGTx-2,0.979948981519374
TATCAGGCAGCCTGTGx-2,0.9894172965062679
TATCAGGGTCGACTATx-2,0.79582325606905
TAGAGCTCAGTCAGCCx-2,0.9762081435324506
TAGAGCTAGGGCTTCCx-2,0.7865393015598967
TATTACCAGGTTACCTx-2,0.9676268707506055
TAGCCGGGTAAATGTGx-2,0.9762974837557777
TAGGCATGTAAAGGAGx-2,0.7942468659374716
TATCAGGAGAGGTAGAx-2,0.8388004206801348
TAGAGCTCACGAGGTAx-2,0.9468884260282457
TAGCCGGCAGCCACCAx-2,0.8011159944209933
TATCTCATCGGTGTTAx-2,0.9662990597828781
TAGCCGGGTAGTAGTAx-2,0.9883295573948001
TAGACCAAGCTCAACTx-2,0.9735976746893649
TAGTGGTTCACTATTCx-2,0.9744109819405158
TCAACGACAACGATCTx-2,0.9819601894449357
TATTACCAGGAGTCTGx-2,0.9713198557867475
TAGCCGGGTCTCCACTx-2,0.9908500973884995
TAGTTGGTCAACTCTTx-2,0.95822632662919
TCAACGACAAGGTGTGx-2,0.9901743085554408
TCAACGACAGTCCTTCx-2,0.9712315398668729
TATCAGGCACGGTAGAx-2,0.8078335452855038
TAGTGGTTCGTAGGTTx-2,0.9708986136936028
TATTACCCAGCTCGACx-2,0.8976007933465835
TAGAGCTTCCTCTAGCx-2,0.9422800109278919
TATGCCCGTACCGCTGx-2,0.9689136376032367
TAGTTGGGTAGCGATGx-2,0.9536221618243416
TAGCCGGTCTGTACGAx-2,0.972663606887144
TATCTCATCTCGCATCx-2,0.9952072100322704
TAGCCGGAGTGCTGCCx-2,0.9416446533389816
TATCAGGGTTATCGGTx-2,0.844458525817229
TATTACCGTCTCCCTAx-2,0.9817855407311815
TAGCCGGGTAACGACGx-2,0.979479986812087
TATCAGGAGCGTCAAGx-2,0.8808292795625492
TACTTGTCATGTAGTCx-2,0.9585268238576253
TAGACCAGTCATACTGx-2,0.8602802687682486
TAGACCATCCGCAGTGx-2,0.9780704700788863
TAGGCATAGGAATGGAx-2,0.9828162821748714
TAGAGCTCATGGGACAx-2,0.7744090454071872
TATGCCCAGTTGAGTAx-2,0.9881743067860564
TATTACCAGGACATTAx-2,0.9713084474767142
TAGTGGTGTCTAGCCGx-2,0.8940417328308174
TAGACCAGTGACGGTAx-2,0.9866181615591694
TATCTCAGTTGGTAAAx-2,0.8211267583635098
TCAACGACAGCGAACAx-2,0.986570884720522
TAGAGCTAGCCCAATTx-2,0.9569388139575981
TATGCCCAGAATGTGTx-2,0.9824401237996856
TAGTGGTGTGCAGACAx-2,0.9771915584109093
TATGCCCAGGCTCATTx-2,0.9970714553291607
TCATTACAGGGATACCx-2,0.9754355678710512
TCAGCAACAAACGCGAx-2,0.9431220883953817
TCAGGTAAGTGTTAGAx-2,0.9719462541713415
TCAGATGGTTATGTGCx-2,0.811430963079478
TCAGCAAGTTGCGCACx-2,0.9774522941322208
TCACGAATCCTCAACCx-2,0.9929679891437624
TCAGGATTCAGCACATx-2,0.8329982761583641
TCATTACTCATTTGGGx-2,0.9857850824005894
TCAACGATCGCCAGCAx-2,0.9924039198561074
TCCACACCATTCCTGCx-2,0.9724172474585372
TCACAAGCATGGTCATx-2,0.8721714410052092
TCAGCAAGTCATCCCTx-2,0.9788002968245836
TCCACACAGCTGCCCAx-2,0.621128933142368
TCAGCTCGTTTGTTTCx-2,0.9455977570864075
TCAATCTGTTGATTGCx-2,0.9685386606410199
TCATTACAGGGCTTCCx-2,0.9700160993745351
TCAATCTTCTGATACGx-2,0.8084632553486342
TCACGAATCCAGGGCTx-2,0.9741453969897359
TCAATCTTCCGAAGAGx-2,0.9756976033265731
TCAGCTCGTACGACCCx-2,0.9752176005743627
TCAGATGCAACGATCTx-2,0.971969656132525
TCAGGATCACCGCTAGx-2,0.9773127239080248
TCAGGATCATTCTTACx-2,0.9884426171148999
TCACAAGTCGAGCCCAx-2,0.8880661741001754
TCACAAGGTTCTGTTTx-2,0.9110073311998304
TCCACACCACATGGGAx-2,0.9895074042136853
TCATTACCAGACGCTCx-2,0.9681330276962221
TCAGCTCGTTTAAGCCx-2,0.8624444703728303
TCAGGTATCCAGGGCTx-2,0.9778453840141593
TCAGATGGTCCTCTTGx-2,0.8015349970317412
TCAGGTAAGGGAACGGx-2,0.9711241719303879
TCACAAGAGTATTGGAx-2,0.9866010752698413
TCACGAACAAGAAAGGx-2,0.962353143322124
TCATTTGCAGGACCCTx-2,0.97897963161246
TCACAAGAGCTCCTTCx-2,0.9767725360341993
TCAGCTCGTATTCTCTx-2,0.9759898489020699
TCAGCAAGTCTCCACTx-2,0.9824772777697799
TCAGCTCAGGCCCGTTx-2,0.9769022191457574
TCAGGTAAGCTAAGATx-2,0.8870786504559887
TCAATCTTCGCAAACTx-2,0.9827037938052551
TCCACACCAACACCTAx-2,0.9811705873065573
TCAATCTTCACTTATCx-2,0.7269164985546867
TCCACACTCAAGGCTTx-2,0.9819502173851843
TCAACGATCCAATGGTx-2,0.9913394512715646
TCACGAACAGCGTAAGx-2,0.8300009342774863
TCACAAGCAATGAATGx-2,0.980124547677919
TCAACGATCGGCTACGx-2,0.8140182569402605
TCATTACTCTTGCATTx-2,0.9111153022148258
TCAGCTCAGCTCTCGGx-2,0.9324898781003673
TCACAAGAGCCACGTCx-2,0.9838528933886914
TCACGAACATTTCACTx-2,0.9908924623198672
TCAGCAACAGTGGGATx-2,0.9725293400382287
TCAGGATAGGTGATATx-2,0.8860345218528856
TCAGCAATCTCGTTTAx-2,0.9760919265819876
TCAGCAATCTGCGTAAx-2,0.9897408012157103
TCAATCTAGTCCGTATx-2,0.9777385979132438
TCACGAACAGCTGCACx-2,0.9724298932789559
TCAGCTCCAAGGTTCTx-2,0.8002869495067861
TCAGATGCAAGACACGx-2,0.9004962447017513
TCAGGATAGCGGATCAx-2,0.9765502540580142
TCAGATGGTACAGCAGx-2,0.8763799226388289
TCAGGTAAGCTAACAAx-2,0.8701453466445425
TCACGAAAGGCATGGTx-2,0.9755593207358214
TCAGCTCCAGATCCATx-2,0.972614940585663
TCACGAAGTTTGCATGx-2,0.9668110887485352
TCAGATGGTCGGATCCx-2,0.9775395462238916
TCCACACAGTGGTAGCx-2,0.9222914494883759
TCAGATGAGCCACCTGx-2,0.9784840252160837
TCAGCAAGTGACGGTAx-2,0.9654576573165816
TCAGGTAGTCCTCTTGx-2,0.9562360193122867
TCAATCTTCCAGTATGx-2,0.9789869237058719
TCACAAGAGGGTTTCTx-2,0.7966643762579524
TCAGATGTCATATCGGx-2,0.9774700371919846
TCACAAGCATAGGATAx-2,0.99438158490731
TCACAAGTCAAGATCCx-2,0.9784208854192894
TCATTTGTCCGCAAGCx-2,0.9784875995871053
TCAGGTAAGATCTGAAx-2,0.9681782418810612
TCAGGATTCAGCTCTCx-2,0.8871658988648066
TCAGGTACACGGCGTTx-2,0.7507626404812021
TCATTTGTCTTCGGTCx-2,0.9783271213414966
TCACAAGTCCACGAATx-2,0.9544978480302337
TCCACACGTAATAGCAx-2,0.9779319845670025
TCAGCTCTCAATCACGx-2,0.9789643764338085
TCAGATGCACACCGCAx-2,0.9747952828095416
TCAGATGCATGACGGAx-2,0.9728876808812589
TCAATCTTCATTCACTx-2,0.9449169015613231
TCAGCAAAGGCTATCTx-2,0.959119868820773
TCACAAGTCCAGTAGTx-2,0.9756597634628402
TCATTTGAGAGATGAGx-2,0.9784022891720906
TCAATCTGTACCATCAx-2,0.9837780483599613
TCAGGATCAAGCGTAGx-2,0.8410780059944625
TCACAAGCAGCCTTGGx-2,0.9064060251504666
TCACGAATCGAATGGGx-2,0.9746392043102758
TCCACACGTTAAAGACx-2,0.8070386525143822
TCACGAAAGTCTCCTCx-2,0.9694685213401302
TCAGCAACAGACAGGTx-2,0.9959042347927054
TCAGCTCTCAGATAAGx-2,0.9804357433582989
TCATTACTCTGCGTAAx-2,0.9340672208475179
TCGCGTTGTGCAGTAGx-2,0.9685800485192726
TCGCGTTTCTAAGCCAx-2,0.9781256183313163
TCGGGACAGGGTATCGx-2,0.8239516681151721
TCTCATATCAAGAAGTx-2,0.9744884153379939
TCGAGGCCAAATCCGTx-2,0.8121640562194009
TCTCATAAGGTGGGTTx-2,0.9009362379468909
TCTCATACAACAACCTx-2,0.987006179439163
TCGTACCGTGGTTTCAx-2,0.9761388478223924
TCGGGACTCTTCATGTx-2,0.9808128446474064
TCTCATATCTACGAGTx-2,0.9709746517136264
TCTCTAACAGACAGGTx-2,0.9770304456032939
TCGCGTTCAAGAGTCGx-2,0.9684913240132133
TCTCTAACAATGGATAx-2,0.8381143363366281
TCGTACCCACCAACCGx-2,0.984088503664559
TCGGGACAGACAGGCTx-2,0.8464621143016329
TCTCTAAGTCAAAGCGx-2,0.9695118262239948
TCGGTAAGTTACTGACx-2,0.854097274278791
TCTATTGTCGTATCAGx-2,0.7943500864155058
TCGTAGATCCTGCCATx-2,0.949420456685604
TCGGTAATCGGTTAACx-2,0.9661627233541826
TCCCGATGTTCGAATCx-2,0.9242199109341634
TCGGTAAGTAAATACGx-2,0.9719420513668114
TCGCGAGAGTCCCACGx-2,0.8497746512612473
TCGTAGACATTCTTACx-2,0.9805523318445875
TCTCTAACAGAAGCACx-2,0.9796537864988668
TCCCGATGTCTTGTCCx-2,0.9699620284534843
TCCCGATCAGACACTTx-2,0.8597505860692001
TCCCGATCACCAGATTx-2,0.8791743651803577
TCGAGGCGTTCGCTAAx-2,0.9189336067024325
TCGGGACTCGCCATAAx-2,0.9804357048165264
TCCCGATGTGCTAGCCx-2,0.7832182172917421
TCCCGATTCGTCTGAAx-2,0.9807102779558834
TCGAGGCAGCAATCTCx-2,0.9683772516980573
TCTATTGAGAATCTCCx-2,0.97574991900836
TCGGTAACACCTCGGAx-2,0.9491408171613953
TCTCTAACATCTACGAx-2,0.8023791440246462
TCGAGGCCATGTTCCCx-2,0.9765759261779385
TCGTAGATCTCGCTTGx-2,0.9328341925376612
TCGCGTTTCGCCATAAx-2,0.8157982906892638
TCCCGATCACACGCTGx-2,0.997181109168708
TCGAGGCAGTTACGGGx-2,0.979840352169656
TCGTAGACACGGCTACx-2,0.9879109930927898
TCGAGGCCAACTGCGCx-2,0.9783628225366476
TCGGGACAGTAATCCCx-2,0.8903721865605446
TCGAGGCTCGAGCCCAx-2,0.988425279516622
TCGTAGAGTCACTTCCx-2,0.8167486559205998
TCGAGGCAGTAGATGTx-2,0.834335042209762
TCGTAGATCTTACCGCx-2,0.9728606638921063
TCGGGACTCGCTAGCGx-2,0.8123106548710322
TCGTACCCACTGCCAGx-2,0.8788532497520185
TCGGGACCATTGTGCAx-2,0.9809969124093272
TCGAGGCGTCCGTCAGx-2,0.783823938897914
TCTATTGGTCAACTGTx-2,0.9734387985221437
TCTCTAACATGGTCATx-2,0.9120646591919256
TCGCGTTCACCGCTAGx-2,0.800353321436329
TCGTAGAGTAGGGACTx-2,0.9752437177764683
TCTATTGGTCTCTTTAx-2,0.9872331763923811
TCTCATACATGCGCACx-2,0.80162542947171
TCGCGTTAGTTGCAGGx-2,0.9772614322784169
TCGCGAGAGTGCAAGCx-2,0.9830257299214271
TCGTAGACAGGCAGTAx-2,0.9760956989505338
TCTATTGGTTCCGGCAx-2,0.8007457441375028
TCGGTAAGTAACGCGAx-2,0.9794682427069283
TCGGGACAGATACACAx-2,0.8306903974549414
TCTATTGAGTTAGCGGx-2,0.9463248791924844
TCGAGGCGTTATGCGTx-2,0.9650435354914436
TCCCGATAGTAGCGGTx-2,0.8941519866496873
TCGAGGCGTAAGAGAGx-2,0.9539156956363302
TCGAGGCTCCGTACAAx-2,0.9768508418797267
TCGGGACGTCAAGCGAx-2,0.791989288538994
TCCACACTCGGAATCTx-2,0.9756343685972412
TCTCATAGTCTCCACTx-2,0.981334995843027
TCGTAGATCAGCTGGCx-2,0.9924308035959455
TCGCGAGCAATCGGTTx-2,0.9719432122055841
TCGGGACGTCGAACAGx-2,0.8060258783569929
TCTCTAAAGCGCCTTGx-2,0.8889954789183504
TCGTACCAGTGACTCTx-2,0.9797643325599434
TCGTAGACAAATTGCCx-2,0.9701327357765
TCGCGTTCATCGATTGx-2,0.982615219688272
TCGCGAGTCCTACAGAx-2,0.9203628462810867
TCCCGATGTCTAGTGTx-2,0.989075757166379
TCGGTAAAGACCCACCx-2,0.9884977349609663
TCGAGGCCATTCCTCGx-2,0.9848857230133304
TCTCATACACAACTGTx-2,0.80847381973317
TCGTAGAAGAAGGTGAx-2,0.812040633383223
TCTATTGTCGTTTGCCx-2,0.9032094880974193
TCGGGACTCAGAGACGx-2,0.968244806518699
TCTATTGTCGACGGAAx-2,0.8418887249630199
TCGTAGATCCTATTCAx-2,0.9788122695513544
TCCCGATTCAACGCTAx-2,0.9722717227543539
TCCCGATCATCCTTGCx-2,0.9469439430543471
TCGAGGCTCTCCTATAx-2,0.9823528804657169
TCGTACCCAATCACACx-2,0.9781981830197298
TCGAGGCAGCGAAGGGx-2,0.7961182636126848
TCCCGATCAGGTGGATx-2,0.968997205287467
TCCACACTCTCATTCAx-2,0.8721393070837685
TCTCTAATCGCCCTTAx-2,0.840578483524902
TGACTTTCAGTGAGTGx-2,0.8641544085959828
TGAGCATAGTGCGATGx-2,0.9760496109647565
TCTGAGAAGCACGCCTx-2,0.9132442726240316
TGAAAGAGTAACGTTCx-2,0.9798684051865506
TGACTTTAGGCAATTAx-2,0.8423932888733141
TGACGGCGTTGATTCGx-2,0.9721136873611228
TGACTAGGTCTAGAGGx-2,0.9556401179128975
TGACTAGTCTCACATTx-2,0.9932096844769143
TCTGAGACAGACGCAAx-2,0.9862198630105401
TCTGAGATCGTACGGCx-2,0.9757262788482299
TGAGCATCACATTCGAx-2,0.789916302296594
TCTTCGGTCCAAGCCGx-2,0.8839128338446598
TCTTTCCGTCCGAACCx-2,0.9808788357421893
TGACTTTAGCTAGTGGx-2,0.8517824005614928
TGACTTTAGATATACGx-2,0.9857005408490542
TGACAACCAAGCTGTTx-2,0.9458908400216779
TCTGAGATCTACGAGTx-2,0.9573559300260555
TCTTTCCAGCGTCTATx-2,0.9351139151343415
TGAAAGACAGTACACTx-2,0.9790861074972609
TCTGGAATCAGTGCATx-2,0.9761755062088032
TGAGAGGAGACAAAGGx-2,0.9694172647274943
TGAAAGAGTACAGTGGx-2,0.9811667447472638
TGACTAGTCTTGCAAGx-2,0.9909912998007192
TGACTAGTCTATCCTAx-2,0.8124990727417494
TGAGCATCAGTCTTCCx-2,0.9875086442704972
TGACTTTCATATACGCx-2,0.9620292705290536
TCTTTCCCACGTCAGCx-2,0.9668534834918212
TCTTTCCAGGTGTGGTx-2,0.968583420121561
TGAGAGGTCGCCAGCAx-2,0.9773536485138082
TCTGGAACACGAAAGCx-2,0.9754756540784499
TGACTAGCATCACAACx-2,0.8205159520460132
TGACGGCTCCTCCTAGx-2,0.9817087956099384
TCTTCGGGTTGACGTTx-2,0.9634792849574996
TGACAACCAGTAAGATx-2,0.9817099755796331
TCTTCGGAGATCGGGTx-2,0.941667021242531
TGACAACAGCCACTATx-2,0.9801717427573913
TGACTAGAGGTGACCAx-2,0.9767423974536197
TGACAACGTCCTCTTGx-2,0.7959816352487403
TGAAAGAGTGACTACTx-2,0.9662589385204954
TCTGAGATCCACTCCAx-2,0.9641429596495179
TGAGCATCAAGAGGCTx-2,0.9778869832053055
TCTTTCCGTCTCTTTAx-2,0.9877213570817243
TGAGAGGAGATATACGx-2,0.9866221983367807
TCTGGAAAGCGAGAAAx-2,0.9742217413116587
TGAAAGAAGAGACTTAx-2,0.8851665127556545
TGACTTTCAGACGCAAx-2,0.9809705313658382
TCTGGAAGTCCCTTGTx-2,0.9853823206916461
TGACAACAGCTCTCGGx-2,0.9716722182965076
TGACTAGGTCAGCTATx-2,0.9784281413461997
TCTTTCCCAAAGTGCGx-2,0.9860241171888247
TGAGCATCACAGTCGCx-2,0.9520527859851976
TCTTTCCCACCTCGGAx-2,0.846492811113817
TGAGAGGTCGACAGCCx-2,0.8035265770896339
TCTTCGGGTTCGTCTCx-2,0.8806752368438537
TCTTTCCGTCTTCGTCx-2,0.9699740300563479
TCTTCGGAGGCAAAGAx-2,0.9930728109799911
TCTTTCCCAGGCTGAAx-2,0.9393222143379176
TCTGAGAAGACTACAAx-2,0.85441716115949
TCTTTCCGTGCCTGCAx-2,0.8030185100873666
TGACTAGCAGGACCCTx-2,0.9773420751503729
TCTTTCCGTTGGTTTGx-2,0.7635140439639226
TGACTTTAGATCTGCTx-2,0.979663344607589
TGAGAGGCAATGACCTx-2,0.9578947116645798
TGAGAGGGTCTCGTTCx-2,0.9581415659505794
TCTTTCCAGTGCTGCCx-2,0.9833349940722655
TGACAACAGAGCTATAx-2,0.8006461828773171
TGACAACGTCACCCAGx-2,0.9797428080350941
TGACAACGTAGCCTCGx-2,0.8152187980165541
TCTGGAAAGTTAGCGGx-2,0.8560493844351528
TGAGCATCAGTATGCTx-2,0.9789079249901405
TGACTAGTCAATCTCTx-2,0.9296414922662822
TGACAACAGGGCACTAx-2,0.874593666154671
TGAGAGGTCACGCGGTx-2,0.9556697521479041
TGACAACAGGGAGTAAx-2,0.9394627770995405
TGAAAGATCCTGTACCx-2,0.7964881088336414
TCTGAGAAGGCTCTTAx-2,0.9448350622638226
TGACGGCTCTTCGGTCx-2,0.7990158873006354
TCTTCGGGTCTGCAATx-2,0.8363464864549189
TCTTTCCTCGTTACAGx-2,0.9902050514949274
TCTGAGAGTCTCATCCx-2,0.9769352755988392
TCTTTCCAGCACCGCTx-2,0.9941188953111869
TCTTCGGAGCTGGAACx-2,0.9767762047961762
TCTGGAAAGACTGTAAx-2,0.8881146533695131
TCTTCGGCACCCATTCx-2,0.9751312674027469
TGAAAGAAGCACCGCTx-2,0.9750234273274557
TGACGGCCATGACGGAx-2,0.795514432718659
TCTCTAAGTGACGCCTx-2,0.9775985082231228
TCTGGAAAGGCGCTCTx-2,0.8034483407335048
TGAGCATAGACTTGAAx-2,0.9872357785513245
TCTTCGGTCCACTGGGx-2,0.9647174676208481
TGACTTTGTTAGAACAx-2,0.9859557614983563
TGACTAGTCCAATGGTx-2,0.8152756366443645
TCTGAGATCGCAGGCTx-2,0.9695916135430661
TGACGGCGTCTTGTCCx-2,0.9727264574795389
TCTTCGGAGTCCTCCTx-2,0.9835525240205089
TGACTAGGTTTAAGCCx-2,0.8329799901599723
TGAGCATGTCTCATCCx-2,0.9682136758553388
TGCCCATAGCCACGTCx-2,0.9729460720140368
TGCCCTAAGTGGTCCCx-2,0.970261105517519
TGAGCATGTCACTGGCx-2,0.9760001431540267
TGCCCTACAGCTTCGGx-2,0.9797316527161367
TGCACCTGTATGAAACx-2,0.9778886703574075
TGCGCAGCATGGATGGx-2,0.9815703111724908
TGCCAAAAGCTTTGGTx-2,0.8818214771142823
TGAGCCGCAGCCAATTx-2,0.9752880363770208
TGCCCTACAAGAAGAGx-2,0.9782317765978318
TGCCCTAAGCTACCGCx-2,0.9796408535931037
TGCCCTACACCGAAAGx-2,0.9649326179784347
TGATTTCAGGCAATTAx-2,0.9636572641164105
TGATTTCGTCCTAGCGx-2,0.9893253161477545
TGCCCATAGGACGAAAx-2,0.8208936665897795
TGCCCATGTTCGGCACx-2,0.8378072325570434
TGCGCAGTCGCTGATAx-2,0.8070100648781032
TGCGTGGAGGTAGCCAx-2,0.9981301194931861
TGAGGGATCGATGAGGx-2,0.9545732502055218
TGAGCATTCACCCGAGx-2,0.9528303832485993
TGCCAAATCTGAGGGAx-2,0.9925424568836135
TGAGCCGCATATGGTCx-2,0.9674334430006358
TGCGGGTTCAGCCTAAx-2,0.9785421559176304
TGCGTGGAGTAGGTGCx-2,0.9054002537116086
TGCCCATAGATATACGx-2,0.9625883266841022
TGCGTGGAGATATACGx-2,0.9789886115531405
TGCGTGGAGTGTCCATx-2,0.9784885311450258
TGCCCTAGTCGGATCCx-2,0.7882647654351468
TGCGGGTAGAGGTTATx-2,0.8152965287579569
TGCGCAGTCCAGAGGAx-2,0.9226366735955497
TGCGGGTTCTGGTATGx-2,0.9798424055172503
TGATTTCAGGATATACx-2,0.9245398968247582
TGCCAAAGTGTAAGTAx-2,0.851454281055841
TGCGCAGAGCGAAGGGx-2,0.9791540508230966
TGAGGGACAACACCCGx-2,0.8081012973098349
TGATTTCAGTGAAGAGx-2,0.7598936602118582
TGCCCTACATGATCCAx-2,0.9673604639155138
TGCCCTATCAACCATGx-2,0.9751257775007351
TGCCAAAGTCCTAGCGx-2,0.9781566384335268
TGCCCATTCCAAAGTCx-2,0.9785183256334786
TGATTTCCATCCCATCx-2,0.9922046389458741
TGCCAAACATGGTCTAx-2,0.9741462075566444
TGCCAAATCTCGATGAx-2,0.9647085955872565
TGCGCAGTCCTGTAGAx-2,0.8283267154658381
TGCCCTACAAAGAATCx-2,0.9769393569274609
TGCGTGGAGGATGTATx-2,0.9856424882563114
TGCCCATTCGTCACGGx-2,0.9323554588609176
TGAGGGACACTTACGAx-2,0.9736746149755093
TGAGGGATCAATACCGx-2,0.981228596753437
TGATTTCTCGTCACGGx-2,0.935837788641777
TGCGCAGTCATCATTCx-2,0.9872377048829584
TGAGCCGAGTGACATAx-2,0.9682195419421922
TGCCCATTCAGCTCTCx-2,0.9905676861071008
TGCGGGTAGACAATACx-2,0.9765598295418901
TGCCAAAGTCCATGATx-2,0.9737850020569329
TGCGCAGTCTCTTGATx-2,0.9943708335559442
TGCCCTACATCCTTGCx-2,0.9774055435442635
TGAGGGAGTCCTCCATx-2,0.9815018822096665
TGCCAAAGTCGACTGCx-2,0.8747379834959919
TGCGCAGAGCGTCTATx-2,0.8413808307692212
TGAGCCGCAGACGCCTx-2,0.9743754291406995
TGAGCCGTCGGATGTTx-2,0.9786380798221199
TGCCCTAGTAGATTAGx-2,0.9580360033601145
TGAGGGACACCACGTGx-2,0.9620061378034928
TGCGCAGAGAGACTATx-2,0.8198403102982084
TGCCAAAGTGCACGAAx-2,0.8519636374534829
TGAGGGACAATCCGATx-2,0.9369099576808145
TGAGCCGGTGGGTCAAx-2,0.7964462913401685
TGCACCTCACCAGGCTx-2,0.8086227221251144
TGCCCATAGTCCATACx-2,0.9815113496116001
TGCACCTCACCCAGTGx-2,0.9869177621563245
TGCGGGTGTCCGAGTCx-2,0.993381115974625
TGCGCAGAGCTCTCGGx-2,0.972804372619928
TGCCCTAGTTCACCTCx-2,0.8044993809184042
TGCGCAGAGATAGCATx-2,0.9771372349224207
TGAGCCGTCGGCGGTTx-2,0.8455799519041811
TGCCCATAGATGCCTTx-2,0.8215324612460444
TGCGGGTCAAGTTGTCx-2,0.9762631847577476
TGAGCATTCTGAGGGAx-2,0.8408320193485165
TGAGGGAGTCGAAAGCx-2,0.9064511124768172
TGAGCCGAGTTAGGTAx-2,0.9759464587056017
TGATTTCAGCCGGTAAx-2,0.8685860621536817
TGATTTCTCAGGTTCAx-2,0.9891549985662124
TGCCCATTCATCTGTTx-2,0.9876376148529727
TGAGCATTCTGTCTATx-2,0.9293078554118527
TGAGCATGTCTGGAGAx-2,0.8780386964256147
TGAGCCGCAGTACACTx-2,0.9685622946327547
TGCCCATTCTACTTACx-2,0.9742396684020305
TGCGTGGAGATATGCAx-2,0.9785453462296204
TGCCCATTCGCGTAGCx-2,0.969805158708425
TGATTTCCATCGGTTAx-2,0.9804026736169682
TGCCCTATCGCAGGCTx-2,0.9252058098757803
TGCCCATGTGATGTCTx-2,0.9709105797944385
TGAGGGAAGTTACGGGx-2,0.9683093145522121
TGCCAAAAGGATGGTCx-2,0.7932210443868917
TGAGCCGTCTTGACGAx-2,0.9860799301661968
TGATTTCGTTAAGTAGx-2,0.9798514733551487
TGCCCTAAGGTCGGATx-2,0.9789171816082741
TGCCAAAAGCTTCGCGx-2,0.8041245195531664
TGATTTCAGTCCATACx-2,0.8078306297701439
TGTATTCTCCTAGAACx-2,0.9798979077477342
TGGGCGTGTGTATGGGx-2,0.9303217396491776
TGGCGCAGTAGGGTACx-2,0.9796426002436147
TGGGAAGCAACTTGACx-2,0.9650343351880644
TGGGCGTGTCCGACGTx-2,0.7986838751356111
TGGACGCGTCACCCAGx-2,0.9844478305420875
TGGGCGTGTCTGATTGx-2,0.8947687560409829
TGGCTGGTCGTTTAGGx-2,0.8502373329460312
TGGACGCCATGGGAACx-2,0.9821635366901034
TGCTACCAGTGGTAATx-2,0.9805072097292704
TGGACGCAGTTCGCATx-2,0.9771783614401338
TGTCCCACATCCGCGAx-2,0.9781786944362019
TGGTTCCCAGTAAGCGx-2,0.8748658426311732
TGGTTAGAGATCTGCTx-2,0.9747318490561774
TGGTTCCGTTCCCGAGx-2,0.9751828094517099
TGGTTCCCACGGATAGx-2,0.9745824889166486
TGGTTAGAGCTGCGAAx-2,0.9760219729940929
TGGGCGTTCCCATTATx-2,0.951189863905266
TGCTACCGTCGACTATx-2,0.9741204500922224
TGTCCCATCCAAACACx-2,0.9888176969029641
TGGACGCCAAACTGCTx-2,0.9778583567100487
TGGGAAGCACTGAAGGx-2,0.8278582346154352
TGCTGCTAGTCGTTTGx-2,0.932463963599168
TGGACGCTCAGGATCTx-2,0.9431880845334903
TGGTTCCTCCTATTCAx-2,0.9879107102744761
TGTGGTACAAACCCATx-2,0.9789251057544699
TGGCGCAGTTCCGGCAx-2,0.9794026927608499
TGGGAAGAGGAGTCTGx-2,0.8332126629805096
TGGTTAGAGAGCCTAGx-2,0.8879536978725528
TGTCCCAAGAGTCGGTx-2,0.9796690575154469
TGGGAAGAGGAGTAGAx-2,0.978788606638257
TGGCCAGTCCAGAAGGx-2,0.976537362412349
TGGGAAGAGTCGCCGTx-2,0.9941463166447321
TGGGAAGGTAGCCTCGx-2,0.9782884919685496
TGGGAAGGTATGCTTGx-2,0.9776353650422795
TGTGGTAAGGAATGGAx-2,0.9310482707765987
TGCGTGGGTCATGCATx-2,0.9807780839945108
TGTCCCAAGCTAAACAx-2,0.9703700711557878
TGGCTGGAGTGTGGCAx-2,0.9784107793377494
TGGCCAGTCTCCAACCx-2,0.9118936239077958
TGCTGCTAGTCAATAGx-2,0.9783365908989493
TGGCTGGGTTTCGCTCx-2,0.9796733849580387
TGCTACCGTCCGTCAGx-2,0.9161643045632909
TGGTTCCAGATGAGAGx-2,0.9885801276809076
TGCTGCTGTCTGATCAx-2,0.7380332649496497
TGTCCCAAGGCTAGGTx-2,0.9607810507404461
TGTCCCAGTGAGGGTTx-2,0.9777330870374492
TGGTTAGGTCTTTCATx-2,0.9753157586758684
TGCTACCCATCCAACAx-2,0.9691951235939894
TGGTTCCAGTCATGCTx-2,0.7954845982189608
TGGCGCACACTCTGTCx-2,0.9730017660536562
TGCTGCTAGCTACCTAx-2,0.9712190336303582
TGCTGCTTCAATAAGGx-2,0.8409666232348554
TGGCGCAAGGAGTTTAx-2,0.9876241733062003
TGTCCCAGTTAAGACAx-2,0.97464616434252
TGGTTCCAGTACACCTx-2,0.9356857716393434
TGGCGCACAGCTGGCTx-2,0.9784363773742542
TGGGAAGGTCGCTTCTx-2,0.974681995757332
TGGCGCATCCCGGATGx-2,0.8226096812627499
TGGACGCGTAGCGTCCx-2,0.9685743402163828
TGGACGCGTTAAGATGx-2,0.8243256280410532
TGGACGCTCACAATGCx-2,0.8117817704686009
TGTCCCATCAATCACGx-2,0.9795661245548093
TGGACGCAGTGTCTCAx-2,0.9789584091582336
TGGCTGGTCTACTCATx-2,0.9642172535287316
TGGTTCCTCAAGGTAAx-2,0.9705288280155018
TGGTTCCAGTCTCGGCx-2,0.9688814237807416
TGGGAAGAGCCCAACCx-2,0.9717150113117006
TGGTTCCTCAAGAAGTx-2,0.9938115818545968
TGTCCCACACAGCCCAx-2,0.8656415640766374
TGTCCCACACCCATGGx-2,0.973514187671072
TGGTTCCCAGTATAAGx-2,0.9737262575659077
TGGCCAGGTAGCTGCCx-2,0.8013434927460916
TGGACGCTCCTCGCATx-2,0.965612724437909
TGTGGTAAGCGTGAACx-2,0.9822444699523728
TGCTGCTCAGGTCCACx-2,0.9737681707606566
TGTATTCAGACTTTCGx-2,0.9801018417580198
TGGCGCAAGGATGGAAx-2,0.9819957250012654
TGCTGCTCAGTCACTAx-2,0.811284122411069
TGGGAAGCACAGACTTx-2,0.9322048705325151
TGGCGCATCACTATTCx-2,0.9840644546139715
TGCTACCCAGGGTACAx-2,0.740860608699373
TGGCCAGAGACCTAGGx-2,0.9822046725974719
TGCTGCTGTGATGCCCx-2,0.9765217081058043
TGGCTGGGTCCTCTTGx-2,0.8172980499180266
TGGCTGGCAGGCTCACx-2,0.9594930639751375
TGGCTGGCAACTGGCCx-2,0.812056832844361
TGTATTCCATGCTAGTx-2,0.9766354703764073
TGGTTCCAGATGTTAGx-2,0.9730033130971837
TGGGCGTGTACCCAATx-2,0.9755675999090948
TGCGTGGTCATAACCGx-2,0.9554651628550164
TGGGAAGTCCAGTATGx-2,0.9587106142080533
TGGTTCCGTAAACGCGx-2,0.995032265078646
TGGTTCCGTATAAACGx-2,0.9773163061314563
TGGCCAGGTACAAGTAx-2,0.9801504709358335
TTAGGACGTATTCTCTx-2,0.979458539564278
TTAGTTCCAGTTAACCx-2,0.9556413452866708
TTAACTCCACCAGGCTx-2,0.8146946111096388
TTAACTCTCAAAGTAGx-2,0.8083245911078378
TGTTCCGAGCTGCCCAx-2,0.9788961362332688
TGTGTTTTCGCCAGCAx-2,0.9840617398601006
TTAGTTCAGTACCGGAx-2,0.8014596051997838
TGTGTTTTCTGGGCCAx-2,0.9833120651197232
TTAGGCATCGCAAGCCx-2,0.9914524067469558
TGTGTTTGTTCCCTTGx-2,0.9754616033495098
TTAGGCACAAAGCAATx-2,0.8386800340874287
TTCGGTCGTCTCTCGTx-2,0.9765669433195934
TGTTCCGTCGTATCAGx-2,0.9750800888603364
TTCGAAGTCGTTGACAx-2,0.7944253382090997
TTAGGCATCACAGGCCx-2,0.9732248796945406
TTCGGTCAGGTGGGTTx-2,0.9835286824677161
TGTTCCGGTCTGCAATx-2,0.9760000313195191
TTCCCAGCACATTAGCx-2,0.8045414771063637
TTCCCAGGTCACCTAAx-2,0.8019041917746964
TTAGTTCTCGTAGGTTx-2,0.8460690489506448
TTAGGCAGTTCCCGAGx-2,0.9769074837571102
TTAGGCAGTTTAGGAAx-2,0.9037007390471311
TTATGCTAGCTGCAAGx-2,0.974599897754692
TTAGTTCGTGAGGGAGx-2,0.9563152879706157
TTCCCAGTCTTCGAGAx-2,0.975991027041357
TTAGTTCAGACATAACx-2,0.975615934407651
TTAGGCAAGTCGCCGTx-2,0.9707115120130704
TTCCCAGAGGATGTATx-2,0.9813206424861936
TTCGGTCAGGATCGCAx-2,0.9715971979924748
TTCGAAGGTCCAGTGCx-2,0.987620687961819
TTAGTTCAGGTAGCCAx-2,0.9483928478405382
TGTTCCGTCAACGAAAx-2,0.9792940263919728
TTCCCAGGTATATGGAx-2,0.8110393936431476
TTAACTCTCGCCGTGAx-2,0.7582328591458901
TGTGGTATCACAACGTx-2,0.9276697796298464
TTAGGCAAGCACCGCTx-2,0.7518732475711759
TTCCCAGCACAAGACGx-2,0.7924981709281982
TTCTACAAGAAGGTTTx-2,0.9660818573703824
TTAACTCCACTTAACGx-2,0.9733570195074409
TTAGGACCATCACGATx-2,0.9297143307411897
TGTTCCGAGACTAAGTx-2,0.8044903180668457
TTCTACAAGCTAAACAx-2,0.8265540147673717
TTAGGACTCAACACACx-2,0.9443959119157286
TTAGGCAAGAAACCGCx-2,0.9777963176024468
TTATGCTCACGGCTACx-2,0.9867806225880741
TTCGAAGGTAGTACCTx-2,0.9925148206314246
TTAGGACTCGTTTAGGx-2,0.983515409786974
TTCCCAGAGTGGGATCx-2,0.9231156586264353
TGTGGTATCAGGCAAGx-2,0.9755846164737875
TGTGGTAGTGGTTTCAx-2,0.8859329450115853
TTAGGACAGAGCCTAGx-2,0.9767838153215905
TTAGGCAGTTGATTGCx-2,0.9705562445542603
TTAGTTCTCAGGTTCAx-2,0.9786852225373441
TGTGGTATCACATGCAx-2,0.982553444497223
TTAGGCAAGGCCCGTTx-2,0.7835584113235288
TGTGGTAGTTCGCTAAx-2,0.9567112219417597
TGTGTTTGTGCGCTTGx-2,0.7493770513369445
TTCGGTCAGATCCCGCx-2,0.9691145901671272
TGTTCCGAGCGAAGGGx-2,0.9941637961039413
TTCTACATCAACACCAx-2,0.99127434568748
TTAACTCGTGTAACGGx-2,0.916764547983272
TTAGTTCTCATCTGTTx-2,0.9627344369861891
TTAGTTCCATGACGGAx-2,0.9391324806546137
TTCTACAAGTTCGCATx-2,0.9913846807306407
TTAGTTCCAGGACGTAx-2,0.9551066366604192
TTCCCAGCATGTCTCCx-2,0.9551324963426816
TGTGGTACATATACCGx-2,0.9515179766758962
TGTTCCGCATCGGTTAx-2,0.9798631976186066
TTAGTTCGTTACGACTx-2,0.9453938660173848
TTAGGACAGTCAATAGx-2,0.9608828874803919
TGTGGTACAATAGCAAx-2,0.9252532649386597
TGTTCCGCATTGGTACx-2,0.8434563153158514
TTCCCAGGTGTTGGGAx-2,0.9810827160146159
TTATGCTTCTTGTATCx-2,0.8665900461222396
TTAGGCAGTATTCTCTx-2,0.9770073913330642
TTAACTCTCTCTTGATx-2,0.8929491353428682
TGTTCCGCATGGGACAx-2,0.8346517142027522
TTAACTCAGGTACTCTx-2,0.9736055629213907
TTAGTTCGTCTAGGTTx-2,0.9793350402096488
TTCCCAGCAGTTCATGx-2,0.9606130706358568
TTAACTCAGAACAATCx-2,0.9272179213974251
TTCTACAGTCGTCTTCx-2,0.9792305656935132
TTATGCTGTCGCGTGTx-2,0.8673349886823868
TTAGTTCCACCGCTAGx-2,0.9941509703200534
TTCTACAGTAGGCATGx-2,0.9761943869519097
TTAGGACCACCTTGTCx-2,0.8092500879515814
TTCGGTCGTGATGTGGx-2,0.9855742040447594
TTAGTTCAGTACATGAx-2,0.9754416796273603
TTAACTCGTACCTACAx-2,0.9781614891426783
TTAGGACAGAGGTAGAx-2,0.9736046672806862
TTCGGTCGTCCAGTATx-2,0.975540562923715
TTCGGTCTCGTACGGCx-2,0.9507575313889759
TGTGTTTAGTTATCGCx-2,0.9769233959310812
TGTGGTACATTAGGCTx-2,0.9878189163640636
TTGAACGTCATAACCGx-2,0.9691817828606941
TTGACTTTCCTTGCCAx-2,0.855951765531875
TTGGCAACAGGAATCGx-2,0.8022729639926297
TTGGAACCATGAGCGAx-2,0.9770044691726274
TTGACTTGTTACGGAGx-2,0.9734802983765508
TTGACTTTCGCTTGTCx-2,0.9744730072090506
TTGAACGGTCAGAGGTx-2,0.9800300369008279
TTGCCGTCACTGTGTAx-2,0.9806215004935821
TTGGAACGTTGGACCCx-2,0.9610310167628268
TTGCGTCTCGATCCCTx-2,0.9807418561628876
TTGACTTGTGCAACTTx-2,0.8084912578795183
TTGACTTTCTTGTACTx-2,0.9313826033995906
TTCTCCTCAGATGGCAx-2,0.9737044353630709
TTGGAACGTTCGAATCx-2,0.9961892067866381
TTGCGTCGTCATACTGx-2,0.9886601685103082
TTGTAGGGTCTGCGGTx-2,0.9798493991155919
TTGAACGTCGGCGCATx-2,0.9700713376239284
TTGCCGTCAATCTACGx-2,0.9787726155127243
TTGCCGTTCATCATTCx-2,0.9800537655063064
TTGGAACAGAGCTATAx-2,0.9792440246333858
TTGAACGAGGTGCTAGx-2,0.9857403776618768
TTCTTAGTCCCATTATx-2,0.9914680321017578
TTCTCAACAGTAACGGx-2,0.9791623771938576
TTGCCGTCAGTCACTAx-2,0.9723725900790253
TTCTCAAAGACTACAAx-2,0.8799696518785869
TTCTCCTAGAACAACTx-2,0.9811643520636045
TTGCGTCTCATCACCCx-2,0.9758011393278505
TTGCGTCAGTTATCGCx-2,0.8518608254453692
TTGGCAATCTCATTCAx-2,0.974511109956056
TTCTTAGAGCTACCGCx-2,0.9752682674872188
TTGAACGAGTGACATAx-2,0.8023031483262769
TTCTACATCGGAGGTAx-2,0.9380960957491876
TTGACTTCAGTCTTCCx-2,0.9962125584993575
TTGCGTCAGCAGCGTAx-2,0.97989026014252
TTGCCGTCACACGCTGx-2,0.8510252082822257
TTCTCCTTCCTTTCGGx-2,0.9660536749918636
TTGACTTCACGAAACGx-2,0.9763999172657272
TTGTAGGGTAGGGTACx-2,0.9814705248203157
TTGGAACAGCTGCGAAx-2,0.9870762571819875
TTCTCCTGTAAGAGGAx-2,0.9810497362639592
TTGGAACTCGCATGATx-2,0.9732532983119365
TTCTTAGGTAGAGGAAx-2,0.9870586075866751
TTCTCCTAGCCCGAAAx-2,0.9749963474682661
TTGCCGTTCTCCAACCx-2,0.9856133366045761
TTGGAACAGTCCAGGAx-2,0.7983952424285482
TTGTAGGCAATTGCTGx-2,0.8577367882946881
TTGACTTTCTTATCTGx-2,0.981308604981325
TTGGAACAGAGTACATx-2,0.9028663071431025
TTGCCGTGTCGCTTTCx-2,0.9849026858811144
TTCTTAGGTGGTTTCAx-2,0.9872284493190202
TTGGAACGTATCAGTCx-2,0.9890034745819456
TTGGCAAAGTCGTTTGx-2,0.9660690430121892
TTGAACGTCTCCTATAx-2,0.9286654955884027
TTGACTTGTTTCGCTCx-2,0.9727469517251487
TTGCCGTAGAAGGTTTx-2,0.7522512757254809
TTGGAACGTAGCGCTCx-2,0.8116912499804387
TTCTCAATCATCGGATx-2,0.9720560374157198
TTGACTTTCTCAAGTGx-2,0.8304259456925047
TTCTCAAGTTGAGGTGx-2,0.979231122885336
TTCTTAGTCAGCTGGCx-2,0.8767181953600479
TTCTCCTCACCTTGTCx-2,0.9156149482953706
TTGAACGTCTGATTCTx-2,0.9673589225239146
TTGCGTCCACCACGTGx-2,0.9636515119994815
TTCTACATCGATCCCTx-2,0.9636410026678305
TTGGCAATCGGTGTTAx-2,0.976141670108947
TTCTCCTCATGAAGTAx-2,0.9663006946371859
TTGAACGAGTGCTGCCx-2,0.8144799917008401
TTCTCCTAGCCGATTTx-2,0.9799059120644775
TTGGAACTCTGAAAGAx-2,0.9802048821856769
TTGGAACGTTAAGATGx-2,0.9715465255599018
TTGGCAACAGCTGCTGx-2,0.9451201565370153
TTCTCCTCAATGGAGCx-2,0.9732009068250888
TTGGAACGTGTGCCTGx-2,0.9709967090947059
TTGGAACCACCTATCCx-2,0.8010448697285993
TTGTAGGCAACGCACCx-2,0.808239536002266
TTCTCAAGTAAGAGGAx-2,0.9795153502530403
TTGGAACCAGCCTGTGx-2,0.8744779390785022
TTGTAGGGTACTCAACx-2,0.9741625555607049
TTGGAACCAATAAGCAx-2,0.9760672160967215
TTGAACGGTTATCGGTx-2,0.9462402950083452
TTCTCAAAGGTGCTAGx-2,0.984975465627032
TTGGAACAGCACGCCTx-2,0.9877376422585801
TTGGAACCAGAGCCAAx-2,0.9631654155621963
TTGAACGCATGGAATAx-2,0.8020019024912903
TTGGAACAGACTAGATx-2,0.9557006356964077
TTGCGTCCACGTTGGCx-2,0.9746764387043121
TTGGCAACACGTAAGGx-2,0.9437529295159981
TTCTACATCGGTCTAAx-2,0.9747405142374307
TTGGCAAAGATATGCAx-2,0.9743006075680877
TTGGCAACAAGGTTTCx-2,0.8029872363092735
TTCTCCTTCCTGCTTGx-2,0.9813436482467465
TTCTCAAAGTGCTGCCx-2,0.8508143240050351
TTCTCCTCACATCTTTx-2,0.9686488188905858
TTGCCGTTCGAGAGCAx-2,0.9953709212670288
TTCTCCTAGGAATCGCx-2,0.9365174311542765
TTGCCGTCATCCTTGCx-2,0.9671699890067432
TTTACTGCACCAGGTCx-2,0.9370357270237067
TTTGCGCGTATAGGTAx-2,0.9893595506303599
TTTACTGCATTACCTTx-2,0.9817606870805939
TTTGTCAGTGCAGACAx-2,0.9776009357845844
TTTACTGAGTGAACGCx-2,0.8196587871501899
TTTACTGGTTTGACACx-2,0.9733125201912467
TTTCCTCCAGACGCAAx-2,0.9730001261502891
TTTGCGCGTGACGCCTx-2,0.9368611385185837
TTTATGCGTATATCCGx-2,0.7944871806024927
TTTATGCCACTTCTGCx-2,0.9791039929195959
TTTGGTTCAATGCCATx-2,0.8194081883587914
TTTGTCAAGCCAGGATx-2,0.8031122519085122
TTTGTCATCGGAGGTAx-2,0.9953706126266503
TTTGCGCTCACGCATAx-2,0.7885932109717312
TTTATGCAGTCATCCAx-2,0.8581033472533602
TTTCCTCTCTTTACGTx-2,0.9766537306166125
TTTGTCAAGGTACTCTx-2,0.8601962504171693
TTGTAGGGTTAAGACAx-2,0.978056021753624
TTTCCTCTCATCGGATx-2,0.9933497742595562
TTTGGTTAGCTAGTGGx-2,0.9838936756913339
TTGTAGGGTGACGCCTx-2,0.9410532692053706
TTTGGTTGTGACTCATx-2,0.9677094025638631
TTGTAGGGTTGCTCCTx-2,0.9786508162142599
TTTGGTTCACAGACTTx-2,0.9467930952235343
TTTACTGTCACGATGTx-2,0.8844383206662506
TTTACTGAGGATGGAAx-2,0.9798690484598265
TTTGCGCCAGATCTGTx-2,0.9407069147221945
TTTCCTCCAGGCGATAx-2,0.7906640638684108
TTTGTCACAATGTAAGx-2,0.9792122652548376
TTTATGCTCTCCGGTTx-2,0.7626520968673761
TTTGCGCAGCAATATGx-2,0.7928459839286746
TTTGCGCCAAAGAATCx-2,0.9747911397997779
TTTGGTTAGAAGAAGCx-2,0.9807935821590266
TTTATGCTCGGCATCGx-2,0.976368392595278
TTTATGCTCCGTCATCx-2,0.8154120392070252
TTTATGCGTGTATGGGx-2,0.9745132226866048
TTTGTCAGTCATTAGCx-2,0.9767664933836014
TTTATGCTCTTCAACTx-2,0.844937387600154
TTTGCGCGTTCGTGATx-2,0.9883555815898486
TTGTAGGTCCAATGGTx-2,0.9601327055874215
TTTATGCGTGTGTGCCx-2,0.9835313564046091
TTTCCTCAGAGTCGGTx-2,0.9743216168078004
TTTGCGCTCTGGCGACx-2,0.9747263250946925
TTTGTCACACAACTGTx-2,0.8741595690151621
TTTGTCATCTGTTGAGx-2,0.8056060179478844
TTTACTGTCTTTACGTx-2,0.8079877944566068
TTTCCTCAGGCTACGAx-2,0.9856407052393646
TTTCCTCCAATGGTCTx-2,0.9665858310628666
TTTCCTCTCCACTCCAx-2,0.9755318088500249
TTTGTCACATCGGGTCx-2,0.9179329768501233
TTGTAGGGTTCCCTTGx-2,0.9021588915842371
TTTATGCTCTCTGTCGx-2,0.9779911858386995
TTTCCTCTCGTTTGCCx-2,0.7432564541221515
TTTACTGTCACAAACCx-2,0.9650357299967666
TTTGGTTCAACAACCTx-2,0.8160039097725533
TTTGTCAAGTACGTAAx-2,0.9809839118963298
TTTGTCAAGCAGGTCAx-2,0.9016711262996348
TTTACTGAGTCTTGCAx-2,0.7932138673722142
TTTACTGTCCACTCCAx-2,0.9914222646003764
TTGTAGGGTGCACGAAx-2,0.8593874894360486
TTTACTGTCGATGAGGx-2,0.9775827103718283
TTTATGCAGTACCGGAx-2,0.977706668678323
TTGTAGGTCTGTTTGTx-2,0.9585625712340776
AACTCCCGTCCGTGACx-3,0.9969319181697792
AAACGGGGTTGCCTCTx-3,0.9915562665851614
AACGTTGTCGGCTTGGx-3,0.9981283882596244
AACTCCCTCGAACTGTx-3,0.9959827566233928
AACTCAGCACATCTTTx-3,0.9945191130741928
AAAGCAAAGCACAGGTx-3,0.9988512321780413
AACCATGAGCGATCCCx-3,0.996166185362969
AACACGTCAAGTCATCx-3,0.9933103681884212
AACTCCCCATGACGGAx-3,0.977479001646826
AACTCAGCAAAGTGCGx-3,0.990718427133371
AACCATGAGTATCGAAx-3,0.9883351541600308
AAAGTAGTCATCTGCCx-3,0.9993513552654711
AAAGCAATCCGCAAGCx-3,0.8028344795522651
AAACCTGCATTCGACAx-3,0.9954447814980577
AAACGGGGTCTTGTCCx-3,0.9974264744543601
AACCGCGAGGTAGCCAx-3,0.998112082241338
AAACGGGTCAACACACx-3,0.9980365671071435
AACTCCCCAAGACACGx-3,0.9989019305934238
AAACGGGGTTAGTGGGx-3,0.9759138008483321
AAACCTGCAAAGGTGCx-3,0.9986728954163332
AACGTTGCAAGCCCACx-3,0.9988388616143723
AACGTTGCACAACGCCx-3,0.9685059633623705
AACGTTGGTCTACCTCx-3,0.9720488579427123
AACTCAGCATCTATGGx-3,0.9954166889729937
AACACGTAGAGCCCAAx-3,0.9790743171303141
AAACCTGGTGCTTCTCx-3,0.9982999567482961
AACCATGCACGAGAGTx-3,0.9961400089737877
AACGTTGAGCTGTTCAx-3,0.9987554678627161
AACACGTCACACCGCAx-3,0.9811527726448921
AACTCAGAGTAGGTGCx-3,0.9927726484456558
AAAGATGAGTGAACGCx-3,0.9977315374602052
AAAGCAATCATCATTCx-3,0.9951960389590524
AACACGTAGTACGACGx-3,0.9952760409358192
AAAGCAAAGACGCAACx-3,0.9962060670275653
AAACGGGTCCGTACAAx-3,0.9947962519866829
AACTCCCTCTTGTCATx-3,0.9984799154765475
AACTCCCGTGACTCATx-3,0.9968262904869918
AACTCAGGTACAGTTCx-3,0.9827548907958598
AACGTTGAGACTGGGTx-3,0.9937808371258094
AACTCAGAGGGATACCx-3,0.9799041997899013
AAAGTAGGTGCTGTATx-3,0.9995354282292552
AAAGATGCAAGTAATGx-3,0.9816633173329734
AAAGCAACACGACTCGx-3,0.9839918947431946
AAATGCCTCAGCTGGCx-3,0.8035281479003376
AAATGCCTCCCATTTAx-3,0.9981156450983836
AACGTTGTCTCGTTTAx-3,0.9802680894137333
AAACCTGTCAAACGGGx-3,0.9775668008239706
AAAGATGTCAGTTAGCx-3,0.9811788260595118
AACCATGAGGGAAACAx-3,0.9823698186666457
AACACGTCAACTTGACx-3,0.988287231212087
AACTCCCGTTAAGATGx-3,0.998254779132822
AACCATGTCATCGGATx-3,0.9818192087631415
AAAGTAGTCACTCCTGx-3,0.9975601684627033
AACCATGAGTACCGGAx-3,0.9961658348204971
AAACCTGTCTCGATGAx-3,0.9989688817595036
AACGTTGAGGCTCTTAx-3,0.9810074697065472
AACTCAGGTCAACTGTx-3,0.9864007681058561
AAATGCCCAGGATTGGx-3,0.9901357994610819
AACACGTGTCTCTCGTx-3,0.9961679688976234
AAAGCAACATTAGGCTx-3,0.9973697516722566
AACGTTGGTATTAGCCx-3,0.980244219446547
AAACCTGTCTGCAAGTx-3,0.9788241634835528
AAAGATGCACAGCCCAx-3,0.9977780815421303
AACCATGCAGTATCTGx-3,0.8835646875412052
AAAGTAGTCAATCTCTx-3,0.9973874395971254
AAAGTAGTCTTTAGGGx-3,0.9992802283828705
AAACCTGGTCGACTGCx-3,0.9961372774446121
AACCATGAGTGACATAx-3,0.9827734264497567
AAATGCCCAACAACCTx-3,0.9802318495005596
AACTCCCAGATGCGACx-3,0.9976547031654784
AAATGCCTCCCAAGATx-3,0.9956200331947239
AACCATGGTCTGATCAx-3,0.9966681284204353
AAACGGGAGGAGCGTTx-3,0.9943538404261525
AACTCCCTCAGTCAGTx-3,0.7119875753490913
AAAGTAGCACAGATTCx-3,0.9808287404280434
AAAGATGAGTTAAGTGx-3,0.9807999371988895
AAACGGGGTATCAGTCx-3,0.9978987949675406
AACTCAGTCTCCGGTTx-3,0.9750890068620728
AACGTTGAGAGAGCTCx-3,0.9941196251085935
AAACCTGCAGGGTATGx-3,0.9800819091299524
AACCGCGTCGCGTTTCx-3,0.7932419769817267
AACACGTTCTGTACGAx-3,0.9785119345621451
AACACGTGTGGCCCTAx-3,0.9795636767705672
AACCATGGTGATAAACx-3,0.9970022554900154
AACTCAGCAATGGAATx-3,0.9972389997381359
AAACCTGAGAGGACGGx-3,0.9232933028250176
AACCATGAGGCGATACx-3,0.9986244860610085
AACCATGTCATCTGCCx-3,0.9681056924031992
AAAGATGCACTCGACGx-3,0.9982020678366998
AACCATGGTGAGTATAx-3,0.9814534035017095
AACCATGCAAGTTGTCx-3,0.9795639500226804
AACCATGAGTGAACATx-3,0.9608555521118891
AAAGCAAAGGGTGTTGx-3,0.9974310537071005
AACACGTAGGCTACGAx-3,0.9994177485812196
ACACCAAGTTGGTTTGx-3,0.9954053350179746
AAGACCTTCGGGAGTAx-3,0.9974967938817716
AAGGAGCGTACCTACAx-3,0.9986895500823609
AACTCTTCATTTCACTx-3,0.9895824820748144
AACTTTCGTCTAGGTTx-3,0.9829240646650804
AAGTCTGGTTTAGGAAx-3,0.9973533797955408
AATCCAGCACCTCGGAx-3,0.9790173577953282
ACACCAAAGCGTGTCCx-3,0.9965290974459825
AAGGTTCCATTACCTTx-3,0.9985056534816109
AAGACCTTCCTGCAGGx-3,0.9872098243027899
AAGGAGCAGCTAACAAx-3,0.9950895080150831
AATCCAGTCACATAGCx-3,0.9958114137536433
AAGGCAGAGGGTATCGx-3,0.9990516742556458
AAGGCAGCAGTGACAGx-3,0.9801143437019438
ACACCAATCAAACCGTx-3,0.9969050522784462
AATCGGTTCTGCCCTAx-3,0.8866951746261185
AAGGAGCTCCCTTGTGx-3,0.981770550008716
AACTCTTTCCCAGGTGx-3,0.9990113289718093
AACTCTTTCCTGCAGGx-3,0.981975154356885
AATCGGTTCGCTGATAx-3,0.9908628883018579
AACTGGTCATTGGCGCx-3,0.992253945184865
AAGGCAGTCTATGTGGx-3,0.9981079987583023
AAGCCGCTCTACTATCx-3,0.9939019626385087
AACTCTTGTGCAACTTx-3,0.9959423792923348
AAGTCTGAGATGCCAGx-3,0.9669682907945556
AACTCTTAGAGCTTCTx-3,0.9981223380647276
AAGACCTGTCCGTCAGx-3,0.9800940219834225
AAGGTTCCAAGTTAAGx-3,0.9985863910093268
AAGACCTTCATATCGGx-3,0.9982780634282049
AACTGGTCACGACTCGx-3,0.9976259781759397
ACACCAACAGGAATGCx-3,0.9940058954687954
AAGGTTCGTAGGCTGAx-3,0.9779498812500406
AAGACCTCATTCGACAx-3,0.9895977715316607
AAGGCAGAGACCTAGGx-3,0.9819595708949219
AAGGCAGAGTCACGCCx-3,0.9903672579508209
AAGTCTGCAAAGAATCx-3,0.9943107813699131
AACTCTTAGAGCTATAx-3,0.9930023349783207
AACTCTTCAGCATACTx-3,0.9971845050441228
AACTGGTTCTGCTGCTx-3,0.8805537705867305
AATCGGTTCTGCTGTCx-3,0.9795332967618525
AAGGCAGTCTGATACGx-3,0.8418995765921239
AAGACCTAGAAACCATx-3,0.998875914747233
AATCGGTGTAAGTGGCx-3,0.995054384331921
AATCCAGGTGTTTGGTx-3,0.9992172180608119
AAGGAGCTCTAGCACAx-3,0.9948912534727026
AACTCTTGTCGGCATCx-3,0.9963980393629704
AACTCTTAGTTAACGAx-3,0.9967342403444895
AATCCAGTCGTCACGGx-3,0.9800544673719807
AAGACCTAGCTTTGGTx-3,0.9807170991351293
AATCGGTAGACTAAGTx-3,0.9785488293791289
AACTTTCTCTAACTTCx-3,0.9982076834885838
AACTCTTAGCCCAATTx-3,0.998157110909308
AACTGGTGTACTCTCCx-3,0.998976940126997
AAGACCTCATCCGTGGx-3,0.9962342752879403
AAGGCAGCACCTTGTCx-3,0.9980738382238724
AAGACCTAGCGCTTATx-3,0.968029240659674
ACACCAAGTACTCAACx-3,0.9796426031311072
AAGGAGCGTGCCTGGTx-3,0.9813759061326034
AAGTCTGGTGCATCTAx-3,0.9965462109515754
AATCCAGCACAAGCCCx-3,0.9793018062288044
AATCCAGAGCTTATCGx-3,0.9981504996797532
AAGGAGCGTTATGCGTx-3,0.9800607135224332
AAGCCGCTCTGCCAGGx-3,0.9988127978688826
AACTTTCAGCGATGACx-3,0.997440012170538
AAGTCTGTCATTCACTx-3,0.9973591160570893
AAGGCAGCATGGAATAx-3,0.9973601562557831
ACACCAATCACCGGGTx-3,0.9801162756745788
AAGGTTCTCAGGCGAAx-3,0.9985702683691581
AAGACCTTCGTTGCCTx-3,0.98379203532085
AAGCCGCAGCTACCTAx-3,0.9974623025974565
AATCCAGGTCTGGAGAx-3,0.9902025000966119
AAGGCAGGTTTAGCTGx-3,0.9980328186551934
AAGGCAGTCTGGAGCCx-3,0.9957117543516959
AACTTTCTCCAGAAGGx-3,0.9895023615720884
AAGGCAGTCATGCAACx-3,0.9956419491589643
AAGCCGCTCCACGTGGx-3,0.9966764623494441
AAGGCAGCATAACCTGx-3,0.9826800783864786
ACACCAACATGGGACAx-3,0.9954626700660837
ACACCAATCACCGTAAx-3,0.9818507610551869
AACTTTCAGAGTGAGAx-3,0.9970122057954109
AAGGCAGTCTGTCAAGx-3,0.997662153438619
AAGGCAGTCCAAACTGx-3,0.9489094969251439
AAGCCGCCATAAGACAx-3,0.9971568104671725
AAGACCTAGTTAACGAx-3,0.9370354524627051
AAGACCTTCACTTATCx-3,0.9989038228467081
AACTGGTAGGTAGCCAx-3,0.9987460736159635
AAGGTTCAGTGCAAGCx-3,0.9967956568397293
AACTCTTCATCGGGTCx-3,0.9813105175165789
AACTTTCTCTTGCCGTx-3,0.9812015516906836
AACTTTCAGTGCGATGx-3,0.9797378349232311
AAGGCAGGTCTGCAATx-3,0.9985243407972049
ACACCAAAGGGATACCx-3,0.9797357478320348
AACTTTCCAAGCCATTx-3,0.9800186857713065
AACTCTTGTAAGGGCTx-3,0.9805550584627633
ACACCAAGTACATCCAx-3,0.980369066358068
AATCGGTGTAGCAAATx-3,0.99716377225065
ACCCACTGTATCGCATx-3,0.996692488196972
ACAGCCGGTTGCCTCTx-3,0.9980884916818822
ACATGGTGTCGGCACTx-3,0.9829898904558816
ACAGCTAAGGGTTCCCx-3,0.9896787343313626
ACAGCTATCCAGAAGGx-3,0.9988419078002747
ACACTGACATCCAACAx-3,0.9815291147444142
ACATCAGGTAGGACACx-3,0.997725015844105
ACCGTAAAGACAGACCx-3,0.981448560801572
ACCTTTAAGAGGGCTTx-3,0.9975976821108882
ACAGCTACAGGGTTAGx-3,0.9979953026604733
ACCCACTAGTGTCTCAx-3,0.9797748942003174
ACAGCCGAGCCACTATx-3,0.9801985779377824
ACATCAGGTGGCTCCAx-3,0.9972058076679353
ACAGCCGTCAAACCACx-3,0.9796014251009645
ACACCGGAGTAGGCCAx-3,0.9942694874973643
ACCGTAAAGCCGGTAAx-3,0.8958439426556294
ACATACGAGTTTGCGTx-3,0.8182044908245727
ACCCACTGTCACCCAGx-3,0.9802338033246683
ACACTGAGTGGTAACGx-3,0.996627784864544
ACACTGATCTTAACCTx-3,0.9923632822791696
ACAGCTACACCAACCGx-3,0.9803067026478877
ACATACGCATCTACGAx-3,0.9956069546916221
ACACCCTCACTGTTAGx-3,0.9957247774023914
ACCAGTAAGCGATCCCx-3,0.9868460810769368
ACATACGGTTAAGATGx-3,0.9787544487475472
ACACCGGGTATAGTAGx-3,0.8075752133886016
ACAGCCGCACACAGAGx-3,0.9967174253866026
ACACCGGCAATGGATAx-3,0.9808537884653604
ACATACGAGCAACGGTx-3,0.9688928123159435
ACATGGTAGTGGCACAx-3,0.9964728936718977
ACCAGTAAGACCCACCx-3,0.995735961907775
ACCCACTAGCATGGCAx-3,0.9987803184009371
ACCAGTACAGTCCTTCx-3,0.9966473480974607
ACACTGAAGCTAGTTCx-3,0.9973501797100064
ACCGTAAGTCGACTGCx-3,0.9967575842128248
ACATACGTCAACACCAx-3,0.9991320256590799
ACAGCTATCTCGGACGx-3,0.9802458370781321
ACATACGGTAAACCTCx-3,0.9970961927208671
ACATCAGAGCACAGGTx-3,0.9977179050213065
ACATCAGGTGAGTATAx-3,0.8061577337575526
ACACTGATCGCCAGCAx-3,0.9967453794313104
ACATACGGTGTGTGCCx-3,0.9951817525861172
ACACCCTCACCACGTGx-3,0.9972817918594972
ACATGGTGTTTAGGAAx-3,0.9971026918962856
ACACCGGAGACCTAGGx-3,0.9982644419844683
ACCTTTACAAACGCGAx-3,0.9966842597671763
ACAGCCGAGTAACCCTx-3,0.9870530778941221
ACAGCCGCATTACGACx-3,0.9962381944669344
ACCTTTACAGTCACTAx-3,0.9991070893160079
ACACCGGGTTTGTTTCx-3,0.9819362408625837
ACCGTAATCGATGAGGx-3,0.9814730671404289
ACCGTAACAATAGCGGx-3,0.9994072016329184
ACCAGTATCGTCCGTTx-3,0.9949115852621808
ACACCCTTCCTATTCAx-3,0.9988705797748099
ACCAGTACAATGTAAGx-3,0.9968330357639518
ACACTGATCAGAAATGx-3,0.9990729017777852
ACATGGTTCACCACCTx-3,0.9819337343105298
ACACCCTTCATTGCGAx-3,0.997500980051209
ACATACGTCGCCTGAGx-3,0.9978442736242471
ACATCAGGTTACCGATx-3,0.999112250684958
ACAGCCGCACGGATAGx-3,0.989631003906515
ACCCACTAGAGCTGGTx-3,0.7835733008030763
ACATACGCAATGGAGCx-3,0.9975182922776684
ACACCCTCAAGCCGCTx-3,0.981582375125836
ACACCCTAGTGTGGCAx-3,0.9776296871193693
ACCAGTAAGTCGCCGTx-3,0.9975396172205395
ACAGCTACAAACGCGAx-3,0.9958401692275113
ACCTTTAAGACTGTAAx-3,0.9981705695685001
ACATCAGGTACCTACAx-3,0.9762758877922009
ACCTTTATCCGATATGx-3,0.9961231159468523
ACACTGACAAGTAGTAx-3,0.9986033852219234
ACAGCTATCCATGCTCx-3,0.9807818399059675
ACCCACTCAATGGATAx-3,0.9975829389681538
ACATACGGTACCGTATx-3,0.9978214113284348
ACCAGTACAATCCGATx-3,0.9707406573129376
ACAGCTATCTGGCGACx-3,0.9954985951742954
ACCGTAACAGGGTATGx-3,0.9583096928751438
ACAGCCGCAAGCCTATx-3,0.998940496291872
ACCAGTATCGGTCTAAx-3,0.9970666825532439
ACCGTAATCCACGAATx-3,0.9618902834091778
ACAGCTAAGCCGGTAAx-3,0.9790360987490982
ACAGCCGCAAAGTGCGx-3,0.9672569778330297
ACATGGTGTGCGATAGx-3,0.9826762137970022
ACACTGAAGGCACATGx-3,0.9987874405911376
ACCAGTAGTGCACCACx-3,0.9979453992209013
ACCAGTAGTCCGAACCx-3,0.9987867800365998
ACATACGAGCGATCCCx-3,0.995816949004867
ACATCAGTCGCGTAGCx-3,0.9980042813668605
ACAGCCGTCAGAGCTTx-3,0.9981970686258513
ACATCAGGTGCTAGCCx-3,0.9946845070555097
ACAGCCGCACAGGTTTx-3,0.9956805410680994
ACCCACTAGTGTCCCGx-3,0.9962469023020928
ACATCAGTCTTAGCCCx-3,0.9925282576209715
ACAGCTAGTAGCCTATx-3,0.9969598876939021
ACACCCTAGTCTCGGCx-3,0.9797308412618219
ACGTCAATCTGCGACGx-3,0.9967670479146366
ACGCAGCAGCCAGTTTx-3,0.8185017420609401
ACGGAGATCTTGGGTAx-3,0.8552780024042103
ACGATGTAGCAGATCGx-3,0.9813041121273866
ACGTCAAAGTGTCTCAx-3,0.8962208200801626
ACGAGGAAGGTAGCCAx-3,0.8204827732731406
ACGCAGCAGGTGACCAx-3,0.9866067344432796
ACGAGCCGTAGCGTCCx-3,0.9988199678178592
ACGAGGATCAAACCGTx-3,0.9980525904894028
ACGCCGAGTGCACGAAx-3,0.9877458983454711
ACGCAGCAGCCACGTCx-3,0.9953458002347675
ACGAGGATCGGCTTGGx-3,0.9599847481831105
ACGCCGAAGCACCGTCx-3,0.9877175027677942
ACGCCGAGTCGCGTGTx-3,0.9945508264005645
ACGGAGAAGGGCTTCCx-3,0.979866294142111
ACGCCGAAGATGTTAGx-3,0.9984256485609909
ACGCCAGCAATACGCTx-3,0.9958385068444568
ACGGCCACAAGTAATGx-3,0.7740892422017975
ACGATGTTCGAACGGAx-3,0.9996887483897161
ACGGGTCCAGGGTTAGx-3,0.9987470085985303
ACGTCAAAGGCTCTTAx-3,0.9406205214186139
ACTATCTTCTTCATGTx-3,0.9981476596812665
ACGGGCTCAAGGTTTCx-3,0.9811739677208963
ACGGCCACATGCCCGAx-3,0.9960363806083473
ACGAGGAGTTCAGCGCx-3,0.9818843796204387
ACGGGCTAGTTATCGCx-3,0.9988531819718318
ACGCCAGTCATCATTCx-3,0.9985319652923401
ACGGGTCGTTCTGAACx-3,0.9814345333387232
ACGATGTGTGAGGCTAx-3,0.9819125475969082
ACTATCTAGGGAAACAx-3,0.9958517414729381
ACTATCTGTAGCACGAx-3,0.9816814327576361
ACTATCTTCTCCGGTTx-3,0.9979683772329404
ACGGCCATCTTAACCTx-3,0.9968511567614827
ACGAGGACATGAGCGAx-3,0.99877467917756
ACGCAGCAGCAGCCTCx-3,0.9811018434333478
ACGCCGACAGCAGTTTx-3,0.9984879056866758
ACGCCAGAGCGACGTAx-3,0.995242622358136
ACGCCGAGTTCGGGCTx-3,0.9821852481114798
ACGATGTCAAGACGTGx-3,0.99846408352944
ACGGGCTCACACTGCGx-3,0.9946750899355177
ACGCAGCCACATTTCTx-3,0.9808280426316182
ACGTCAATCTGGTATGx-3,0.9974379672382615
ACGCCAGCAGTAAGCGx-3,0.9953753185870633
ACGGCCATCCAGGGCTx-3,0.9974319840814065
ACGGAGATCTTACCTAx-3,0.999092694953862
ACGATGTTCAACACCAx-3,0.9718477100750733
ACGGGCTCAGTCACTAx-3,0.9808558811908102
ACGAGGACAAGCCATTx-3,0.9577889802811131
ACGGGTCGTTACGACTx-3,0.9967873914730208
ACGCCGATCTCGATGAx-3,0.9785203660620632
ACGATGTAGATATACGx-3,0.992752871877192
ACGGGCTTCTTGGGTAx-3,0.9829999312228155
ACTGAACAGGACGAAAx-3,0.9988668922519567
ACGTCAATCGGCCGATx-3,0.9814056509264236
ACGGCCACACTGCCAGx-3,0.9806688363931254
ACGAGGAAGCGTGAACx-3,0.9799351138516328
ACGGCCAGTGCATCTAx-3,0.9981906087810005
ACGGGTCCAATAGCAAx-3,0.9949357102203926
ACGGGTCCAGGCTGAAx-3,0.9960990429593928
ACGAGGAAGCCGTCGTx-3,0.9940430751167224
ACGTCAACACATGTGTx-3,0.9981130427764159
ACGCCGACAAGGGTCAx-3,0.9993342677652874
ACGCCGACACTTAAGCx-3,0.9981888893423532
ACGATACTCTCTAAGGx-3,0.9799522790362568
ACGGAGATCCGTCAAAx-3,0.9822154691573374
ACGGGCTAGGTAGCTGx-3,0.9811125632754172
ACGCCGATCCTTTCGGx-3,0.9799830286456156
ACGGAGAAGAGCAATTx-3,0.9822865558799865
ACGCCAGTCAGCGACCx-3,0.9815011271459317
ACGATACCAGCTCCGAx-3,0.9926452000837204
ACGATACTCACTTCATx-3,0.9987346832332186
ACGGGTCAGGTGGGTTx-3,0.9802686938771913
ACGGAGATCATGCATGx-3,0.9964048967467491
ACGTCAATCCTCCTAGx-3,0.997400804254066
ACGATGTCACACAGAGx-3,0.9899987081188725
ACGATACAGGCTAGGTx-3,0.9822008338839824
ACCTTTATCGCAAGCCx-3,0.9982348356205943
ACGTCAAAGTTGTAGAx-3,0.98634367825827
ACGCCAGCAGCGTAAGx-3,0.9805414365705207
ACGGGCTTCTTATCTGx-3,0.9260698043317157
ACGGGTCAGACAGACCx-3,0.9983162667707937
ACGAGGACACACTGCGx-3,0.995629197074541
ACGATACTCAACACGTx-3,0.9787277440006776
ACGAGGAAGTAAGTACx-3,0.9985845479597247
ACGAGGACAGACGCCTx-3,0.9824136651395761
ACGGGTCAGCGTGAGTx-3,0.9812400522432905
ACGCCGATCGTTACGAx-3,0.9958836211835196
ACGGGCTAGGCGTACAx-3,0.9991617229218078
ACGTCAAGTTACGCGCx-3,0.9947768270036231
ACGAGGATCTTTACGTx-3,0.9983798712587091
ACGCCAGGTAGCGCTCx-3,0.9986608964744511
ACGGAGATCACGATGTx-3,0.9825307297606134
ACGATGTTCTGTTTGTx-3,0.9763466678160334
ACGATACGTCCCGACAx-3,0.9992554397711055
ACGAGCCGTCGCATCGx-3,0.9994498432300637
ACTGCTCCATGGTTGTx-3,0.9988397768889681
AGAGTGGCAAGCCGCTx-3,0.9817544059253438
ACTTGTTCAATAGCGGx-3,0.999002990653807
AGAGTGGCAAGACACGx-3,0.9972654646831549
AGAGCTTGTACCGTATx-3,0.9777321606822529
AGACGTTTCCGAATGTx-3,0.9957905060674974
AGACGTTCATTGGTACx-3,0.9966174672813244
ACTTGTTCACAACGTTx-3,0.9980348362143053
ACTGTCCAGTCCATACx-3,0.9959453889579961
ACTGTCCGTACCGGCTx-3,0.9983078409696333
ACTTGTTCATGTCCTCx-3,0.9965891098048677
AGAGCGATCAACACCAx-3,0.9984303192784937
AGAGCTTAGATGGCGTx-3,0.9789437646946517
ACTTTCATCCGCAGTGx-3,0.9968035546520488
ACTGAGTAGGCACATGx-3,0.9940819613990018
AGAGCTTTCTTGGGTAx-3,0.9974798389849581
ACTGTCCAGTCGATAAx-3,0.981114919970055
ACTGAGTGTTATGTGCx-3,0.9747248258140114
ACTGCTCGTTACAGAAx-3,0.9797152955661523
ACTGATGAGCTTATCGx-3,0.9971045478528681
ACTTGTTCACGAAATAx-3,0.9953492733976353
AGAATAGCACCAGCACx-3,0.9800724642946737
ACTGTCCTCGTAGGAGx-3,0.8662559743995712
ACTGTCCAGAGTAAGGx-3,0.9819290158700801
ACTTTCAGTGGCAAACx-3,0.998657300551881
ACTGAACGTCTCCCTAx-3,0.9811502688852596
ACTGCTCAGCCATCGCx-3,0.9759336190768475
ACTGAGTTCCTTGGTCx-3,0.9988877880044876
ACTGCTCTCTGCCAGGx-3,0.8088214012916156
ACTGAACCATAAAGGTx-3,0.8393033291750391
ACTTTCACAGTGACAGx-3,0.9805626150847444
ACTTGTTGTATGAAACx-3,0.9982782653674354
ACTTGTTGTGTTGGGAx-3,0.9963796009448243
ACTGAGTAGCAAATCAx-3,0.9987663249441674
ACTGAGTAGACGCTTTx-3,0.9861595103272182
ACTGATGCAGCCTTTCx-3,0.9767449301976077
ACTGAGTAGTTGTCGTx-3,0.9984679632929964
ACTGATGAGGCCCGTTx-3,0.9970178148965093
AGAGCTTTCCACGAATx-3,0.9972866561363842
ACTGTCCTCATCATTCx-3,0.9827636860380753
AGAATAGTCCGTCAAAx-3,0.851133615792642
ACTTTCAGTGTATGGGx-3,0.9986306018227781
AGACGTTAGTGTACCTx-3,0.9971777875309225
AGAGCTTAGTGATCGGx-3,0.9954928166860754
AGAGCGATCTGGTGTAx-3,0.9799717230149643
ACTGTCCGTGTAACGGx-3,0.9734720381989631
ACTTGTTGTGAGGGTTx-3,0.9990519279531094
ACTTACTGTCAACTGTx-3,0.9949030185786156
AGAGCGAGTTTACTCTx-3,0.9991028645954264
ACTGATGGTTTCGCTCx-3,0.9962176849961223
AGAGCTTGTTCAGACTx-3,0.8823364783848108
AGAGCTTAGATGTGTAx-3,0.9986164774606219
ACTGCTCGTCCGAAGAx-3,0.9967237618814266
AGAGCGAGTTCGAATCx-3,0.9803242837078441
AGAATAGCAGCTCGACx-3,0.986148204833332
ACTGAACGTCTCAACAx-3,0.9965808706356042
AGAATAGCAGCTTAACx-3,0.9954673972946592
ACTTGTTCATACCATGx-3,0.9812870114477305
ACTGATGCATATGCTGx-3,0.998406241808425
ACTGAGTTCAGGATCTx-3,0.9985888210711623
ACTGTCCTCCCATTTAx-3,0.9784382332673973
ACTGATGTCATATCGGx-3,0.9224971652455176
ACTTGTTCATGTCGATx-3,0.9958908523531372
ACTTGTTAGTGTCCCGx-3,0.99474030188489
AGAGCGAAGACAAAGGx-3,0.9981188732580868
ACTGTCCTCTTGTACTx-3,0.9790807151702574
ACTTTCAGTACGACCCx-3,0.9964666536548025
AGACGTTAGATGAGAGx-3,0.9794713027267425
AGAGCGAGTAGCACGAx-3,0.9990000985304379
ACTGAGTTCCGGCACAx-3,0.9962404625183472
ACTGAACGTAAATACGx-3,0.7952392642617481
ACTTACTGTCATATGCx-3,0.9951759471081968
ACTTTCAAGAATTGTGx-3,0.9972423745804175
ACTGAGTCACCCAGTGx-3,0.9974517981076637
ACTGCTCCAGGTCGTCx-3,0.9991231761465106
AGAATAGCAAAGTGCGx-3,0.9949065859708316
ACTGATGAGACCTTTGx-3,0.9961560439430904
AGAATAGTCCGAGCCAx-3,0.9980331874770423
ACTGAGTTCAGTTCGAx-3,0.9988714036576032
ACTGCTCCATTCTTACx-3,0.9988450713206495
AGAGCGACAAACTGCTx-3,0.9996711473616655
ACTGTCCAGGCGCTCTx-3,0.9812499880837404
AGAATAGAGGAATTACx-3,0.9987094831687602
ACTTTCAGTCTAGCGCx-3,0.9996444740601111
AGAGTGGCAGCTGGCTx-3,0.980744805433176
ACTGAGTCATCACAACx-3,0.997951540759595
AGAATAGGTGATGCCCx-3,0.997861696904381
AGACGTTTCGTTTATCx-3,0.9943789809948024
ACTGTCCTCATTGCGAx-3,0.9977771568183209
ACTTACTGTTACCGATx-3,0.9787874795021172
AGACGTTAGTAGCGGTx-3,0.9944934129743518
AGAGTGGCACATTCGAx-3,0.9972290258915792
ACTGCTCCAGGAATCGx-3,0.9981005517845881
AGAGCGAGTTCAGTACx-3,0.9926198616516256
AGAATAGAGAGGTTATx-3,0.9922007981592085
AGATCTGCAGTCCTTCx-3,0.9987696252340793
AGATTGCGTTTCGCTCx-3,0.9833026493626329
AGCGTCGTCGTACCGGx-3,0.9969832747199502
AGGCCACAGGACGAAAx-3,0.9987055322307504
AGCGGTCGTTCTGTTTx-3,0.9976209086193497
AGGCCACGTCAAAGATx-3,0.9971511389158766
AGATTGCTCTGTACGAx-3,0.9961860255054252
AGGGAGTAGGGTGTGTx-3,0.9981268956550868
AGCAGCCAGAGTCGGTx-3,0.9815153005968376
AGCAGCCGTTGATTGCx-3,0.9986237685940464
AGCGGTCGTTTGACTGx-3,0.9980908088586798
AGATTGCTCCCATTATx-3,0.997269497377365
AGCGTATTCACCGGGTx-3,0.9965083571934459
AGCATACTCGCTTAGAx-3,0.9957672626954158
AGCGGTCTCCACGACGx-3,0.9944805079377003
AGCTCCTCAGCATACTx-3,0.9512669112241786
AGCATACTCGTTTATCx-3,0.9975002392840157
AGCGGTCCACTGTGTAx-3,0.9966015493993595
AGCCTAAGTTCACGGCx-3,0.9981224033882633
AGCCTAACAGCTGTGCx-3,0.9829450594019947
AGCTTGAAGCGCTCCAx-3,0.9956719998441089
AGCAGCCTCCGTCAAAx-3,0.9991245937790341
AGGCCACTCTTGGGTAx-3,0.9952754403258991
AGGCCACTCGGCGGTTx-3,0.9816738864836929
AGATCTGAGGCGACATx-3,0.9964635905022435
AGGCCACAGACTAGATx-3,0.9918007738630435
AGCGTATCATTTCACTx-3,0.998825195015466
AGCGTATTCCCTCAGTx-3,0.9992696937352904
AGCCTAAGTCGACTATx-3,0.9991006797258262
AGCGGTCGTTCTCATTx-3,0.9984632502088615
AGCGTCGAGCTACCTAx-3,0.9977568465616488
AGCTCCTGTCAACATCx-3,0.9958609347991337
AGCAGCCAGTTCGATCx-3,0.9966659930095871
AGATTGCCAATGGTCTx-3,0.9804642335321322
AGATCTGCAAGTCTGTx-3,0.998278057727204
AGCTCTCTCAATCTCTx-3,0.9970595305597163
AGGGAGTAGAACAACTx-3,0.964595341968998
AGAGTGGGTGCAACGAx-3,0.9978835059352035
AGCATACTCAGCTTAGx-3,0.8971005171995898
AGCCTAATCTTGAGGTx-3,0.9988515868324374
AGGGAGTAGAAACGCCx-3,0.9961636042458851
AGCAGCCGTGGTGTAGx-3,0.9966309677387946
AGCAGCCGTGGTCTCGx-3,0.9798259722512007
AGCTCCTCATGGGAACx-3,0.9800771523033092
AGGCCACAGACCACGAx-3,0.997815067161289
AGCGTCGAGACTAGATx-3,0.9988856536710718
AGGCCACTCGCCGTGAx-3,0.978870617691709
AGCGTATCATCTCGCTx-3,0.9990802245387063
AGGCCACGTTCGGCACx-3,0.9791200762798494
AGCCTAAAGAAACGAGx-3,0.9777029752338918
AGCAGCCAGTGGCACAx-3,0.9981814543848324
AGCTTGATCATGCAACx-3,0.9840335065102083
AGCAGCCAGGCAATTAx-3,0.9953904582223069
AGCGTATAGCCGGTAAx-3,0.9616861097962071
AGCTCCTCACGGCCATx-3,0.9786837944652598
AGATCTGAGGACACCAx-3,0.9976684070926926
AGGCCACGTACAAGTAx-3,0.9958751521214836
AGGCCACCAGCCAATTx-3,0.9817773474381037
AGCATACAGTCAAGGCx-3,0.997505094573463
AGGCCACCAATGGTCTx-3,0.9991662950891956
AGATCTGTCAGCGACCx-3,0.9932042402654966
AGCGTCGAGAGTACATx-3,0.9945591047975381
AGATTGCGTTCCACAAx-3,0.9821722281414509
AGCTCTCAGACGACGTx-3,0.9982277350538059
AGGCCGTTCGAATGGGx-3,0.9808749140525037
AGAGTGGGTGATAAACx-3,0.9817741362436054
AGCTCTCTCATCTGCCx-3,0.9813786427002149
AGCTCTCCACGAAGCAx-3,0.9944605863127269
AGCGTCGGTTGGTAAAx-3,0.998107891627293
AGCCTAAGTATGAATGx-3,0.9975398450411259
AGCGTATTCGTTACGAx-3,0.9975362947826566
AGGCCGTTCATGCATGx-3,0.9990453235351747
AGCCTAAGTGTGACCCx-3,0.9783429531752064
AGGCCACGTATGCTTGx-3,0.9979967737412794
AGGCCGTAGATCCTGTx-3,0.9971182703056392
AGATCTGGTTCCCGAGx-3,0.8531397004303258
AGCGGTCCAGTCGTGCx-3,0.982323966211242
AGGCCACTCTCGCTTGx-3,0.999200968891171
AGATTGCGTGCACTTAx-3,0.9988604939943592
AGATTGCAGGCTAGGTx-3,0.9972663325877011
AGCATACCAGGTGGATx-3,0.9983491912282059
AGGCCACCAAAGGCGTx-3,0.9794196345201504
AGGGAGTAGGCGCTCTx-3,0.9849226718294403
AGAGTGGTCGTACCGGx-3,0.9978276140601805
AGCCTAAAGACTGGGTx-3,0.9281839903617025
AGCCTAATCTGTGCAAx-3,0.9969100850037961
AGATTGCCAAGCTGGAx-3,0.9773656869059276
AGATCTGTCTATCCTAx-3,0.9969261443692513
AGCAGCCCAGGTGGATx-3,0.9814180174485776
AGCGTCGCACGAGAGTx-3,0.9930272069346432
AGGCCGTCATCAGTACx-3,0.9954595031423364
AGCTCCTTCACAGTACx-3,0.9932404550383949
AGCGGTCCAGACAAATx-3,0.9967464931157289
AGCAGCCGTTCAGGCCx-3,0.9803742992070472
AGCCTAACAGCCAGAAx-3,0.9973082518147656
AGCTCCTGTTCGAATCx-3,0.988048725244271
AGGCCGTCACACCGCAx-3,0.8128103237325475
AGCTCTCTCATGTCTTx-3,0.9963065073051911
ATAACGCGTCATATCGx-3,0.9967082180189464
AGTTGGTGTATATCCGx-3,0.9976558614882031
ATAAGAGTCCACTCCAx-3,0.9751025375195268
AGGTCATAGGCTCATTx-3,0.9972889924341967
AGGGTGAAGGCTACGAx-3,0.998884523298862
ATAGACCCACTACAGTx-3,0.9937245628369531
AGTAGTCGTTACGCGCx-3,0.9974567369673054
AGTTGGTAGGATGCGTx-3,0.9956461810433742
ATCATCTCAGTATAAGx-3,0.9970788205069822
AGTGGGAAGTCATCCAx-3,0.9791940113233755
AGGTCCGCAACTGGCCx-3,0.9810046687678353
ATCACGATCAAACGGGx-3,0.998395232255103
AGGTCATGTATGGTTCx-3,0.9993362875036813
AGTGGGAAGATCCGAGx-3,0.9981902248246957
AGGGAGTAGTTTCCTTx-3,0.8257293305386536
AGTAGTCGTTCAGTACx-3,0.9979754952671136
AGGGATGCAGCCAATTx-3,0.9922663168192645
AGGGAGTGTCGGATCCx-3,0.9980600490368864
AGGGTGACACCAGGTCx-3,0.9983095035970455
AGGGATGAGCTTCGCGx-3,0.9664318452454134
ATCATCTCAATAGCAAx-3,0.9956400172628465
AGGGATGGTGTAACGGx-3,0.9961171900217273
AGTGGGAGTCAGTGGAx-3,0.9977704852337002
ATCACGATCCTGCAGGx-3,0.9970821444852913
AGGTCATAGCTATGCTx-3,0.8305085261820917
AGTAGTCTCTGTACGAx-3,0.9988363175555124
ATAAGAGCAATGGAGCx-3,0.9813105727471464
ATCACGAAGGCCCGTTx-3,0.9856442159689774
AGGGAGTTCAACCATGx-3,0.998651970881067
AGGGATGGTGAAAGAGx-3,0.9698505003030349
AGGTCATAGGATGCGTx-3,0.9985628748744164
ATCACGACAGTCGATTx-3,0.9985835140834248
ATAAGAGTCGAGAGCAx-3,0.9942619904521874
AGGGATGTCGTTACGAx-3,0.9961060109035257
AGGGTGATCGCCAGCAx-3,0.981892459621842
AGTGTCAGTAAGTGGCx-3,0.942828839783247
ATAAGAGGTCGCTTTCx-3,0.9995157540621847
ATCACGAGTTGTCTTTx-3,0.9983166951292531
ATCATCTAGCGTCTATx-3,0.9988210094991997
AGGTCCGTCTTTAGGGx-3,0.9988688510066209
AGTGAGGAGGCTACGAx-3,0.9810843894357747
AGTGTCATCTGGTGTAx-3,0.9812509081193814
AGTGTCAGTAAGTGTAx-3,0.9990051665188738
AGTGTCACACAGGCCTx-3,0.9987677219363358
ATAGACCAGAGATGAGx-3,0.9936014138979338
ATCATCTAGGCTAGACx-3,0.9985470480736338
AGGGATGTCGATGAGGx-3,0.9811811864080597
ATAAGAGCAGCTCGACx-3,0.9973941970016463
AGTGAGGAGACCGGATx-3,0.9676572697658806
ATAACGCTCGCTGATAx-3,0.9955850241687476
ATAACGCCATGGTCTAx-3,0.9984940729488876
AGGGATGGTCACCTAAx-3,0.9960275772100535
AGTGAGGAGGTTACCTx-3,0.9784891918099987
ATAACGCCACTGTCGGx-3,0.9969475926284739
AGTCTTTCATCACAACx-3,0.9859838855197539
AGTAGTCAGTGTTGAAx-3,0.9966357150240255
AGGGATGCAAACCTACx-3,0.9798948991179661
AGGGAGTCACCTTGTCx-3,0.9984355652799886
AGTGGGACATGCCACGx-3,0.9978913978964777
AGTTGGTAGTGGAGAAx-3,0.9977459635224063
AGGGTGACACGGCCATx-3,0.9993637760005429
AGTCTTTCACCCTATCx-3,0.9953516999467836
AGTAGTCCAGTTCATGx-3,0.996870782575477
AGGGATGCAATGGAGCx-3,0.998635131426829
ATAACGCTCCTACAGAx-3,0.9806216579317798
AGTTGGTTCTGCCCTAx-3,0.9821005915030081
ATAGACCAGCGTTGCCx-3,0.9811992265829838
AGGGTGATCGACGGAAx-3,0.9980319696683849
ATAACGCAGGTGGGTTx-3,0.9983963169209953
AGTGTCATCGTGGACCx-3,0.9971144125216064
ATAACGCGTCACCTAAx-3,0.9985339570517164
AGGTCATAGGGTTTCTx-3,0.9960582882084542
AGGTCCGTCGCGGATCx-3,0.9955787867609833
AGTAGTCGTCCAGTTAx-3,0.9607484580889396
ATAAGAGTCACTCCTGx-3,0.9910067928565368
ATAACGCGTGGTAACGx-3,0.9996780820234303
AGTCTTTCACGTAAGGx-3,0.9798946743358967
AGTAGTCAGAGGACGGx-3,0.9873443235831426
ATAGACCCAAACCTACx-3,0.9806233180862006
AGGTCATAGAAGCCCAx-3,0.9975108786381703
ATAACGCTCGATAGAAx-3,0.9988272933146191
AGGTCATGTCAGAATAx-3,0.9977056286914603
AGGGTGACATCTACGAx-3,0.9808135801719003
AGGTCCGGTCTTGCGGx-3,0.9978068767309975
AGGGAGTAGTACCGGAx-3,0.9981106849957628
AGGTCATTCACATAGCx-3,0.9811835846153157
AGGTCCGAGGGAGTAAx-3,0.9975995613099149
ATAGACCCATGCGCACx-3,0.9689260056485962
ATCACGACAATGTAAGx-3,0.9970019854193319
AGTGTCAGTGACTCATx-3,0.9693549070453801
AGGGTGAAGAGGACGGx-3,0.9978426011506686
ATAAGAGTCCTTGGTCx-3,0.9975396413003406
ATGAGGGGTACTTGACx-3,0.9685187603732829
ATGAGGGTCGAGAGCAx-3,0.982336156119441
ATTACTCCAATTGCTGx-3,0.9732540505397177
ATGGGAGAGCGATGACx-3,0.9809484413143017
ATCGAGTGTCATGCATx-3,0.9973444528467545
ATCCACCCAGTAACGGx-3,0.9983802273577503
ATCTACTCAATAGCGGx-3,0.9941041284095933
ATGGGAGCAGAAGCACx-3,0.9806488594560299
ATGTGTGTCCCTGACTx-3,0.9983093784139453
ATCATGGAGCTAGTTCx-3,0.9959807950906857
ATCATCTTCAGGCAAGx-3,0.9988738077958458
ATCATGGCAGGTCTCGx-3,0.997494176371531
ATGTGTGGTCGAGTTTx-3,0.9979454825977755
ATGAGGGTCAAGATCCx-3,0.9808966152737907
ATCTGCCCAAAGTGCGx-3,0.980601260531991
ATCGAGTCACAGCCCAx-3,0.9987833591423636
ATGGGAGTCTCGAGTAx-3,0.9985915773361789
ATCCGAAAGTTCGATCx-3,0.9935554521146279
ATCTGCCTCTTGAGGTx-3,0.9880601304793798
ATGAGGGTCTTACCTAx-3,0.7820754497824199
ATCATGGAGGAGTTTAx-3,0.9963948848952217
ATCATCTTCCTAGAACx-3,0.9991093450994194
ATGCGATGTGCCTGTGx-3,0.9817214831918959
ATCATGGAGAAGATTCx-3,0.996714544049505
ATCTGCCAGGACAGAAx-3,0.9795006410658635
ATTACTCGTACAGTGGx-3,0.9910369296991088
ATCGAGTGTTCCAACAx-3,0.9692357759302482
ATCTGCCGTGCTGTATx-3,0.9986306258993035
ATCATCTGTACAAGTAx-3,0.9808323918310659
ATGTGTGGTCGAATCTx-3,0.9934489111175083
ATCCACCCACGGCCATx-3,0.9977124112471984
ATCGAGTTCTTCCTTCx-3,0.9966610971292968
ATCGAGTCACTAGTACx-3,0.9994404545170167
ATTACTCAGCTCCTTCx-3,0.9918158943816737
ATGGGAGGTTCACCTCx-3,0.9826917017313297
ATCATCTGTCGTCTTCx-3,0.9774387715460658
ATTACTCCACCCTATCx-3,0.9903883070222876
ATCCACCTCCGTCAAAx-3,0.9971564475164704
ATCTGCCAGTGTACTCx-3,0.9962332831279803
ATCTGCCAGGCATGGTx-3,0.9953803513229112
ATCCGAACATCGGACCx-3,0.9816898311455211
ATGAGGGAGCCCAATTx-3,0.9985647808121224
ATGCGATCAAGTAATGx-3,0.9812836140552927
ATCATCTGTTGAGTTCx-3,0.9802069568459907
ATTACTCAGTGCGTGAx-3,0.9986531923427053
ATCATCTTCGCCCTTAx-3,0.9983027981728567
ATCTGCCGTAGTGAATx-3,0.9942165386582003
ATCTGCCAGACGCACAx-3,0.9806173235139144
ATTACTCAGGATGTATx-3,0.9988811925808962
ATGGGAGGTGCGGTAAx-3,0.7928138548183253
ATTACTCCACGGCCATx-3,0.9808459805931427
ATGGGAGGTAAGTGGCx-3,0.9965154490495682
ATCTGCCAGCGTGTCCx-3,0.9979937292576684
ATGGGAGCATGACATCx-3,0.9987302168040134
ATCTGCCTCTGATACGx-3,0.9813148553904768
ATGTGTGTCAGCACATx-3,0.9939461750333571
ATCCGAACATTAGCCAx-3,0.9957394160734925
ATGCGATGTGCAACTTx-3,0.9953767251235478
ATCATCTTCGCAAACTx-3,0.996887475907852
ATCGAGTAGGGCACTAx-3,0.9815883165074889
ATCATGGAGTGTGAATx-3,0.9786728791937479
ATCGAGTCACCCATTCx-3,0.9976000783903509
ATGTGTGGTGCGATAGx-3,0.9820495642411687
ATGGGAGTCGGAGCAAx-3,0.9927938313523159
ATCTACTGTCCTCTTGx-3,0.9737089489903149
ATCTGCCGTGTGCCTGx-3,0.9970054649429663
ATCATCTCAGTCAGAGx-3,0.9973675908396025
ATCGAGTAGTACATGAx-3,0.9992226896199711
ATCATGGGTCGCGAAAx-3,0.9812010237517954
ATCCACCTCGCTTGTCx-3,0.9982094626823684
ATGCGATTCCCACTTGx-3,0.9967947036201934
ATCCACCGTCACTGGCx-3,0.9978739178457068
ATTACTCAGCCAGTAGx-3,0.9806557388725857
ATCGAGTGTACCTACAx-3,0.9794544399104349
ATCATCTGTGTTGGGAx-3,0.9842948150475802
ATCATCTCATCACGATx-3,0.9943005606928895
ATCATCTCAGTCGTGCx-3,0.9985046550101464
ATCTACTCACAGGAGTx-3,0.9591613070169988
ATCATGGTCCAGAGGAx-3,0.9966814191083867
ATGGGAGTCGAACTGTx-3,0.9736278355705149
ATCCGAATCAGCACATx-3,0.8091140626697683
ATCTACTAGTGCTGCCx-3,0.9980923690515806
ATGCGATCACCACCAGx-3,0.9974592413511693
ATGCGATCAATAACGAx-3,0.9974664843548868
ATCATGGAGTAGGCCAx-3,0.9775245154824608
ATCCGAATCCACGAATx-3,0.9971317207073878
ATCCGAAGTGTGGCTCx-3,0.9965624248330447
ATCTGCCGTCCAGTGCx-3,0.9973995211738812
ATGAGGGTCCTACAGAx-3,0.9985203471317118
ATCTGCCGTGCACTTAx-3,0.9969051393685725
ATCTACTCACCGAAAGx-3,0.9962272903898486
ATCGAGTGTTTCGCTCx-3,0.9973539134881462
ATTATCCGTTAAGAACx-3,0.999070353853686
ATTTCTGAGTCGATAAx-3,0.9916269965528254
CAACCAATCCAAAGTCx-3,0.994643166255573
ATTTCTGAGCTTTGGTx-3,0.9809207948369859
ATTATCCGTCTCAACAx-3,0.998998837834708
CAAGGCCAGTGGCACAx-3,0.9792398084566585
CAACCTCCACCCAGTGx-3,0.9971051817176292
ATTCTACGTTCAGTACx-3,0.9802910242357443
CAACTAGTCGAATGGGx-3,0.9710348279408633
ATTCTACCATCTCCCAx-3,0.9832217399443319
CAAGATCTCAATCACGx-3,0.8902787339526737
CAACCAATCCAAACACx-3,0.9982423850564291
ATTGGTGGTACAGTTCx-3,0.9951376095712836
CAAGGCCTCGCACTCTx-3,0.9971855152793092
CAACCTCTCGTCGTTCx-3,0.9991762867910992
CAACCAATCTTCGAGAx-3,0.9616404000200116
ATTTCTGAGCTGCAAGx-3,0.9996409209311701
ATTGGTGAGTGGACGTx-3,0.9983347928791142
ATTTCTGCACTGTGTAx-3,0.9827997568211849
CAAGGCCCATCCCACTx-3,0.9823926668059638
CAACTAGCACTGTGTAx-3,0.9961502902940756
ATTGGACCAAGCCTATx-3,0.9788888465692805
ATTATCCAGCCGTCGTx-3,0.9995118671831569
CAAGATCTCTGGTGTAx-3,0.9983961829117104
ATTTCTGTCATCATTCx-3,0.9801337956460514
CAAGATCCAAAGCGGTx-3,0.987742999768985
ATTCTACTCACAATGCx-3,0.9802934435468853
ATTTCTGTCTTCATGTx-3,0.9972106387107887
CAACCAATCCTCAATTx-3,0.9973966885601989
ATTCTACAGTCTCGGCx-3,0.9368075662508858
CAAGGCCTCGGAGGTAx-3,0.980363711045114
ATTACTCTCTGCTGTCx-3,0.9797138151062845
CAACCAAGTAGGACACx-3,0.9711211190187365
CAAGATCGTTATGTGCx-3,0.979893675623255
CAAGATCAGAACAATCx-3,0.9980842850014392
CAACTAGGTTGGACCCx-3,0.9975741622292784
CAAGATCTCGAACGGAx-3,0.9818862563618783
CAACTAGCATATGAGAx-3,0.999339343535251
ATTCTACAGGGAAACAx-3,0.978703589264152
ATTGGACTCTACTTACx-3,0.9986816343566891
ATTGGTGAGCTGCCCAx-3,0.9791969440355875
ATTATCCAGATGGGTCx-3,0.9633942758133061
ATTGGACGTAGAAGGAx-3,0.9890277115595497
CAAGATCAGATGTTAGx-3,0.998669974444493
CAACCTCGTCAATGTCx-3,0.9939383175217931
ATTCTACCATCTCGCTx-3,0.9974533489515451
ATTCTACCAAAGAATCx-3,0.8057688660254281
CAAGGCCGTAAGGGCTx-3,0.9906976084261816
ATTTCTGGTCAAAGCGx-3,0.9960544479208355
ATTTCTGAGCGATTCTx-3,0.9921956786264108
CAAGGCCTCCACTGGGx-3,0.9969900527273017
ATTGGTGTCTTGCCGTx-3,0.9981257887566671
ATTATCCTCTTAGCCCx-3,0.9969226279532322
CAACCAAAGAAGGTTTx-3,0.9882709782771382
CAACTAGTCACGACTAx-3,0.9980360138188583
CAAGATCAGAGGGATAx-3,0.9819059089567966
ATTGGACAGATGCCAGx-3,0.997101447461943
CAACTAGAGTTGAGTAx-3,0.9807890631709633
CAAGATCGTCTGGTCGx-3,0.9979628481029421
CAAGATCGTAGCGTAGx-3,0.9980809510610501
ATTGGTGAGATATACGx-3,0.9822348488174206
CAAGGCCAGTCAATAGx-3,0.9816308875186182
ATTTCTGTCCTGTACCx-3,0.9797957706203201
CAAGGCCTCACATACGx-3,0.9778160489670088
CAAGAAAGTACTCTCCx-3,0.9990383665878296
CAAGAAACATTCTTACx-3,0.8111410574876661
CAAGAAATCACCCGAGx-3,0.9942854797866019
CAAGAAATCTCTTGATx-3,0.9991822100033645
CAAGATCAGCTCTCGGx-3,0.9777018753713176
ATTTCTGAGATACACAx-3,0.9980724661857676
ATTGGACAGCGTGTCCx-3,0.9805869913411136
ATTTCTGCATTGGCGCx-3,0.9795006494189473
CAAGATCCAGGCTGAAx-3,0.9957567073496371
ATTTCTGTCATGTCTTx-3,0.9969022003786057
CAACCTCAGCTCTCGGx-3,0.9463842994757614
CAAGGCCGTGAAATCAx-3,0.9776538573799907
CAACTAGCATCCTTGCx-3,0.9975684376243196
CAACCAAGTCTTGATGx-3,0.9803668737177064
ATTATCCGTAGATTAGx-3,0.9990188526298166
ATTACTCTCGAATGGGx-3,0.9976069008391943
CAAGGCCCACTTGGATx-3,0.9790141964583684
ATTGGACAGAAGGTGAx-3,0.9990587219432011
ATTTCTGTCACCAGGCx-3,0.9751127506296066
CAACCTCAGCAACGGTx-3,0.9648787822422662
CAAGATCAGCACCGTCx-3,0.9329692473983406
CAAGAAACAGCGTAAGx-3,0.9921678258719239
ATTGGACCACGGTAGAx-3,0.9994776833937365
CAAGAAAAGTCCAGGAx-3,0.9854465923330742
ATTGGACCATGTAAGAx-3,0.9977937950351605
CAACCAATCTTATCTGx-3,0.9952778209880747
CAACCTCGTCGACTATx-3,0.9772491654490874
CAAGAAATCAACACACx-3,0.9933141543474779
ATTGGACGTATCGCATx-3,0.9771390194201456
CAACCAAGTAACGACGx-3,0.8057603907514097
CAACTAGAGGCTCTTAx-3,0.999621108716317
CACATAGTCCTCATTAx-3,0.9986931613363978
CAAGTTGAGCTCTCGGx-3,0.9961245534790782
CACACCTGTAGCAAATx-3,0.9800094774569813
CAGAATCCATCGACGCx-3,0.9992961369217196
CACCACTAGACAATACx-3,0.9988529526910913
CACACAACAGACAAGCx-3,0.9940401690873013
CAAGGCCTCGTGACATx-3,0.9793456692186164
CACAGTAGTAAATACGx-3,0.9977011110148392
CACATTTAGTACGCGAx-3,0.997378828530272
CACACAAAGTGGTAATx-3,0.9805199688733026
CACAAACAGGGTTCCCx-3,0.9776943454234196
CACTCCATCTTTAGTCx-3,0.999038821875628
CACACCTGTTGACGTTx-3,0.9964300926804269
CACAAACCAGCGAACAx-3,0.9794480024769098
CACCACTTCGTTGCCTx-3,0.8095834301287844
CAAGTTGTCCGCATAAx-3,0.9912287856411287
CACCAGGAGTGACATAx-3,0.998078465835954
CACACAACACTATCTTx-3,0.9944913259791788
CACCTTGTCCTAGGGCx-3,0.9993698951651212
CACACAACACACGCTGx-3,0.9980183405070852
CACCACTTCGAATCCAx-3,0.9984668852690537
CAGAATCTCTCTAGGAx-3,0.9810282148445891
CACAGTAAGAGACTTAx-3,0.9979810281493474
CACTCCAAGCGACGTAx-3,0.9983654736580403
CAGAGAGAGAAAGTGGx-3,0.9816011603793081
CACAGGCTCCAGAGGAx-3,0.9962037196484956
CACACTCTCGTTTGCCx-3,0.9946206561460077
CAGAGAGAGAAGCCCAx-3,0.9975315252005131
CACACTCAGCCTATGTx-3,0.9877990943550675
CACACTCCACCGTTGGx-3,0.9980295274526886
CACCAGGTCGAGGTAGx-3,0.9992400078157512
CACACAACAATACGCTx-3,0.9672704491521347
CACTCCACACGGATAGx-3,0.9973904207659169
CACCTTGCACGACGAAx-3,0.9813522316065021
CACATAGTCAGAGACGx-3,0.9725879260752849
CACACAAGTGTTTGTGx-3,0.9984968509741182
CACACAACATCACGATx-3,0.9908543407677961
CACCAGGTCACGATGTx-3,0.9741190798944149
CAAGTTGCAATGTAAGx-3,0.9817788844957044
CACCAGGCAAACTGTCx-3,0.9945556610696221
CAGAATCCATCGATTGx-3,0.9986497763849735
CACAAACAGAGCTGCAx-3,0.9980700963283189
CAGAATCCATCGGACCx-3,0.9982703828007826
CACCTTGCACCAACCGx-3,0.9989595877490461
CACCACTCAACCGCCAx-3,0.9754647231172936
CACCACTCACAGGTTTx-3,0.997578206222859
CAGAATCAGTTGAGTAx-3,0.9990400288213592
CACATAGCAGGACGTAx-3,0.9979683520679794
CACTCCACACGCATCGx-3,0.7984941074450798
CACCTTGGTGTTGAGGx-3,0.9903643217200345
CACTCCAGTCTCCATCx-3,0.998392217795089
CAGAATCGTAGCTAAAx-3,0.8794694852437825
CACAGTAGTGACAAATx-3,0.9723794600826269
CACACCTTCCTGCCATx-3,0.9969703139727976
CACATAGAGCTGCAAGx-3,0.9955046653357179
CACATAGCAAAGCAATx-3,0.9941472937139836
CACACAAGTCGGCATCx-3,0.9989318114803001
CACAGGCCACCATCCTx-3,0.9908695496616838
CACATTTAGGCCCTTGx-3,0.9797479670023317
CACATTTTCTAAGCCAx-3,0.994832655818697
CACATTTGTGTGCGTCx-3,0.9974608388012497
CACAGGCTCGTTTATCx-3,0.99770671206823
CACAGGCGTCCGAATTx-3,0.9974426691048202
CACCACTTCTGTTGAGx-3,0.9797284670549091
CACACCTAGCAGCGTAx-3,0.9975133875152763
CACAGTACATCGTCGGx-3,0.9821307634013381
CACTCCACATAGTAAGx-3,0.998711320550916
CACATTTTCGGATGTTx-3,0.9977663814541557
CAGAATCGTACAGTTCx-3,0.9705508070958916
CACATAGCATTGGGCCx-3,0.9979853469640062
CACCAGGGTTACGGAGx-3,0.9974782701853465
CACCAGGAGGTGCTAGx-3,0.9800501222977661
CACCACTGTTATGCGTx-3,0.9991872264681799
CAAGTTGCATTATCTCx-3,0.9982087612386666
CACAGTAAGGGATCTGx-3,0.9977560726067527
CACCTTGAGCCAGGATx-3,0.9970494226857198
CACTCCAAGAGACGAAx-3,0.9962391658600506
CACCACTTCGCCAAATx-3,0.9962290307494299
CACCAGGCAATCTGCAx-3,0.9799532748013653
CACACTCTCCTACAGAx-3,0.9989455880113479
CACACTCCAGGGAGAGx-3,0.9984976090537342
CACACCTAGGGTTTCTx-3,0.9988895790062533
CACACAATCTTGAGGTx-3,0.9977194478567941
CACACCTTCCTAGGGCx-3,0.9958270219322961
CACATAGTCCACTCCAx-3,0.9982952559502837
CACATAGAGAACAATCx-3,0.998703504189962
CACCTTGCACCGAATTx-3,0.9990206749481702
CACACTCTCAAAGTAGx-3,0.997276159935676
CAGAATCCAGATCCATx-3,0.9986214551858098
CACTCCAAGAATCTCCx-3,0.968834248786758
CACTCCAAGACTAGGCx-3,0.9572292054527458
CACACCTCATCGATGTx-3,0.9822103579531769
CACAAACGTCCGCTGAx-3,0.9969492792199925
CACTCCACAGGTGGATx-3,0.9781693798611355
CAGCAGCAGGAGTTGCx-3,0.9818106349006309
CAGAGAGTCTCTGCTGx-3,0.9974048444955181
CAGCATAAGAGAACAGx-3,0.9674396760323863
CAGCATATCGGGAGTAx-3,0.9788253757776159
CAGCCGATCAGAGGTGx-3,0.9977211325762702
CAGCCGATCAAACCACx-3,0.9955078442935735
CAGTAACCAAAGCGGTx-3,0.9988354206266583
CAGCAGCGTGATAAACx-3,0.9780009426431719
CAGCGACCATCCGGGTx-3,0.8080119964747322
CATATGGAGCTGCAAGx-3,0.9814294758817795
CAGTCCTGTCGGATCCx-3,0.9831510005162486
CAGCTAATCTTGCATTx-3,0.9975822993621237
CAGATCAAGAAACCGCx-3,0.9812498048442287
CAGTAACTCGTTACAGx-3,0.9820365102703756
CAGCATAAGACACTAAx-3,0.9991092485740176
CAGCATAAGATGAGAGx-3,0.9805708227795353
CAGGTGCAGAGGTACCx-3,0.9914207548909442
CAGCCGATCGTTGACAx-3,0.9973447810386258
CAGGTGCCACCACGTGx-3,0.9957186769439497
CAGCGACGTGGTCCGTx-3,0.9944836246135244
CAGTAACTCCGTAGGCx-3,0.9791090383982972
CAGCTGGAGATCTGAAx-3,0.9974285243814227
CAGCGACCAGACGCAAx-3,0.9828943470685888
CAGCAGCCAATGGATAx-3,0.9991506512429222
CATATGGCACAACGCCx-3,0.9967587898895538
CAGCTGGGTATAAACGx-3,0.9986362853145669
CATATGGCAGTCACTAx-3,0.996319728507822
CAGCGACCACATCTTTx-3,0.9662294634233366
CAGTCCTGTCTTCGTCx-3,0.9990014534137185
CAGAGAGTCGCCGTGAx-3,0.9977377301338612
CAGCTGGTCAGAGACGx-3,0.98264970471167
CAGCCGAGTTACCAGTx-3,0.9003291661722008
CAGATCACAAGTTGTCx-3,0.9972072045133781
CAGCAGCGTCTAGCGCx-3,0.9983357221802496
CAGCTGGAGGACAGCTx-3,0.9936554489919508
CAGGTGCAGTGCCAGAx-3,0.9802963344231305
CAGGTGCGTCAGCTATx-3,0.9980305358309265
CAGCCGAAGGATGCGTx-3,0.9981103715534744
CAGCTAACAATCGGTTx-3,0.9976261868828714
CAGCAGCCAGAGTGTGx-3,0.9986368009826313
CAGTAACCATGGTTGTx-3,0.9933444578278434
CAGATCACACTACAGTx-3,0.9803904244111067
CAGCAGCTCTTTAGTCx-3,0.9823124846661598
CAGTCCTCACAACGCCx-3,0.981013988950998
CAGCTAATCCGGGTGTx-3,0.8347125688886509
CAGAGAGTCGAATGCTx-3,0.9817662994168925
CAGCCGAGTCCGTTAAx-3,0.9990959327916121
CAGCAGCGTTGTGGCCx-3,0.9811625313980796
CAGAGAGTCCAGGGCTx-3,0.9762887365062873
CAGATCATCACTTACTx-3,0.9967447129609199
CAGCGACGTTCGCTAAx-3,0.9976537530887631
CAGATCACACAGGAGTx-3,0.9811432702632162
CAGTAACTCCTTTCTCx-3,0.9974937126628196
CAGCATATCACCAGGCx-3,0.9795231952918402
CAGTCCTTCCACTGGGx-3,0.9985477884149834
CAGCGACAGGTGTTAAx-3,0.9210255136463
CAGTAACGTCTTTCATx-3,0.9968662250857345
CAGAGAGCAGATGGCAx-3,0.9995805032009857
CAGGTGCAGAAACCTAx-3,0.8561465647418514
CAGCATAAGTGGGTTGx-3,0.97661558533991
CAGCTGGGTTCTGGTAx-3,0.9977017173122936
CAGTAACAGAGGACGGx-3,0.9907393831541744
CAGCCGACACTAAGTCx-3,0.997093261377064
CAGATCACAAGCCGCTx-3,0.9957257492009105
CAGCTAACATAAAGGTx-3,0.9959016521826425
CAGAGAGTCTACCTGCx-3,0.9888287066506003
CAGCATACACTTACGAx-3,0.9768670844371729
CAGCAGCTCGGTGTTAx-3,0.9976567075669756
CAGCAGCTCACGATGTx-3,0.9984754194917583
CAGATCAAGATGTAACx-3,0.9981621055743972
CAGCAGCCACCAGGTCx-3,0.9927703005211922
CAGCATAGTCCGTCAGx-3,0.9799536310629032
CAGTAACGTACAGCAGx-3,0.9809328029464395
CAGGTGCAGTCAAGCGx-3,0.9956562112603999
CAGTCCTCAAGCGAGTx-3,0.9977334678515152
CAGTAACTCTCGCATCx-3,0.9846631753795421
CAGGTGCGTGCACTTAx-3,0.9821168285481078
CAGGTGCAGATGTAACx-3,0.998385908255832
CAGCTGGAGCCGTCGTx-3,0.9945191753566477
CATATGGCACTTCTGCx-3,0.997346389472645
CAGGTGCGTCTGGTCGx-3,0.99530232570001
CAGCCGAAGGGTATCGx-3,0.9820635311720549
CAGCTGGCAATGGATAx-3,0.9973805784907668
CAGATCATCTTCCTTCx-3,0.999073027633868
CAGCTGGAGCTCCTTCx-3,0.9820036410830404
CAGCTGGTCTGCGGCAx-3,0.9928150021961568
CAGCTGGCACGTTGGCx-3,0.9981883473782713
CAGCCGACAGAGCCAAx-3,0.8955525440751159
CAGAGAGGTGATGTCTx-3,0.9992311277535733
CATATGGCAGTAAGCGx-3,0.999193849655807
CAGCTAAGTGTTTGTGx-3,0.9801760518098365
CAGCCGACAGGGTACAx-3,0.805374506847302
CAGTAACAGTCTTGCAx-3,0.9964007577266348
CAGCTGGAGCTATGCTx-3,0.9963000440696081
CAGGTGCCACATGGGAx-3,0.980878587039309
CAGCCGATCTTGAGACx-3,0.9928278726290954
CATGACAAGGCCATAGx-3,0.9973577171042162
CATCCACAGAGCTGCAx-3,0.9988509270222662
CATCAGACAGACAAATx-3,0.9984417044375741
CATCCACGTGTGAAATx-3,0.9980079989413843
CATGGCGGTTCCACGGx-3,0.9974370625358662
CATCGGGAGGTGATTAx-3,0.990949657280562
CATTATCAGATATGCAx-3,0.9988883429775897
CATGCCTCATGTCTCCx-3,0.9751758835226724
CATGGCGTCAACGGGAx-3,0.972971233807639
CATCGAATCTGATTCTx-3,0.9990695005612411
CCAATCCGTTGGAGGTx-3,0.9983992061391359
CATGGCGCAATACGCTx-3,0.9843096452080464
CATGGCGCACCAGGTCx-3,0.9949465667414359
CATCAGATCCGTTGTCx-3,0.9823132725340998
CATTATCTCGTAGGAGx-3,0.9835527470466454
CCAATCCCAAACAACAx-3,0.9803351554435517
CCAATCCAGACATAACx-3,0.9941279201475187
CATATTCGTGTGCGTCx-3,0.9980938773638033
CATCCACGTGCCTTGGx-3,0.9991447634879643
CATCGAAAGCCGATTTx-3,0.9803186478323098
CATGGCGTCCCATTTAx-3,0.9975555017897393
CCAATCCAGCCTTGATx-3,0.9986528715815948
CATGGCGTCACAAACCx-3,0.9960305390749574
CATATGGGTTACGGAGx-3,0.9835914481330782
CATTCGCCACGTGAGAx-3,0.8191668331165638
CATATGGGTCTCACCTx-3,0.9990288123168245
CATGACAAGACCCACCx-3,0.9874977965458293
CATCCACAGAAACCATx-3,0.9979063994113028
CATCGGGGTTGTTTGGx-3,0.9976199669160427
CATCGGGCAATGTTGCx-3,0.999224012212251
CATGCCTTCGTCACGGx-3,0.9824807092373653
CATATTCCACTGAAGGx-3,0.990927560246777
CATCGAACATCGACGCx-3,0.9672868164709502
CATGACAAGACATAACx-3,0.9781087258430379
CATATGGTCAAGCCTAx-3,0.9621465424635876
CCAATCCTCTATGTGGx-3,0.9814973247821936
CATGCCTTCGCACTCTx-3,0.984863338107251
CATGGCGTCGGAGCAAx-3,0.9810743395136693
CATGACAAGGTAGCCAx-3,0.9984612329528986
CATGGCGGTCAGATAAx-3,0.9915963361210755
CATATTCAGTTACGGGx-3,0.9985349805868721
CATTATCGTGCCTGGTx-3,0.9979713337372677
CATTATCAGCTAAACAx-3,0.9978571550669937
CCAATCCAGAGTCTGGx-3,0.9997343556824894
CATGACATCCGGCACAx-3,0.9871899084038025
CATCCACCAGATCGGAx-3,0.9795927974652973
CATCAAGAGACGACGTx-3,0.9950489418443532
CATCAAGTCCTCGCATx-3,0.996725361166385
CATCCACTCATGTAGCx-3,0.9942627115549868
CATCCACCATCGATGTx-3,0.850554203824274
CATTATCGTCCAAGTTx-3,0.9965837012304503
CATGACATCTTCTGGCx-3,0.9818709781744112
CATATGGTCATCGGATx-3,0.9732054562442841
CATTATCCAAGAAGAGx-3,0.9948582448845978
CCACCTAGTATTAGCCx-3,0.9969376750785374
CATCCACTCCGCTGTTx-3,0.9984329716480141
CATATTCTCATTGCCCx-3,0.9968647277152295
CATCGGGCAAGCCGTCx-3,0.9919579651467997
CATTATCAGGCACATGx-3,0.9975510192431806
CATGGCGTCGAATCCAx-3,0.9959438000089886
CATATTCTCAGAGCTTx-3,0.9974711333059945
CATTATCGTATCGCATx-3,0.9857107886857618
CATCGAAAGAGCTGGTx-3,0.9816425707813189
CATCGAATCTGCAAGTx-3,0.9985911680866068
CATGACATCGCCAGCAx-3,0.9918680454379116
CATCGAAGTATCACCAx-3,0.993993906486925
CCAATCCTCACTGGGCx-3,0.9981877342203526
CATTATCAGTACGCGAx-3,0.9784104454347675
CATCCACGTTTGGGCCx-3,0.9971409265822565
CATGACAGTACCATCAx-3,0.9976842179868292
CATTCGCCACTTACGAx-3,0.9799680975457059
CATGCCTTCTCACATTx-3,0.9716370129724806
CATTATCAGTACGTAAx-3,0.9978780982796582
CATCCACGTCCGTGACx-3,0.9962790223595354
CATATTCCATCGGGTCx-3,0.7820694726711136
CATCAGATCTGGAGCCx-3,0.9989184528435794
CATCCACCACCAGTTAx-3,0.9988142965574639
CATGGCGAGACACTAAx-3,0.9982655222570771
CCACCTAAGCTAGTTCx-3,0.998932957239242
CCAATCCTCTAACTCTx-3,0.9806321120610344
CCACCTAAGGAATCGCx-3,0.9716308524263008
CCACCTAAGGGAGTAAx-3,0.9969347329484611
CATTCGCTCGTTGACAx-3,0.9979096691053095
CATGGCGTCACCCTCAx-3,0.9881099303566594
CATGGCGCACCACCAGx-3,0.9971570746840281
CATATTCCACTGCCAGx-3,0.9952208897478599
CCACCTAAGCGTCTATx-3,0.9959496846225812
CATGACAAGTTTAGGAx-3,0.9990071761383552
CATCGAAGTTATCGGTx-3,0.9579045574711614
CATCCACGTCACTTCCx-3,0.9487834964091516
CATTCGCGTTCAGACTx-3,0.9954128426289447
CATTATCCACGAGGTAx-3,0.9982497488657629
CATCAGATCACCGGGTx-3,0.9964261820038424
CATATGGGTGCCTGTGx-3,0.9924632933056164
CATGACAGTCGCGGTTx-3,0.9968192000335107
CATGACACAATCCGATx-3,0.9720606944115582
CATGACAAGGATGGTCx-3,0.9931131336378957
CATGACATCTCCGGTTx-3,0.9947656611685297
CCATTCGAGGCTAGACx-3,0.9975623230677244
CCGGGATCACTGTTAGx-3,0.9986015515973993
CCAGCGAGTTCCGGCAx-3,0.9982675815160613
CCCAGTTCACGCTTTCx-3,0.9844492699287436
CCATGTCCAAATACAGx-3,0.9974593228876241
CCACCTATCGCCATAAx-3,0.9947496705444178
CCACGGATCTCTGAGAx-3,0.9985032385533401
CCGTGGACAGTACACTx-3,0.9985094189838838
CCCAATCGTCTCTTTAx-3,0.997196079512076
CCCAGTTCACCTATCCx-3,0.9987079926155452
CCCAGTTAGATGTTAGx-3,0.9799573167944421
CCGTACTAGTATCGAAx-3,0.9961484130808633
CCACGGAAGTTTGCGTx-3,0.998242757828147
CCCAATCTCCTCTAGCx-3,0.9957774750757399
CCGTGGACAACGCACCx-3,0.9806676674741098
CCGTACTTCCCGGATGx-3,0.9990562798837067
CCACGGAAGTGATCGGx-3,0.9996417432127409
CCGGGATTCTGCTGTCx-3,0.8097491583213646
CCCAGTTCATCACGATx-3,0.9973761021719455
CCATTCGAGGGAGTAAx-3,0.995860421930763
CCGTACTCAGTTCCCTx-3,0.9955309494659309
CCATGTCCATATACGCx-3,0.9839599771347536
CCGTGGAGTAGAAAGGx-3,0.9989989163574201
CCCAGTTGTTGAGTTCx-3,0.9809516950520083
CCACCTATCGCATGATx-3,0.9685137515785603
CCAGCGAGTCAAAGCGx-3,0.9818703636859905
CCAGCGACACGGCTACx-3,0.9809806721768944
CCGGGATTCAGTTAGCx-3,0.9813351815932495
CCACGGATCCCATTTAx-3,0.9959926829565513
CCACCTAGTGAGGCTAx-3,0.9934115507597103
CCGGGATTCACATGCAx-3,0.9890364785749061
CCGTACTAGGGTGTTGx-3,0.9813897321100217
CCACCTATCCTACAGAx-3,0.7576842588382393
CCACGGATCACTGGGCx-3,0.9980560673161757
CCAGCGAGTCCAGTATx-3,0.9832801013059137
CCACGGAAGAGCAATTx-3,0.99579901148309
CCAGCGACAATCTGCAx-3,0.9755458574136184
CCCATACTCCTCAATTx-3,0.9990627141912698
CCGGGATTCAGAGACGx-3,0.9739073246679997
CCCTCCTAGTCGCCGTx-3,0.9944196767149531
CCACTACGTCGTTGTAx-3,0.9976812071644637
CCGGTAGGTGATGTCTx-3,0.9945245633569062
CCCAATCGTGCATCTAx-3,0.9797866411538775
CCCATACAGCGAGAAAx-3,0.8455450419635522
CCATGTCTCCGAACGCx-3,0.9990044893454144
CCCAGTTCAATTCCTTx-3,0.9973064837299579
CCATGTCCATCACAACx-3,0.9915552214711535
CCGTACTTCTAACCGAx-3,0.9986569789535247
CCATGTCGTATGCTTGx-3,0.997460843476723
CCGGGATGTTGGGACAx-3,0.9785974147697851
CCCAATCAGACAATACx-3,0.9563632514635668
CCCAGTTGTTCGCTAAx-3,0.9941408174523936
CCAGCGAGTTACTGACx-3,0.9820108505929066
CCGGGATTCATCGATGx-3,0.9805446620498435
CCATGTCTCCTATTCAx-3,0.9675514710646571
CCGGGATTCTTGCAAGx-3,0.9937687371831166
CCACTACGTCGCTTCTx-3,0.9973791146274115
CCCAGTTTCACTTCATx-3,0.998409161823839
CCCAGTTAGTTTAGGAx-3,0.9967523919361538
CCCAGTTTCCTCAATTx-3,0.9856936895672899
CCCAATCGTGATAAACx-3,0.9790946654553696
CCAGCGATCAGTTAGCx-3,0.9803992088730651
CCATTCGAGGCTCTTAx-3,0.9949455984037063
CCACGGACATCACGTAx-3,0.9800102699368882
CCGGGATCACGCTTTCx-3,0.9822262314925719
CCGGTAGTCATGTCTTx-3,0.9803394918018112
CCGTGGACACATAACCx-3,0.9791638500801607
CCACCTATCGCCAAATx-3,0.9794570794243492
CCGTGGAAGACTAGGCx-3,0.9971927171959182
CCAGCGAAGCCGATTTx-3,0.999246930116352
CCACGGAGTCAGTGGAx-3,0.9981791139269505
CCCTCCTTCATTATCCx-3,0.8231332733884311
CCGTACTAGCCCAGCTx-3,0.973157562769365
CCACTACCACTGCCAGx-3,0.9984572601473823
CCACGGATCCGCTGTTx-3,0.9948794684658222
CCCAATCAGCTGAACGx-3,0.9981233112516008
CCCAATCAGTGGGCTAx-3,0.9948193896335884
CCACGGAAGCGATATAx-3,0.8753617599444683
CCACTACGTAGAAGGAx-3,0.806338669443792
CCAGCGATCAACCAACx-3,0.9766457986638004
CCGTACTGTTATTCTCx-3,0.9984397791810883
CCACCTAGTGGTGTAGx-3,0.974532067621974
CCCATACTCTTCCTTCx-3,0.8429979182976519
CCACGGAGTTCCTCCAx-3,0.9923106825687827
CCAGCGAAGTCAAGGCx-3,0.976699241972725
CCCAGTTTCTAAGCCAx-3,0.9940066453325237
CCATTCGCAGTAAGCGx-3,0.9991536012565547
CCATGTCGTTTAGGAAx-3,0.9783375854510488
CCCAATCGTGCTCTTCx-3,0.9817672104683718
CCGTGGAAGATAGTCAx-3,0.9963400432841837
CCGTGGAGTATAGGTAx-3,0.981886156059314
CCATGTCCACAGGCCTx-3,0.9971655054980031
CCGTACTAGTCCATACx-3,0.9986524115639678
CCCAATCTCTGCTTGCx-3,0.9977577822201348
CCAGCGAAGTCAATAGx-3,0.998227040825457
CCGGTAGAGAAAGTGGx-3,0.9846717488304569
CGAACATAGATCGATAx-3,0.9703031064221916
CCTTTCTAGAATAGGGx-3,0.9959626422497608
CCTACACGTCAATACCx-3,0.9814869713170565
CCGTTCACAGCTGGCTx-3,0.9956312130611534
CGAACATCAAACGTGGx-3,0.9806516263741217
CCTCTGAGTGAAAGAGx-3,0.9749925121174311
CCTAGCTTCAATCTCTx-3,0.9796437540451545
CCTTTCTGTAGCGTAGx-3,0.9792095990807029
CCTATTATCCGTTGCTx-3,0.9803062057193764
CCTTACGGTAGCTCCGx-3,0.9975316459871149
CCTTCCCCACAGAGGTx-3,0.9913434486607742
CGAACATAGAACTGTAx-3,0.9819478647291201
CCGTGGAGTTCCGTCTx-3,0.9836500004392955
CCTAAAGAGAACAACTx-3,0.9981305671096705
CCTTACGAGTCATGCTx-3,0.980343498770636
CCTTCGATCTGGGCCAx-3,0.9984088394628411
CGAACATAGGCGATACx-3,0.9755699343255724
CCTACCACACGACGAAx-3,0.9818407776283031
CCGTTCATCCAAATGCx-3,0.9818622413898428
CCTTCCCAGACTCGGAx-3,0.9986379094773385
CCTAAAGGTACGACCCx-3,0.9768413637316365
CCTAGCTAGAATGTGTx-3,0.9976673657658202
CCTTTCTTCAGCTTAGx-3,0.9805657153782925
CCTAAAGTCAACACACx-3,0.9992567419077198
CCTATTATCATTTGGGx-3,0.9809131491902408
CCTACCATCACAGTACx-3,0.996197031708621
CCTCTGATCTTGTATCx-3,0.9969868546692826
CCTACCATCTTAGAGCx-3,0.9950649795765237
CCTTTCTTCTTTACGTx-3,0.9954677783381384
CCGTTCAGTACGCACCx-3,0.9958881110669232
CCGTTCACATTCGACAx-3,0.9952541519776446
CCTTCGAAGGCATGTGx-3,0.996561329710797
CCTATTACATTACCTTx-3,0.9432577136146093
CCTACACGTAGCCTATx-3,0.9939190782666929
CCTAAAGCAGCCTATAx-3,0.9923226697427282
CCTAAAGCAGTACACTx-3,0.996626247832517
CCTTCCCAGTAAGTACx-3,0.9992073728168879
CCTATTACAGTAGAGCx-3,0.9772614207163759
CCTTCGAAGTCACGCCx-3,0.9818157239821771
CGAACATAGTCTTGCAx-3,0.9786876807335648
CGAACATAGCTAGCCCx-3,0.9795101972666436
CCGTGGATCATATCGGx-3,0.98039345068583
CCTCTGATCTGCCCTAx-3,0.9968692128020785
CCTCTGATCAATACCGx-3,0.9781166198457713
CCTAGCTGTCGCGAAAx-3,0.9830039662272735
CCTAGCTGTTGAACTCx-3,0.9808406796973574
CCTATTACACCATCCTx-3,0.9967406452745502
CCGTGGAGTTAGATGAx-3,0.9710345987527033
CCTTACGCACATTAGCx-3,0.9919346008172001
CCGTTCAGTCATATCGx-3,0.9661343268258413
CCGTGGAGTTACGGAGx-3,0.8650316958821999
CCTACACCAACGATCTx-3,0.9979592634829507
CCTCAGTAGATGTAACx-3,0.9969767177746187
CCTACCATCTGTGCAAx-3,0.9975109811671019
CGAACATAGGATGCGTx-3,0.9770364779548397
CCTACCAAGTCTCCTCx-3,0.9964396229354695
CCTATTAGTCCTCTTGx-3,0.9827674304223838
CCTTACGAGTTCGCGCx-3,0.9814871073579947
CCGTGGATCGCCGTGAx-3,0.9748420395447029
CCTACACGTCACTGGCx-3,0.9989625831676117
CCTACCAGTTAAAGACx-3,0.9821216436647926
CCTCAGTTCGAACTGTx-3,0.9928536609088878
CCTATTACAATCACACx-3,0.9860005164323726
CCTACCAAGGGTCGATx-3,0.9776576541896717
CCTACACTCTACGAGTx-3,0.981754383125867
CCTTCCCCAAATTGCCx-3,0.9969585450624597
CCTTCGAGTAAACGCGx-3,0.9828434788596472
CCTCTGATCCTGCAGGx-3,0.9821980653434904
CGAACATGTGGTTTCAx-3,0.997751405538384
CCGTTCAGTTAAGTAGx-3,0.9796461471461413
CCGTTCACATCGGAAGx-3,0.9978401221395076
CCTTCGACAACTTGACx-3,0.9950410209260215
CCGTTCATCGGCGGTTx-3,0.9801049469437226
CCTACACTCGCGTTTCx-3,0.9985864592503498
CCTATTACATTTCACTx-3,0.9978501535525869
CCTACCAGTCAGAATAx-3,0.9977299359268864
CCGTTCATCTGCCCTAx-3,0.9922263312770068
CCTAAAGAGACCTAGGx-3,0.9801343920305309
CGAACATGTCTGCGGTx-3,0.9977056923877516
CCTTCGAGTTCGTCTCx-3,0.9949214964342245
CCTCTGAAGCTACCGCx-3,0.9817579697547297
CCTTCCCTCTATGTGGx-3,0.8793123616336711
CCTTCCCTCATCGCTCx-3,0.9988671780633455
CCTACACCAAACTGTCx-3,0.979894720848552
CCTCTGAGTAGGCATGx-3,0.996913921923754
CCTTACGGTTATCGGTx-3,0.9952840848866973
CCTTACGTCAGAAATGx-3,0.9986836151555967
CCTTCGACATAAGACAx-3,0.998409087119354
CCTACACGTGCCTGGTx-3,0.8748770628511263
CCTAGCTGTCGATTGTx-3,0.9570910373341399
CCTTCGAAGTGGACGTx-3,0.9994928095217718
CGAACATGTTGAGTTCx-3,0.9837396743629256
CCTTCGAAGGCACATGx-3,0.9988273518710747
CCTTCGAGTACCGAGAx-3,0.9937644619632225
CGACTTCGTATATCCGx-3,0.9856237959701633
CGATTGAAGCCAACAGx-3,0.9953905957501619
CGCCAAGTCTCCAGGGx-3,0.9973615619330918
CGAGAAGGTGAAGGCTx-3,0.9693423543602617
CGCCAAGCAATCGAAAx-3,0.9808114359637443
CGATGGCAGGTGATTAx-3,0.9928310976491556
CGACCTTTCCCTAACCx-3,0.9976549528957381
CGATGGCCAACACCTAx-3,0.9991671087168956
CGATCGGGTTGAACTCx-3,0.9782257407506089
CGATGGCGTACCGTTAx-3,0.9982833638555563
CGATCGGTCGCACTCTx-3,0.9979388837109828
CGATGTAGTACAAGTAx-3,0.9986820366829249
CGAGCACGTAACGCGAx-3,0.9927025486335693
CGACCTTTCCCAAGTAx-3,0.9987113437598185
CGAGAAGGTCGCCATGx-3,0.982122816819424
CGAGCACCATGCCTTCx-3,0.9822824497987138
CGAGCCATCCGTAGGCx-3,0.9818632439517091
CGAATGTCACAAGACGx-3,0.9985968453374487
CGAATGTAGATGAGAGx-3,0.9681194006183947
CGAATGTTCAGGCAAGx-3,0.9934226026229348
CGATGTAGTGTCAATCx-3,0.9723604490556063
CGAGCACTCAGAGACGx-3,0.98205987361993
CGAGAAGGTAAGTAGTx-3,0.9986576751920163
CGATGTACACACTGCGx-3,0.9940179273727684
CGACTTCTCCTATGTTx-3,0.9969838836846535
CGAGAAGGTACGACCCx-3,0.9972072600780298
CGACCTTCACGGATAGx-3,0.9992869875828171
CGACTTCCATTACCTTx-3,0.9962204625796058
CGAGAAGCACTTAAGCx-3,0.8096071533833291
CGAATGTTCATCATTCx-3,0.9781703346176198
CGATGTACACGTGAGAx-3,0.9967387888996116
CGATTGAAGATACACAx-3,0.9982203468058761
CGATGGCCAGGAATGCx-3,0.9988105696249697
CGACTTCCAAATACAGx-3,0.9904715769947948
CGAGCACCACGTTGGCx-3,0.9955014438396114
CGAATGTCAGTTCCCTx-3,0.9812823080976013
CGAGAAGGTTGATTGCx-3,0.9965723947798051
CGAGAAGCATAAAGGTx-3,0.980055508951703
CGATGGCTCGTCACGGx-3,0.997540176745666
CGAGCACAGGGATACCx-3,0.9964729230527556
CGATGTACATTCACTTx-3,0.8594330917388529
CGATGGCGTTAAGAACx-3,0.9817741405155616
CGAATGTAGTTACGGGx-3,0.979676991878826
CGCCAAGCACCGATATx-3,0.982342357138192
CGAATGTGTAGAGTGCx-3,0.9956010469767034
CGCGGTAAGATGCGACx-3,0.9794491704061319
CGATGTATCCAAACTGx-3,0.9814066499704643
CGACTTCTCGGAGGTAx-3,0.9998139834003382
CGAGCCACATGCATGTx-3,0.997243543821451
CGATGGCCAACTGGCCx-3,0.9982861601014218
CGATGGCGTCAAAGCGx-3,0.9877235850023486
CGACTTCTCATCGCTCx-3,0.9983774523377621
CGATGTACACAACGTTx-3,0.9992189818249746
CGAGAAGTCCCATTATx-3,0.9969476470971331
CGAGCACGTATAGGTAx-3,0.9816575306220519
CGAATGTAGAGACTATx-3,0.959568300188049
CGAACATTCCTGCAGGx-3,0.9977592133762679
CGAATGTAGAGGTTATx-3,0.9806491740378712
CGCCAAGGTCCAACTAx-3,0.9887673096893922
CGAGCACTCATTATCCx-3,0.9988583313359997
CGATGTAGTTTCCACCx-3,0.908290090407876
CGACTTCGTCAACATCx-3,0.9956011979622162
CGATGGCTCTGGCGACx-3,0.9991050218260105
CGACTTCAGCTAGTTCx-3,0.998394796111871
CGAGCACCATGGTAGGx-3,0.9756948961199012
CGAGCCATCAACACGTx-3,0.9991059861262207
CGACCTTTCGCGTAGCx-3,0.9728965525008559
CGACCTTGTTCGAATCx-3,0.9977881486338095
CGACTTCGTGACGCCTx-3,0.9985686675131272
CGAATGTTCTTCCTTCx-3,0.9792572216555888
CGAGAAGGTAGCCTCGx-3,0.9262624689765907
CGACCTTTCCTCAATTx-3,0.995129181621701
CGATGGCCAGTGAGTGx-3,0.9953704822075833
CGAGAAGAGTACGATAx-3,0.7579624411676437
CGAGCCATCCGCGGTAx-3,0.97783820428451
CGACCTTAGTCGATAAx-3,0.9965006279927143
CGCCAAGGTTACGACTx-3,0.9479877109925481
CGAACATTCTTCGAGAx-3,0.9990851573193071
CGACTTCTCAGGTAAAx-3,0.995426193913783
CGCCAAGCAGTCGATTx-3,0.9972911896519338
CGATCGGTCCCAACGGx-3,0.9995901017165622
CGATGGCGTTCGCGACx-3,0.9960899015064922
CGACTTCGTAGGAGTCx-3,0.9623669082527964
CGAATGTGTTCCACAAx-3,0.9967617931753157
CGATGTATCCAAAGTCx-3,0.9782187976944483
CGAGCCAAGTGATCGGx-3,0.9938846739171505
CGATGGCCAAGGCTCCx-3,0.9537748281741211
CGAGAAGAGATCCCGCx-3,0.9972357987714848
CGATCGGGTAGCGTGAx-3,0.9805113651672973
CGATCGGGTGACTACTx-3,0.9784176967026839
CGATTGAAGGAATCGCx-3,0.9809992354668299
CGAATGTGTATATCCGx-3,0.9151346029612338
CGAGCCATCCCAAGTAx-3,0.9978105164024658
CGAATGTAGGCGCTCTx-3,0.9939374312190015
CGAGCACGTGGTAACGx-3,0.9982447213120252
CGCTATCAGAAGGTGAx-3,0.9796604747977185
CGGAGCTTCTTGACGAx-3,0.9882897824976816
CGCTGGAGTACACCGCx-3,0.9979306243573894
CGGTTAAAGTTGCAGGx-3,0.9971201190917867
CGCGGTATCTGTTTGTx-3,0.9986612211237755
CGGAGTCGTGCTGTATx-3,0.9299431427989017
CGGGTCACATGTAGTCx-3,0.9972825163408748
CGCGGTATCGTGTAGTx-3,0.9504399349306132
CGCGGTAGTAGAGCTGx-3,0.9810746070531634
CGCTATCCAAGCCATTx-3,0.9983883364764781
CGGAGTCCACGGTAGAx-3,0.9970826242438539
CGGAGTCTCGCCTGTTx-3,0.9978591423587977
CGGACTGAGCGGATCAx-3,0.9796619783127776
CGCGGTATCTGTCAAGx-3,0.995529765161434
CGCTATCCATCGGACCx-3,0.9790005659510337
CGCGTTTAGTACGTAAx-3,0.9915228025764874
CGGTTAACAGGTCTCGx-3,0.9964359027963072
CGGACGTAGTGCAAGCx-3,0.9801310449517249
CGGGTCAGTTGGGACAx-3,0.9985805260117316
CGTAGCGGTCAGCTATx-3,0.974929766962305
CGGACTGAGGATGTATx-3,0.9579528307515872
CGCGGTATCCGAACGCx-3,0.9984437224463393
CGCGGTAGTGAACCTTx-3,0.995617258098814
CGCTTCATCTGGCGTGx-3,0.9939140711761362
CGGAGTCTCTTTACGTx-3,0.9853307717153345
CGGACACCATCGTCGGx-3,0.9807077351817827
CGGAGCTTCCTTTACAx-3,0.9791838919788424
CGGACGTAGAAACGAGx-3,0.9827743697798779
CGGACGTTCCACGACGx-3,0.9977450076112673
CGTAGCGGTTCCACTCx-3,0.981545914226358
CGGGTCAAGTGGTAATx-3,0.976891727197247
CGGACACGTTACGACTx-3,0.9895991133973118
CGGAGCTCAAGAGGCTx-3,0.9929447601588745
CGCGGTACATAACCTGx-3,0.9989462766804972
CGCTATCCACACCGACx-3,0.9979972806816841
CGGTTAAAGTGGACGTx-3,0.9989324030628207
CGGAGTCGTACATCCAx-3,0.9964926513456953
CGGCTAGAGTAGCGGTx-3,0.9540011847868841
CGGAGTCTCTACCAGAx-3,0.9969164142710133
CGGCTAGGTAATAGCAx-3,0.9986423898490708
CGGGTCACACCCATGGx-3,0.9977220041223284
CGGCTAGTCGCAAACTx-3,0.998583538067121
CGGGTCAGTCTAAACCx-3,0.9830756302291872
CGGAGCTAGCCACGCTx-3,0.9791096458872625
CGCGGTACAATCAGAAx-3,0.9978964515441414
CGGGTCATCCCTCTTTx-3,0.9932436402464186
CGTAGCGGTAGAGGAAx-3,0.9973153968875893
CGCTATCGTTCCATGAx-3,0.9978202282919048
CGCTATCTCCGCTGTTx-3,0.9975367942112852
CGGGTCACACTATCTTx-3,0.9971020553323452
CGTAGCGGTCAATGTCx-3,0.974677794018288
CGGACACGTAAGTGGCx-3,0.9800142837243316
CGCTATCAGGTGATATx-3,0.9914515599208309
CGCGTTTAGAATGTTGx-3,0.9977721712530112
CGTAGCGAGCTTTGGTx-3,0.9984114102860199
CGCTGGAAGGTCGGATx-3,0.9786277855860547
CGGAGTCGTTAAGACAx-3,0.9968170165648366
CGGCTAGAGCTTCGCGx-3,0.9813231307462685
CGTAGCGCAATAGAGTx-3,0.9987635117340641
CGGACTGTCAGCGATTx-3,0.9952302843853148
CGTAGCGTCTGTCTATx-3,0.9972813611884435
CGCTATCAGCTAGGCAx-3,0.962393644322722
CGGACTGTCCCGGATGx-3,0.996514195010905
CGGAGTCGTAGGGTACx-3,0.9971416099324135
CGCTATCTCGAGGTAGx-3,0.99094964331578
CGGTTAATCAGAAATGx-3,0.9978791923022923
CGGCTAGGTGTCTGATx-3,0.9826726465120105
CGGCTAGCAAGGTTCTx-3,0.9974734361039109
CGGCTAGAGCAGCGTAx-3,0.9818169472233009
CGGCTAGAGCGTGAGTx-3,0.9808030785621851
CGGGTCAAGACGCAACx-3,0.9785488972999775
CGGCTAGCAAGTTCTGx-3,0.9982423622829432
CGGAGCTCAGTCGATTx-3,0.9467657733449572
CGGACACAGGATTCGGx-3,0.9753129525684674
CGGACTGCATCTGGTAx-3,0.9983708485545143
CGCGGTACAGCCAGAAx-3,0.9922276374814842
CGGTTAATCACCTCGTx-3,0.9872281260058129
CGTAGCGAGTGGGCTAx-3,0.9817303409813364
CGCGTTTCAGCCAATTx-3,0.9866956941420537
CGGAGTCTCATAGCACx-3,0.998925585348468
CGGCTAGTCTCAAGTGx-3,0.9975401167582257
CGGCTAGTCTCCTATAx-3,0.995324523137521
CGGACACAGGCGTACAx-3,0.9982299889185448
CGGACGTCAGAGCCAAx-3,0.9988680927205642
CGGAGTCGTCCTAGCGx-3,0.9809519821319742
CGGTTAAGTAATAGCAx-3,0.9820025301973866
CGGACACGTGACGGTAx-3,0.9795499460534419
CGGCTAGAGATGCGACx-3,0.9963282803051889
CGGACGTAGCTATGCTx-3,0.9817525312779154
CGCTATCGTTTGACTGx-3,0.9984762005239366
CGGCTAGGTATCAGTCx-3,0.9817889777984817
CGGGTCAAGGGAGTAAx-3,0.8751756703301027
CGTAGCGTCTTCGAGAx-3,0.9799300675107414
CGGCTAGGTCCGTTAAx-3,0.9986432093401275
CGCGTTTCAGATCGGAx-3,0.9812470060909172
CGTCTACCATGGGACAx-3,0.9966738341568108
CGTGTAAGTCCAACTAx-3,0.9930758625405122
CGTAGGCCAAGCCGTCx-3,0.9875001849648433
CGTCCATTCGAACTGTx-3,0.994537968400777
CGTCACTGTTCACCTCx-3,0.9809280801484845
CGTGAGCAGCACACAGx-3,0.9986949800773054
CGTGTAAGTAGGACACx-3,0.9969558470257638
CGTGTCTAGTCTCGGCx-3,0.9834404684914448
CGTGAGCAGATCGGGTx-3,0.9990243785924838
CTAACTTGTACACCGCx-3,0.9976531389298279
CGTAGGCAGTGTCTCAx-3,0.959419595897178
CGTTAGACACAAGCCCx-3,0.9980779816627133
CGTCCATCATTTCAGGx-3,0.9980977722183103
CGTTGGGAGCGTTCCGx-3,0.998843537536119
CGTTCTGGTTCACCTCx-3,0.9938502023189505
CTAACTTCAACACCTAx-3,0.9753730918271684
CGTGAGCGTGATGCCCx-3,0.9902867655098376
CGTGAGCCACACCGCAx-3,0.9992180094709071
CGTGTCTAGGAGTCTGx-3,0.9777926372393551
CTAACTTGTCTTGATGx-3,0.9873052881344053
CGTTGGGCAGGAATGCx-3,0.8082541221744952
CGTTGGGAGGGATCTGx-3,0.9952271302802916
CGTCTACAGAGTAAGGx-3,0.9967667600722453
CGTCAGGTCGAATCCAx-3,0.999117293359504
CGTCACTTCGTACCGGx-3,0.9946153176299198
CGTGTCTTCAGCGACCx-3,0.9297261659266357
CGTAGGCAGAGATGAGx-3,0.9814335293795502
CGTGAGCAGTTCGCGCx-3,0.9349606313283845
CGTCTACAGTGTTAGAx-3,0.9803407993771256
CGTCCATTCCTGCAGGx-3,0.9988222740295855
CGTGTCTAGGAGTACCx-3,0.9813404571012441
CTAACTTGTACCCAATx-3,0.9277663052712667
CGTTGGGTCTCCGGTTx-3,0.9987128819488306
CGTTAGATCATACGGTx-3,0.9983906802521395
CGTAGGCTCGTGGACCx-3,0.997506357213439
CGTCACTGTTCTGGTAx-3,0.7696902443593625
CGTGAGCCATACTCTTx-3,0.9982613660227518
CGTGAGCTCCACGTGGx-3,0.9985323747047453
CGTAGGCGTCCATCCTx-3,0.9991085874480586
CGTCACTTCGTTACGAx-3,0.9832575663827614
CGTTCTGTCCGAAGAGx-3,0.9978218474037708
CGTAGGCCAAGCCCACx-3,0.9960611179249236
CTAACTTTCCCTCAGTx-3,0.9983863440911401
CGTCAGGAGCTGCAAGx-3,0.9972150682645019
CGTCCATTCAAACCGTx-3,0.9812754250862381
CGTGTAAGTCCGTCAGx-3,0.9979010209203075
CGTGAGCCAAGCGATGx-3,0.9991037162938192
CGTTCTGGTGCAACTTx-3,0.978830176027462
CGTAGGCTCAAGGCTTx-3,0.9774296941255577
CGTCAGGAGCCAGAACx-3,0.9987212511571718
CGTGTAAGTCTCACCTx-3,0.9993414213336617
CGTTCTGTCGTGGTCGx-3,0.9985851943268885
CGTTCTGTCTGGTGTAx-3,0.9977980583036735
CGTAGGCGTCTCTCTGx-3,0.9965814345792459
CTAACTTTCACATACGx-3,0.9984062945325114
CGTCAGGTCACATGCAx-3,0.9904189067867561
CGTGTAAAGAGGGCTTx-3,0.9986701741352376
CTAACTTCAAGGTTCTx-3,0.9767141548840612
CGTTGGGAGTAGGCCAx-3,0.9980008248673068
CGTGTAATCTTGACGAx-3,0.9966614443108894
CGTCACTAGAAGAAGCx-3,0.996741422422215
CGTCACTGTAAGAGGAx-3,0.99826052209103
CGTGAGCTCTCCAACCx-3,0.9830287957145795
CGTAGGCTCCTGCTTGx-3,0.998471297236996
CGTTGGGTCTCGATGAx-3,0.9941163941588064
CGTTGGGTCTGGTGTAx-3,0.9992172107743753
CTAACTTTCGGCTACGx-3,0.9903441928983393
CGTTGGGTCGTTTATCx-3,0.8934589062884253
CGTCTACGTCAGCTATx-3,0.9803098398076132
CGTGTCTTCTTTACGTx-3,0.9953188869088716
CGTTCTGAGACATAACx-3,0.9988759764470887
CGTCTACGTCTGATTGx-3,0.994861127791119
CGTGTAATCTACGAGTx-3,0.9979830943133029
CGTTGGGGTATATCCGx-3,0.9811706327860154
CGTAGGCCATGACGGAx-3,0.9819033224506691
CGTTGGGTCCTCAATTx-3,0.9966449873125202
CGTTGGGGTCAAAGCGx-3,0.980380705828398
CGTAGGCGTCGCTTCTx-3,0.9989361134652072
CGTTGGGTCCGCGCAAx-3,0.9962821564251636
CGTCACTAGTATGACAx-3,0.9988871836009818
CTAACTTGTACCGAGAx-3,0.9922704416758884
CGTCTACAGCATGGCAx-3,0.9942659887298136
CGTTAGAAGCCCAATTx-3,0.9988257921139243
CGTCAGGCAGGATTGGx-3,0.9825136586626162
CGTAGGCAGAACTCGGx-3,0.978344901502022
CTAAGACGTAGTACCTx-3,0.9972156147937369
CTAACTTCACTGTGTAx-3,0.9982113875591762
CGTCACTTCTGTGCAAx-3,0.9991251239931107
CTAACTTTCAGAGCTTx-3,0.9907678645582393
CGTTGGGGTTATCACGx-3,0.9983480899279453
CGTTAGATCCCTAATTx-3,0.9969645689562293
CGTAGGCGTTCGGGCTx-3,0.99488310472029
CGTCTACGTCGAGATGx-3,0.9992860807986562
CGTCACTCACTTCGAAx-3,0.9585126623093216
CGTCCATTCGAATGCTx-3,0.9806873522299867
CTACGTCGTCGGCTCAx-3,0.9989896193091036
CTAGAGTAGAGTAAGGx-3,0.9964276539846354
CTACATTTCCCATTATx-3,0.989953738175579
CTCAGAACACGTGAGAx-3,0.9981931852475759
CTACACCGTACTTCTTx-3,0.9987281704101705
CTCAGAAAGTAGTGCGx-3,0.9984108942253171
CTCCTAGAGAGGTAGAx-3,0.9991646994941797
CTCATTATCTCTTATGx-3,0.9992222582550045
CTACACCAGCGTGAACx-3,0.9744418356421019
CTACGTCAGGGATCTGx-3,0.9808506670443594
CTCACACGTACTTAGCx-3,0.9987299242206553
CTAATGGAGACTACAAx-3,0.9987555160894938
CTACGTCAGATGTGGCx-3,0.9814282420996118
CTAGAGTCACAAGACGx-3,0.9937529901070669
CTCACACCATACTACGx-3,0.9980003554245737
CTAGCCTAGGATGTATx-3,0.9557224758341164
CTCACACCAATCTACGx-3,0.99689546616797
CTAATGGGTCACTGGCx-3,0.9325191164871399
CTCAGAACAGGAATCGx-3,0.9994460991891065
CTAGAGTCACAGATTCx-3,0.8250045121915754
CTAGCCTCACAACGCCx-3,0.9821381327460943
CTACGTCGTGCGAAACx-3,0.9976417947152708
CTCACACCATGAACCTx-3,0.9811232076225177
CTAATGGAGGTGCACAx-3,0.9983188468666183
CTAATGGAGCTAGTCTx-3,0.9991172351602453
CTAATGGTCTTGTATCx-3,0.980481357831727
CTACATTCAACTTGACx-3,0.9969908772080868
CTAGCCTTCACAATGCx-3,0.9801817271224367
CTAGAGTGTTATCGGTx-3,0.992288036942077
CTAGAGTTCGAATGCTx-3,0.9980834486306209
CTAGCCTCACATGGGAx-3,0.9811815922228203
CTCACACGTGTAAGTAx-3,0.9990244277394497
CTCACACTCCTATGTTx-3,0.9971798056758772
CTACCCAAGCTCCTCTx-3,0.9593734350177903
CTCACACGTCTCACCTx-3,0.859925594948584
CTCCTAGAGCCAGAACx-3,0.9955315540601746
CTCATTATCAGAAATGx-3,0.9977348003685216
CTAGAGTAGGCTCAGAx-3,0.9984362228353448
CTCACACTCAGCTTAGx-3,0.9992119105318178
CTACCCAGTTCTCATTx-3,0.9801753080311021
CTAAGACGTCAATACCx-3,0.9813230644923941
CTACGTCTCCTTTCTCx-3,0.9965091413698085
CTACCCAAGCACCGTCx-3,0.9985069600009503
CTCAGAAAGGCTCTTAx-3,0.9861760866195178
CTAGCCTAGAGATGAGx-3,0.9814508660436512
CTAATGGCAATGAAACx-3,0.9949805808186098
CTACCCACACTTAACGx-3,0.9971371835769308
CTCATTATCGGATGTTx-3,0.9981269541639413
CTACATTAGTCATCCAx-3,0.9967574679140726
CTAGCCTAGGGCTTGAx-3,0.9903337181799147
CTAGTGAGTCTGATTGx-3,0.9986128497041593
CTAGCCTAGAGTCTGGx-3,0.9919487881179718
CTACGTCCACGAAGCAx-3,0.9535786110004535
CTAATGGTCACATACGx-3,0.9983151789724636
CTCAGAATCTTATCTGx-3,0.9982821961126075
CTAGTGATCAGCCTAAx-3,0.9974525927410522
CTCAGAACACCCATGGx-3,0.9795699297615995
CTCAGAAAGCACGCCTx-3,0.9966337559417808
CTAGTGATCACCTCGTx-3,0.9979412524696065
CTACATTGTTGATTGCx-3,0.9810291134261138
CTAATGGTCACGACTAx-3,0.9984963762712756
CTCATTAAGGGTTTCTx-3,0.9983591846923826
CTCACACAGCTAAACAx-3,0.981864155667127
CTAGAGTGTGGCGAATx-3,0.8132349901085868
CTACACCCACAGACTTx-3,0.9974658147309753
CTACATTGTCTTGTCCx-3,0.994074001883502
CTACCCACAGCCTTTCx-3,0.9982894608453061
CTACACCTCGCCTGTTx-3,0.9931993485793779
CTCATTAGTTACCAGTx-3,0.9939937051301313
CTACACCCAGTCAGCCx-3,0.9992586626081726
CTACACCCACAACGCCx-3,0.998221288659295
CTAATGGAGCTACCGCx-3,0.9954075893258258
CTAATGGCACCATGTAx-3,0.9984567858834499
CTAATGGAGTACTTGCx-3,0.9815441375894867
CTACACCCATACAGCTx-3,0.9799295249333586
CTCAGAATCAACGCTAx-3,0.9803837503019425
CTACATTCAGTCGATTx-3,0.9983294176460905
CTAGCCTAGCCACCTGx-3,0.9829634511386205
CTCAGAACAGGTTTCAx-3,0.9696652214072969
CTCACACGTCATGCATx-3,0.9958277655498199
CTACCCATCACTTACTx-3,0.9973180561626181
CTACGTCGTGCCTTGGx-3,0.9986935282861593
CTACGTCGTTACGTCAx-3,0.7998791079401361
CTACATTTCCTCAATTx-3,0.994766887390425
CTCAGAATCCCATTTAx-3,0.9969748726951568
CTAGTGACATGGGACAx-3,0.9986621809089554
CTAGAGTTCAGTACGTx-3,0.9943264431054267
CTAGTGAGTCTTGCGGx-3,0.9987384600066271
CTAATGGGTATCACCAx-3,0.9938530485792759
CTAGAGTTCACGACTAx-3,0.9828747284019638
CTCACACTCCACTGGGx-3,0.992355384572122
CTCCTAGAGGGCTTGAx-3,0.996383090083874
CTACATTAGTCTCCTCx-3,0.9755892504177204
CTAGTGATCATGTGGTx-3,0.9824805433432671
CTAGAGTTCCACGTGGx-3,0.9937415256723853
CTAGCCTGTCAAGCGAx-3,0.9986084141822584
CTCGAGGAGCAGACTGx-3,0.9184000261153847
CTCGTCAGTCATGCCGx-3,0.9979453276011343
CTCGAAAAGAAGAAGCx-3,0.979477487228356
CTGAAACTCCAGGGCTx-3,0.9763232877907868
CTCTGGTCATGGAATAx-3,0.9727380269913269
CTCGTCAAGCTGTCTAx-3,0.9700253126166507
CTGAAACGTTCTCATTx-3,0.9809776772498882
CTCCTAGGTAGCTAAAx-3,0.9984297949165877
CTCGGAGGTTAAGACAx-3,0.9809937246552315
CTCTAATGTGAAAGAGx-3,0.9982861755257151
CTCGAGGGTATAATGGx-3,0.993196460284689
CTCGAGGAGCGAGAAAx-3,0.9917865658354288
CTGAAACTCGAATCCAx-3,0.9984156048422472
CTCGGAGAGTACGACGx-3,0.9974003557954673
CTCGAGGTCAGCTCTCx-3,0.9926050849976615
CTCTAATAGTGGGATCx-3,0.9863016067643908
CTCTAATTCTCAACTTx-3,0.9831837643445696
CTCGGGAGTACCATCAx-3,0.9964994684312378
CTCTAATCACCAGCACx-3,0.9962627177945811
CTCGGGAGTTAGAACAx-3,0.9927731180292846
CTCGAGGGTGCATCTAx-3,0.9964729578213755
CTCGTCACAGTCACTAx-3,0.9814659132596586
CTCTGGTGTCACAAGGx-3,0.9979751356530704
CTCGGAGCAGACGCTCx-3,0.9811930493853714
CTCTAATAGCGTGAGTx-3,0.9989496541432134
CTCTAATAGTAAGTACx-3,0.9802610745884774
CTCTGGTGTAGCACGAx-3,0.9812207701061095
CTCTACGTCGTTACGAx-3,0.9993140242687608
CTCTACGCAATAGAGTx-3,0.9812805897785064
CTCGGAGGTCTTCGTCx-3,0.9972458041195063
CTCCTAGGTCTGATCAx-3,0.9756201068623115
CTCGAGGAGCCCAATTx-3,0.9986643754149569
CTCGTACCACACCGCAx-3,0.9807573801330222
CTCTAATAGGTAGCCAx-3,0.9793544181479177
CTCTACGGTGTATGGGx-3,0.9830120111098225
CTCGAGGGTTCGAATCx-3,0.9983357608146919
CTCCTAGCATTGGGCCx-3,0.9968509236990336
CTCGAGGCACAAGACGx-3,0.9944194358558808
CTCGTCACAAGAGGCTx-3,0.9995162795961786
CTCTAATTCTAACGGTx-3,0.9739060745600848
CTCCTAGAGTTAGGTAx-3,0.9978170935312641
CTCGAAACAGTCGTGCx-3,0.9950139247742303
CTCTGGTCATGTCGATx-3,0.998967449199139
CTCTGGTGTGTGCGTCx-3,0.9897313394658754
CTCGTCATCTTCTGGCx-3,0.9813364718828342
CTCTAATAGCGTTGCCx-3,0.9980085292945444
CTCGTCATCACCCGAGx-3,0.9936400316297304
CTGAAACTCATAGCACx-3,0.9970097697217887
CTCTACGCAGCCTTGGx-3,0.9938165587777342
CTCGGAGTCTGCTTGCx-3,0.9977951986902961
CTCGAAAAGTACGATAx-3,0.9983636235182728
CTGAAACTCCAAACACx-3,0.9988414138738498
CTCGTCAAGGCATGTGx-3,0.981427886571419
CTCGGGAGTGCATCTAx-3,0.9816976689444183
CTCGTCACACCACCAGx-3,0.9960224081561124
CTCGGGACAGGCAGTAx-3,0.9788809004421501
CTCGAAAGTAAGAGGAx-3,0.9791869279703425
CTGAAACAGCGCTCCAx-3,0.996702107260053
CTCGGAGGTTTGCATGx-3,0.9974261637973997
CTCGAAAAGGCGCTCTx-3,0.9976381877172137
CTGAAACTCAACTCTTx-3,0.9922686236573891
CTCTGGTCAAAGGTGCx-3,0.9987821721569711
CTCGAAACATATACGCx-3,0.9994002196459633
CTCTGGTAGTGTACGGx-3,0.9983205992114607
CTCGGGACACGAAGCAx-3,0.9792043771353063
CTGAAGTAGCCAACAGx-3,0.9946574064903843
CTCGAAATCGCAAGCCx-3,0.9931526756735455
CTCGTCAAGTTATCGCx-3,0.9812281741636806
CTCGAAACATGAAGTAx-3,0.9977816762704261
CTGAAACAGTGCCAGAx-3,0.9987174101445688
CTCGAAATCATTGCGAx-3,0.9974344796344911
CTGAAACTCTCCAACCx-3,0.9988684216246095
CTCGTCATCCTCATTAx-3,0.9970334091808324
CTCGAAACAAGCCCACx-3,0.999321755368639
CTCCTAGTCGTATCAGx-3,0.9979522627257843
CTCGAGGTCTTCGAGAx-3,0.9672805837590213
CTGAAACAGTACATGAx-3,0.9974482461155506
CTCGAGGCAGACAAATx-3,0.9823910268807559
CTGAAGTAGAATGTTGx-3,0.9620415763424327
CTCGAGGTCTCACATTx-3,0.998800550666641
CTCTGGTTCAGTTAGCx-3,0.9982787187419471
CTGAAACAGCTGATAAx-3,0.9829355121178478
CTCTAATCAGACACTTx-3,0.9964310636610327
CTCGAAAAGTGATCGGx-3,0.9990608165383492
CTCGTACAGTCCGGTCx-3,0.9843133698235736
CTGAAACAGAAACGAGx-3,0.9985168872992624
CTCTGGTAGCTATGCTx-3,0.9673963739192253
CTCGTCACACACCGCAx-3,0.9968793807471578
CTCTGGTAGGCAGGTTx-3,0.997092354125602
CTCTAATTCAGATAAGx-3,0.9975254914097158
CTGCGGAAGCTACCGCx-3,0.9969441582973931
CTGCCTAAGGTGCACAx-3,0.9934936641151194
CTGGTCTCACCTTGTCx-3,0.9957509408074541
CTGTGCTGTAAAGGAGx-3,0.8404139472253734
CTGTGCTGTCAACTGTx-3,0.9879620308868543
CTGCCTACATTGAGCTx-3,0.9970301830212907
CTTCTCTTCTGCGACGx-3,0.9988567846578849
CTGCTGTTCCCTCAGTx-3,0.9954293367200571
CTTAACTCAGATAATGx-3,0.8734534239987486
CTGATCCAGAAGAAGCx-3,0.9843890777092311
CTGATCCCACGGCTACx-3,0.9981324729749566
CTTAGGAGTGAAAGAGx-3,0.9770083618411382
CTGGTCTGTGTAAGTAx-3,0.9805751161971883
CTGTTTATCATATCGGx-3,0.806966431091807
CTTAACTTCAACGCTAx-3,0.9806184277175873
CTGATCCGTGACTACTx-3,0.9050615192442001
CTGTGCTAGATCCGAGx-3,0.9938018803356534
CTGATCCTCCCATTTAx-3,0.9805256880580915
CTGGTCTCAGCTCGACx-3,0.9984026774587991
CTTAGGAAGACAGACCx-3,0.9897660994547304
CTTCTCTGTCCCGACAx-3,0.9808519751457685
CTGTGCTGTCATGCATx-3,0.9973207799362661
CTGCCTACAAGCGATGx-3,0.9988415043605642
CTGTTTATCTACTTACx-3,0.9941160637587454
CTGATAGCATGATCCAx-3,0.9786599698265077
CTGATCCAGCGGATCAx-3,0.9815247985500742
CTGTTTAAGGCATGGTx-3,0.9978033129064094
CTTAACTTCGTCACGGx-3,0.980835501987631
CTGATAGTCTGTCTATx-3,0.9974581743963973
CTTACCGTCCGTCATCx-3,0.9984047096928138
CTGCTGTGTAGCAAATx-3,0.9990156639441564
CTGCGGACATACTACGx-3,0.9985182537731582
CTTAACTGTCCTCTTGx-3,0.9919074257062046
CTGAAGTCAGCTGTATx-3,0.9843357821968423
CTGCGGAGTTCGGGCTx-3,0.998402944824943
CTGTTTAGTCCGAAGAx-3,0.9990055986474484
CTTAGGATCACGATGTx-3,0.9978223606645702
CTGTGCTAGCCACGTCx-3,0.9984675712768643
CTGGTCTTCTAACGGTx-3,0.9963607488519876
CTGATAGCATCGATTGx-3,0.9990991968362526
CTGCTGTGTTATGCGTx-3,0.9949391503726864
CTTACCGTCGGTTAACx-3,0.9985483667218008
CTGCTGTAGGAATTACx-3,0.9978665481463279
CTGGTCTTCTTATCTGx-3,0.9993286318337493
CTGTTTAAGAGTACCGx-3,0.9954767677714339
CTTAACTTCGCTGATAx-3,0.9982381963167308
CTTAACTTCCGCGCAAx-3,0.9979648282815463
CTGTTTACAATGACCTx-3,0.9575824036268769
CTTCTCTTCCTAGAACx-3,0.9977083479634483
CTTCTCTTCTCTGTCGx-3,0.997884472783844
CTGTTTAGTGACAAATx-3,0.9966373761476456
CTGTTTACACTCAGGCx-3,0.9977657377354523
CTGAAGTTCGTCTGCTx-3,0.9988110369116665
CTTAGGAAGCCCAACCx-3,0.988356454703958
CTGCCTATCAAAGACAx-3,0.9541894228064601
CTGAAGTCAGACAGGTx-3,0.9987491704560871
CTGAAGTGTACCGGCTx-3,0.9921834257433254
CTTAACTAGAGTCGGTx-3,0.9911283372248777
CTGGTCTCAGCGATCCx-3,0.9806642816203783
CTGAAGTTCTCTGTCGx-3,0.9925604124168732
CTTAACTCAAGACGTGx-3,0.9990848491089851
CTGAAGTTCGTAGATCx-3,0.9955980056367087
CTGTGCTTCAACACTGx-3,0.996386210302506
CTGCGGATCAGCGATTx-3,0.9807167466323256
CTTGGCTAGCCAGTAGx-3,0.9737610103726284
CTTCTCTGTCTAACGTx-3,0.9975707166059421
CTGATAGAGGATATACx-3,0.9972698082630357
CTTAGGAAGTGAAGAGx-3,0.9957908942855359
CTGCTGTGTCGACTGCx-3,0.998286279408982
CTGATCCCACTAAGTCx-3,0.9991721530966265
CTTGGCTAGAGTCTGGx-3,0.9966904479001123
CTTAGGAAGAATTGTGx-3,0.9987131339734862
CTGCCTATCTTGACGAx-3,0.9943738409307955
CTGTGCTTCGGGAGTAx-3,0.9961111563518936
CTGTTTAGTTCCTCCAx-3,0.980207861292072
CTGTTTACACGGACAAx-3,0.9988512515808735
CTGCTGTGTCCGTTAAx-3,0.9977527643328344
CTGGTCTTCACGCATAx-3,0.9939942068997173
CTTCTCTCAATCTACGx-3,0.9954480531443449
CTGATAGAGTCAATAGx-3,0.9798418058720105
CTGAAGTGTTAGGGTGx-3,0.994885047952991
CTGCCTACACAACGTTx-3,0.979868434658541
CTTAGGAGTCCAGTTAx-3,0.9691552324458982
CTGCGGATCAACGGCCx-3,0.9958694811466391
CTGCGGATCGCGGATCx-3,0.987363369673194
CTTAACTAGTGTACTCx-3,0.9955572111658655
CTGCCTACAGTGAGTGx-3,0.8204605993165017
CTTCTCTGTATATGGAx-3,0.9929120119581759
CTTAGGATCTGGAGCCx-3,0.9967971452090781
CTGATAGTCCTAGGGCx-3,0.9801864609495254
CTGCGGATCACAGTACx-3,0.9984582496453221
CTGCCTAGTGCGGTAAx-3,0.981884522570453
CTTAGGACACGGCCATx-3,0.9786202734017394
CTGCCTACAGTATAAGx-3,0.9792889054252573
CTGATAGTCACAACGTx-3,0.9807776522485409
CTGGTCTCAGGTCTCGx-3,0.9979097547170929
GAAGCAGAGAGCTGCAx-3,0.997713336842692
GACCTGGCAACTGCGCx-3,0.9964175484723424
GAACGGACAATAACGAx-3,0.8024901621341018
GAACATCAGTTAAGTGx-3,0.9986327700348601
GAATGAACAGCATACTx-3,0.9988957861271083
GAATAAGGTCAAAGCGx-3,0.991376925332478
GAACATCAGTAGCCGAx-3,0.9976130068775173
GAACCTAAGCACACAGx-3,0.9984920559474134
GAAGCAGCAAGACACGx-3,0.9987951442707728
GACACGCTCCCATTATx-3,0.9816224948594556
GACAGAGAGTTCGCGCx-3,0.9953069219656998
GAATGAAAGGTCGGATx-3,0.9816167184151368
GAAACTCCATGAAGTAx-3,0.9946772984079517
GAATGAACAAGGTTTCx-3,0.9988970106888091
GAACATCCAAAGGCGTx-3,0.9950986493837333
GACACGCGTTCCATGAx-3,0.9778680446490704
GAAGCAGGTGTGAATAx-3,0.9963634429407565
GACCAATGTAGCGTGAx-3,0.9790847913156221
GAATAAGGTGCTAGCCx-3,0.9952040774308963
GACCAATCATGGGAACx-3,0.9866328474082132
GAAATGATCGGTGTTAx-3,0.9988638334777357
CTTTGCGGTCTTGATGx-3,0.9796113197812478
GACCTGGTCTAGCACAx-3,0.9959151569111151
GAACGGACAAACCCATx-3,0.9791085013294851
GACAGAGGTGACTACTx-3,0.9942777147629719
CTTGGCTTCCTAGAACx-3,0.9479492538300879
GACCTGGTCCGTACAAx-3,0.9897551392124384
GAAACTCAGTAGCCGAx-3,0.9960313759572575
GAAACTCTCCTAGTGAx-3,0.9974445452836779
GAATGAAAGTGAACGCx-3,0.9986741384429078
GAACCTATCGTGGTCGx-3,0.9808341546108136
GACCTGGCATCGATTGx-3,0.9983666836315124
GAATGAAAGCAGGCTAx-3,0.9813708848280073
GACAGAGGTCGGCATCx-3,0.9949689991652271
GACGCGTAGTTCGATCx-3,0.9991212517742307
GAATGAAAGGCGCTCTx-3,0.9763779881315082
GAACGGAGTTCAGACTx-3,0.9979192518592624
GAATGAACAGAAGCACx-3,0.997205182213088
GAATAAGTCTTCAACTx-3,0.9814953593521513
GAAACTCCACAACGCCx-3,0.99136010983464
GAAACTCCACCTTGTCx-3,0.980487727017241
GAAACTCGTGTAAGTAx-3,0.9972193788596133
GAACCTAAGGACAGAAx-3,0.9981653137447752
GAAGCAGGTCTGATTGx-3,0.9768189618585555
GAACCTACAAAGCGGTx-3,0.9989941099076096
GACACGCCACAAGACGx-3,0.9984711518223939
GAATGAAGTGTCCTCTx-3,0.9991471069505031
GACCTGGCAAGAGTCGx-3,0.9806084015058087
CTTTGCGCACCGAAAGx-3,0.9989426707957899
CTTGGCTTCGGTTAACx-3,0.9989458783781898
CTTGGCTGTACCGAGAx-3,0.9798704687746114
GAAGCAGAGTTTAGGAx-3,0.9794430621181635
GAAATGAAGGATGGAAx-3,0.9966404196970116
GAAATGAAGGATGGTCx-3,0.9777178411420756
CTTTGCGCACGGACAAx-3,0.9817731607927406
GAACGGACAAAGTGCGx-3,0.9938142329853681
GACAGAGGTATTCTCTx-3,0.9982998681391709
GAATAAGTCCATGAGTx-3,0.9827376246595999
GAACGGAGTTCGGCACx-3,0.9680975167880904
CTTTGCGCATGCTAGTx-3,0.980558214819254
CTTGGCTCAGGACGTAx-3,0.9961300414070724
GACAGAGAGCCGGTAAx-3,0.9979842475917565
GACCAATTCACTATTCx-3,0.9972253628878098
GAAACTCGTTGTCGCGx-3,0.9969342010991643
GAACCTACACGTCTCTx-3,0.9865397334548387
GAAGCAGGTCTACCTCx-3,0.9528101754944436
GAACGGAGTGGGTCAAx-3,0.9991708455034722
CTTGGCTAGTGTGGCAx-3,0.9904902014471176
CTTTGCGAGCAACGGTx-3,0.9977935125836926
CTTGGCTCAGGGAGAGx-3,0.981865359634472
GAAACTCCAAGACACGx-3,0.9928162351668
GAAATGACATCACGTAx-3,0.9918770358834952
GAAACTCTCAGCGACCx-3,0.9960885135567583
GAAATGAGTCTGGTCGx-3,0.9981904778970938
GAAATGATCGGAATCTx-3,0.9836940246625762
GACCAATAGACGCTTTx-3,0.9818188296751935
GAATAAGGTCATACTGx-3,0.9886705303796407
GACCAATGTAGCTTGTx-3,0.9991163728368216
CTTGGCTTCTTCGAGAx-3,0.9814606412331487
GAAACTCTCTAACTGGx-3,0.9991598276988586
GAAACTCGTCGCTTTCx-3,0.9980344972589129
GACACGCCATCGGTTAx-3,0.9977823733972557
GACCAATTCTTTACACx-3,0.9812039743196669
GAAGCAGAGTGTTAGAx-3,0.9918300577468443
GAACGGAAGATGTGTAx-3,0.9946956609415442
GACAGAGAGGGTCGATx-3,0.9963912826024826
GACACGCTCTCTTATGx-3,0.9965811600346302
GAACCTAGTCTAGTCAx-3,0.9989223472776257
GAATAAGCAAACTGTCx-3,0.9974600449995407
GAACATCCATGCCTAAx-3,0.9681081007646472
GAACGGAAGGCAAAGAx-3,0.9977563499758885
GAACCTACAGATGGGTx-3,0.9987666745887691
GACAGAGGTTCGTCTCx-3,0.995089631729852
GAACGGACATAGTAAGx-3,0.9977815751577263
CTTTGCGGTGAGTGACx-3,0.9884805417181607
GACCTGGTCTTCGGTCx-3,0.9988836708865468
GAAACTCAGCATGGCAx-3,0.9974596802111955
GAGTCCGCACAAGACGx-3,0.9970975234779968
GATCTAGAGTAGATGTx-3,0.9967627421729411
GACGCGTCATCGGACCx-3,0.9971084135488996
GACGTTACAGCCAGAAx-3,0.9805820445721598
GATCGTATCGTAGGTTx-3,0.9990285101476847
GACGTTACAGGCTGAAx-3,0.998767865499774
GATCGTACACATCCGGx-3,0.9959894960921871
GACTGCGTCCGGCACAx-3,0.9970114227150878
GACTACAAGGCGATACx-3,0.9793769013667303
GATCGATAGTACGTTCx-3,0.9984645189230021
GATGAAAAGCTTTGGTx-3,0.9905696106851495
GAGGTGAGTAAATACGx-3,0.9954286946274452
GATCTAGAGTTCGCGCx-3,0.9804773977252328
GATCAGTTCGCCAAATx-3,0.979701750492197
GAGGTGAAGTGAATTGx-3,0.9791568586422285
GACGTGCAGAGGTTATx-3,0.9986123836615355
GATCGCGGTCATACTGx-3,0.9982016575563021
GACGTGCAGCCGTCGTx-3,0.9965675643192209
GAGGTGACACGAAATAx-3,0.9991190234164016
GATCGATCAGACGCCTx-3,0.9946481391115735
GAGCAGACAGTGGGATx-3,0.7974032702801762
GAGGTGAAGCGCTCCAx-3,0.9800212063597986
GATCGCGTCAAACCGTx-3,0.9964899895727338
GACGTGCAGTGTACTCx-3,0.9717355833454068
GACTACAAGCCGGTAAx-3,0.9990819415769899
GACTACAAGATGAGAGx-3,0.9957242027282879
GACTGCGTCACATGCAx-3,0.806549061260923
GAGTCCGTCACAAACCx-3,0.9978126110092083
GACGTTACAAGGACTGx-3,0.9777175953220929
GACGGCTGTCCGAACCx-3,0.9956921743181633
GACTACACACGGTTTAx-3,0.9989512493763357
GAGCAGAGTGAACCTTx-3,0.9801763452309096
GATCGTAGTCATGCCGx-3,0.994631460571699
GATCGCGTCCGGCACAx-3,0.9806890828877596
GAGTCCGTCAAGGTAAx-3,0.9938913336975196
GATCGTACAATCGAAAx-3,0.999222965195911
GACGTTAGTGACCAAGx-3,0.975601184131793
GACTAACGTCCCGACAx-3,0.9939342461328192
GAGGTGAGTTTGGGCCx-3,0.9985787895773295
GACTACAGTGTTCTTTx-3,0.9962179254717214
GAGTCCGCAGGCGATAx-3,0.9392273979419863
GATCGATCAAGTCTACx-3,0.9819262305852435
GATCTAGCACTTCGAAx-3,0.9967746188427027
GACGGCTCATCACGATx-3,0.9990272965110751
GACTGCGCAATGAATGx-3,0.9976260071170587
GATCTAGTCCGCATAAx-3,0.9960746090566277
GACTAACAGAGATGAGx-3,0.9953510936648264
GAGTCCGGTCTACCTCx-3,0.9762341719224539
GATCGATGTTCTGTTTx-3,0.9819684442458688
GATCGCGCATGGTTGTx-3,0.9787458843842326
GAGGTGATCACGGTTAx-3,0.9930839592692199
GAGGTGAGTAACGTTCx-3,0.9959208622228983
GACGCGTCAAAGAATCx-3,0.9950770081501139
GATCAGTGTACCTACAx-3,0.9804674723764034
GAGTCCGCATACGCCGx-3,0.9581786332580966
GACGCGTCAATTGCTGx-3,0.9963779569531694
GATCAGTCACATCTTTx-3,0.9975422380899487
GAGGTGATCCCAAGATx-3,0.9881045475915307
GACGGCTAGTGCTGCCx-3,0.9991770926838249
GAGTCCGTCATACGGTx-3,0.9144262308854448
GATCGATTCTCCCTGAx-3,0.9965215565281355
GACTACACAAACCCATx-3,0.9805546244274158
GACTAACCATAACCTGx-3,0.9944244398111141
GATCTAGCAGCCTTTCx-3,0.9796335032784116
GAGTCCGGTTGGGACAx-3,0.9996639440343625
GATCGTAAGCTACCTAx-3,0.9987313454719597
GACTACACAAGCGAGTx-3,0.9984702125989362
GATCGATGTAGGACACx-3,0.9961205219589075
GATCTAGAGTAATCCCx-3,0.9978714753745248
GACTACATCGTAGGAGx-3,0.9974701490888747
GACGCGTTCTACTCATx-3,0.9982127795588986
GATGAAAAGAGTAAGGx-3,0.9727380682907159
GACTGCGGTCCATCCTx-3,0.9939991205203688
GAGGTGATCAGGCCCAx-3,0.9799873397181883
GAGGTGAAGAGCCTAGx-3,0.9727287526016789
GATCGTAAGGCTATCTx-3,0.998672452859509
GATCGTAAGGCTAGGTx-3,0.9971046533962008
GATCGTACATCTACGAx-3,0.9984332403335914
GACGGCTCAGCGTCCAx-3,0.9983908000927569
GATCGCGCAACTGCTAx-3,0.9962363204369591
GATCAGTGTTTAGCTGx-3,0.9938658219705427
GACGCGTTCAAACGGGx-3,0.9941657705913227
GACGTGCGTGTGCGTCx-3,0.9992784441713521
GATCGTAAGTGGGCTAx-3,0.9957683343857056
GACTACAGTTGATTGCx-3,0.9958283118576615
GATCTAGGTCCGAACCx-3,0.9951880250589739
GACTAACAGACAAAGGx-3,0.7961716465208787
GAGCAGACATGTTGACx-3,0.9988835965017387
GATCAGTCACCCATTCx-3,0.9996028155591268
GAGCAGAGTTAAAGACx-3,0.9974195336472292
GAGTCCGAGAGACTATx-3,0.9797882470924124
GACGTGCAGCTAAGATx-3,0.996989111011612
GACGGCTTCGTTGCCTx-3,0.9890299004314081
GATTCAGCAAGCCGCTx-3,0.981994653181766
GATGAAAGTGCGATAGx-3,0.9959585928632273
GCATGTAGTTGTACACx-3,0.9987133389726784
GCATGATAGCTAACTCx-3,0.9968012244182084
GCAATCAGTGTCGCTGx-3,0.9972539478743825
GCAAACTCACAGGTTTx-3,0.9718925765629712
GCACTCTGTGTCGCTGx-3,0.992562054081004
GCAAACTAGAGCTGGTx-3,0.9945190618595428
GATGAGGTCAGCTGGCx-3,0.9842918633374634
GATGAGGCACTCGACGx-3,0.9983580645283291
GATGAGGAGAATTCCCx-3,0.9958026852620677
GCCAAATAGCTATGCTx-3,0.998609810353192
GATTCAGCACCAACCGx-3,0.9950513318802953
GCATGCGGTTCAGACTx-3,0.9421108859846546
GCACTCTTCCATGAACx-3,0.9762252910178395
GATGAAACACGAGAGTx-3,0.9693360622261589
GCACATACACGGCGTTx-3,0.9299537016714601
GATGCTATCACTTCATx-3,0.9974312132923392
GATGCTAGTTCTGGTAx-3,0.8136016746988203
GCAGTTAAGAGAACAGx-3,0.972830982808468
GCAATCACACTGTTAGx-3,0.9937479502624516
GCACTCTAGCGATCCCx-3,0.9992851062791982
GCAGCCAGTTATCGGTx-3,0.996631672021624
GATTCAGCAAGTTGTCx-3,0.9958035076953005
GCATACAAGAAACCATx-3,0.9981260381814173
GCCAAATAGCACAGGTx-3,0.9895630566421411
GCAAACTCACATGACTx-3,0.8093801546633251
GCAGTTAAGTATCGAAx-3,0.997184910432061
GCATGTACACCCATTCx-3,0.996390661203556
GATTCAGAGCCACCTGx-3,0.9920510817453958
GATTCAGGTAATTGGAx-3,0.9925064733541741
GCAATCACATAGTAAGx-3,0.9964678162428903
GCAATCACATCCAACAx-3,0.9988727412596707
GCACTCTTCCGTAGTAx-3,0.9919304334010551
GCAGTTATCATTATCCx-3,0.9935571600904128
GCATACATCTGCCAGGx-3,0.9957839421773036
GCATGCGCAAGCGCTCx-3,0.9987541817122382
GCAGTTACACCGGAAAx-3,0.9776280014063986
GATGAAACACTGTTAGx-3,0.9990169982334435
GCATGTAAGGGAAACAx-3,0.9972846520549382
GCATGTAAGATGTGGCx-3,0.9992605778349204
GCAAACTCACGACGAAx-3,0.9984365576218843
GATTCAGGTCGACTGCx-3,0.9976743557974678
GATTCAGTCCTGTACCx-3,0.9816468154275726
GCACATATCCAGTAGTx-3,0.9963101463019708
GCATGTATCTTTACACx-3,0.998925654479828
GATGAGGAGGCCCGTTx-3,0.9774423400714393
GCATGATTCCTCTAGCx-3,0.9986801570507831
GCATGCGAGATATACGx-3,0.9962467418888633
GCAGCCACATCTCGCTx-3,0.9943963577185495
GCAAACTGTTCGTGATx-3,0.9910229287016896
GCACTCTCAAGCTGGAx-3,0.9817179291494565
GCACATAAGACTTGAAx-3,0.9828428380930941
GCACATAAGGAATTACx-3,0.9989819563005917
GATTCAGCATAGTAAGx-3,0.9996863521432091
GCAATCAGTGATGTCTx-3,0.9964060730939513
GCAGTTATCATGTCCCx-3,0.998900231088395
GCACTCTGTAGCTTGTx-3,0.9981108443239128
GATTCAGCAAGGACTGx-3,0.9958761635907553
GATGAGGCAGGACCCTx-3,0.998618217607614
GATGAAACAAGCCTATx-3,0.9985443366493079
GCATGCGGTCGTCTTCx-3,0.9819323095325151
GCACTCTCAGATGGGTx-3,0.9922370936443203
GCAGTTAGTATATCCGx-3,0.9959149006143961
GCATGCGCAAAGCGGTx-3,0.9973893440189323
GCCAAATAGGCATGGTx-3,0.9988358278049659
GCATACAAGAGTCTGGx-3,0.9803238533315344
GATGAAAGTTCCGTCTx-3,0.980470641297509
GCATGATCATTATCTCx-3,0.982493700308881
GATGAAATCGATCCCTx-3,0.9805137394491178
GCAAACTGTATCGCATx-3,0.9969573988967645
GCACATACATTGGCGCx-3,0.9951296980184321
GCAGCCATCTGTCTCGx-3,0.9809865164218855
GCATGCGCATCCAACAx-3,0.9963533602678987
GCACTCTCATCCTAGAx-3,0.9918001696523537
GCACATACACACTGCGx-3,0.9818450608396498
GCATGCGTCCTATTCAx-3,0.9976568177206773
GCATACAAGACGACGTx-3,0.9808446787375247
GCATGATTCACCAGGCx-3,0.9992255740410071
GCAGTTATCAAAGTAGx-3,0.9810168278497136
GCACTCTAGATCTGCTx-3,0.9774714267794653
GCAGTTATCACTTCATx-3,0.981972973723429
GATGCTACAAGTACCTx-3,0.9972759661238975
GATTCAGCACAAGACGx-3,0.9782412898103429
GCACTCTGTTCAACCAx-3,0.9968748378416867
GCATGCGAGCGTAGTGx-3,0.9804821715230291
GATGAGGAGAGGTACCx-3,0.9929294187083597
GATTCAGCACCGAATTx-3,0.996562927422446
GCATACACAGTTCCCTx-3,0.9983552340621554
GATGAAAGTTGTACACx-3,0.9985823505176976
GCATGATTCGATAGAAx-3,0.9967550990291751
GATGCTAAGAGTCTGGx-3,0.9923105539574405
GATGAAAGTAGCCTCGx-3,0.9819108324688691
GCGCCAATCATCGGATx-3,0.9992528653630396
GCGACCACAGACTCGCx-3,0.9967206997083627
GCGCAACTCTCATTCAx-3,0.9811187696725994
GCCTCTATCAGCTCGGx-3,0.9974370033731497
GCGCAGTGTAGCTAAAx-3,0.9946334505303035
GCGAGAAGTAAATGTGx-3,0.9811745801354064
GCGCAACTCTGTCCGTx-3,0.9988641696528062
GCGGGTTAGTTGAGTAx-3,0.9829714226613695
GCGCCAACAGGCTGAAx-3,0.998933699568989
GCGCGATAGTCCGTATx-3,0.9810744564329527
GCTCCTAGTACAGACGx-3,0.9866639579736631
GCTCCTATCATGTAGCx-3,0.996657537153489
GCGCGATTCACCGGGTx-3,0.999009467619174
GCGCGATCACTATCTTx-3,0.9935124652673382
GCTCCTAAGGCTAGACx-3,0.9823992893092478
GCGACCAGTAGAGTGCx-3,0.9933303453602162
GCGACCATCCGAGCCAx-3,0.9968847487543381
GCGAGAAAGGCAGGTTx-3,0.9980537016435002
GCGCAACTCGTCTGAAx-3,0.979330849875552
GCGCGATCATCGGACCx-3,0.9987566517236178
GCTCTGTCACCAGATTx-3,0.9984386135630259
GCTCCTATCTCTGTCGx-3,0.9984288227797172
GCGACCAGTGCTAGCCx-3,0.9992110467400019
GCGAGAAGTGAAATCAx-3,0.7927120228785236
GCGCAGTCAAGAAAGGx-3,0.980201375374657
GCGCAGTTCAAACGGGx-3,0.9991148777361072
GCGGGTTTCCGTAGGCx-3,0.998278324576148
GCTGCAGAGTCCCACGx-3,0.9816625276204448
GCGGGTTTCGCATGGCx-3,0.9818981475198684
GCCTCTAGTCGAAAGCx-3,0.9831436456380396
GCGCAACGTCCCGACAx-3,0.9978852247646941
GCGAGAAAGCCGCCTAx-3,0.9989082675735138
GCGACCACATTCTCATx-3,0.9282887772075812
GCGACCAAGGGTGTTGx-3,0.9925487923826625
GCGACCAGTTGGACCCx-3,0.9991948772797034
GCTGCAGAGCCCTAATx-3,0.999369799390644
GCTCTGTGTCCGAATTx-3,0.9814649365823122
GCCAAATGTACCGCTGx-3,0.995420635616805
GCGCAGTGTACATCCAx-3,0.9798249791195754
GCTCCTATCTACCTGCx-3,0.9989808891431725
GCCAAATCATCGTCGGx-3,0.9822698672729412
GCCAAATGTTCCACTCx-3,0.996902371235171
GCGCAGTAGCCACGTCx-3,0.9815093366609969
GCGCCAAAGCGTGTCCx-3,0.9913126073352825
GCGGGTTCATCGGACCx-3,0.9822361958317973
GCTGCAGAGCATCATCx-3,0.9831540680945764
GCGAGAATCCGTCATCx-3,0.9903504074154419
GCGAGAACAACCGCCAx-3,0.9817005522315561
GCTCCTAAGGATCGCAx-3,0.9953998262961378
GCGCAACAGCGATAGCx-3,0.9803473466267403
GCCAAATCACCGCTAGx-3,0.9987734786393168
GCCAAATAGGCTAGCAx-3,0.998381142416017
GCTCTGTTCACCACCTx-3,0.9819121136610114
GCGCGATAGCGTGAGTx-3,0.9971613385720126
GCGCAGTCATCGGACCx-3,0.9888720576664359
GCGCAACCATCCTAGAx-3,0.9981573405278066
GCCTCTAAGACGACGTx-3,0.996897862343882
GCTCCTATCACCAGGCx-3,0.9848261503171939
GCTCCTAGTGTGCCTGx-3,0.992918956910117
GCCAAATTCTGGTTCCx-3,0.9989481120583745
GCGCAACCAAACGTGGx-3,0.981009771753572
GCTCCTAAGGAGCGTTx-3,0.9809089228664943
GCGCAGTAGTTAGCGGx-3,0.9936906940625571
GCGCCAATCATATCGGx-3,0.9949223103148027
GCGCCAACAATGTTGCx-3,0.9801819126844941
GCGCAGTGTTACGCGCx-3,0.9924998112229468
GCGCAACGTTAAGACAx-3,0.9983067336967879
GCTCCTAAGACCCACCx-3,0.9816394118699542
GCGCCAAAGGTGGGTTx-3,0.9982072194666215
GCGACCAAGACATAACx-3,0.9779995455105682
GCTGCAGCATCCTAGAx-3,0.9966461365531786
GCGACCAAGTGGGATCx-3,0.9981609667295982
GCGCAGTAGCGCCTTGx-3,0.9818779665914168
GCGACCAGTGCACCACx-3,1.0
GCGCAGTTCCCATTTAx-3,0.9809948321393893
GCTCCTACACCTATCCx-3,0.9838637303559185
GCTCCTAAGCTGCCCAx-3,0.981619783134232
GCGCGATCAGCCAGAAx-3,0.9816547444529349
GCGCCAAGTTGATTCGx-3,0.9473422262075388
GCGCAGTAGCTCTCGGx-3,0.9963473363047436
GCTCTGTCAAGAAGAGx-3,0.9962658052213046
GCGGGTTGTGCATCTAx-3,0.9990117687490482
GCGGGTTCATGTTGACx-3,0.9955375063892898
GCTCCTACACTGTTAGx-3,0.9982994015900962
GCTCTGTGTATATGAGx-3,0.9985465563632303
GCGCAACAGGCTAGCAx-3,0.9961574118410178
GCCTCTACAATCGAAAx-3,0.9297445270660815
GCGGGTTAGGGATCTGx-3,0.9817227349799924
GCGAGAAAGAGATGAGx-3,0.9817697077673687
GCGCCAATCAAACCGTx-3,0.9963195731573558
GCGGGTTTCATTCACTx-3,0.9817874268151763
GCTCTGTGTACCAGTTx-3,0.9808000507087129
GCTGCAGAGGTGTTAAx-3,0.9976712363076117
GCGCAACGTAAGGGCTx-3,0.9858117625780368
GCGAGAATCCAGAGGAx-3,0.9955897201512255
GCTGCAGGTACGAAATx-3,0.9949204378873729
GCTGCAGGTCTCCATCx-3,0.9989499004469313
GGAACTTTCTTACCTAx-3,0.9930860817612325
GGACGTCTCCTCAATTx-3,0.9786066286553216
GGAGCAAGTCTAGTGTx-3,0.9979848246710372
GCTGCGAAGGCCCTTGx-3,0.9409632816399977
GGAAAGCTCCTATGTTx-3,0.9970708143578403
GGAGCAAGTGCTGTATx-3,0.9992898012636777
GGAACTTCATGCATGTx-3,0.9977440487877063
GCTTGAACACACGCTGx-3,0.9985545155243838
GGAAAGCGTAAATACGx-3,0.9971829528607612
GGAACTTGTAAACCTCx-3,0.9992350333264993
GCTGCGAAGCCGTCGTx-3,0.9913406106474889
GCTTCCAGTCTCCACTx-3,0.9801927786611648
GCTGCTTGTCTTTCATx-3,0.906284154453838
GGAAAGCAGACAAGCCx-3,0.9804549420378632
GGACGTCTCCGGCACAx-3,0.9872826101972594
GCTTCCATCGTCCGTTx-3,0.9910188166094207
GGATGTTAGAAACGCCx-3,0.976040556401173
GCTGCTTCATTAGGCTx-3,0.9821814519423595
GCTTGAACAATGAATGx-3,0.9975805541381888
GGAAAGCTCTACTCATx-3,0.9959950359034252
GCTGCTTAGTGGAGTCx-3,0.9991249145186453
GGAAAGCCAGGGAGAGx-3,0.9927863421198625
GGACGTCTCAGCTCGGx-3,0.9991793660869506
GCTTCCACATGCCTAAx-3,0.9809787402091441
GCTTCCAAGCAGACTGx-3,0.9988776846537057
GCTGGGTGTATAGTAGx-3,0.9994203378150156
GGAACTTTCAGCTCGGx-3,0.958787647192608
GGAAAGCGTCTCTCGTx-3,0.9976221020724725
GGAATAACAACACGCCx-3,0.9988617668953703
GCTGCAGGTAGATTAGx-3,0.998333825816538
GGACGTCGTATGAATGx-3,0.9795094277838643
GGACGTCTCACAGTACx-3,0.9806038334371673
GGAATAATCGTTGCCTx-3,0.9817619651750421
GCTTGAAGTGCCTTGGx-3,0.9994917411326534
GGACGTCGTTCGTCTCx-3,0.9983622694190301
GCTGCTTCAGATCGGAx-3,0.9986034522007523
GGAATAAAGCTCCTCTx-3,0.9969724189604592
GCTGGGTAGTCAATAGx-3,0.9989796358758141
GCTTGAATCCAGAGGAx-3,0.9982310079407422
GGACAGATCAGTGTTGx-3,0.9807050990907293
GGAACTTCACATTAGCx-3,0.9804160411969958
GCTGCTTTCGCAAGCCx-3,0.9970278934530306
GCTTCCACACTAAGTCx-3,0.9943941189263296
GCTGCTTTCGCCAAATx-3,0.9804237650714134
GGACAAGGTTGGTTTGx-3,0.9823987870765989
GGACAAGGTGTGAAATx-3,0.9785317990966024
GGACATTTCTAGCACAx-3,0.9986139870656738
GGACATTAGAGGTACCx-3,0.834944484691259
GGACGTCCACTAGTACx-3,0.9966193256000544
GCTTGAATCATCATTCx-3,0.998639044401891
GGACAAGAGCGCTTATx-3,0.9964505575691751
GCTGCGAAGAGTAATCx-3,0.9777535082787666
GGACGTCTCTTGTTTGx-3,0.978538391326161
GCTTCCAGTTTGGGCCx-3,0.982167425242289
GGACAGAAGGACAGCTx-3,0.9999823923072801
GGACGTCCATATGCTGx-3,0.980387288250161
GGAATAAGTTCGGCACx-3,0.9988353521940573
GGAAAGCCAGTATAAGx-3,0.9954479008077445
GGAAAGCTCCACGCAGx-3,0.9988246706737283
GGAATAAAGATAGCATx-3,0.9716623968202583
GCTTCCAAGTTAGCGGx-3,0.9978641242585573
GGACAGACAAGTAATGx-3,0.9812522335000944
GCTGGGTAGGACACCAx-3,0.9979392681664434
GCTTCCAGTCAGCTATx-3,0.9967185954014739
GGAGCAAAGATCCCATx-3,0.9956754613422412
GCTGCTTAGCTAACTCx-3,0.9979931368646945
GGAAAGCTCGGATGTTx-3,0.9987271406613776
GCTGGGTTCGCGTTTCx-3,0.9885991781457936
GGAATAACACCAGGTCx-3,0.9844535597352819
GGACGTCAGTTCGCATx-3,0.9792484623084883
GCTTGAAGTAGTACCTx-3,0.9987377911771527
GGAAAGCCATGTTGACx-3,0.9969086822560993
GCTTGAACAGTCCTTCx-3,0.9436766518952443
GGACAAGTCACATGCAx-3,0.9809863671564802
GCTGGGTAGCGATCCCx-3,0.9865703020027462
GGAATAATCAACGGGAx-3,0.9890688429690895
GGACAAGCATCACAACx-3,0.9799603280033202
GCTTGAACATCCAACAx-3,0.9790013489698383
GCTTCCACATCCGCGAx-3,0.998727624837544
GCTTGAAAGAAAGTGGx-3,0.9866694539043542
GCTTGAAAGTAGCGGTx-3,0.9815876116966326
GCTGCTTAGGTGCTTTx-3,0.9962830666239416
GGATGTTGTCTGCGGTx-3,0.9802609603815347
GGACAAGCAGGCAGTAx-3,0.9783359344367178
GCTGCAGGTCGTTGTAx-3,0.9963034525526424
GGACAAGTCTCGCATCx-3,0.8478341966264653
GGACAAGTCGGCATCGx-3,0.9991185168922155
GGAATAAAGACAAGCCx-3,0.9956732440236539
GCTTCCAAGGTGCTAGx-3,0.9981243564386497
GCTTGAATCATTCACTx-3,0.9971733057754754
GCTGGGTTCTCCAGGGx-3,0.9812985250171286
GGACAGAAGTGACATAx-3,0.9559334443773251
GGAACTTCAGGTCCACx-3,0.9769863092961936
GGCTGGTCAGATGGGTx-3,0.9955852262467643
GGGCATCTCTTGACGAx-3,0.9960840789802946
GGGTCTGTCAAGGCTTx-3,0.9984280022670808
GGGTCTGAGAGACTTAx-3,0.9987666724157579
GGATTACTCACAAACCx-3,0.998278135666561
GGCAATTGTATGAATGx-3,0.9992483049644497
GGGTTGCAGATGCGACx-3,0.9976790393495203
GGCCGATGTGTCAATCx-3,0.9962504002871673
GGGTTGCTCTGGTGTAx-3,0.9963545134992495
GGATGTTTCCGCAGTGx-3,0.9796739439056489
GGCGTGTGTTCGTCTCx-3,0.9944744206751629
GGCAATTTCAATCACGx-3,0.9962128465922895
GGCTCGAGTCGCTTCTx-3,0.997716711720471
GGGAATGCAGAGCCAAx-3,0.9982438857066905
GGGTCTGAGAGCTATAx-3,0.9970584260685232
GGCCGATAGGGTATCGx-3,0.9799118921395102
GGCGACTCAAACGCGAx-3,0.9988519642994699
GGCGTGTTCTATCGCCx-3,0.9906603522851967
GGGTCTGCATCACGTAx-3,0.981013607665305
GGGTCTGGTATCACCAx-3,0.9954331037010916
GGGTCTGAGAGGTACCx-3,0.9950875295070796
GGCCGATTCGTTGCCTx-3,0.996177023656453
GGGTCTGTCAAGGTAAx-3,0.9979048492028654
GGGCACTAGCTGAAATx-3,0.9984724993586215
GGCAATTCAGCAGTTTx-3,0.9969451166899216
GGCAATTGTGGGTCAAx-3,0.9195215639534856
GGGCATCGTAACGCGAx-3,0.9975026877337555
GGGCATCCAGGGCATAx-3,0.9870957948298178
GGCAATTCACGGACAAx-3,0.9980987783066386
GGCCGATGTCGTGGCTx-3,0.9949338585286318
GGGAGATTCAAGCCTAx-3,0.9957059569235686
GGCGTGTTCAGAGACGx-3,0.9975081508078222
GGGTCTGCAGCGTAAGx-3,0.9966885976285235
GGCTGGTAGTGAACGCx-3,0.9819427050242621
GGATTACGTAGCGCTCx-3,0.9979978961647891
GGGACCTAGTCTCGGCx-3,0.9945508251615528
GGGCATCTCACAGGCCx-3,0.9800955915617448
GGCAATTTCTTCCTTCx-3,0.9538743909778538
GGGTCTGTCCTGCAGGx-3,0.9794239669640578
GGGTCTGAGCAGCGTAx-3,0.998737111198972
GGGCATCAGTCTTGCAx-3,0.9978790001640071
GGCTGGTAGACTGGGTx-3,0.9761695868216544
GGATTACGTATAGGGCx-3,0.9974254665486272
GGGTCTGTCAACGGCCx-3,0.9823825534750695
GGGCATCGTCTTCTCGx-3,0.9802431841202524
GGCTCGAAGAATTCCCx-3,0.9956693030450505
GGGAGATCAGCCTTTCx-3,0.9969030816527363
GGGAATGAGCACACAGx-3,0.9771032071121425
GGCGTGTTCAAGATCCx-3,0.9817230811314049
GGGTTGCCAAGCTGAGx-3,0.9734555864955122
GGGATGATCGCCTGAGx-3,0.9969763126667788
GGGATGATCCAACCAAx-3,0.9888666619844928
GGATTACAGTCGTTTGx-3,0.9986451844384704
GGATGTTTCCTATTCAx-3,0.9799143841748451
GGATTACAGTCTCAACx-3,0.9955878585845124
GGGAATGGTTATCACGx-3,0.9992615862803688
GGGAGATTCCGCGCAAx-3,0.9978204369205093
GGCTCGACAAGCCGTCx-3,0.9888270004780195
GGCGACTCATCCCATCx-3,0.9985424284335038
GGGATGACACTCAGGCx-3,0.9930175163175151
GGGACCTAGCTCTCGGx-3,0.9811467191287038
GGGCATCCACTTACGAx-3,0.9872182597096434
GGCTCGACACACATGTx-3,0.9980959608103407
GGGACCTCATTTCACTx-3,0.9991576639638718
GGGTTGCCATAAGACAx-3,0.9992915499195175
GGGACCTTCTGCGGCAx-3,0.9978695459562055
GGGTTGCAGGTGGGTTx-3,0.9963130008075498
GGGATGAGTTCCTCCAx-3,0.9800903895634522
GGCTCGAAGTGTCCATx-3,0.9785708038110128
GGGATGATCATGCTCCx-3,0.9697542968818155
GGGAGATCAAGAGGCTx-3,0.8078417086854077
GGCGTGTTCCCATTATx-3,0.9937034111989953
GGGCACTGTTCAACCAx-3,0.9988691753969904
GGCGTGTTCACGACTAx-3,0.9993544927278467
GGCTCGAGTCATCCCTx-3,0.9874869625223259
GGGCATCCAGACGCCTx-3,0.9962483125690013
GGCTGGTCACATTAGCx-3,0.9972935961443302
GGGAATGCATCGTCGGx-3,0.9983582098070831
GGGTTGCCAAGTCATCx-3,0.9978533901356844
GGGAGATAGTGCGTGAx-3,0.9814652371594452
GGGACCTAGTTGTCGTx-3,0.9955690451812235
GGATTACTCTGTTTGTx-3,0.996489262915176
GGGAATGTCTGCCAGGx-3,0.995387934793287
GGCTGGTAGCACGCCTx-3,0.9787833460020898
GGGTCTGGTCTCAACAx-3,0.9978592190969929
GGCCGATGTCCCTTGTx-3,0.9988819704602365
GGATTACTCTGCTGTCx-3,0.9818681392164651
GGATGTTTCCGCTGTTx-3,0.9978790607676002
GGGCATCTCCTCAATTx-3,0.997846408830606
GGGACCTTCCTAGAACx-3,0.9932159491814332
GGCTGGTAGAAACGAGx-3,0.9796641396162968
GGATTACGTGTTCTTTx-3,0.9935059557846905
GGCTCGAGTCACCTAAx-3,0.9986805278283063
GGGCATCGTTGGTTTGx-3,0.9811906662375006
GGCCGATAGCTCAACTx-3,0.9972828960807468
GGTGTTAAGGGATCTGx-3,0.9673540442310176
GTATTCTAGTGCGATGx-3,0.9783578975899205
GGTATTGCAAGCGATGx-3,0.9822939333652062
GTACTTTCATTCCTGCx-3,0.9976178688899032
GTACTTTAGCAGCGTAx-3,0.9989202322538108
GGTGCGTGTACCGTATx-3,0.8055542992712745
GGTGAAGCAGTATAAGx-3,0.974025211974434
GGTATTGGTGCAGTAGx-3,0.9984942807290794
GTACTCCCATGATCCAx-3,0.9964529839482257
GTAGTCAAGACACTAAx-3,0.9879415090645705
GTCAAGTAGGTGCTAGx-3,0.9972067459452848
GTAACTGTCATCATTCx-3,0.9975558830958735
GGTGCGTTCCGTAGTAx-3,0.9805879089129771
GGTGTTAGTAAGAGGAx-3,0.9985978310765036
GTATTCTTCACCTCGTx-3,0.993167865506142
GTAACTGTCGGTTCGGx-3,0.9915187504314602
GTAACGTGTATATCCGx-3,0.9987771715616045
GTATTCTTCCACGTTCx-3,0.9963827319939159
GTATTCTTCTGCGACGx-3,0.9874077772922196
GTCAAGTAGGCAGGTTx-3,0.9931159131657947
GGTGAAGCATACGCTAx-3,0.9982707464772058
GTACTTTTCGAACGGAx-3,0.9985339769468887
GGTGTTATCTTCGAGAx-3,0.9983030319272614
GGTATTGTCATAAAGGx-3,0.996130698140042
GGTGAAGGTTTAGGAAx-3,0.996160826601909
GGTGCGTTCTTGAGACx-3,0.9922073040184318
GTAGTCACACATGACTx-3,0.9984372305878388
GTATTCTTCCCTTGTGx-3,0.9823251495674131
GGTATTGTCTGATTCTx-3,0.9975472548486572
GTATCTTGTACCGTATx-3,0.9362838826203773
GTAGTCAGTGCGCTTGx-3,0.8484952341370123
GTCAAGTGTACAGCAGx-3,0.9951571153835088
GGTGCGTTCGAGGTAGx-3,0.9947404440712412
GTACTCCTCGCGGATCx-3,0.9995676562109105
GTAGTCAGTCACTTCCx-3,0.9781047458724627
GTACTCCTCACGGTTAx-3,0.9800606941690687
GGTATTGCAGGAATGCx-3,0.8555798734880148
GTACTTTGTAACGTTCx-3,0.9979488676449172
GTATTCTCAGTTTACGx-3,0.996991815357638
GTATCTTCAATACGCTx-3,0.9803783014300729
GGTATTGCATACTACGx-3,0.9971861388368569
GTAGGCCAGGATATACx-3,0.8099038170757237
GTAACGTTCAACACCAx-3,0.99727125894426
GGTGAAGCAGACGCTCx-3,0.9986463626233021
GTAACGTTCAGGATCTx-3,0.9779498192410432
GTCAAGTGTGACGCCTx-3,0.9955673899320525
GTCAAGTGTGATAAACx-3,0.9957452085531794
GGTATTGTCCGATATGx-3,0.9978534365840838
GGTGTTACAGATCCATx-3,0.812706654229907
GTAGTCACAGATTGCTx-3,0.9919224949744895
GTCAAGTAGGAGCGTTx-3,0.9970721156730747
GTCAAGTCAGGTGCCTx-3,0.9989974024143152
GGTGCGTGTCGAGATGx-3,0.9634431823121858
GTACTCCGTTCCACAAx-3,0.9988902829495241
GTATTCTAGGACTGGTx-3,0.9788225509770362
GGTGCGTGTCATATGCx-3,0.9821165364211826
GTCAAGTCAGCTGCTGx-3,0.99613006535873
GTACTCCAGTCGCCGTx-3,0.9984413397164947
GGTATTGAGCTGGAACx-3,0.9976237727404076
GTATCTTAGGCCATAGx-3,0.99830948455642
GGTATTGGTACCGCTGx-3,0.9953375240942474
GTAGGCCAGTCCGGTCx-3,0.9979637231372084
GGTGAAGAGAACTGTAx-3,0.9984875017994835
GTAACTGGTTGGACCCx-3,0.9949540688267422
GTATTCTAGCTTTGGTx-3,0.9957060142906801
GTACTTTGTATTACCGx-3,0.980047368727172
GGTGCGTAGATGTAACx-3,0.9979467808346376
GTACTTTTCTCCTATAx-3,0.9955622397868025
GTATTCTGTAGAGGAAx-3,0.9936697868921823
GTACTTTGTACCGTTAx-3,0.9995847619041652
GGTATTGAGAATGTTGx-3,0.9967146294555937
GTACGTAGTTCGGGCTx-3,0.9986871303466985
GGTGAAGCAAGACGTGx-3,0.9981754308898282
GTCAAGTGTGGTGTAGx-3,0.9839692083560908
GTAGGCCGTTCTCATTx-3,0.902725235048697
GTAACTGAGCTACCTAx-3,0.9963630350566945
GTATCTTAGGAATTACx-3,0.9996044727090808
GTATCTTAGTCACGCCx-3,0.9834516358991731
GGTATTGGTAGATTAGx-3,0.9988239608432072
GGTGCGTTCCCTAATTx-3,0.9978893323332114
GTAGGCCAGAACAATCx-3,0.9952502714824332
GTAACTGGTACGCTGCx-3,0.9975419470077308
GTAGGCCGTAGCCTATx-3,0.9922629136141418
GTACTCCGTCATATCGx-3,0.9973932734112134
GTACGTAAGGCTCATTx-3,0.9968055201569299
GTCAAGTCAAAGGAAGx-3,0.9966349082369662
GTCAAGTGTTCGGCACx-3,0.9822192738484963
GTACGTAAGGGAAACAx-3,0.9975451821315816
GGTGCGTTCCTTGGTCx-3,0.9993177498003345
GTATCTTTCGAGAACGx-3,0.9813637228865034
GTAGTCATCGGTGTCGx-3,0.9980629356652697
GTACGTATCTCCTATAx-3,0.9818673085958552
GTATCTTGTAGCGCAAx-3,0.9985475970198756
GTATTCTCACGAAATAx-3,0.9984892354453163
GTATCTTCAGTGACAGx-3,0.9974454421975648
GTACTCCGTCTCACCTx-3,0.9968378981640713
GTGCATACACCCAGTGx-3,0.9981743580493315
GTCTCGTAGTACGCGAx-3,0.9985931008466646
GTCGTAACAAGTAATGx-3,0.9981320845035418
GTCATTTCAGTAACGGx-3,0.9967656667441599
GTGAAGGCATGGTAGGx-3,0.9953320635941003
GTCTTCGAGCTTATCGx-3,0.9980694427518085
GTCATTTGTCTCTCTGx-3,0.9983785210593938
GTGAAGGCATTCACTTx-3,0.9894396472165996
GTGCGGTTCCGCAAGCx-3,0.998150919723536
GTGTGCGGTCAAAGATx-3,0.983266518248861
GTGCGGTTCCGGCACAx-3,0.9963530223292599
GTGTGCGAGATCTGCTx-3,0.9991117940258248
GTGCGGTAGGTAGCCAx-3,0.9976458744048061
GTCATTTCAAAGCAATx-3,0.9816673610931559
GTCTCGTTCAGTACGTx-3,0.9951217795183183
GTGCTTCCAACGATGGx-3,0.9956387101729202
GTGCTTCCAGTAAGATx-3,0.9987274486133004
GTCTTCGAGCCAGAACx-3,0.9265365527432687
GTGGGTCTCGGAATCTx-3,0.9805954708986829
GTCAAGTTCATACGGTx-3,0.9810496012048923
GTCCTCACAGATCGGAx-3,0.9978969043620189
GTGTGCGCATGCCTAAx-3,0.9994523885571365
GTGAAGGAGTGAACGCx-3,0.9961059025148756
GTCACAACATGTAAGAx-3,0.9726428108925261
GTGGGTCGTAGCGCTCx-3,0.97975236724544
GTCTTCGAGGATTCGGx-3,0.8770871486225686
GTCCTCACACGGATAGx-3,0.9899353119449656
GTCACGGCATTCTCATx-3,0.9809155182743153
GTCCTCATCGTCACGGx-3,0.9773416107445618
GTCACAAGTAAACACAx-3,0.9976738716086359
GTCTCGTCAGATCTGTx-3,0.9820749437919039
GTCAAGTTCTAACTCTx-3,0.9806382966516521
GTCTTCGCATACCATGx-3,0.9985401774259873
GTCATTTTCTTATCTGx-3,0.9974394481535953
GTCACGGGTGCGCTTGx-3,0.9964873903071471
GTCACGGAGCTAACTCx-3,0.9748526705352105
GTCGTAAAGATCGGGTx-3,0.9964022288514095
GTCAAGTTCTCGCTTGx-3,0.9968841984354635
GTCGGGTCAGTATGCTx-3,0.8186654328747835
GTGCAGCAGAGATGAGx-3,0.9969806996573917
GTGGGTCTCGATGAGGx-3,0.9934590368226998
GTCTCGTCAGGCTCACx-3,0.9975220926696388
GTGCGGTAGCACGCCTx-3,0.9813922681792722
GTGTGCGCAGGGCATAx-3,0.9956986097929719
GTCTTCGTCTGTCTCGx-3,0.8060758134809037
GTCACGGTCAGGATCTx-3,0.9974647579036815
GTCGTAAGTACGACCCx-3,0.9987148567711939
GTCGTAAAGTACACCTx-3,0.998913301444661
GTCGTAAGTCTCCCTAx-3,0.9746837382874918
GTCACAAAGAAACCGCx-3,0.998289197365882
GTGCATAAGAGGTTATx-3,0.989890113553913
GTCACGGCACTCAGGCx-3,0.995960952288572
GTCTTCGAGGCTCATTx-3,0.9982021259381031
GTCTCGTCACCGAAAGx-3,0.9977577444701885
GTGCAGCGTTGGTAAAx-3,0.9967165712912278
GTCTCGTAGCTATGCTx-3,0.9802264770155542
GTGAAGGCACTAGTACx-3,0.8124237250024189
GTCGTAACACGGCTACx-3,0.9928259991966596
GTCGTAATCGCGGATCx-3,0.9615399074741227
GTCACGGCATGGTCATx-3,0.9950787004506464
GTCATTTGTAGTAGTAx-3,0.9985227386978305
GTCACAATCAGCGATTx-3,0.9874671671544497
GTCTTCGCAAATTGCCx-3,0.9980782415335672
GTGCGGTTCCTGCAGGx-3,0.9953262676220203
GTCACAAAGAGTAAGGx-3,0.97575424378335
GTCCTCAAGTACACCTx-3,0.9968567150531955
GTGAAGGTCCAAACACx-3,0.9961446277286855
GTCACAAAGTAGTGCGx-3,0.9958025289174998
GTGCAGCTCCTCCTAGx-3,0.9987734590861622
GTGCTTCGTTTGTGTGx-3,0.9846763139908662
GTCATTTTCCATGAACx-3,0.9798303881571415
GTGCGGTAGAGCAATTx-3,0.9621477787329362
GTGCGGTTCGCACTCTx-3,0.9971199165397719
GTGCATAGTACGACCCx-3,0.9984751840011071
GTCTTCGCAGTGGAGTx-3,0.9993937060258338
GTCTTCGCATCCGTGGx-3,0.9961040486770115
GTGCAGCCAAGAAGAGx-3,0.9807336773465215
GTGCTTCTCGTAGGAGx-3,0.9224523954567261
GTCCTCATCTAACCGAx-3,0.8359761870477935
GTGAAGGTCGATAGAAx-3,0.9973261205183362
GTGTGCGAGCTAGTGGx-3,0.997451416847543
GTGCATATCACTTCATx-3,0.9742319199505746
GTGCGGTGTACTCTCCx-3,0.9993590736918488
GTGCAGCAGAGCCTAGx-3,0.9973100603755216
GTGCGGTTCGGATGTTx-3,0.9986749265000339
GTGCTTCAGATTACCCx-3,0.9520796052708058
GTCATTTAGGCATGTGx-3,0.9821318623500357
GTCATTTCACCATCCTx-3,0.9968272464463227
GTGAAGGGTCGATTGTx-3,0.9822433204626466
GTCTCGTTCACGATGTx-3,0.9768693672791782
GTCACAATCCTTAATCx-3,0.9753182955572886
GTCCTCATCGGCATCGx-3,0.9781447182674614
GTCTCGTGTCGGCTCAx-3,0.9808717009855619
GTGGGTCCACGTTGGCx-3,0.9987707749624712
GTGCATATCCCTAACCx-3,0.998495589650858
GTCTCGTGTTGATTCGx-3,0.9942500993386941
GTTCATTAGCGTCTATx-3,0.9929855545339482
TAAGTGCCACAGGTTTx-3,0.9986853315276027
GTTCATTTCAGATAAGx-3,0.9824358409395834
TAAGCGTCAGCCTTGGx-3,0.9280668728968813
GTGTTAGGTCTAGCGCx-3,0.980888195582739
TAAGTGCAGTGTCCATx-3,0.9974791197281637
GTTAAGCCAGCCTTTCx-3,0.9990860991057549
GTTCGGGTCCCTAATTx-3,0.9781835633278253
GTTTCTAGTCACACGCx-3,0.9977661732909625
GTGTTAGAGCTCTCGGx-3,0.9987790300515077
GTTAAGCGTGCAACGAx-3,0.9988777261903095
GTTCGGGGTACGACCCx-3,0.9982932724581527
GTTAAGCTCAACGGCCx-3,0.9994923364861995
GTTTCTAAGCCACGTCx-3,0.9991517921542578
GTTCTCGGTTGTGGCCx-3,0.9807472979610078
GTTTCTACAAACAACAx-3,0.9992183395466325
GTTAAGCCAGTAACGGx-3,0.9990814284574523
GTTAAGCAGAAGGTGAx-3,0.9980125674183535
GTGTGCGTCAAACCACx-3,0.998997426050823
GTGTTAGCAGTTCATGx-3,0.9834341546930015
TAAACCGCATTCACTTx-3,0.9814223631764649
GTTCGGGGTCGAACAGx-3,0.9735030421776377
GTTAAGCAGGGTATCGx-3,0.9968583573940192
GTTCTCGAGACTCGGAx-3,0.9989639569717073
GTTTCTAAGGCAGGTTx-3,0.9969492266707993
TAAGTGCAGGTGCACAx-3,0.9812505782115767
GTTTCTAAGTACATGAx-3,0.9984231490724372
GTTTCTAGTGAGGGTTx-3,0.9613957720950899
TAAGAGAGTGTGCGTCx-3,0.9947986279044471
TAAACCGGTCCGAGTCx-3,0.9994217018374575
GTTCGGGTCCCAGGTGx-3,0.998094730326935
TAAGAGAGTTTGACTGx-3,0.9808114791268694
GTTTCTAGTATAAACGx-3,0.9990341326836014
GTTCTCGGTGGTCCGTx-3,0.9814394469486588
GTTAAGCAGGGTGTTGx-3,0.997195018485026
GTTTCTAAGAACTCGGx-3,0.9989770589192283
GTTCATTAGATCGGGTx-3,0.9816091255718465
TACACGAAGGGTCGATx-3,0.9992971710290934
GTTCATTCATGTCTCCx-3,0.9988421699154066
GTGTTAGGTAGGAGTCx-3,0.9957492949505162
GTGTTAGGTGCAACGAx-3,0.9983779379469264
GTTACAGCACATTTCTx-3,0.9990970319487986
GTTCGGGTCTGCAGTAx-3,0.8128045374785001
TAAGCGTAGTCCATACx-3,0.9940779610905423
GTTTCTACACTGCCAGx-3,0.9833257626803354
GTTACAGGTCCTAGCGx-3,0.997376957523748
GTGTTAGCACCAGGTCx-3,0.9812736763702514
GTTCTCGGTGTATGGGx-3,0.9810640460412281
GTTCGGGAGGGATCTGx-3,0.9981091533971282
GTGTTAGTCCTATGTTx-3,0.9973390602898607
GTTCATTGTCGCGAAAx-3,0.9969464027407664
GTTTCTATCACCGTAAx-3,0.9985930918190081
TAAGAGATCGCGATCGx-3,0.9992659514840656
GTTACAGGTGTCAATCx-3,0.9816375372984059
TAAACCGTCTCATTCAx-3,0.9715573052686655
GTTCATTTCACCTTATx-3,0.9835156191051657
GTTCGGGTCGGTTAACx-3,0.9957210152203844
TAAACCGTCTGCTGTCx-3,0.9810021540446136
TAAGTGCTCAAGCCTAx-3,0.9810252964294398
GTTCGGGGTTTGGGCCx-3,0.9991647389869646
GTTCTCGCAGACGCCTx-3,0.9823584126439089
GTTCTCGCATCATCCCx-3,0.9599972751086319
TAAGAGAAGGAATTACx-3,0.9989227235341755
TAAGCGTGTCTGCAATx-3,0.9996301311060832
GTTAAGCCAAGCTGGAx-3,0.9984987304168826
TAAGTGCAGCAGCCTCx-3,0.9648871352764496
GTTCTCGTCATTCACTx-3,0.9959081504689107
GTGTTAGAGTAAGTACx-3,0.9973217713475853
GTTACAGAGGCATGGTx-3,0.9975851210430098
GTTCGGGCATATGCTGx-3,0.9816906371827238
GTTCGGGAGGCAAAGAx-3,0.895149536858156
GTTCGGGCAAAGAATCx-3,0.9715078268104047
GTTAAGCGTTTCGCTCx-3,0.8084296979025777
TAAGAGAAGTCAATAGx-3,0.9977635570691845
GTGTGCGGTGAAATCAx-3,0.9988649141820396
TAAACCGGTGTTGAGGx-3,0.9971248365858786
TACACGAAGTAGATGTx-3,0.9891326726618023
GTGTTAGGTAAGCACGx-3,0.9830565678250106
GTGTTAGCACTTAACGx-3,0.9966473135909006
TAAACCGGTGGTTTCAx-3,0.782323242281245
GTTCGGGTCCTGTAGAx-3,0.9840223938859955
GTGTGCGTCTGTTGAGx-3,0.9872233345181737
GTTCTCGTCAAAGTAGx-3,0.9815321938843203
GTTAAGCTCATTGCCCx-3,0.9967225934237224
TAAGCGTTCGTGGACCx-3,0.9989698170956999
GTTCATTAGCCATCGCx-3,0.9962054594934998
TAAGAGAGTCGCATCGx-3,0.97825174232287
TAAGTGCGTCAGTGGAx-3,0.9855999768305272
TAAGTGCCACTTAAGCx-3,0.9979830287859563
GTGTTAGAGACAGACCx-3,0.9897394734891318
GTGTTAGTCATGCTCCx-3,0.9932909577057721
GTTACAGTCGTGGTCGx-3,0.9805209160774647
GTTTCTAGTTTAAGCCx-3,0.9979794954910641
GTGTGCGGTGTGGCTCx-3,0.9816199620656376
TAAGAGAAGTGGGCTAx-3,0.9810501828956228
TAAACCGGTCAAAGATx-3,0.9982424723610549
TAGGCATCACCGAATTx-3,0.9492212441974813
TACGGTACACGGACAAx-3,0.8121006769059803
TACCTTAGTCGCGAAAx-3,0.9970716404033992
TACCTATCAAGTAATGx-3,0.9981657642044983
TACTCATAGGCAAAGAx-3,0.981506867365558
TAGACCATCACTGGGCx-3,0.9974023651387579
TACGGATAGCTAACTCx-3,0.9890861277646855
TACGGGCTCGAGGTAGx-3,0.9993629434292535
TAGGCATTCTTCGGTCx-3,0.9982626994618532
TAGACCACACCAGGCTx-3,0.994977844382101
TAGCCGGCAGGTGCCTx-3,0.997438293317268
TACAGTGAGCAATCTCx-3,0.9955812322271845
TACTCGCCACTCAGGCx-3,0.9813643173275981
TACTTGTCAGTAGAGCx-3,0.996217323149254
TACTTGTTCTACCAGAx-3,0.997015300830736
TACTTACGTGAGGCTAx-3,0.9993160471605652
TACAGTGGTACCATCAx-3,0.9810740548145382
TAGTGGTAGAGTTGGCx-3,0.9970292114077065
TACCTATAGCATCATCx-3,0.9986868240099025
TACCTATCACCAGGTCx-3,0.9756098941547663
TACCTATTCAAACGGGx-3,0.98343734032528
TACTTGTTCGGACAAGx-3,0.9978751823309273
TACTCGCAGCGTGTCCx-3,0.995864104639751
TAGACCAAGATGTGGCx-3,0.9981831990500662
TACGGGCCAAAGTCAAx-3,0.9938620286730716
TACGGGCGTCGCATCGx-3,0.9972637044805199
TACGGGCCAGCCTTTCx-3,0.9956568606123274
TACCTTAGTGGTGTAGx-3,0.9892461363596403
TAGTGGTAGCTAAACAx-3,0.9976108107393714
TACACGACAATGAATGx-3,0.9815213640974121
TACTTGTAGGATGTATx-3,0.9803515406078984
TAGCCGGAGATGTAACx-3,0.998200128335353
TACCTATGTACCATCAx-3,0.998057468400828
TAGAGCTCAGGATTGGx-3,0.9911914993960695
TAGTGGTAGCTGGAACx-3,0.9977981724263558
TACTTGTAGGCAATTAx-3,0.994063862024202
TACTTACGTTACGACTx-3,0.9968413034219906
TAGACCAAGGCAGGTTx-3,0.9971324852680954
TACTCATAGATAGTCAx-3,0.9969430058932773
TAGACCAGTTGCGTTAx-3,0.9941327280682084
TACTTACGTATGAATGx-3,0.9967199056073508
TAGACCACAGGGCATAx-3,0.9772144532658136
TAGACCATCCTCAATTx-3,0.988838334222111
TACCTTAGTTACGGAGx-3,0.9964423156938397
TAGTGGTAGGGCACTAx-3,0.9837145501079038
TACCTTAAGAGTACCGx-3,0.9950495560362892
TACGGGCAGCAGCCTCx-3,0.9967889901680862
TACTCGCTCATAACCGx-3,0.993956635776134
TACCTATCACTCTGTCx-3,0.9951137380403589
TAGTGGTCAGTCAGCCx-3,0.9978460615478513
TACACGAGTCGGATCCx-3,0.9954510285039244
TAGTGGTGTAGCAAATx-3,0.9799177062393044
TAGACCAGTAACGCGAx-3,0.9976863320826955
TAGACCAGTACCATCAx-3,0.9971003169561405
TAGCCGGAGTGAATTGx-3,0.9695563108555795
TAGACCATCAACGGCCx-3,0.9975650756903097
TACTCGCGTCCGAAGAx-3,0.9979131646565927
TACGGGCCAAGACGTGx-3,0.99772911998238
TACCTTACATTGCGGCx-3,0.9969153916713775
TACTCGCTCTGCTGTCx-3,0.9807841244072731
TACCTTAGTCTCTTATx-3,0.9802044109413364
TAGAGCTCATCACGATx-3,0.9817336786147619
TACTTACCAAGTTGTCx-3,0.9826290984474798
TACGGATTCGGCGGTTx-3,0.9845742716783111
TACTTACCATAGGATAx-3,0.9967372216172069
TACCTATAGCAGGTCAx-3,0.9844102857699272
TACGGGCGTCTGCAATx-3,0.9951021301048327
TAGCCGGGTTAGATGAx-3,0.9920703192505221
TACGGGCTCAACACCAx-3,0.9839463581757754
TACGGTATCTTTCCTCx-3,0.9984023174854812
TACGGGCGTGATGTGGx-3,0.9987948753284315
TACGGGCAGTACTTGCx-3,0.9973685225538785
TACGGATAGTTGAGTAx-3,0.9980359299456801
TAGTGGTAGTACGACGx-3,0.946280711539941
TACTTACGTAACGTTCx-3,0.9977481556329287
TAGTGGTCATGCTAGTx-3,0.9975723879964359
TACGGATGTCCGCTGAx-3,0.9914235175776793
TACCTTACAAAGTGCGx-3,0.9965755482683706
TACAGTGCAGGCTCACx-3,0.9979264023641353
TACGGATAGGGTCGATx-3,0.9782293362885953
TACCTTAGTACCGGCTx-3,0.998352925235431
TAGCCGGTCAGCAACTx-3,0.9967736306396209
TACTCATGTTGTACACx-3,0.9972875075318276
TACGGTAAGATCGGGTx-3,0.9029122711168485
TACTCGCAGACACGACx-3,0.9979554411514087
TACACGATCTCCAGGGx-3,0.9988255988203791
TAGTGGTCATACCATGx-3,0.9982596149464724
TAGACCACATCATCCCx-3,0.9971778603459345
TACAGTGAGCTCCTCTx-3,0.9791489420757521
TACTCGCCAGACAGGTx-3,0.9943707957823616
TAGACCACAGGACCCTx-3,0.9992326103669105
TACGGATGTATCACCAx-3,0.9737994262213749
TACTCGCTCAGCGACCx-3,0.9969715961825157
TAGCCGGGTAGCTGCCx-3,0.998414930456493
TAGAGCTGTCGGCATCx-3,0.982195807860674
TATCTCATCCTATTCAx-3,0.9765460758175669
TAGTTGGGTAATCGTCx-3,0.9777745285090051
TAGTGGTTCAACACGTx-3,0.9974697057321399
TATCAGGGTAAATGACx-3,0.9804650299207682
TATGCCCAGGCAAAGAx-3,0.9976326066946906
TAGTTGGGTAAATACGx-3,0.9967184205671343
TATTACCAGAAGGGTAx-3,0.9805330192204107
TCAGCAATCCGCTGTTx-3,0.9994399653447542
TATCTCAGTGTCTGATx-3,0.9987674784972446
TCAGCAACATGGTTGTx-3,0.9994855488251443
TCACAAGGTGTAATGAx-3,0.9992085414155011
TATCTCATCTCTGCTGx-3,0.9945947033029492
TATCTCAGTATAGGTAx-3,0.9980904300769088
TCAATCTAGTGAACGCx-3,0.9972852771039329
TATCAGGAGCCACCTGx-3,0.9735949560959425
TATTACCTCTCAAGTGx-3,0.9814230006714693
TCACGAAAGTTCGATCx-3,0.9992877138699416
TCAATCTAGGAGTCTGx-3,0.9977939908595881
TATCTCACACGTCAGCx-3,0.9823255007302699
TCACGAAGTCAAAGATx-3,0.9818981748489497
TCAACGACACATCCGGx-3,0.9985021434818774
TCAGATGGTTACCAGTx-3,0.996848274434538
TAGTTGGGTCACTTCCx-3,0.9989283682495136
TCAACGACAAGCTGAGx-3,0.9875103259711879
TATGCCCCAGATGGCAx-3,0.9854210764044737
TATCTCATCATTGCCCx-3,0.9987069148073596
TATTACCGTCCGACGTx-3,0.9897031455032941
TCACAAGTCTTGTATCx-3,0.9820385085113867
TATGCCCAGGCTCTTAx-3,0.9994231229752356
TCACGAAGTCCAGTATx-3,0.9994615214545287
TCACAAGGTTTGGCGCx-3,0.9953321381960124
TCAATCTCAAGTAGTAx-3,0.9971890151981867
TCAACGATCAGCCTAAx-3,0.9981493371815885
TCAGATGCATATACGCx-3,0.9931699513558115
TAGTTGGAGCTAGTTCx-3,0.9974564142682665
TAGTTGGGTCATCGGCx-3,0.9811536305035582
TCAACGATCCATGAACx-3,0.9991939374540838
TAGTTGGTCACCGTAAx-3,0.97390452796418
TCACGAAAGAATTCCCx-3,0.9961146369060853
TCAGATGTCCCATTATx-3,0.9994993896676014
TCAGCAACATCACGTAx-3,0.9981803323054507
TATCTCAAGATGGGTCx-3,0.998503035453632
TCACGAACACGTCTCTx-3,0.8208545299264235
TCAGCAATCATCGGATx-3,0.9911647060789919
TCAATCTTCCGTAGTAx-3,0.9471197742985867
TCAATCTTCAGAAATGx-3,0.9812503304791642
TATTACCGTGGGTCAAx-3,0.9991597477243856
TCAGCTCCAGTGGGATx-3,0.9970083910370179
TCAGCTCAGAATAGGGx-3,0.981720804308124
TCACAAGTCCGCTGTTx-3,0.9986407758743735
TCAGCTCGTGAGTATAx-3,0.9778088748833107
TATCTCAAGCTTTGGTx-3,0.9972234495377791
TCACGAACACGCTTTCx-3,0.9898135793362808
TCAGCTCAGATGCCTTx-3,0.9786409298813691
TCAGATGAGACAATACx-3,0.9964661600815022
TAGTTGGTCGGCTACGx-3,0.9806936265684016
TAGTGGTTCGGTGTCGx-3,0.9916553118218008
TCAGCTCCAGTAACGGx-3,0.9982171397750417
TAGTGGTTCCTCATTAx-3,0.9964511115941497
TCAGATGGTTTACTCTx-3,0.9964942282367775
TAGTGGTTCACAATGCx-3,0.9987637952711254
TCAATCTTCCGTTGCTx-3,0.9778972824873597
TCAGCAAAGTCTCGGCx-3,0.9801213504114199
TATGCCCCATCAGTACx-3,0.9797104370695525
TAGTTGGCAGCTTAACx-3,0.9939156567267898
TATCTCACAAAGAATCx-3,0.9350370610738791
TCAACGAAGTCGTACTx-3,0.9955704340518479
TATGCCCCAGTATGCTx-3,0.9977346045970702
TCAATCTGTAGCTGCCx-3,0.9818830906880137
TCACGAACACTCAGGCx-3,0.998107258384991
TCAGATGTCAGTTCGAx-3,0.996372954830668
TCAGATGAGATCCGAGx-3,0.991163538302324
TCACGAATCAGTGTTGx-3,0.9913728109614505
TCAGATGTCAGCATGTx-3,0.9758205603140697
TCAGATGTCGGACAAGx-3,0.9803434139527581
TATCAGGGTTGGTTTGx-3,0.9984844673055403
TCAGCAAGTGAGCGATx-3,0.9977043108945639
TCAGATGAGTGAAGAGx-3,0.9796008743438628
TAGTGGTTCTTGCCGTx-3,0.9990583696294679
TAGTTGGTCTGCTTGCx-3,0.9467408568266674
TATCAGGCACAACGTTx-3,0.9959953454048495
TCACAAGTCTTCGAGAx-3,0.9982694651532658
TATGCCCTCAGCTGGCx-3,0.9809432507969635
TCAGCAAAGCGTAATAx-3,0.998402311638264
TCAACGAAGAGTACATx-3,0.996350384253338
TATCTCAAGAATTCCCx-3,0.998190702964156
TCAATCTGTTTGGGCCx-3,0.8245520493110216
TCACGAATCAACACGTx-3,0.9978964738115278
TATCTCAAGTCTCCTCx-3,0.9777767635491676
TATCAGGGTCTAAAGAx-3,0.9949043969365979
TCACGAACAAACGCGAx-3,0.9978952267473005
TATCAGGGTCAGGACAx-3,0.9976426866687913
TATTACCGTCACCCAGx-3,0.9735093618715858
TCAACGAGTGAGGCTAx-3,0.9973251795719408
TCACGAAAGTCCCACGx-3,0.825167649782889
TATGCCCGTTACAGAAx-3,0.9808257649358197
TATCAGGTCTTCCTTCx-3,0.9988204897599179
TCACAAGAGGAACTGCx-3,0.9991203800163929
TCTATTGGTGACGGTAx-3,0.9821910060152802
TCAGGATCAATGGACGx-3,0.9862107665170002
TCAGGATAGCAGATCGx-3,0.9991279229512117
TCGGTAAGTCTAGGTTx-3,0.9983337938341279
TCATTTGGTTAAGGGCx-3,0.992823017395099
TCGGTAAGTATAAACGx-3,0.9978290306619548
TCGGGACCAGTACACTx-3,0.9807714524239329
TCAGGATTCTCGCTTGx-3,0.997513814303125
TCAGGATGTCTTCAAGx-3,0.9803768293335803
TCATTTGAGCTACCGCx-3,0.9907526433744637
TCGCGTTCATGCAATCx-3,0.7988131090301532
TCATTACCAATCTGCAx-3,0.9964652803899426
TCATTACAGTTAGCGGx-3,0.9976277637720989
TCGTAGAAGCTTCGCGx-3,0.9973365332804571
TCAGGTACAAGCCGCTx-3,0.9981098533705826
TCGTAGAGTCTAGCCGx-3,0.9934835638046667
TCAGGTATCTTTACACx-3,0.9802965205941343
TCCCGATCAGCTTAACx-3,0.9947699182610329
TCGTACCAGATTACCCx-3,0.8072274431491225
TCTATTGAGATCGGGTx-3,0.9983503669014634
TCGTAGACATCGGACCx-3,0.9978730360628685
TCAGGATTCAAAGACAx-3,0.9979357092493653
TCAGGATAGTGACATAx-3,0.9823186425218029
TCGCGTTCAAAGTCAAx-3,0.9979553664901155
TCGGGACCACGGCCATx-3,0.9946831987281463
TCGTAGACACACCGCAx-3,0.9952709354309249
TCGTACCAGTCGTACTx-3,0.9633433992282366
TCGTAGATCGTGGGAAx-3,0.9769739704565791
TCGCGTTAGCTGCGAAx-3,0.9996989951123023
TCGAGGCGTCGGATCCx-3,0.9955056357755976
TCAGGATTCAACGAAAx-3,0.9799464161045145
TCGGGACAGTGGAGAAx-3,0.9803219060107004
TCATTTGTCAACACTGx-3,0.9982231485592188
TCGTAGAGTAGAGGAAx-3,0.9669893079423795
TCAGGATAGGCTCATTx-3,0.9963085402541898
TCGGGACAGCTGCAAGx-3,0.9957902075504202
TCGGGACTCCCAAGTAx-3,0.9985848505260356
TCGCGAGGTACCGAGAx-3,0.9956370867881207
TCTATTGGTCATGCATx-3,0.9967311685171296
TCGGTAACACATAACCx-3,0.9954111735955589
TCGGTAAGTAGCACGAx-3,0.9971777053573373
TCGGTAATCTTTCCTCx-3,0.9988187853096449
TCCCGATCAAGTTCTGx-3,0.807252499583995
TCGCGTTTCAGGCAAGx-3,0.9970500830414348
TCATTTGCATGTTGACx-3,0.9983762522129712
TCTATTGGTCAATGTCx-3,0.9347337005254948
TCGCGTTGTGTCGCTGx-3,0.9996064589780131
TCATTACCACAGGTTTx-3,0.9977699780161545
TCAGGTAGTGGTAACGx-3,0.997562694409969
TCATTTGCATGGTCTAx-3,0.9973821601317807
TCCCGATTCTAAGCCAx-3,0.9779939973725986
TCGTACCGTTAAGATGx-3,0.994852885392463
TCATTTGGTTCTGGTAx-3,0.9502082996758352
TCGAGGCCACACGCTGx-3,0.9988616057112838
TCAGGATAGTGTCTCAx-3,0.9966122839657412
TCCACACAGAAGATTCx-3,0.9985401189763309
TCCCGATGTGACGGTAx-3,0.9780141511422896
TCGAGGCAGTGCCAGAx-3,0.9929912653228491
TCAGGTAGTTAAAGACx-3,0.9948820896394508
TCCACACAGGTGGGTTx-3,0.9791183073850026
TCCCGATCACCTATCCx-3,0.9989075752826017
TCGTACCTCGCTTGTCx-3,0.9908190913829158
TCCACACCATACTACGx-3,0.9800400793997893
TCAGGATGTACATGTCx-3,0.9980709457727348
TCGCGTTAGCACACAGx-3,0.9984666710066373
TCCCGATAGACAGGCTx-3,0.9948276985000898
TCGTACCTCATAGCACx-3,0.9979176467754939
TCCACACTCTGATTCTx-3,0.9635711471527328
TCATTTGCAAAGGTGCx-3,0.9812919666996751
TCAGGTAAGCGTGTCCx-3,0.9813445760160056
TCGGGACGTGTGCCTGx-3,0.9973946219016359
TCGGTAAAGGCCATAGx-3,0.9987199962377397
TCGAGGCAGGCATGTGx-3,0.9934115209266469
TCAGGATTCTCAAGTGx-3,0.9981634865428597
TCGCGAGTCTACGAGTx-3,0.9832257403905453
TCATTACGTACATGTCx-3,0.9977793767140628
TCATTTGGTCAGAAGCx-3,0.9811841450948852
TCGTAGAGTCCGAGTCx-3,0.9795000011729578
TCCCGATGTTCTCATTx-3,0.9941764217971798
TCGGGACGTCCGAACCx-3,0.9993045011146883
TCGCGTTGTTATCCGAx-3,0.9981840731497447
TCGGGACGTCTCTCGTx-3,0.9977332382036264
TCCACACCACAGCGTCx-3,0.9971113604405649
TCCACACCATCCAACAx-3,0.9972009903766212
TCAGGATCAAGACGTGx-3,0.9803290173355691
TCATTTGGTATCACCAx-3,0.9986610508033259
TCTATTGAGGCAGGTTx-3,0.9985514101356425
TCGTAGACACCTGGTGx-3,0.9936382771945141
TCGAGGCCACGGATAGx-3,0.9899645821280295
TCGCGAGCATGCATGTx-3,0.9812918135675776
TCATTTGCAGGCTGAAx-3,0.9975889915665291
TCGCGTTCACGTCAGCx-3,0.9921755582886594
TCAGGTACAGCGAACAx-3,0.9801747805580829
TCGGGACGTTTGACTGx-3,0.9973926097380209
TCCACACAGCCTTGATx-3,0.9994939085805512
TCGCGAGAGCGAGAAAx-3,0.9821890642481323
TCTTCGGTCCGCGGTAx-3,0.9804365427225225
TGACGGCAGGCGTACAx-3,0.9931060277970556
TCTGGAAAGGATGCGTx-3,0.9897823770217312
TGAGCCGGTAGTGAATx-3,0.9949413300607652
TGAGAGGGTTGTGGCCx-3,0.9809366587858527
TGAGAGGAGTCTCGGCx-3,0.9962884241952387
TCTTTCCCACAGCGTCx-3,0.9810501977235536
TGAGCCGTCTAACGGTx-3,0.9966822210748794
TCTGGAATCGCTTGTCx-3,0.9957494115362232
TCTCATAGTCTCCACTx-3,0.9977034627239224
TCTGAGACAGGTGGATx-3,0.9993555625459312
TCTGGAAAGATATGCAx-3,0.996162413773705
TCTGGAATCGTCCGTTx-3,0.9813733391263793
TGACTTTCATGCAATCx-3,0.9967640897413498
TCTCATAAGGCATGGTx-3,0.9967089746921363
TCTCTAAGTGACTCATx-3,0.9793265697155901
TGACTAGGTCGGGTCTx-3,0.9813716227694754
TCTATTGTCCGAACGCx-3,0.9973957514042188
TCTCATATCGCTGATAx-3,0.9809098241462598
TCTATTGTCCCATTATx-3,0.9958069175565967
TGAAAGATCTGGCGTGx-3,0.9522322764242146
TGACGGCCAGGTGGATx-3,0.9818521524429975
TCTCTAACAAGTAGTAx-3,0.9936841386749834
TGAGCCGTCTGGGCCAx-3,0.9967975975224825
TGAGCATAGGACTGGTx-3,0.9813006073648142
TCTCTAAGTTAGTGGGx-3,0.9890948734760243
TCTTTCCCATGGAATAx-3,0.9988548436641186
TCTCTAAGTAAGCACGx-3,0.9954581985919136
TCTGGAATCCACGCAGx-3,0.9977062501615283
TGAAAGATCAGTCAGTx-3,0.9789588045760509
TCTCATACACCAACCGx-3,0.9777794370573824
TGAGAGGAGTCCGTATx-3,0.9989054304633702
TCTTTCCAGTGTCCATx-3,0.9968624466908115
TGAGCCGCATCAGTCAx-3,0.9693915911682841
TGACGGCAGATCCCATx-3,0.9991262577794302
TGAGCATCAGCTGTGCx-3,0.976935855806902
TGAGAGGCACGAGAGTx-3,0.9804625695981212
TGAGCCGCAATGAATGx-3,0.9980066121674691
TCTCATAGTAAATGACx-3,0.9978947654645851
TGAGAGGGTAAGGATTx-3,0.9987735566397196
TCTCTAAGTTTGACTGx-3,0.9987490622697335
TCTCTAAGTGTTCTTTx-3,0.9945513662225997
TGAGCATCACCCTATCx-3,0.9984310131473224
TGACTTTGTCCATGATx-3,0.998297536180176
TGAGCATCAGATGGCAx-3,0.9981680959701126
TGAGAGGAGGACATTAx-3,0.9808450018174316
TCTCATAAGTATCTCGx-3,0.9976759051146453
TGACGGCAGGACACCAx-3,0.9811081094851374
TCTGAGACAAGGCTCCx-3,0.9700877884738784
TGAGCCGAGATGGGTCx-3,0.9819711496455432
TCTCTAAAGGTCGGATx-3,0.9976393072999198
TCTGGAATCCAAACACx-3,0.8174719936162663
TCTCTAAGTAGAGTGCx-3,0.9984554328961346
TCTTCGGTCCTGCCATx-3,0.9987754123312708
TGAGCATTCCGAACGCx-3,0.9751230498261679
TGAGCCGGTCTACCTCx-3,0.9778153008551508
TGAGAGGGTCATATGCx-3,0.9813041067942041
TGAAAGAGTCAGAAGCx-3,0.9789692839628029
TCTTTCCCACGAAATAx-3,0.9972758554046801
TGAGAGGCATAGTAAGx-3,0.9965550059863537
TGAGAGGGTGTAAGTAx-3,0.9653372076345682
TGAGAGGCATCATCCCx-3,0.9976705130478181
TGAGCCGGTCTCTCGTx-3,0.985912588703001
TCTGGAAAGCTACCGCx-3,0.9952487502871873
TGACTAGGTGGCGAATx-3,0.9984232384151369
TGACAACCAGGCAGTAx-3,0.9966557131037109
TGAGCATTCTTGACGAx-3,0.9980420464062001
TCTGAGACATCCTTGCx-3,0.9929938795557055
TCTCTAAGTCCTCCATx-3,0.9901718856214886
TGAGCATAGCTTCGCGx-3,0.9976645125836757
TCTCTAAGTTGTGGCCx-3,0.994476790818628
TCTTTCCAGGCCCTTGx-3,0.9954456024810814
TCTGAGACAGGTCCACx-3,0.9968924297307287
TGACAACCAAATTGCCx-3,0.9859370910192385
TGAGCATCATAGTAAGx-3,0.9964519362455416
TCTTCGGTCCGAGCCAx-3,0.9822836624119751
TGAGAGGAGGGATCTGx-3,0.9975509961566258
TGACAACAGGGTGTGTx-3,0.998678769466637
TGAGAGGCATCGATGTx-3,0.9978967213708035
TGAAAGACATGGTCTAx-3,0.9817196965518937
TGACAACTCATTATCCx-3,0.9926595006900991
TGACTAGAGACAAGCCx-3,0.9880451567012377
TGAGGGAAGAATCTCCx-3,0.9971888790732074
TGACTAGCAAATACAGx-3,0.9967421412935529
TGAGAGGCAGGGATTGx-3,0.9970898865181009
TGACTTTTCATTATCCx-3,0.9949680863092042
TGAAAGACAGGAATGCx-3,0.980806015434523
TCTTCGGAGGTGACCAx-3,0.9985783572873808
TGACGGCTCGTGGTCGx-3,0.9988162875481079
TCTATTGGTTGATTCGx-3,0.9825733015152207
TGACTAGTCAGCTTAGx-3,0.9978249949373489
TGAAAGAGTTGTGGCCx-3,0.9969180054673852
TGACAACGTAAACCTCx-3,0.9970808713972336
TCTTCGGAGTTACGGGx-3,0.9984670711034037
TGACTAGTCAACACACx-3,0.9965857392746926
TCTTCGGGTCGGCTCAx-3,0.9995743040771313
TCTGAGAGTACTTAGCx-3,0.9806221896184151
TGAAAGAAGAACAACTx-3,0.9988666705983309
TCTCATAGTTTGTTTCx-3,0.9944847670155614
TGCTACCGTCTAGCGCx-3,0.9817808003067487
TGCCCTAGTGATGCCCx-3,0.976998639771492
TGGACGCGTTAAGAACx-3,0.9980567003513883
TGCGGGTGTATAGGTAx-3,0.9963729433947761
TGCCCATAGTGGGCTAx-3,0.9805145287841025
TGCCCATTCCAAACTGx-3,0.9986153275605962
TGCGCAGGTCACTGGCx-3,0.9816450638191603
TGATTTCCATATGAGAx-3,0.9962032875404988
TGAGGGATCCGTCAAAx-3,0.9986212229619927
TGAGGGAGTGTTCTTTx-3,0.9968754271123512
TGCCCATGTGTGTGCCx-3,0.9973994218743764
TGCTACCCATCGGTTAx-3,0.9756479465030024
TGCGTGGGTACAGACGx-3,0.9984243308509658
TGCCCTAAGAATCTCCx-3,0.975291999091338
TGCCCATAGTTGAGTAx-3,0.9787241989712837
TGCCCATCAGATCCATx-3,0.9794876930368929
TGCGTGGCATTCTTACx-3,0.9988290715994095
TGCTACCCATGGGACAx-3,0.99887972043096
TGGACGCCATGGGACAx-3,0.998043619150239
TGCCCTAAGACTAAGTx-3,0.9972082936744217
TGCTGCTGTTAAAGACx-3,0.9939244593221939
TGCGCAGAGAGTGAGAx-3,0.9986506738096838
TGCCCATGTTCCTCCAx-3,0.9992746487298317
TGCGTGGTCGCTTGTCx-3,0.9976344960376793
TGCCCATCATATGGTCx-3,0.9885764575049428
TGCGTGGAGTTCGCATx-3,0.9821663118446905
TGCCCATGTTAAGACAx-3,0.9964219046562272
TGCGCAGTCTCCCTGAx-3,0.9985156859961997
TGCACCTGTCCAAGTTx-3,0.9975738693092377
TGAGGGATCTGGCGTGx-3,0.981240531475427
TGCCAAAGTGAGCGATx-3,0.9975002873447781
TGCGTGGAGCCCAATTx-3,0.9918974220779443
TGCGTGGGTTGTGGAGx-3,0.9987687132079441
TGCACCTCATAAGACAx-3,0.9986466424578093
TGCTACCAGCTACCTAx-3,0.9980215969816828
TGCTGCTCATAAAGGTx-3,0.8267417925457422
TGCGCAGCACGGTAAGx-3,0.9902098430751152
TGAGGGACATTGCGGCx-3,0.9822742217145061
TGCCCATGTCATCCCTx-3,0.9787882961062261
TGATTTCAGAAGGCCTx-3,0.9986008908826092
TGCGGGTTCAACACTGx-3,0.9984140278247872
TGCCAAATCTCTGAGAx-3,0.9927790450174327
TGCGTGGAGGTCGGATx-3,0.9979628725469702
TGGACGCGTCATATGCx-3,0.9983373024645295
TGCCCATTCAATACCGx-3,0.9979313580161108
TGCCCATGTCCTAGCGx-3,0.9965629528478697
TGCGGGTGTCTACCTCx-3,0.992878916619743
TGCCCTAAGTAGGTGCx-3,0.9922834603032658
TGCACCTGTAGCTTGTx-3,0.9982743416226857
TGCCCTACATGCAATCx-3,0.9968329613999992
TGCTACCAGTCCCACGx-3,0.9791812806178258
TGGCCAGTCTACCTGCx-3,0.9959499900060014
TGCCAAATCACAGTACx-3,0.9970108330100564
TGGACGCGTTCGGGCTx-3,0.9980496389720515
TGCGCAGGTTGCGCACx-3,0.9980556297935339
TGGCGCAAGACGCAACx-3,0.9968878417091662
TGATTTCAGGCAAAGAx-3,0.9805585423955699
TGGACGCTCCGTTGTCx-3,0.9982260299856223
TGCGGGTCAGCCAATTx-3,0.9983283097375989
TGAGGGATCAGTTTGGx-3,0.9970069604071868
TGAGGGAGTCCAGTATx-3,0.9941679478915253
TGCCCATCAGCATACTx-3,0.9788653476914516
TGCCCATGTCTTCTCGx-3,0.9969985155411007
TGCGGGTTCACAACGTx-3,0.9942858945787679
TGCGTGGGTCTTCAAGx-3,0.9982760551080035
TGCCCTAGTTGGTAAAx-3,0.9828432857267845
TGCGCAGGTACCGTATx-3,0.9749710783478154
TGCCAAAAGAACTCGGx-3,0.9710751767223745
TGGACGCGTTCGCTAAx-3,0.9988925958493968
TGATTTCGTACTTGACx-3,0.9955458147238397
TGGACGCTCCGCTGTTx-3,0.9421809808635656
TGCTGCTGTGGTTTCAx-3,0.9988553586448948
TGCGTGGGTGTTAAGAx-3,0.980616784227173
TGCGGGTAGATAGGAGx-3,0.9805157109947473
TGCGCAGCACAGACTTx-3,0.9985588973677056
TGCCCTATCCCAGGTGx-3,0.99866820342432
TGATTTCTCAACACCAx-3,0.992718419951016
TGCTACCAGGAGCGAGx-3,0.9982356498352197
TGGCCAGCATTCTTACx-3,0.9967348417885593
TGCGGGTGTTGCGTTAx-3,0.9990609626261642
TGCCCTATCTGTCTATx-3,0.9975261699069105
TGGCCAGTCACTTACTx-3,0.9970409947221934
TGCACCTCACAGCCCAx-3,0.9975502861169495
TGCGCAGAGGAGTTTAx-3,0.9976882093001209
TGGACGCCAGGCAGTAx-3,0.9979024456384628
TGGCCAGTCCAGTATGx-3,0.9926668775851503
TGAGGGATCGGAATCTx-3,0.9991732151589486
TGCTGCTGTACCCAATx-3,0.9809487812518912
TGCGCAGGTGCACGAAx-3,0.9754722062976923
TGATTTCCATGGTCTAx-3,0.9879805798306742
TGCGCAGCAAGTACCTx-3,0.9656649994650909
TGGCCAGCACCTCGGAx-3,0.9972444543285244
TGATTTCCAAGCCATTx-3,0.9979049223541736
TGCCCTATCCTGCAGGx-3,0.9975010229457311
TGCCAAACACCAGTTAx-3,0.9962069801050377
TGGGCGTCAAAGTGCGx-3,0.9971513530333735
TGTTCCGGTCGGCATCx-3,0.997428019823863
TGTTCCGGTCGGCACTx-3,0.9990439889126808
TGTCCCATCATCTGCCx-3,0.995481745472347
TGTCCCATCAGCATGTx-3,0.9976621566758069
TTAACTCAGATGTGTAx-3,0.9991125793432191
TGTGGTAGTAATCACCx-3,0.9780030698888211
TGTATTCAGACAGAGAx-3,0.9955789968329762
TGTTCCGGTGCACCACx-3,0.9982722592850831
TGGGAAGCACATCCAAx-3,0.9987758070156337
TGTCCCAAGTTGTAGAx-3,0.9818889093571848
TGTATTCTCATAAAGGx-3,0.997760869364685
TGGTTCCAGGGTATCGx-3,0.9816808190335528
TTAACTCTCACCATAGx-3,0.9979012623715156
TTAGGACGTTAAGTAGx-3,0.9807819076071391
TGGTTCCGTCGATTGTx-3,0.9933684712874705
TGGTTCCCATCTGGTAx-3,0.9976503811799097
TGGTTAGCAGCTCCGAx-3,0.9989838398131344
TGTCCCACAGGGCATAx-3,0.9947619389071433
TGTGGTAGTCTTGATGx-3,0.9656081293973978
TTAGGACGTGGTAACGx-3,0.9981906061020035
TGGGAAGAGTGGGTTGx-3,0.9979032303861767
TGGCTGGGTTTGTGTGx-3,0.9975004761640665
TGGGAAGCAAGGTTCTx-3,0.978656332436852
TGGGAAGAGCTAAGATx-3,0.9980919860874946
TGGGAAGTCACGCGGTx-3,0.9995848267049863
TGGGCGTTCTTCTGGCx-3,0.9963640294241346
TGGGCGTCATTGGTACx-3,0.991872410346294
TTAACTCAGAGTACCGx-3,0.9798094841655982
TTAACTCCACCGCTAGx-3,0.997389135652819
TGGGCGTCAGCGATCCx-3,0.9998691721950375
TGTATTCGTCTGCGGTx-3,0.9913307865648822
TGGGAAGGTAAGTGGCx-3,0.9848598751164737
TGGTTCCAGGGATACCx-3,0.98133739424557
TGGGCGTCACGGATAGx-3,0.9956043339665599
TGTATTCGTGACTACTx-3,0.8068273544683063
TGTGTTTAGCGTTGCCx-3,0.9918900916006441
TTAGGACAGACTAGATx-3,0.8335623334603874
TGGGAAGAGCAACGGTx-3,0.994816459436704
TGGCGCAGTTACTGACx-3,0.9988394663453831
TGTATTCCACAGATTCx-3,0.9800164232565052
TGGCTGGTCTTCATGTx-3,0.9820454225020665
TTAACTCGTTACTGACx-3,0.9781337283732049
TGTCCCATCGTCACGGx-3,0.9958696127152483
TGGGCGTTCCTCAACCx-3,0.9987613427111176
TGGTTAGCACAGAGGTx-3,0.99411821740842
TGTGTTTAGACATAACx-3,0.9958537055509273
TGTGTTTGTATAGGGCx-3,0.993254655297901
TGGTTCCTCCGCTGTTx-3,0.9981476716935949
TGTGGTATCGTACCGGx-3,0.9987948213497665
TGTATTCAGGACAGCTx-3,0.9983058271001721
TGTTCCGTCAGGCAAGx-3,0.9811933901278036
TGGGCGTCACCAGATTx-3,0.980562646728186
TGGGCGTTCTGCCAGGx-3,0.8898095250468683
TGTTCCGCAATGTTGCx-3,0.9976967687798235
TGGGAAGAGATCCCGCx-3,0.981153153654845
TGGGCGTCAGATTGCTx-3,0.9967432658711145
TGGGCGTCAGCCTTGGx-3,0.9822117308295869
TTAACTCAGTCGCCGTx-3,0.9788741177580578
TGTCCCAGTCCAGTGCx-3,0.9988125829974471
TTAACTCTCGCCAAATx-3,0.9811595456213533
TGGGAAGAGTCGTACTx-3,0.9987329423839467
TGTTCCGCAACGATCTx-3,0.9969857352725192
TTAGGACGTAGTACCTx-3,0.9972393024808849
TGTTCCGTCCCTTGTGx-3,0.9967396331652204
TGTTCCGTCTCGTATTx-3,0.967349287827884
TGTTCCGTCTGAGGGAx-3,0.9974661795772806
TGTGGTAGTTTCCACCx-3,0.9974999636983832
TTAACTCTCTGCCAGGx-3,0.9989800128832855
TGTTCCGTCTTGTATCx-3,0.9982477334512224
TGGTTAGCATGGTCATx-3,0.9868477067836265
TGGGCGTTCCTATGTTx-3,0.976498550763786
TGGGCGTAGCTTCGCGx-3,0.9989125649840761
TGGTTCCAGTCCAGGAx-3,0.9987277650974705
TGTGTTTCAGTGAGTGx-3,0.9716191579784792
TGGGAAGTCTCATTCAx-3,0.9178051032347627
TGGTTCCTCTTATCTGx-3,0.9982837553057435
TGGCTGGAGTTTCCTTx-3,0.999037534522244
TGGCTGGAGTAACCCTx-3,0.7822652805653646
TGTCCCACATGCGCACx-3,0.9963375319081623
TGTATTCAGCGGCTTCx-3,0.9981509181528685
TGTGTTTGTACAGCAGx-3,0.9876418090840944
TGTGGTAAGTTGAGATx-3,0.8074542734369211
TGTTCCGTCACCAGGCx-3,0.9795512609091814
TGTATTCAGCGCTCCAx-3,0.9815804601722501
TGGTTCCCATGTCCTCx-3,0.9975331734367139
TGTGGTAGTATGAAACx-3,0.9810989404926914
TGGTTAGGTTGTCTTTx-3,0.9930076834431607
TGTGTTTAGGTGCTTTx-3,0.9938733339876178
TGGTTCCCAGTAGAGCx-3,0.9723705002549563
TGTGGTAAGAAAGTGGx-3,0.9989880578518564
TTAGGACTCACTCCTGx-3,0.9950300980882256
TTCTACATCTAACCGAx-3,0.9972249260505173
TTCTCAATCATTGCGAx-3,0.9746208296054626
TTAGTTCCAATGGAATx-3,0.9953350228860455
TTGCGTCAGTACGCGAx-3,0.99685345013546
TTAGTTCTCGCGTTTCx-3,0.9895177221270427
TTCTCAACAACAACCTx-3,0.9984401039240595
TTCGGTCGTCCTCCATx-3,0.9959955251714763
TTCCCAGGTCACTGGCx-3,0.9813658964618693
TTGAACGAGCATCATCx-3,0.9780762976261554
TTCTCAAAGGTGCTTTx-3,0.9955996179586964
TTCTCCTCAAGTAGTAx-3,0.8367758418615302
TTCGGTCAGTTTCCTTx-3,0.9953423039401188
TTGAACGCAGGTCTCGx-3,0.9960381524773018
TTGAACGTCTCAAACGx-3,0.9820100127999263
TTCTACATCCAAAGTCx-3,0.9987597825053807
TTCTCCTTCCTAGAACx-3,0.9856035656313249
TTAGTTCAGAAACGAGx-3,0.9995760724712668
TTATGCTCAATAAGCAx-3,0.9983520403656322
TTGAACGCATGACGGAx-3,0.9807752483655506
TTCTCCTTCCCTAATTx-3,0.9987762089663912
TTGAACGGTACTTAGCx-3,0.9840166133836833
TTCGAAGCAACGATCTx-3,0.9985548677633086
TTCTCAACATCTATGGx-3,0.9958264348457507
TTCGGTCAGGGATACCx-3,0.9978267237836934
TTCTCAAAGGACAGAAx-3,0.9590099164386783
TTATGCTAGTGGTAGCx-3,0.9988989494326237
TTGCGTCCACCGCTAGx-3,0.9987667818600457
TTAGTTCCAGGTCCACx-3,0.9956912334357529
TTAGGCAAGAAGGGTAx-3,0.9985331495746838
TTCTTAGTCCGGCACAx-3,0.997770649145866
TTGCCGTAGCTGCGAAx-3,0.9973627925361684
TTCTCCTAGCGTAGTGx-3,0.9939485748872918
TTCTTAGTCCCGGATGx-3,0.998645404729087
TTCTCAACATGAAGTAx-3,0.9786388514610419
TTCTTAGTCCTCAACCx-3,0.9821317406165874
TTAGGCAGTCGGCATCx-3,0.9958083954214678
TTATGCTCAGATGGGTx-3,0.9944385322418576
TTCTCAAAGGTGATATx-3,0.9810367061782541
TTCCCAGAGTGCTGCCx-3,0.9815525422389711
TTAGTTCGTCTGGTCGx-3,0.9977852149534203
TTATGCTCACAACGTTx-3,0.9963728463261473
TTAGTTCCAGCCTTTCx-3,0.9959779404099398
TTGACTTAGCGATCCCx-3,0.9983092889317919
TTCTCAAAGTGAAGTTx-3,0.99183048625267
TTGCCGTTCACGCATAx-3,0.9963492796469487
TTGACTTAGGGTGTTGx-3,0.9894177846095807
TTCTCCTTCATGTCCCx-3,0.9991464232389816
TTCGGTCCACCTATCCx-3,0.9978519784260937
TTCGGTCTCTATCGCCx-3,0.9813639487815231
TTCCCAGGTAACGTTCx-3,0.981214949655258
TTATGCTAGCGTGAACx-3,0.9984898291331225
TTGCCGTAGACTTGAAx-3,0.9803200890640106
TTATGCTCATTGGGCCx-3,0.998399161527099
TTCTACAGTGGTAACGx-3,0.9981531763187494
TTGACTTTCTGGTGTAx-3,0.9858909626848676
TTCGGTCAGCGTAATAx-3,0.9960846319043138
TTCTCCTCAGTAAGATx-3,0.9965104397317761
TTCCCAGGTTTCCACCx-3,0.9979787113212507
TTCGGTCCAGGGATTGx-3,0.9921669174303036
TTCTACATCCCACTTGx-3,0.9802808788078394
TTGACTTTCACGGTTAx-3,0.9982440506767225
TTAGGCACAGCGAACAx-3,0.9820444857485189
TTAGGCAGTTACGGAGx-3,0.9945753807713879
TTAGTTCAGCAAATCAx-3,0.9767532856773418
TTGAACGTCATTATCCx-3,0.9962908181266855
TTCTTAGGTGCCTTGGx-3,0.9814750595146816
TTCGAAGAGAATTCCCx-3,0.9790221432025796
TTGACTTGTAGCGTCCx-3,0.983136221281389
TTCTCCTCAGAGCCAAx-3,0.9970248973310567
TTGCCGTTCCTAGTGAx-3,0.9707965964812947
TTGAACGGTCTGGAGAx-3,0.999054279320332
TTCGGTCAGAGGTTATx-3,0.9951932123708019
TTCCCAGCATCACAACx-3,0.8191924733673231
TTGCCGTTCACATACGx-3,0.906352143968921
TTCTTAGAGCTAGTGGx-3,0.9979927703481779
TTCGGTCAGAGCCCAAx-3,0.8150683596578797
TTGCCGTAGGCTCTTAx-3,0.994853114910397
TTCTACATCGAATGCTx-3,0.9794815369077831
TTCGAAGCAGCCAATTx-3,0.998596177912089
TTGAACGCAAGCCGTCx-3,0.9958304811627929
TTAGGCAGTACTCTCCx-3,0.995552255459206
TTCCCAGCAGGGTACAx-3,0.976994744241001
TTAGTTCGTAAGGGCTx-3,0.9971816236101592
TTCTTAGTCTGATACGx-3,0.9980115319611798
TTCGGTCGTCTCTCTGx-3,0.998917623797139
TTAGTTCCATGCCTTCx-3,0.9903685720040909
TTCTCCTCAATAAGCAx-3,0.998651316223549
TTAGTTCTCAGAGACGx-3,0.9808125178876935
TTCTTAGGTCATGCATx-3,0.937601643096365
TTAGGACTCCGAATGTx-3,0.9956311750758038
TTGCCGTCAGATGAGCx-3,0.9815510218889985
TTCCCAGCAGATGAGCx-3,0.998299920179963
TTCTCAATCATTTGGGx-3,0.9939996285796038
TTTACTGAGCTGGAACx-3,0.9950313994216016
TTGCGTCTCTTTAGTCx-3,0.9965522291451473
TTTGCGCCACACCGACx-3,0.9808218581144627
TTTCCTCTCCACGCAGx-3,0.9800892579584761
TTTACTGTCTGAGTGTx-3,0.981825573743418
TTGCGTCGTTAAAGTGx-3,0.9986406429333312
TTTGGTTAGCAGGTCAx-3,0.9987727850866687
TTTGGTTGTCGCGGTTx-3,0.9988116112376298
TTTATGCAGGCACATGx-3,0.9983029372117537
TTTATGCGTTCTGTTTx-3,0.9978039595364363
TTTGGTTGTGTCCTCTx-3,0.9979529038239298
TTGGAACAGAGGTTGCx-3,0.9801575750736025
TTTATGCGTAGTAGTAx-3,0.9904673769239387
TTGGCAATCGTACCGGx-3,0.9813503457990101
TTTACTGAGACACGACx-3,0.9981116788270918
TTTGGTTAGGAATTACx-3,0.9968374699000809
TTTGGTTAGAGTACATx-3,0.9984296027030419
TTGGCAAAGTCCCACGx-3,0.9937484056246628
TTGGAACAGACTAGGCx-3,0.9982975392392686
TTGTAGGAGTGTACTCx-3,0.9986499582165523
TTTATGCCAGCCAATTx-3,0.9473922224554874
TTTGCGCAGTCCTCCTx-3,0.9831293850007489
TTTATGCGTAGAGGAAx-3,0.9993743542912464
TTTGCGCCAAGGTTTCx-3,0.9964091972256456
TTGGAACTCACTTACTx-3,0.9990642024641864
TTTACTGTCTAACTGGx-3,0.9976272108517309
TTTATGCCATGCATGTx-3,0.9797514152403272
TTTCCTCTCTTTAGGGx-3,0.9907017769817017
TTTGCGCGTATATGAGx-3,0.9978356101124859
TTGGCAAAGTTCGATCx-3,0.9934488606215298
TTTCCTCTCGGTCTAAx-3,0.99745475530596
TTTGCGCCACTCAGGCx-3,0.9990839645717858
TTTGGTTCACAGAGGTx-3,0.9979536497160819
TTTGGTTGTCCAGTATx-3,0.9809677077087926
TTGGAACGTCCTCCATx-3,0.9399327627009734
TTTACTGGTACAGTGGx-3,0.9959473314498228
TTTGCGCCAGTCAGAGx-3,0.9791406510131719
TTTCCTCCACATAACCx-3,0.9956852173549674
TTTCCTCAGAAACCTAx-3,0.9816075660953302
TTGCGTCCATGGTCATx-3,0.9607511618503342
TTGCGTCTCACGAAGGx-3,0.9691844945810111
TTTGTCAGTCGCCATGx-3,0.9950407433906531
TTGCGTCGTCTTTCATx-3,0.9977343275427437
TTTATGCAGTGGAGAAx-3,0.9972853032757718
TTGGCAATCCAATGGTx-3,0.9987039012946473
TTTCCTCCACACTGCGx-3,0.9970032053253669
TTGCGTCGTTGTCTTTx-3,0.9980994703604101
TTTGCGCTCCACTCCAx-3,0.9988920996161738
TTTGGTTAGGACATTAx-3,0.8063494151433213
TTTGTCAAGTATTGGAx-3,0.8521488357521793
TTGCGTCGTGACGGTAx-3,0.9979990682316746
TTTCCTCAGAGCTGGTx-3,0.9968135657263576
TTTGTCACAAGCGAGTx-3,0.9952577131801835
TTGTAGGCAGATCTGTx-3,0.9823644530777962
TTTGTCATCACTTATCx-3,0.9977687294464304
TTGGCAAGTCCGAGTCx-3,0.9992066261925806
TTTGTCATCTGTCTATx-3,0.9768593715658038
TTTACTGAGATGCGACx-3,0.9929086881069301
TTTATGCGTAAACACAx-3,0.9986903895751519
TTTGCGCTCTGGTTCCx-3,0.8203417868010113
TTTCCTCCAGACACTTx-3,0.9783923541750109
TTGGCAATCCTATGTTx-3,0.9831495317084341
TTTCCTCAGAAACCATx-3,0.9973214297464156
TTTCCTCGTCCGCTGAx-3,0.9812302319491624
TTGGCAACAGATCTGTx-3,0.9981619515808139
TTTACTGTCCCGACTTx-3,0.9901933528282388
TTTACTGTCGCAAGCCx-3,0.9846127344859474
TTTGGTTCATCCAACAx-3,0.9762869892158488
TTTATGCTCTGGCGACx-3,0.9687652336678756
TTTATGCTCCGAACGCx-3,0.9799889218155077
TTTGCGCGTGGCAAACx-3,0.9766322931319172
TTTACTGTCCTTTCGGx-3,0.9963456219509725
TTGTAGGGTTCTGTTTx-3,0.9845037042438687
TTTATGCTCAATACCGx-3,0.9657090564887951
TTGGCAAGTCTTCTCGx-3,0.9893626971780173
