index,0
AACTCTTCACGAGAGTx-0,0.987786790985804
AAGACCTAGCGTGTCCx-0,0.9197180963626596
AAACCTGAGCAGACTGx-0,0.9869269655450968
AACTGGTTCGTCCAGGx-0,0.4840577600258912
AACGTTGGTCAGAATAx-0,0.9687722177308744
AACTCTTAGTCACGCCx-0,0.9605725435311926
AACACGTAGGGTTCCCx-0,0.25272926836651594
AACTCCCGTCCTGCTTx-0,0.9889728128088153
AACTGGTCACCTCGTTx-0,0.9754433835984497
AAAGTAGGTATCTGCAx-0,0.9530871053776959
AACCATGAGAGTCGGTx-0,0.8304356718021088
AAAGATGAGCTAACTCx-0,0.9371059254930192
AAATGCCAGCGCCTCAx-0,0.5589573548572511
AACTCCCAGAGTGAGAx-0,0.9417503860254537
AAAGCAATCGTTTATCx-0,0.784102378059589
AAGACCTGTAGAGCTGx-0,0.9126454291368334
AAAGTAGTCACATGCAx-0,0.9709149200100251
AAATGCCAGGGTCTCCx-0,0.9884556417893358
AAACCTGAGTTATCGCx-0,0.9426987588338763
AAATGCCCATGCATGTx-0,0.8973874619908769
AACTTTCTCCGCAGTGx-0,0.9200547874872678
AACCATGCAATCGAAAx-0,0.9819465892862383
AAAGATGTCCACGCAGx-0,0.9664045196848667
AAGCCGCCACATCTTTx-0,0.786514517791308
AACGTTGAGAGTGACCx-0,0.9458958145212718
AAGCCGCAGAAACGCCx-0,0.8407870656189482
AACGTTGAGATCGGGTx-0,0.837323360388241
AAAGCAACATTAGGCTx-0,0.9652855727261906
AACTGGTGTAAATGACx-0,0.9062816292594745
AACTCTTTCTTGCATTx-0,0.9894582230800265
AAATGCCTCTGACCTCx-0,0.9531481391689735
AAAGTAGAGGCCATAGx-0,0.764919208027647
AAGACCTAGAGTTGGCx-0,0.7133229550778564
AAATGCCAGCAGGCTAx-0,0.9839693044754408
AAACGGGCAGCGATCCx-0,0.9581217286147877
AAACGGGAGGCTAGGTx-0,0.9676746913894712
AAATGCCGTTCACCTCx-0,0.9716122704786804
AAACCTGGTCTCTTTAx-0,0.9757991258456348
AAAGTAGGTTGAGGTGx-0,0.6884912429700442
AAAGTAGTCGGCGCATx-0,0.7374648647681188
AACTGGTTCGCTTAGAx-0,0.9065605443681342
AAATGCCAGGCTAGCAx-0,0.9568318737371756
AAACGGGGTCTAGTGTx-0,0.9686781778133187
AACCATGGTGCGCTTGx-0,0.6711724442781994
AAGACCTTCGTCCAGGx-0,0.9548355347031754
AACTCCCGTAGGAGTCx-0,0.9266620376574458
AAAGTAGGTCAAGCGAx-0,0.6662426223149294
AACTGGTGTTTGTTTCx-0,0.9244368363345561
AACACGTGTCCAACTAx-0,0.9894253398852793
AAACGGGCATCGGAAGx-0,0.9341126292501112
AAGACCTAGCTAAACAx-0,0.34560037411166633
AACCATGAGCAGGCTAx-0,0.9785393959875449
AACTCAGTCCATGAACx-0,0.9349716223926053
AACTGGTCACGTGAGAx-0,0.9202521800719229
AACACGTTCTTAACCTx-0,0.8161104062309826
AAACCTGTCCTAAGTGx-0,0.9782461176304187
AACGTTGTCAGCTGGCx-0,0.9777894867925896
AACTTTCCACGGCGTTx-0,0.9184204976299615
AAACGGGGTAAAGGAGx-0,0.9802482840292982
AAACCTGTCTTGAGACx-0,0.973658588603493
AAGACCTAGTCACGCCx-0,0.9265535969640055
AACCGCGGTATCAGTCx-0,0.7134603788550858
AACGTTGAGCGTAGTGx-0,0.9247093647620035
AACTCAGGTTCGCGACx-0,0.7903933144996264
AAATGCCAGATACACAx-0,0.9597889297118934
AACTCCCCAATCGGTTx-0,0.9714411225319708
AACTTTCGTCTTGTCCx-0,0.9360601434626198
AACCATGGTCGAATCTx-0,0.8851890009088029
AAAGATGGTCTAGAGGx-0,0.978580507698647
AAAGATGAGCTAGTGGx-0,0.978502329831592
AAAGATGAGGTAAACTx-0,0.8942979746370922
AAACCTGCAATCGGTTx-0,0.9557671978741739
AACTCAGCACTTGGATx-0,0.9422152393772634
AAAGTAGTCAAGGTAAx-0,0.891938274650536
AAAGCAACACGGTAAGx-0,0.9243183462613908
AACTTTCTCTCCAACCx-0,0.9919117175407954
AAGACCTTCTGTCAAGx-0,0.9821556920553182
AACCGCGGTGTTTGTGx-0,0.9708116616117924
AAACCTGGTCCAAGTTx-0,0.9863500876514132
AAACGGGAGATCCGAGx-0,0.9786778233238699
AACCATGTCATAACCGx-0,0.9442013062228309
AACTCCCTCTTGACGAx-0,0.9506604853905277
AACTGGTTCTTACCTAx-0,0.9279320710939063
AACTCCCCAGCTGTGCx-0,0.932799056938439
AAAGATGTCGCACTCTx-0,0.9904957568095969
AACCGCGGTCAGATAAx-0,0.8719832887411398
AAGCCGCCAGAGTGTGx-0,0.9437264422594872
AACTGGTCACCCAGTGx-0,0.7193704819746454
AAACGGGTCGAATGGGx-0,0.7337515627550978
AAGCCGCCACGGACAAx-0,0.9250236834574936
AACCGCGAGCAGGTCAx-0,0.9144354940129162
AAACCTGGTCATTAGCx-0,0.9803893487799911
AAGACCTAGGAATTACx-0,0.8992525265542733
AACGTTGGTCGCGGTTx-0,0.8104053781353676
AACTTTCAGCGATCCCx-0,0.9820901774792742
AAGGCAGAGTGGGTTGx-0,0.8142168472286349
AATCGGTCAAAGCGGTx-0,0.8445596580821179
ACATCAGCATTGCGGCx-0,0.9524053265726931
ACCAGTAAGTGTCCCGx-0,0.993494878831907
ACACCCTAGGTAGCTGx-0,0.9033255051782755
ACAGCCGGTTACCGATx-0,0.9395985561595877
ACCGTAAGTGCTGTATx-0,0.9970274631552856
ACCAGTAGTAGAGTGCx-0,0.9584862735286331
AAGGCAGTCTACTCATx-0,0.9958663179646379
AATCGGTGTCTTCAAGx-0,0.9192515183437016
ACCGTAAGTAGCGCTCx-0,0.9143963447569388
AAGGCAGGTCAAAGCGx-0,0.8971327404920375
ACACTGAAGGGTTCCCx-0,0.963187566310701
ACGAGCCCAAGTCTGTx-0,0.9130843779476898
ACACCGGCAGATGGGTx-0,0.9366747620192325
ACCTTTAGTTCCAACAx-0,0.524717013374217
ACCCACTTCGTTGCCTx-0,0.9646726983336669
ACACTGAAGCACAGGTx-0,0.6174913612186839
ACCCACTAGACTACAAx-0,0.9378435091417019
AATCGGTTCGCCAGCAx-0,0.983136551733683
ACATCAGGTTCTCATTx-0,0.9552475415535174
ACATACGCATTGTGCAx-0,0.9104374150967364
ACCTTTACAATAGAGTx-0,0.9734914850261355
AATCGGTCACGAAATAx-0,0.9140064399846503
ACCTTTATCGGTTAACx-0,0.7485562151693729
ACCCACTAGGCTAGACx-0,0.9695089365680558
ACAGCTAAGGACATTAx-0,0.9073071778014181
ACCAGTAAGATGTCGGx-0,0.9272701122773308
ACACTGAGTAGCGCTCx-0,0.9736833056512852
AATCGGTTCGGTTCGGx-0,0.9710735108426034
ACACCAAGTCCAAGTTx-0,0.9112145649159419
ACAGCTAAGTTCGCATx-0,0.9760596845743201
ACACCCTGTGGTGTAGx-0,0.9337587639373292
ACATGGTTCGAATGCTx-0,0.944113708967656
ACACCCTCACAGACAGx-0,0.8875016597923541
ACATGGTGTTTCCACCx-0,0.9501017817515435
AAGTCTGGTACTCGCGx-0,0.8566218292464618
AAGGAGCGTAATAGCAx-0,0.9706302330111549
ACCTTTACAAGCCGCTx-0,0.9560606104525862
ACACTGAAGGCGTACAx-0,0.9804396035564957
ACACCCTTCTACCAGAx-0,0.9095292748569298
ACACTGAGTGAACCTTx-0,0.8876803788663421
ACATGGTGTACCTACAx-0,0.680566090921409
ACGAGCCAGTGGGATCx-0,0.9686822897498969
ACCGTAATCCACGCAGx-0,0.9010769104681683
AAGTCTGGTGAGGCTAx-0,0.9881478903119367
AAGGAGCTCGCAAGCCx-0,0.49131428338358285
AATCCAGTCACTGGGCx-0,0.7338249250503385
ACGAGCCAGAACTGTAx-0,0.9145324925164914
ACCTTTACATCGGAAGx-0,0.7818520982772205
ACATGGTTCGTCTGAAx-0,0.9779036884565462
ACCCACTGTTCCAACAx-0,0.9625272648645367
ACCCACTGTCCATGATx-0,0.8788275573373844
ACATGGTGTGACAAATx-0,0.9321011872389073
AAGGAGCGTCTCCACTx-0,0.790474218589336
ACAGCCGGTCTAAACCx-0,0.972322193476533
ACACCGGGTGATGATAx-0,0.5123969052315879
AAGGCAGTCCGCTGTTx-0,0.9712963853932846
ACACCCTGTAAGGGAAx-0,0.9235063262216813
ACAGCCGTCGTGACATx-0,0.9622363717728865
ACACTGATCTTGTACTx-0,0.6689118370381852
ACACCCTTCGTATCAGx-0,0.9890475132742593
ACCCACTTCGGTTCGGx-0,0.9748497874060682
ACATACGAGAACTGTAx-0,0.9298990670520679
ACATCAGTCACGAAGGx-0,0.9193815050024978
AAGGCAGCACGTGAGAx-0,0.9904006251824613
ACATCAGGTGATGTGGx-0,0.9223769809441149
ACAGCCGAGGCCCTTGx-0,0.9785055117798646
ACCGTAATCAGGCCCAx-0,0.6786313573018052
AAGGCAGCACAACTGTx-0,0.9014836031689383
AATCGGTGTAAGGATTx-0,0.954300454773872
ACATCAGGTTGCGCACx-0,0.9610784358948533
ACGAGCCAGGTAGCCAx-0,0.8346628180263901
AAGGTTCCATGCCTTCx-0,0.9386805962269056
ACACTGAGTAGAAAGGx-0,0.5178037957281186
AATCCAGGTCGCGGTTx-0,0.9125102409140737
ACACTGAGTTAGTGGGx-0,0.9445276270387897
ACACCAAGTCGGCATCx-0,0.9857367505696024
ACACCGGCACCGGAAAx-0,0.9181230548832837
ACCTTTAAGATGCGACx-0,0.6837978383104071
ACCCACTTCCGGCACAx-0,0.9598038072090822
ACACCGGAGTGCGATGx-0,0.9801883530887727
ACACCCTCATTGGTACx-0,0.9832903548848798
ACGAGCCAGACAAAGGx-0,0.8202850592297913
ACACCGGTCTTGAGACx-0,0.7608398770015589
ACACTGATCTCCAACCx-0,0.9715383786337058
AATCCAGAGCTTATCGx-0,0.9862269062825673
ACCGTAAAGCGATCCCx-0,0.8571241610298945
ACATGGTGTCCAAGTTx-0,0.945454083882173
ACACTGAAGCGTCTATx-0,0.7173679630875102
AAGCCGCTCAGGTAAAx-0,0.6129644733739007
ACATACGAGTGTCTCAx-0,0.5868564527812452
ACATCAGTCGCCTGTTx-0,0.6990181546282843
ACCAGTATCATCATTCx-0,0.9762132757367681
ACTGTCCGTTAAGTAGx-0,0.9706114021220439
ACGATGTTCGGCTTGGx-0,0.9548111560248969
ACTGTCCCACAGACTTx-0,0.9664511300687173
ACTGTCCTCCCTAACCx-0,0.9743570862095208
ACGGGTCAGGGAACGGx-0,0.9486120416016479
ACGCCAGTCTGCTGCTx-0,0.9789461427512628
ACTGATGGTTGTGGCCx-0,0.9176691552865889
ACGTCAATCAGCGACCx-0,0.40163959846269914
ACGATACCACGCTTTCx-0,0.7398111361107366
ACTGATGTCACATAGCx-0,0.17810752953363707
ACTGAGTCATCCTAGAx-0,0.9385437006289737
ACGATGTAGGTACTCTx-0,0.9699596692486661
ACGGGCTAGCCAGTAGx-0,0.962474088375153
ACGTCAACACAGTCGCx-0,0.9931187039491256
ACGATGTAGGGCTTGAx-0,0.9613818478726873
ACTGAGTTCTGCCCTAx-0,0.9323118796613218
ACGGGCTCATCGTCGGx-0,0.7807805524436483
ACGATGTTCTGGAGCCx-0,0.26934626673725404
ACGCAGCAGTTGCAGGx-0,0.9004086960866532
ACGGGCTGTAGCGTAGx-0,0.9494336820430331
ACTATCTTCTGATTCTx-0,0.16640348039925618
ACTTACTTCCGCAAGCx-0,0.4690520638723968
ACTGCTCAGTAGATGTx-0,0.8180765853500666
ACGTCAATCGCCCTTAx-0,0.9052492247824188
ACGCAGCTCAATCACGx-0,0.8324843817341179
ACTGAGTAGAGTCTGGx-0,0.5271145846476374
ACGATACTCCTCAACCx-0,0.9121787466674343
ACGCCGATCGGACAAGx-0,0.9870897332663462
ACGATGTAGAGAGCTCx-0,0.7609379925749916
ACTTACTCACTAAGTCx-0,0.9529925089357824
ACGCCAGCATCTCGCTx-0,0.3503903789574294
ACGTCAAGTGAGTATAx-0,0.969733806275308
ACGGGTCCACGGCTACx-0,0.8217784544120194
ACGGGCTCACAAGTAAx-0,0.9241342913355419
ACTGCTCTCTCTGCTGx-0,0.9074778535861715
ACGCCGAGTCCAGTGCx-0,0.9865419251761652
ACGCAGCTCGTCCGTTx-0,0.9739978320474884
ACGAGGATCTCACATTx-0,0.9753720968502463
ACTGATGCAACTGCTAx-0,0.9594392986440586
ACGATACGTTATCCGAx-0,0.9224615384436354
ACTATCTCATATACCGx-0,0.9575099190375058
ACTGCTCAGACTTGAAx-0,0.9355964305616894
ACGGAGACACATGGGAx-0,0.947755547485147
ACGTCAAAGAGCCTAGx-0,0.9288177506315154
ACGAGGATCTGGTGTAx-0,0.5550330229075394
ACGGGTCAGCCACTATx-0,0.9183966765769409
ACTGATGGTACAGCAGx-0,0.9847265622859203
ACTGCTCAGCGATAGCx-0,0.9630665793718186
ACTGAACAGCTAGCCCx-0,0.9548167149389141
ACTGAGTTCTAACCGAx-0,0.9229706348877861
ACTGAACTCTAAGCCAx-0,0.7547240421575601
ACGCAGCCAAACGTGGx-0,0.9815607694468441
ACGATACGTACTTGACx-0,0.9698601018152051
ACGGGCTGTCGCATATx-0,0.35292481954136345
ACGTCAAAGCGCCTCAx-0,0.7124361357028167
ACTGTCCCAATCCGATx-0,0.9611652082705376
ACTGCTCAGGCAGGTTx-0,0.9647523262445115
ACGGGCTTCTTATCTGx-0,0.9755636431732867
ACGTCAATCTCAAACGx-0,0.3815598084474402
ACGATACTCCCTGACTx-0,0.9418940677460926
ACGGGCTCATCTGGTAx-0,0.9355840631784105
ACGCAGCTCTACTCATx-0,0.9868655921910204
ACGCCGATCGGTCTAAx-0,0.9939134052365872
ACGGGCTCAACGATGGx-0,0.80160640396255
ACTGAGTGTATCTGCAx-0,0.963424419094894
ACGCCAGGTGATAAGTx-0,0.661287975445864
ACGGAGATCCCTCTTTx-0,0.932410005158935
ACGCCGACAATAGCGGx-0,0.9003649024092764
ACTGCTCTCCTTGGTCx-0,0.9739047691802104
ACTGAACTCGGCGCATx-0,0.9063294987390805
ACTGAGTAGGCATGGTx-0,0.9793209395081056
ACTGAACTCAGCCTAAx-0,0.6771026999814042
ACGCCAGTCCAGAGGAx-0,0.9542894699163762
ACGGAGACACGGATAGx-0,0.893022296383826
ACTATCTCAGTATGCTx-0,0.6812178146631873
ACGATGTGTGTCGCTGx-0,0.901745619256244
ACTGATGCAGCGAACAx-0,0.9727189737499442
ACGCCGACAGCTGTATx-0,0.9686058979137333
ACGGCCAGTCCCGACAx-0,0.8873492954234584
ACGATGTAGGATGTATx-0,0.9104105971574473
ACGATACAGTCACGCCx-0,0.9921585472240274
ACGATACCATGCATGTx-0,0.933600375583118
ACTGAACAGCTGTTCAx-0,0.979171893970123
ACGGCCAGTACCGTATx-0,0.83804391467547
ACGAGCCGTCTAAAGAx-0,0.6154148363511514
ACGATGTCACCACGTGx-0,0.9677563457464051
ACTGAACAGCTAGTCTx-0,0.802405849792188
ACTATCTCATTGCGGCx-0,0.754229147127001
ACTGATGGTACAAGTAx-0,0.9359155296936577
ACGATACAGCGCCTCAx-0,0.9100395321369523
ACGATACGTCTTTCATx-0,0.9624240800861582
ACGATGTGTCCGCTGAx-0,0.989888475777077
ACGTCAAGTACTCAACx-0,0.9679471013580557
ACTGATGTCTGGCGTGx-0,0.8460013423106328
ACGGGCTCACAGCGTCx-0,0.7875153082066417
ACGATACAGCTGGAACx-0,0.9224754916849706
AGGCCACTCGCCTGAGx-0,0.975386918902638
AGAGCTTGTTGACGTTx-0,0.49189008884152313
AGCATACTCATCTGTTx-0,0.9740724378914049
AGACGTTAGATAGTCAx-0,0.9690753076068411
AGCAGCCAGGAGTAGAx-0,0.9554321344064576
AGATCTGGTGGAAAGAx-0,0.9538806391737387
AGAGCGAGTTCTCATTx-0,0.4214639787712918
ACTTTCACACCGGAAAx-0,0.9884845107780171
ACTTTCATCGGCGCATx-0,0.9183933768419569
AGCGTATAGAGGTTGCx-0,0.5683663782347723
AGGCCACCAATCGAAAx-0,0.9677641522008391
AGCGTCGAGATAGTCAx-0,0.95508833300536
AGCGGTCTCCCTCTTTx-0,0.8639139765730678
AGGCCGTAGTTCGATCx-0,0.9712399073077792
AGATTGCGTTGTGGAGx-0,0.9559457334422996
AGCGGTCGTACAGCAGx-0,0.9668904508542764
AGACGTTCAACAACCTx-0,0.7930503826992339
AGCCTAACAGCATGAGx-0,0.9031520709758244
AGAATAGTCAGTCAGTx-0,0.9659404863203599
AGAGTGGTCATGCTCCx-0,0.7067711965557962
AGAGCGAGTAGCGCTCx-0,0.6719767404745431
AGCTCCTTCCTTGACCx-0,0.918902284232318
AGACGTTCAGTTAACCx-0,0.9571296941575386
ACTTTCATCAGTACGTx-0,0.8844107212842413
AGACGTTCAAGTCTACx-0,0.9515176434016541
AGCGGTCCATATACGCx-0,0.9685661219748831
AGCCTAATCCGTTGCTx-0,0.9745123898380667
AGCGGTCGTGCAACTTx-0,0.7802692239287745
AGCGTATAGGTGATTAx-0,0.8582825348108111
AGCTTGAAGTCATCCAx-0,0.9715145724098312
AGCTCTCAGTAACCCTx-0,0.9617017444170357
ACTTGTTAGGCAGTCAx-0,0.9790135106210857
ACTTTCATCCGCATCTx-0,0.9507857758778071
AGCGTCGGTTTGGCGCx-0,0.9645215566870621
ACTTTCAGTATCTGCAx-0,0.8327756496039322
AGCATACAGTGGACGTx-0,0.581985417679682
AGAGTGGTCACCTTATx-0,0.9306022799805009
AGCATACGTGATGTGGx-0,0.9531346451964278
AGCAGCCTCAGGATCTx-0,0.9664616535535885
AGCGTCGTCTCCGGTTx-0,0.9345011142274591
AGCTCTCCATGCTGGCx-0,0.9568325986783865
AGATCTGTCAGCGATTx-0,0.9329967944793707
AGGCCGTAGTGCGTGAx-0,0.9362735771099915
ACTTTCAGTATTCGTGx-0,0.97283829091179
AGCTCTCGTTCAGGCCx-0,0.9518949982257645
ACTTGTTAGTACATGAx-0,0.9482004125270808
ACTTGTTCACCGCTAGx-0,0.8346359530225225
AGACGTTGTTGATTGCx-0,0.967171809271829
AGCTCCTTCGGCGCTAx-0,0.8786911274703438
AGGCCGTGTGTTTGTGx-0,0.8512929790596306
AGAGCGAAGTCCCACGx-0,0.9479035198603796
AGCGTATCAACACCCGx-0,0.842623645177791
AGACGTTCACGTCAGCx-0,0.9638806470120426
AGCGGTCCATGGTCATx-0,0.9737374018697773
AGAGCGACATGAAGTAx-0,0.5488851804710522
AGCCTAACAGTTAACCx-0,0.6239356641257628
AGCAGCCCACACCGACx-0,0.8845824277475802
ACTTTCACACAGCCCAx-0,0.983828176555086
AGACGTTCACCGATATx-0,0.3098380789114924
AGGGAGTAGTGTACCTx-0,0.5868603548240936
AGCTTGACACTTACGAx-0,0.9780118641587456
AGAATAGAGCGGATCAx-0,0.8082078264807867
AGCATACAGCCTTGATx-0,0.9840175134191019
ACTTTCAAGCAGATCGx-0,0.9310631917133404
AGATCTGTCTCCAACCx-0,0.9924972618333544
AGCGGTCTCCTGTAGAx-0,0.9460875565628742
AGAATAGAGGGAAACAx-0,0.5217639253094861
AGAGCTTTCCATGAGTx-0,0.9083344331844662
AGCATACCACCACCAGx-0,0.9868702965467135
AGCATACAGGGTTCCCx-0,0.906825728235337
AGCAGCCCATGGGACAx-0,0.4772337510131871
AGCGTCGGTCATCCCTx-0,0.9717626933252533
AGAGTGGGTTACGACTx-0,0.9579451332634954
AGATCTGGTCGCGAAAx-0,0.9869873987646969
AGCTCTCTCGTTACAGx-0,0.5100660747975739
AGGCCACGTGCAACGAx-0,0.9562960094557686
AGAATAGTCACATAGCx-0,0.9154867690706759
AGATCTGAGATGCCTTx-0,0.9269125532160033
AGATCTGGTCCAACTAx-0,0.9499672790945451
AGAGTGGTCACCTCGTx-0,0.972462299408299
AGCTCCTGTTGATTCGx-0,0.987532167314056
AGACGTTGTTACAGAAx-0,0.9879683496766658
AGAGCGACAAAGGTGCx-0,0.9613639823061403
AGCGGTCCAAGCTGAGx-0,0.939749540244331
ACTTGTTAGAGCTGGTx-0,0.920113873104992
AGGCCGTCAAAGGAAGx-0,0.940507225944076
AGCAGCCAGACGACGTx-0,0.6798765977356027
AGAATAGGTTCTGTTTx-0,0.9755009588427637
AGCTCCTGTAAGAGAGx-0,0.9508894125252306
AGCGGTCTCTGGCGTGx-0,0.9398868176468894
AGCAGCCAGACAATACx-0,0.9712809625025182
AGCCTAAAGATCCCATx-0,0.6463991343828909
AGGCCACGTGTAACGGx-0,0.6406351160209809
ACTTGTTCAAGCCATTx-0,0.9791254056599138
AGATCTGGTTAAGACAx-0,0.352713595479586
AGACGTTGTCGCGTGTx-0,0.9599615160692099
ACTTTCAAGCTGCGAAx-0,0.9736385151224382
ATGCGATAGATAGTCAx-0,0.5019494241406469
ATCTACTAGTGCTGCCx-0,0.8154566527916962
AGGGTGAAGCATCATCx-0,0.9036650828418165
AGTGGGAAGCGTGAACx-0,0.9633696963807542
ATCATGGTCTCAAGTGx-0,0.9071890486523061
ATCTACTAGATGTCGGx-0,0.9435301591965187
AGTGAGGTCAATAAGGx-0,0.961421240057214
ATCGAGTCACATGGGAx-0,0.9333976315003547
ATAACGCAGCTAGTGGx-0,0.907255534809513
AGGTCCGGTCAAAGCGx-0,0.9607773583804892
ATGAGGGCAGGGCATAx-0,0.9755940393101407
ATCACGATCAGCAACTx-0,0.9754525671176412
AGGTCATTCGCCTGTTx-0,0.5076177895544367
ATGAGGGAGCCATCGCx-0,0.9712699927195052
AGTGTCATCATTCACTx-0,0.9883878924750711
ATGAGGGAGGTGACCAx-0,0.9521750386269
ATCACGACAGACACTTx-0,0.8628708905488668
ATCGAGTCAAGTCTACx-0,0.8170004917638204
ATAGACCGTTGAGGTGx-0,0.9844757724488048
AGTCTTTTCTTTACACx-0,0.950943278500716
AGGTCATTCAACACACx-0,0.8353104812771851
AGTAGTCCAAGCCGTCx-0,0.6667563084183173
ATCATCTTCCGTACAAx-0,0.9825159800644397
AGTTGGTCACAGCGTCx-0,0.9877979034266621
AGTTGGTTCTCCAACCx-0,0.9436540297325918
ATCATGGCAGGACGTAx-0,0.9789857332642707
AGGTCATTCTGTTGAGx-0,0.4759824057034704
ATCATCTAGAATAGGGx-0,0.5334786559559029
ATAAGAGAGCAGGTCAx-0,0.9540989584733288
ATGAGGGCAAAGGCGTx-0,0.9269744591464889
AGGTCCGAGGATGTATx-0,0.8512822203092403
AGGTCCGTCTTTAGGGx-0,0.9572947916365743
ATCATGGTCTGTTGAGx-0,0.8850477668986647
AGGTCCGGTAAACACAx-0,0.9724833528609953
AGGGTGATCTTTACACx-0,0.8833761437373907
ATGAGGGCATCACGTAx-0,0.9759327622404435
ATCATGGTCGCTTAGAx-0,0.7659714818536377
ATAGACCGTAGATTAGx-0,0.9845365436380701
AGGGTGATCGTCGTTCx-0,0.9729622066383179
AGGTCATGTCTAGAGGx-0,0.9604052759199325
AGTGTCAAGCGTGAACx-0,0.9431375842656597
AGTCTTTTCTTTAGTCx-0,0.7562437258375025
ATAAGAGCATGGGACAx-0,0.8192657007252228
AGTGAGGAGGGCATGTx-0,0.477037208654174
AGGGTGATCAGCACATx-0,0.9905998936095063
ATCATCTCAGTCCTTCx-0,0.814443967571747
ATGAGGGAGTCATCCAx-0,0.9125628303920419
ATAACGCTCTGGCGTGx-0,0.9553935547070107
ATAACGCAGGTGTGGTx-0,0.9600554979232071
ATCATGGAGATGTGGCx-0,0.7588445541629494
ATGAGGGGTGCTTCTCx-0,0.9550269365447615
ATGCGATAGATATACGx-0,0.985625903578473
AGGTCCGCAGTCAGAGx-0,0.8424185484144292
ATCGAGTCAGGAACGTx-0,0.8178632027965127
AGGGATGTCCAGGGCTx-0,0.4662599841801738
AGGGATGTCATCACCCx-0,0.633036229964004
AGTGAGGAGGGTCGATx-0,0.9782866328468208
AGTGGGATCGGACAAGx-0,0.985347508905384
ATCGAGTGTATATGGAx-0,0.9691016862219284
ATAGACCGTTTACTCTx-0,0.9918946525074976
ATCCGAAAGCAACGGTx-0,0.8491720618317395
AGGTCATTCATTGCCCx-0,0.9697337055635649
ATCATGGTCTAGCACAx-0,0.9608163976210337
AGGTCCGTCTCCGGTTx-0,0.9649157714918962
AGTAGTCGTTCGTGATx-0,0.6879470593080718
AGTGGGAGTCTAACGTx-0,0.9928996276508507
AGTAGTCGTTTGACTGx-0,0.9868396138172391
ATCACGAAGTGACATAx-0,0.8675832622691894
ATCGAGTCATGGTCTAx-0,0.2791648443262349
AGTAGTCGTCAGAAGCx-0,0.9512949381966113
ATGAGGGAGGCGCTCTx-0,0.9717968577389904
AGGTCATTCGGAGGTAx-0,0.9746970603050169
ATAAGAGTCGTCGTTCx-0,0.8684122601039758
AGGTCATCACTACAGTx-0,0.6536277118181961
AGTGGGACAACACGCCx-0,0.9093445510192276
ATCTGCCTCGCGCCAAx-0,0.8998043096993344
AGTTGGTTCCCAACGGx-0,0.3079280037002173
ATCATGGCAACCGCCAx-0,0.9359381416961717
ATCTACTTCTCAACTTx-0,0.9479809110004688
AGTTGGTTCGTCGTTCx-0,0.979896277867798
AGGTCCGCATAACCTGx-0,0.9752890413524727
AGTTGGTCACACGCTGx-0,0.6630490219706434
ATCATCTGTCCGTTAAx-0,0.9640314462026891
ATAACGCAGTCAAGGCx-0,0.8309968042262934
ATCGAGTTCTATCCCGx-0,0.9568752240544144
AGTGAGGCATTCTTACx-0,0.9081846253523087
AGGTCATAGACTAGGCx-0,0.983135053523303
AGGTCATTCAAGGCTTx-0,0.9670915658963523
ATCGAGTGTACTTCTTx-0,0.9701815490899554
AGTCTTTAGTATCTCGx-0,0.9046621359415472
ATAGACCAGCACCGCTx-0,0.9649128212048569
ATCTGCCCACCGAATTx-0,0.9737987049254576
ATCATCTAGCTAACTCx-0,0.917175510501782
AGTCTTTTCTGCAAGTx-0,0.9871281239188091
AGTGGGATCAGTTAGCx-0,0.9513444159257887
ATGTGTGCACCAGATTx-0,0.9902148679379156
CAACTAGTCAACGCTAx-0,0.9883732670054747
ATTCTACGTGATAAACx-0,1.0
CAAGATCAGTGTACCTx-0,0.4323122758171113
ATTATCCGTACTCAACx-0,0.8937248112030466
CAACTAGTCTCTTGATx-0,0.27950999138905924
ATTGGACTCTTTCCTCx-0,0.9235524559103172
CAACCTCTCCTGCAGGx-0,0.9606994663542398
CAAGAAAGTCCGACGTx-0,0.8830312286248527
ATTTCTGGTAAGGGAAx-0,0.907268183802613
CAAGGCCCAAGCGCTCx-0,0.9274717980671958
CACACTCTCAAACAAGx-0,0.9664630966814424
CAACCAAGTAAGTGTAx-0,0.8410113823749458
CAACTAGGTCCAAGTTx-0,0.9950587227509178
ATGCGATGTGTAATGAx-0,0.9600454688634974
ATGGGAGGTTCCACGGx-0,0.9768400120439097
ATTGGTGTCGGCGGTTx-0,0.976015146826522
CACACTCAGAGTGACCx-0,0.7750622986566971
CACACTCGTCATCCCTx-0,0.9719927937829227
ATTGGACGTCGTTGTAx-0,0.9506047870980039
CAACTAGGTTCTGAACx-0,0.9756908772653868
ATGGGAGGTACGCTGCx-0,0.9785248729614935
CAACCAAGTCGGCACTx-0,0.9153189918202429
ATGTGTGAGGCTAGACx-0,0.8789168767873371
CAAGATCGTTAGATGAx-0,0.5904049060492861
CAAGTTGGTTGCCTCTx-0,0.9188627886451735
CACACTCTCGGTTAACx-0,0.4932097297024431
ATGTGTGAGGTAAACTx-0,0.277237879193297
CACAGGCCATAAAGGTx-0,0.9136957485583322
CACACAATCGCTTGTCx-0,0.9621098598203494
CACACCTTCTGCTTGCx-0,0.9633982780324867
ATGCGATCACTACAGTx-0,0.9444147686622261
ATTTCTGCAGGGATTGx-0,0.9610738054389144
ATTACTCCAGGTCTCGx-0,0.9216814739662224
ATTTCTGTCACCTCGTx-0,0.7708545377861867
ATTACTCCATCTGGTAx-0,0.899700662650191
ATTCTACGTTTGTTTCx-0,0.8547794740061281
ATGCGATGTGAACCTTx-0,0.9398496327724527
CAAGAAACACACTGCGx-0,0.9741294712927644
ATTGGTGCAGTGGGATx-0,0.9945849523934054
CACACAACACATCCGGx-0,0.8393230878908727
CAAGATCCAGCTCCGAx-0,0.975814871825071
ATTTCTGAGTGTTGAAx-0,0.8907566208467864
CACAAACGTGGGTCAAx-0,0.8995413570132704
CAAGATCAGCGTAATAx-0,0.8137200581888467
CACACTCGTTGTACACx-0,0.9363869256582875
ATTGGTGTCGAATGCTx-0,0.7931479651922125
CAACCTCTCTTAACCTx-0,0.975905610710986
CAACTAGCACTTCTGCx-0,0.8744425073627945
ATTCTACCACTTCGAAx-0,0.8783200791129459
CACACAATCGCAAACTx-0,0.920278985941702
CAAGATCAGCTAGCCCx-0,0.5748324156861354
ATGCGATCAAACCCATx-0,0.9534312565070528
CACAAACAGCATCATCx-0,0.9353788810011758
CAAGTTGGTTCGTGATx-0,0.9685109239448204
ATTTCTGTCACTATTCx-0,0.996256593378399
CAAGATCAGTTACCCAx-0,0.6822530791662773
CAACTAGAGTGGTAATx-0,0.971706536495832
CAACCAAAGTGGAGTCx-0,0.9635185434701233
CACACTCAGGGAAACAx-0,0.9408595425691656
CAAGATCGTAAATGACx-0,0.4731458602858085
CACAGTAAGAACTCGGx-0,0.9717917653444449
CAAGGCCAGTACTTGCx-0,0.9246382086757121
CACAGTAAGTAACCCTx-0,0.9445036142256936
CACACCTAGCTCCTCTx-0,0.9897984108678844
CAAGTTGTCTTACCGCx-0,0.9583990595196616
ATGCGATGTAGCTGCCx-0,0.9678996372909161
CACAGTAAGGTTACCTx-0,0.4483815327201218
ATGTGTGGTCGAATCTx-0,0.9701794139720905
CAACTAGTCAGCTCTCx-0,0.8966713793597452
ATTATCCAGGGCACTAx-0,0.8507553684946905
ATTGGTGCACAGGAGTx-0,0.9867126957037008
CAACTAGAGGATGGAAx-0,0.3090058879912315
CACACCTCAATAGCAAx-0,0.920015873654805
CACACAACACACGCTGx-0,0.9458719743447779
CACACAAAGCACCGTCx-0,0.9171694679170872
CACACAAGTTACGTCAx-0,0.9893977968497322
CACACCTAGCCCAACCx-0,0.9051086671563554
CAACTAGTCAGCTTAGx-0,0.9583233923887051
ATTGGACAGATAGCATx-0,0.9829618277621271
CAAGAAAGTAGAGTGCx-0,0.9584617386539026
CAAGATCCACACTGCGx-0,0.9641013330064295
ATTGGTGAGGTGCACAx-0,0.9460706056014867
ATTACTCCAGTATGCTx-0,0.9825735588071307
ATTTCTGGTGTTCGATx-0,0.9937925863160687
ATGCGATTCTGGTGTAx-0,0.9353904070617055
ATGGGAGGTAAGAGGAx-0,0.9541798279485088
CAAGTTGCAGCTCGCAx-0,0.9193674764522811
CACACTCTCCCTAATTx-0,0.967760732453292
CACAAACAGTACGTTCx-0,0.9932429819523423
ATGTGTGAGTTAGGTAx-0,0.985716249535807
CAAGAAACATATACGCx-0,0.6749675798243978
CAACCTCCAAGGTTTCx-0,0.8923775377026051
ATTCTACTCTGCTGTCx-0,0.48187924068390653
ATTCTACTCACCGTAAx-0,0.9284118308350447
ATTATCCCAGTGACAGx-0,0.975844701565947
ATTTCTGAGTGGACGTx-0,0.9271078115385006
CAACCTCTCCTTTCGGx-0,0.9922596759134562
CATGCCTTCAAACGGGx-0,0.9845299381944884
CAGATCAGTTCTCATTx-0,0.9897205673777824
CATCCACTCAAACAAGx-0,0.4705237280857694
CAGCGACGTGTTTGGTx-0,0.9606711466269515
CAGCGACAGTACGCCCx-0,0.9145419333932747
CACCTTGCATATGCTGx-0,0.9832650444939488
CATCAGAGTAAGTAGTx-0,0.6742956727743129
CATCGGGGTTCAGGCCx-0,0.8819035374237923
CATGACACAGGTCGTCx-0,0.46549391827528613
CAGCTGGAGGCTACGAx-0,0.9829673292475282
CAGCATATCGTTGACAx-0,0.944344941693457
CATCCACAGTCCTCCTx-0,0.9751603363113159
CACAGTATCATCTGTTx-0,0.9709753001556336
CATCCACTCTCTGTCGx-0,0.8055236387912325
CACCACTTCGTCTGAAx-0,0.587197103473224
CATATTCCATAGACTCx-0,0.9681030416320552
CATATTCGTTTCGCTCx-0,0.9836972637705709
CACATTTTCTGTTGAGx-0,0.9562669135569438
CACTCCAAGGCTAGGTx-0,0.8420019622456479
CACCACTCATGTTGACx-0,0.947301395557441
CATCAGACAGTCACTAx-0,0.9678620537314431
CACAGTAAGTGTGAATx-0,0.7187341182550374
CATATTCCATTCGACAx-0,0.984528475802317
CACCAGGAGGAATTACx-0,0.9770501339399846
CACCTTGTCGCCCTTAx-0,0.7116210151632363
CACATTTGTCAATACCx-0,0.8259460925888694
CATCAGAAGTGCTGCCx-0,0.9354514948077084
CACCTTGGTCTAACGTx-0,0.8232945570963724
CATATTCCAAAGTCAAx-0,0.744185749843848
CAGTAACCACGAAGCAx-0,0.26538824625036656
CAGAATCGTTAAGGGCx-0,0.9554380302623929
CACATAGTCACCCTCAx-0,0.413277483311538
CATCAAGAGATCCGAGx-0,0.9042725736192438
CATCAAGAGCTAACTCx-0,0.9865726830101109
CAGCATACACAGAGGTx-0,0.7483817965921398
CACCACTAGTAGATGTx-0,0.9419590584436631
CACCTTGTCCGCATCTx-0,0.9813475135857013
CATGACACAAGGTGTGx-0,0.7418617296208446
CACAGTACAGACAGGTx-0,0.9683877009967875
CATGACACACGGTAGAx-0,0.8910451970611357
CATATTCGTCTCACCTx-0,0.19502084159441127
CACAGTAGTTATGTGCx-0,0.9650698195828123
CATCGAACAAGTAGTAx-0,0.9455380948736191
CATCGAACACCGGAAAx-0,0.9594453885588997
CATATGGAGAGAACAGx-0,0.9584621403157733
CAGAATCCATGCTAGTx-0,0.8111674639564636
CAGTCCTAGATCTGCTx-0,0.9795214322091617
CAGCGACAGCCTCGTGx-0,0.8897989671129559
CATCGAAAGACTGTAAx-0,0.9860995975158171
CAGCTAAAGCAGCCTCx-0,0.9798262465717402
CATCAAGCATAAGACAx-0,0.27195066172899424
CACCTTGGTACACCGCx-0,0.7807879134247006
CAGCCGAAGGTGATTAx-0,0.9230189302270001
CAGCTGGAGCGCCTCAx-0,0.9715651132463509
CAGCAGCGTCTTGATGx-0,0.9638254574648144
CAGCATATCTCTTATGx-0,0.5196719938230098
CAGAATCAGACCCACCx-0,0.995005965362793
CAGCTGGTCTCAACTTx-0,0.7328073986046487
CACATAGGTAAGAGAGx-0,0.9513178893371979
CATCGAATCACAGTACx-0,0.9845284030115704
CAGAATCCAATGTAAGx-0,0.8998293345631161
CAGCCGACAGTAAGATx-0,0.8184910746929789
CAGGTGCAGACTAAGTx-0,0.7367262128568582
CACATAGGTGGGTATGx-0,0.8725289769191094
CAGCAGCGTCGCGAAAx-0,0.9825825261620098
CACCAGGCATCATCCCx-0,0.9517679984234674
CATCCACAGAGGGCTTx-0,0.9679243258900039
CAGCATATCAGTTGACx-0,0.8343565348734956
CAGCATAGTAATCGTCx-0,0.8167985832049315
CAGCAGCCACGGCTACx-0,0.9683678626476409
CACATAGGTTCCACAAx-0,0.6719817109071246
CATCGGGAGCACAGGTx-0,0.94152200821116
CATCCACAGTGTGGCAx-0,0.9663846415741073
CAGCGACCAAACGCGAx-0,0.9610764787566078
CAGCAGCGTTCAGTACx-0,0.9814937212655096
CACCAGGAGGATTCGGx-0,0.8913360762938297
CAGCCGACATCCGGGTx-0,0.5736289684823509
CATATGGTCTCTAAGGx-0,0.5672347033160625
CATCGGGTCTGATACGx-0,0.9493305466149814
CAGATCATCGCCCTTAx-0,0.8582084868630899
CAGCATACAATGGAGCx-0,0.4437140902678311
CACTCCAGTGCAGTAGx-0,0.9641472253994524
CAGTAACCACCACCAGx-0,0.9888636515225894
CAGGTGCGTCCGTTAAx-0,0.9837688123768021
CACATTTGTTACGACTx-0,0.3350956247821247
CATCAGAGTCGTTGTAx-0,0.9666730228105384
CAGTCCTAGTGGGCTAx-0,0.7326038000730783
CAGCAGCTCCGTCATCx-0,0.6418696167897553
CATCAGAGTATGGTTCx-0,0.9859129645475668
CATATGGAGAAGGACAx-0,0.9656979497999207
CCACGGATCACTGGGCx-0,0.9742314885288591
CCATGTCAGACAGAGAx-0,0.9629564259872718
CCACTACAGCTGCAAGx-0,0.972533949929764
CCATTCGGTATAGTAGx-0,0.828175361037297
CCAATCCTCTTAGAGCx-0,0.9849004305904495
CCGGTAGCAGCTATTGx-0,0.9789990010991255
CCCAATCGTTCGTCTCx-0,0.880023912950239
CCGGGATCAGACGCCTx-0,0.8162600707572427
CCCAATCAGTTAAGTGx-0,0.9395552782592234
CCCTCCTTCGTTGACAx-0,0.9473507950687113
CCACTACAGAGGTTGCx-0,0.5055816648535643
CATTATCGTATTACCGx-0,0.9698638193415412
CCACCTACAAAGTGCGx-0,0.9120086684370269
CCACTACTCCTCAATTx-0,0.9775471718062999
CCACTACAGATGTTAGx-0,0.9451631147300289
CCGGTAGAGTTGTAGAx-0,0.928828473537706
CCCTCCTTCTCTGTCGx-0,0.9730299842019816
CCAATCCTCACTGGGCx-0,0.9509536963941393
CCACTACCATGTAAGAx-0,0.9476392834771072
CCCAATCCAAGAGTCGx-0,0.9634898498034147
CCATTCGTCACATACGx-0,0.7363062440788027
CCAATCCTCTTCATGTx-0,0.8904168668148474
CCACCTATCGATAGAAx-0,0.4912184749462276
CCACGGAAGGTGTTAAx-0,0.943595157927041
CCATGTCTCACCCGAGx-0,0.8919457470299782
CCCAATCGTGTGAATAx-0,0.9362247225560775
CATTCGCTCGGAAATAx-0,0.5468716421933798
CATGGCGAGGTCGGATx-0,0.8975785553149833
CATTCGCTCATGTCTTx-0,0.9651737984387208
CCCTCCTGTAGAGCTGx-0,0.8305876739904116
CCACTACTCATACGGTx-0,0.9036876946193803
CCGTGGACACGGCTACx-0,0.803673077663693
CCGGGATTCGCTAGCGx-0,0.9535552521444952
CCCATACCAAGAAAGGx-0,0.9806935496259049
CCAATCCAGCTGTCTAx-0,0.987808977035727
CCCAGTTGTACCAGTTx-0,0.9707692533305285
CATTATCAGTTCGCATx-0,0.4942994507722165
CCAGCGATCCCTAACCx-0,0.8331407381971467
CATTCGCTCAACCATGx-0,0.7451027944581972
CCGTGGAAGGCTATCTx-0,0.8903251694051639
CCATGTCAGTTCCACAx-0,0.9726125134740922
CATTATCCATCACGATx-0,0.44469995817363306
CCATTCGTCGTTTGCCx-0,0.9253058339082727
CCAGCGAGTAAACGCGx-0,0.9560691740930483
CCGTGGACATGGGACAx-0,0.9692294904410681
CCCATACTCGGAGGTAx-0,0.9095425546837708
CCGTGGAAGAAGGGTAx-0,0.8251049387311099
CCATGTCCAGGCAGTAx-0,0.5268980411623325
CCACGGACATCGTCGGx-0,0.6224274005969818
CCAGCGAGTACACCGCx-0,0.9348524806836718
CCCATACCATTAGCCAx-0,0.9635234447632549
CCCAGTTTCGGATGGAx-0,0.9915486129287738
CCACCTATCAAGAAGTx-0,0.9318975367697668
CCCTCCTCACGCGAAAx-0,0.9839181733907831
CATGGCGAGGACGAAAx-0,0.9606632660328112
CCGTTCAAGTCTCAACx-0,0.9687968575880145
CATTATCCAATCGGTTx-0,0.9658027958161458
CATTATCCATTATCTCx-0,0.9078505100369386
CCCATACAGAAGATTCx-0,0.9641617094293191
CATTCGCGTAAGAGAGx-0,0.9969836443099099
CCGTACTTCCGGGTGTx-0,0.9803740099976982
CCACCTATCTTGTTTGx-0,0.28465565049223734
CATTCGCGTCGTCTTCx-0,0.972113721164348
CCACCTAAGGTAGCCAx-0,0.9508517971308977
CCACCTATCAACGGGAx-0,0.9673585253675283
CCCAATCCACAACTGTx-0,0.9503293811084921
CCGTGGAAGCACAGGTx-0,0.9659942052623789
CCACGGACATGTCGATx-0,0.9248982535031329
CCAGCGAAGTGGGATCx-0,0.844298321555066
CATGGCGGTAAGAGAGx-0,0.9403064435192136
CATTATCGTCCATGATx-0,0.9562121083587033
CATTCGCCATGCTGGCx-0,0.9778954175220937
CCACTACAGTTACCCAx-0,0.9637687053767164
CCACTACGTATGGTTCx-0,0.9077140013569739
CATGGCGCAGATCGGAx-0,0.4927389171152379
CCGTACTAGGAATCGCx-0,0.8651007172129794
CCATTCGTCGGCTTGGx-0,0.9147777470723
CCACGGAAGCCAGTAGx-0,0.7482914857663638
CATGGCGAGTCGTACTx-0,0.841210847999452
CCGTGGACACACAGAGx-0,0.9223536636297187
CATGCCTTCCTGTAGAx-0,0.9907845859844446
CCACCTACAGCGATCCx-0,0.9262769536913854
CCAATCCCAGACAAATx-0,0.9627587529272134
CCAGCGAGTCATCCCTx-0,0.8484092359485808
CCGGGATAGGGTGTGTx-0,0.8499732442174415
CATTATCAGTATTGGAx-0,0.8762944483654949
CCACTACAGAGTAAGGx-0,0.9848615937281854
CCACTACCATCACGTAx-0,0.8658685388330836
CCCAGTTGTGACTACTx-0,0.9935819675851807
CCACCTAGTCTCGTTCx-0,0.9529359233722557
CCGTGGAAGGCCATAGx-0,0.9327940990660742
CCATGTCTCAGATAAGx-0,0.9160567734349325
CCAGCGATCTATGTGGx-0,0.9228113053902498
CCGTTCAGTCGCGGTTx-0,0.985745281835397
CGAATGTGTGGTCTCGx-0,0.8924349875622286
CGAGCACGTTTAGGAAx-0,0.4659237806675016
CGAGCCAAGGCTAGCAx-0,0.9912498145719593
CGAGCACGTCATATCGx-0,0.8943322803607374
CGACCTTTCCGAATGTx-0,0.9405055938662787
CGAGCCAAGGCATGGTx-0,0.23990539616563406
CGACTTCGTCTCTTTAx-0,0.5358414508379139
CCTTTCTGTAAGTAGTx-0,0.9978729546337918
CCTCTGATCTCGTATTx-0,0.958079070249215
CCTACCACACGTCTCTx-0,0.966646835505432
CCTTCCCCATTCTCATx-0,0.30203517331421126
CCTAAAGCATTCGACAx-0,0.5863593664822865
CGACTTCCACCAACCGx-0,0.9624019665685455
CCTACCAGTGGGTCAAx-0,0.9601490887503985
CCTTACGCAACGCACCx-0,0.9247016565128237
CCTACACCAAGAGGCTx-0,0.7895694205029238
CGAACATAGGTGACCAx-0,0.9584728413621132
CCTAAAGAGCCTATGTx-0,0.8228706876423811
CCTATTAGTATCGCATx-0,0.8787336000883138
CGAGAAGGTGGCCCTAx-0,0.810191755197571
CCTACACCAAGCGATGx-0,0.9917242309896288
CCTAGCTTCCAGTATGx-0,0.922146182358253
CCTATTACAAAGGTGCx-0,0.9681613674544783
CGACCTTAGAGCTGGTx-0,0.8997470748624197
CCGTTCATCTACTTACx-0,0.9859390124186757
CGATCGGTCGTACGGCx-0,0.5372708669552183
CGACTTCGTGATGTGGx-0,0.4054140895241524
CCTCTGAGTCCGTCAGx-0,0.969992100926382
CGATCGGCACGTTGGCx-0,0.9684267573069316
CGATGGCTCCTGTACCx-0,0.9523871230300724
CCTAAAGCATTTCACTx-0,0.9437166548114081
CGATCGGAGTTCGCGCx-0,0.9843500175764345
CGATGGCCAGACAAATx-0,0.9623610662657401
CCTACACCAGATTGCTx-0,0.978602643308125
CCTCTGACACCGCTAGx-0,0.9673282587419438
CGAGAAGCAGTGGAGTx-0,0.8147017244120214
CCTTCCCGTCGGGTCTx-0,0.9880686788385645
CGAACATTCTGTTGAGx-0,0.9621930140227924
CGATGGCCACGAGGTAx-0,0.9365083513022839
CCTTCGAAGGGCATGTx-0,0.8401189787773344
CCTTCCCAGCAGGTCAx-0,0.8993620887040461
CGACTTCTCGTTTGCCx-0,0.9701284772685776
CCGTTCACAGTAAGATx-0,0.9676474737575669
CGAGCACCAACCGCCAx-0,0.9723499194727119
CCTTCCCCAGGGATTGx-0,0.9763112661068988
CGACTTCTCTGGCGACx-0,0.9028123803707612
CCGTTCAGTCACAAGGx-0,0.957029040459117
CGAGCCACAGCGTTCGx-0,0.9742603302169663
CGAGCCAGTGTCGCTGx-0,0.986424416646968
CGACTTCTCCTATGTTx-0,0.7973389214788481
CCTCAGTGTTTGACACx-0,0.2790721286381866
CCTTTCTCATACTCTTx-0,0.4227542025594889
CGACTTCCATTCCTCGx-0,0.6127073363788548
CCGTTCAAGTGCTGCCx-0,0.9300282156553039
CCTCTGAGTAATTGGAx-0,0.8845724607997159
CCTCTGAGTCCCGACAx-0,0.9829776321621395
CCTTACGTCGCACTCTx-0,0.9177377919046441
CCTCTGAAGAACTGTAx-0,0.9911662307436125
CCTTCCCTCTTAGAGCx-0,0.4170753243473752
CGAATGTCATCCTTGCx-0,0.4403585729439353
CGAGCACTCTCGTTTAx-0,0.9862917263476823
CGACTTCAGTTAACGAx-0,0.8597994032182694
CGAGCACTCCCTCAGTx-0,0.910726779260269
CCTACACGTCTGATCAx-0,0.924400701939267
CGACTTCGTATATGAGx-0,0.9478036362522069
CGAACATGTTGTTTGGx-0,0.4895714123928283
CGAGCCAAGAGCTGGTx-0,0.5810060380243008
CCTAGCTCAGACACTTx-0,0.9018937201525863
CGAACATTCTGGTATGx-0,0.8188508556572139
CCGTTCACAGCCTATAx-0,0.9353095179163448
CCTTCCCGTCGGCTCAx-0,0.9768120896886842
CCTACACTCTGTCCGTx-0,0.6863296638599945
CCTTACGTCACAGGCCx-0,0.7981929200827853
CGATGGCCACATAACCx-0,0.9598047570511441
CCTAAAGGTCAATACCx-0,0.9553817956482236
CCTTACGAGATGTTAGx-0,0.9390485171979804
CGAGCCATCGTATCAGx-0,0.8253188523387195
CCTACCATCATGGTCAx-0,0.9240931747162957
CGAATGTTCTTCCTTCx-0,0.9080490457564947
CCTTTCTAGGGCTTCCx-0,0.9521719947522209
CCTTCGATCACCCTCAx-0,0.9763976168771841
CGATGGCAGATAGCATx-0,0.9865344939227093
CCTTCCCGTATAGGTAx-0,0.8816142238549738
CGATCGGCAGTCGATTx-0,0.9530070869453079
CCTTACGTCCACGCAGx-0,0.9232133929710072
CCTCTGACAAGACACGx-0,0.95982863992288
CCTATTATCGTACCGGx-0,0.967286843169346
CGATGGCCAGTCAGCCx-0,0.9545705212349007
CGACCTTGTCCTGCTTx-0,0.846139489158951
CCTAAAGCAAAGAATCx-0,0.7891688715575894
CGACTTCGTCACTGGCx-0,0.9786471227923731
CCTTCGACAGCTGTGCx-0,0.5957346150914488
CGATCGGCAGCCACCAx-0,0.9307288868907198
CCTATTAAGACATAACx-0,0.9444759982283204
CCTCTGATCTAACTCTx-0,0.8910382066253995
CGTCCATAGTGAAGTTx-0,0.8132414054432736
CGGTTAAGTCATGCATx-0,0.9390101345876884
CGCTGGATCCTTTACAx-0,0.6884385121679737
CGGGTCACACCAGGTCx-0,0.9668238850553518
CGGGTCAGTACAGCAGx-0,0.8978939018629611
CGCTGGAGTATGAATGx-0,0.9517920982888469
CGTCCATAGCGATGACx-0,0.9383029188926658
CGGACACTCATGCAACx-0,0.9782553470177742
CGCTATCGTCCGAATTx-0,0.8282288025956475
CGGACGTAGGGTGTTGx-0,0.7570075915090032
CGGAGCTAGTATTGGAx-0,0.8675451711473794
CGATTGACAACTGCTAx-0,0.6760728203265975
CGATGGCTCTGCCCTAx-0,0.8953280012938233
CGCTGGACAAACTGCTx-0,0.95231298862161
CGGCTAGCACATCTTTx-0,0.998696552145429
CGCTTCACACCGAAAGx-0,0.9513531125637935
CGTCACTTCTGCTGCTx-0,0.5092934231489042
CGGAGTCTCTTCGAGAx-0,0.37407131174929764
CGTAGGCGTGGTGTAGx-0,0.904047270139281
CGTAGCGTCAACGAAAx-0,0.941027311801504
CGATTGATCGTTGACAx-0,0.9831164824822209
CGGACGTGTTGCCTCTx-0,0.7603617458640486
CGTAGCGGTTGGGACAx-0,0.9257227738686727
CGTCAGGCACGAGAGTx-0,0.9794330303062192
CGGAGCTCAGACACTTx-0,0.9880048810318202
CGATGGCTCTATCGCCx-0,0.9752684125787039
CGTAGCGGTCGATTGTx-0,0.9869749200848847
CGGAGTCAGGTCATCTx-0,0.9195082018870328
CGGTTAACAGCTGTATx-0,0.9411613246890254
CGGACACCACACCGACx-0,0.9495760600402755
CGCTATCAGGAGTTTAx-0,0.9756908626585227
CGTCCATCAAAGCGGTx-0,0.9558082135686681
CGGAGCTAGAGCAATTx-0,0.9845840119485372
CGTCCATTCCGTTGCTx-0,0.9581323824699733
CGCTATCTCCCACTTGx-0,0.9295413624687169
CGTCCATTCACGCGGTx-0,0.930323384074082
CGCCAAGGTTAAGTAGx-0,0.9341350162417665
CGCGGTATCAAGGTAAx-0,0.9647779041987516
CGTCTACAGCTAGTGGx-0,0.9595021451179919
CGTAGCGGTTATGTGCx-0,0.9907722700064766
CGCGTTTCAGGATTGGx-0,0.5220240526599766
CGCTGGATCCAGTATGx-0,0.7988044663369285
CGGGTCACAATAGCGGx-0,0.9353366978832571
CGGTTAATCTGCTTGCx-0,0.9397478927326942
CGGACGTCAGTGGGATx-0,0.8170003810275204
CGCCAAGCAGTTCCCTx-0,0.9869946687985668
CGTCACTGTGCCTGTGx-0,0.77271265676456
CGGAGTCTCTCAAACGx-0,0.968741948167086
CGGTTAAAGTTCGCGCx-0,0.9059882864487523
CGATGTAGTCGCTTCTx-0,0.9478110756992475
CGCTGGAGTGGTAACGx-0,0.9689215999518453
CGTCCATTCATTATCCx-0,0.9599200391161806
CGATTGACATTGAGCTx-0,0.6532847036739124
CGGTTAAGTCACCTAAx-0,0.9238173679486908
CGCTTCACAGATTGCTx-0,0.883606490814425
CGCGGTATCAGAAATGx-0,0.9678819291537629
CGCGTTTGTAAGTGGCx-0,0.769105961286753
CGATGTATCCTCATTAx-0,0.9283120031519266
CGGGTCAAGCTAGGCAx-0,0.9910351187258299
CGGTTAATCTGTACGAx-0,0.9227664421224214
CGCTGGAGTAAGCACGx-0,0.12854754138792807
CGGAGTCTCCATTCTAx-0,0.9444595721962081
CGTCCATTCCCATTTAx-0,0.970753119988764
CGGACTGTCCAGAGGAx-0,0.9437478153888658
CGTCAGGAGTGTCCATx-0,0.9390641445979967
CGTAGCGGTAATAGCAx-0,0.9476056744012404
CGGAGTCAGATCACGGx-0,0.9895982031052856
CGGAGTCAGCTACCTAx-0,0.8979655010093043
CGGAGCTCAAGCTGGAx-0,0.9765463385266911
CGCCAAGAGAATTGTGx-0,0.2817116947185107
CGATTGATCTATCCTAx-0,0.9686064780461437
CGGACACCACAAGTAAx-0,0.9701866376054433
CGTAGGCGTTTGTTTCx-0,0.9516344796042174
CGGACGTAGTCTCGGCx-0,0.9921712613910891
CGCTGGATCCGTTGTCx-0,0.9599464145112127
CGGGTCAAGCCTCGTGx-0,0.9366766860796063
CGATGTAAGTGGGATCx-0,0.9175647103478334
CGGACGTTCATCTGCCx-0,0.6748290811473643
CGGACTGAGTACGCGAx-0,0.9776350608343807
CGGAGCTAGATCGATAx-0,0.9694355556415578
CGTCCATGTCCTGCTTx-0,0.9147043248976987
CGTAGCGTCAGAGACGx-0,0.9670912089671139
CGCTGGATCACCGGGTx-0,0.8611906620820665
CGATTGATCCAACCAAx-0,0.9078961401206459
CGGACTGTCGAGCCCAx-0,0.9826957861545419
CGCTGGACACGGTAAGx-0,0.6992809304973978
CGGACACTCGAGAACGx-0,0.9110521485888026
CGTAGCGTCACGATGTx-0,0.9591736707365699
CGCGTTTGTATGAAACx-0,0.9646462244984153
CGTAGGCTCCGCATCTx-0,0.8975474337266695
CGATTGATCCTGTACCx-0,0.7131011732158627
CGGAGCTGTGTGACGAx-0,0.9158272772530569
CGCGTTTTCTCAACTTx-0,0.9839353745596338
CGGGTCATCGAGGTAGx-0,0.7588414549507796
CGTCCATCAGCCTTGGx-0,0.8842180205875662
CTCATTAAGAGTCTGGx-0,0.9622919409402216
CGTTCTGGTAATAGCAx-0,0.8750242739753471
CGTTGGGGTAGATTAGx-0,0.7946918833527731
CTAGAGTAGGTGCTAGx-0,0.9657235315164593
CTCACACGTTCCACAAx-0,0.9869170688432479
CTCACACTCCGGGTGTx-0,0.9267500843737263
CTACGTCCATGACATCx-0,0.973606739990046
CGTCTACTCGCTGATAx-0,0.8629085166887178
CGTTCTGAGGCTAGCAx-0,0.9482793097016369
CTAGCCTCACAGGCCTx-0,0.9242028000174332
CGTGTAAAGCTCTCGGx-0,0.7916948611399751
CTACACCGTTATCCGAx-0,0.9222403807973255
CTAAGACGTCAGAGGTx-0,0.9326589149514667
CTAACTTTCGTGGTCGx-0,0.9196656053563425
CTACGTCCAAGTCTACx-0,0.9853549444252936
CTAACTTAGCATGGCAx-0,0.963730086208036
CTACACCTCACATGCAx-0,0.9346673056725922
CTCCTAGGTCCTCCATx-0,0.9084134787302696
CGTTGGGCATAGTAAGx-0,0.9087129927901489
CGTGTCTGTTCCGGCAx-0,0.9496145426998811
CTACACCTCTCCGGTTx-0,0.9490383700176196
CTACACCTCTCTGCTGx-0,0.9682946136755761
CGTTAGAAGCTTTGGTx-0,0.8201553973129031
CTAATGGTCCTCATTAx-0,0.9925787040117086
CTAGAGTAGAAACCTAx-0,0.9061532461540838
CTAAGACCATGGTTGTx-0,0.9476711059975967
CTCACACGTCCTGCTTx-0,0.040666417974120045
CTCACACGTGGCGAATx-0,0.48642440654224234
CGTGTCTCACCACCAGx-0,0.8992028223454459
CGTGAGCGTTCGTGATx-0,0.7935924130737979
CTAGTGAGTTTGCATGx-0,0.8715905944462442
CGTGTCTAGAAACCATx-0,0.9108115971836239
CTACCCAGTATTAGCCx-0,0.9936281464802668
CGTTAGAAGAGCTTCTx-0,0.816665785268879
CTAGCCTCACGGATAGx-0,0.9813057159311501
CTAGAGTTCGCCGTGAx-0,0.9640260316516582
CTAGAGTCAGTCGATTx-0,0.902077288574393
CGTGAGCGTTATGCGTx-0,0.8664139826647712
CTCAGAACAGATTGCTx-0,0.9595608219046571
CTCATTACATCCCATCx-0,0.786441936011275
CTACCCACAGTTCCCTx-0,0.854220770846122
CGTTCTGCACAAGACGx-0,0.983334124579204
CTAATGGGTCCAGTATx-0,0.980585817684096
CTCACACAGATATACGx-0,0.9709081925674018
CTACATTCAGACAAATx-0,0.9664893221981683
CGTTCTGCAAACTGTCx-0,0.9545151374391884
CGTGTAAGTCCTCTTGx-0,0.9194418922347081
CTACATTGTAGCTCCGx-0,0.9243740334717206
CTACACCCACGACGAAx-0,0.8265146747210361
CTACACCAGATGAGAGx-0,0.9706981375513082
CGTTGGGAGAAACGCCx-0,0.972690546334521
CTAACTTCATGGTTGTx-0,0.9461339628349075
CGTGAGCGTCTTCGTCx-0,0.912632170670789
CGTGAGCTCAACGCTAx-0,0.958923053204328
CGTGTCTCAAGCTGAGx-0,0.44560277636294715
CTAACTTGTGTGCCTGx-0,0.9430340315081522
CTACACCAGTAGTGCGx-0,0.9571687020244719
CTAATGGCAGTGGAGTx-0,0.9737699630315256
CTCAGAAAGGGTCTCCx-0,0.8754630219451394
CTACGTCCAAGCTGGAx-0,0.9742393063163047
CTACACCGTTCCACGGx-0,0.9618894274439506
CTAGTGATCTCATTCAx-0,0.9334368122509944
CTCACACTCACGAAGGx-0,0.909008262725602
CGTTCTGAGTGAACATx-0,0.9396184001301813
CTACATTAGGTGACCAx-0,0.9349330491884945
CTACGTCAGCGTGTCCx-0,0.9686380341543375
CGTGTAACACCTCGTTx-0,0.9523496158371587
CTCAGAATCGTATCAGx-0,0.9934218052700333
CGTGTAAAGGTGATATx-0,0.9706346186629445
CTACCCATCTCTTGATx-0,0.9878035507597618
CTAGAGTAGAGACTTAx-0,0.9378032296079459
CTACATTAGATCGATAx-0,0.918419304978536
CTAGAGTTCTGCGGCAx-0,0.9241082989567628
CTCATTATCGGTGTCGx-0,0.9200892291127039
CTAGAGTTCAAACCGTx-0,0.9619810951900624
CTACGTCGTCTAGCCGx-0,0.7032585627156029
CTAGCCTCAATCACACx-0,0.9736512232842472
CTAGCCTCATGACGGAx-0,0.9567230629083151
CGTTAGACATGCCTAAx-0,0.974375172907261
CTCCTAGTCGGAGCAAx-0,0.9244017305992985
CTACACCGTCTTCTCGx-0,0.8847962794985772
CTAAGACGTACACCGCx-0,0.5622189105700625
CTAAGACAGTACGTTCx-0,0.9522502867333938
CTACGTCCATCGGACCx-0,0.9764739212477048
CTAGAGTCAGCTGTGCx-0,0.9571689633027736
CTAAGACGTTCTGGTAx-0,0.9646490207536093
CGTTAGAAGATGTGTAx-0,0.8978880459791074
CGTGTCTCATCACAACx-0,0.9919123425563839
CTACACCGTCGGATCCx-0,0.9819560632872674
CTCCTAGCAAGAAAGGx-0,0.9125402825701376
CTACACCCACGCATCGx-0,0.8498191222943497
CTAGCCTCAGTGGGATx-0,0.6991016704734008
CGTGTCTAGGCGACATx-0,0.9079687502729067
CTAGAGTCATCAGTACx-0,0.9060093147626669
CTCACACGTAGTGAATx-0,0.932618964234719
CTCACACCATCGGAAGx-0,0.8995598029092753
CTTAACTGTACTCAACx-0,0.691937001392525
CTGATCCAGACCGGATx-0,0.9736164241320433
CTGAAGTTCTGATTCTx-0,0.9571779147742794
CTCTGGTAGTGCTGCCx-0,0.8542868659732709
CTCGTACTCGCATGATx-0,0.9300324519700788
CTCTAATCATTACCTTx-0,0.9652505807690113
CTGCTGTAGAAACGAGx-0,0.994156839221478
CTCGAGGGTAATAGCAx-0,0.8293231521460246
CTCTACGGTCTGCCAGx-0,0.9804941260824604
CTCTACGGTACATCCAx-0,0.4770753437908743
CTGAAACTCCTCAACCx-0,0.9774865392505493
CTCTACGTCAAACGGGx-0,0.914951283682752
CTGATAGAGGCGACATx-0,0.8454849400590871
CTGGTCTTCGGAAATAx-0,0.9844949431157464
CTGAAGTTCGTTTAGGx-0,0.9575429737843081
CTTACCGTCGGCCGATx-0,0.9690773926255516
CTGTTTACAGCGTTCGx-0,0.977346151852803
CTGAAGTAGGTGCACAx-0,0.9580507021479348
CTCTAATGTAGCGATGx-0,0.9636497095979621
CTCGGGATCGGCGGTTx-0,0.946238883262358
CTGCCTATCTCTAGGAx-0,0.7307285043444885
CTCTAATAGAAACCATx-0,0.9535890059951171
CTTAGGAAGAAACCGCx-0,0.9320629606892745
CTGAAGTTCTTGTATCx-0,0.8578290043551634
CTCGAGGTCACCCTCAx-0,0.6780737714279206
CTCTGGTGTCTCAACAx-0,0.9493668679150746
CTGCCTAAGGGTGTGTx-0,0.8814114972346179
CTCGTACGTTTGGCGCx-0,0.9279083731089184
CTCGTCACACAAGTAAx-0,0.29734276578564234
CTCTGGTGTCCGTCAGx-0,0.8519260421140747
CTCGGAGCATTCACTTx-0,0.6953603459710676
CTGATAGGTTCGTTGAx-0,0.3388766415924826
CTTAACTAGCGAGAAAx-0,0.6204300990833103
CTGGTCTGTCGGGTCTx-0,0.8641235831944226
CTCGAAACACCCAGTGx-0,0.32028090419342187
CTTACCGCAATGGAGCx-0,0.9619776265655287
CTGAAACGTTTACTCTx-0,0.9852303168279405
CTCTACGTCCAATGGTx-0,0.7712543564161752
CTGTTTAAGCCAGGATx-0,0.5035170600784247
CTTAACTCACTGAAGGx-0,0.6783274723812307
CTGTTTAAGTCCGTATx-0,0.9626138338867046
CTGCCTAGTCCCTACTx-0,0.25091547636046246
CTGCTGTCATCTACGAx-0,0.9695190759627066
CTGCCTACATCTGGTAx-0,0.9864414713877664
CTGGTCTTCATTCACTx-0,0.5969345487941331
CTTACCGGTCGGGTCTx-0,0.980878462351407
CTGTTTACATTCTCATx-0,0.9438453684538859
CTTACCGAGGGCACTAx-0,0.9932536964578697
CTCGAAAGTCTTCTCGx-0,0.9925409243632907
CTGTTTAGTCCAAGTTx-0,0.8901692189695715
CTCTAATCAGTATCTGx-0,0.9513926183321988
CTGGTCTCAAACAACAx-0,0.9505074352163958
CTGATCCGTTCAGGCCx-0,0.9608734297959863
CTGATAGAGGAGTACCx-0,0.9315031778733238
CTTACCGAGTAGGTGCx-0,0.9160843155133243
CTTACCGCAATGCCATx-0,0.9266727728726449
CTCGTCATCTTGCCGTx-0,0.8844668296839349
CTCGGAGGTACCTACAx-0,0.9441512512952509
CTGATAGAGTTCGCGCx-0,0.9852575491588322
CTCTAATTCTTTACACx-0,0.9016614145920936
CTCGTACCAGACTCGCx-0,0.6999228325583224
CTGAAGTAGGGATACCx-0,0.8524859465845986
CTGCCTATCGCGCCAAx-0,0.9652360928584575
CTGTGCTAGTTGAGTAx-0,0.7454520571331833
CTGGTCTTCGTGGACCx-0,0.979594153215807
CTGTTTATCACAGGCCx-0,0.9253451825431342
CTCTAATCACGAGAGTx-0,0.9309032572510466
CTTAGGAAGGTGATATx-0,0.9329745469688084
CTCTAATGTGCAACTTx-0,0.9694794052434236
CTCTACGCAATGCCATx-0,0.7353051501660669
CTCTGGTAGCGTTGCCx-0,0.9858708728573036
CTCGGAGAGGCAGGTTx-0,0.7134509372676096
CTGAAACGTATGCTTGx-0,0.8899765889525797
CTCGAGGCATGCGCACx-0,0.5886924488645653
CTGATCCAGTGGACGTx-0,0.9879671895004496
CTCTAATAGCTGGAACx-0,0.8963287384138083
CTTAACTAGACTCGGAx-0,0.9614461274261481
CTGATAGTCACAAACCx-0,0.6705447734959404
CTTAACTAGTGGTAATx-0,0.9020704960681052
CTTACCGCAAGAAAGGx-0,0.9766161681241873
CTGAAACAGAGCTATAx-0,0.8944772078412146
CTTACCGTCTTCGAGAx-0,0.7710481176559398
CTCTGGTGTGGTCTCGx-0,0.9846143762680047
CTCGGGAGTCGACTATx-0,0.5410487123538089
CTCGGAGGTTCAGTACx-0,0.9543467532937737
CTGTGCTTCGCAAACTx-0,0.9824547294365664
CTCGAAATCGGTGTCGx-0,0.9615851339521627
CTGTGCTAGTGTCCCGx-0,0.5072222251608983
CTTAGGAAGCTAGGCAx-0,0.6523691593826825
CTCGAAAGTCTTGTCCx-0,0.9917172483256945
CTGAAACGTAGCACGAx-0,0.9074818583813985
CTCGAGGGTCTCCCTAx-0,0.974789657870006
CTCGTCAAGAGTACCGx-0,0.8530520481504056
CTCTAATGTAAAGGAGx-0,0.9659343533770076
CTGTTTATCGGCGCATx-0,0.9845704068209944
CTCGAAACAATGCCATx-0,0.9179961171477835
GAATAAGCATGAAGTAx-0,0.6297091460593492
GAACCTAAGATCTGCTx-0,0.9869282889218859
GAATAAGCACCTGGTGx-0,0.8233558175780659
GAAATGACATGGTTGTx-0,0.9390601779836852
GAATGAAGTTCCGGCAx-0,0.951831364594564
CTTCTCTTCGCCAGCAx-0,0.9705465634431373
CTTGGCTTCACGGTTAx-0,0.7930630313076684
GACGCGTGTGCGAAACx-0,0.4363507060949961
GACGTGCCAATAGCAAx-0,0.8929356113853294
CTTCTCTGTCGTGGCTx-0,0.9239689910945076
CTTCTCTCAATCTGCAx-0,0.4704658156814718
CTTGGCTGTGTGTGCCx-0,0.9028996516995115
CTTTGCGAGGAGTCTGx-0,0.9673015925597964
GACGTTATCGTCCGTTx-0,0.9144319162360033
GAACATCGTAAGAGGAx-0,0.991932706545613
GACGTGCAGTACTTGCx-0,0.9667829436483513
GAAACTCCAGGGTTAGx-0,0.8457516961837379
GACGTTATCACGATGTx-0,0.8237176201066936
GACACGCTCCATGAGTx-0,0.9262574989540684
GACCTGGCAATAGCGGx-0,0.5368579521691728
GAACGGACACGGCGTTx-0,0.9389148615567411
GACAGAGGTCTAGAGGx-0,0.6678318705643012
GAACCTAAGCTAGTCTx-0,0.5926703942276073
GACCTGGGTAAGGATTx-0,0.8608243653501196
CTTGGCTCAAAGCAATx-0,0.920774055067403
GACACGCCAGATGAGCx-0,0.9599191176719636
CTTGGCTGTGTTGAGGx-0,0.997704925743716
GAACGGATCCATGAACx-0,0.9862467731210689
GAAATGACACGCTTTCx-0,0.593967601747131
GAACATCCATTCCTCGx-0,0.04354029572048143
GAAACTCGTTACGTCAx-0,0.07001679028005814
GAAGCAGAGAAAGTGGx-0,0.8883126244137474
GACGGCTAGTGCCAGAx-0,0.9290583634357253
GAAACTCCAAAGGCGTx-0,0.8976020564699912
GAATGAACATATGAGAx-0,0.9702826571869927
GAACGGACAGCTGGCTx-0,0.9920135891897731
CTTGGCTTCCGTACAAx-0,0.9343672844925519
GACGGCTCATGTCGATx-0,0.5590007480463923
GACACGCGTAAATGTGx-0,0.9638633074234543
GACTAACAGTCGCCGTx-0,0.8973616736097
GACAGAGGTCCGAACCx-0,0.5533029492781811
GAATAAGAGCAATATGx-0,0.9853795059916818
GAAATGAAGAAGGACAx-0,0.9284376367235297
GAATAAGCAGGGATTGx-0,0.9749581123882317
GAAGCAGGTTACGCGCx-0,0.9681259805926886
GAATAAGAGGTGCAACx-0,0.8423702618475055
GAAACTCTCTGAGGGAx-0,0.954113049647855
GAACCTAGTAAGTGGCx-0,0.9649329079172767
CTTGGCTGTCACTGGCx-0,0.992723813342641
GACGGCTCATACCATGx-0,0.7265537764533697
CTTGGCTCACGGACAAx-0,0.9822700023231865
GACGTTAGTTTAGGAAx-0,0.9650764732649902
GACCAATAGGATATACx-0,0.9042790076655517
GAACGGATCGCCTGTTx-0,0.9439608994615754
GACTACAAGAAAGTGGx-0,0.9309592506337068
GAAACTCAGAAACGCCx-0,0.6645581261820037
CTTAGGACAGCATGAGx-0,0.984325718007139
GACGCGTCATAGAAACx-0,0.46048191099791075
GACAGAGAGTGGCACAx-0,0.9606945790216123
GAATAAGAGCCTCGTGx-0,0.968789516451605
GAAACTCCAATCCGATx-0,0.9580244534727429
GACCTGGAGCGATCCCx-0,0.5926203977878556
GACGTGCCATGGTCATx-0,0.9733384768201133
CTTTGCGAGTTCGCGCx-0,0.9941836170952785
GACCAATTCGTTTAGGx-0,0.9908031579774959
CTTCTCTAGTACATGAx-0,0.9254726852094785
GAAATGAAGAGGTTATx-0,0.9431768968202029
GACCTGGGTCGTTGTAx-0,0.9019302832699815
GACAGAGGTCAGATAAx-0,0.979937089168333
CTTCTCTTCCATGAACx-0,0.9631217713797746
GAACGGATCTTGCATTx-0,0.8232896434716498
GAACGGATCTTGCAAGx-0,0.9067246695906943
GACCTGGGTATAATGGx-0,0.43935751502340425
GACACGCGTACCAGTTx-0,0.9120364911687935
GACTAACTCAAACCGTx-0,0.8912200156973337
GAAATGAGTACGAAATx-0,0.9463844835828563
GAACATCGTCGCTTTCx-0,0.8093803202389354
GAAACTCGTCCGAACCx-0,0.9608345209740553
GAACCTAAGTCCGTATx-0,0.9604602911413208
GACCTGGGTAGGAGTCx-0,0.9329589319657927
CTTGGCTCAGGGTTAGx-0,0.9593275198522164
GACGTGCCAGCATACTx-0,0.9991854177558371
GAACGGAGTGACGGTAx-0,0.8777819082736641
GAAGCAGTCTTGGGTAx-0,0.913776019360207
GAACCTAAGCGATATAx-0,0.49835999123470615
GACGGCTTCGGATGGAx-0,0.3614016362347225
GAACATCTCCATGAGTx-0,0.9950050211261641
GACGTGCGTCCTCTTGx-0,0.9878799930016104
CTTTGCGCAAGTTCTGx-0,0.8650074687518023
GAATGAAGTAGAAGGAx-0,0.9324566284439751
GACACGCTCATGTCTTx-0,0.9659208686208113
GAACGGATCTTGTTTGx-0,0.9595020644203478
GATCGTACACAGACAGx-0,0.9358834894308531
GAGCAGAAGTTACCCAx-0,0.9630344281317447
GATCGTATCATTCACTx-0,0.9589507262257037
GATCGTAGTATCACCAx-0,0.7809444098827264
GCAGCCATCATGTGGTx-0,0.9248427473388817
GATGCTAGTGAACCTTx-0,0.9201678427099537
GATCAGTCACAGGTTTx-0,0.8633332388097722
GCAGCCATCGATGAGGx-0,0.6401660901431111
GATGAAATCGATCCCTx-0,0.9710937511222191
GATCAGTAGTTACGGGx-0,0.9774355912651873
GAGGTGACAAGGTTCTx-0,0.9290434776717139
GATGCTAGTGTTCTTTx-0,0.9805742021876559
GAGTCCGAGGCGACATx-0,0.9219988362528045
GACTACATCAACCAACx-0,0.988882165050938
GCAATCAAGGCTCAGAx-0,0.9730803120950619
GCACTCTAGCTACCTAx-0,0.9741955485535678
GATCGTAAGTAGGCCAx-0,0.9735581537622932
GAGGTGATCGGCATCGx-0,0.7844127685154565
GCAGTTACAGAGTGTGx-0,0.9389490187176758
GATCGTACATTGGGCCx-0,0.8704677507212873
GCACATACATAGGATAx-0,0.9204066066411623
GCAAACTTCAGCGACCx-0,0.975025067426466
GATGAAAGTTCAGACTx-0,0.6793992602046243
GATGAGGAGGGCTTCCx-0,0.9518558513724539
GACTACAGTGAGGGTTx-0,0.9303974366871275
GAGGTGATCGGAAATAx-0,0.9125112841236266
GACTGCGAGTAGCCGAx-0,0.5252559283447751
GCACATACAGATGAGCx-0,0.9777217658593336
GATCTAGGTTCCGTCTx-0,0.926308234064248
GATGAAAAGGTTCCTAx-0,0.7420446079133963
GAGCAGACAAGCCCACx-0,0.8956717482615186
GACTGCGCAATTGCTGx-0,0.862199746122717
GCACTCTTCGGCATCGx-0,0.3280188067698969
GATGAAAAGATGTCGGx-0,0.9616765679296769
GCACTCTAGAAGGCCTx-0,0.957305563335582
GATTCAGAGATGTCGGx-0,0.9942059718938216
GATTCAGAGATGGCGTx-0,0.7949999526314683
GATGAAAGTTTGTGTGx-0,0.8906766530313601
GATGAGGTCGTTTATCx-0,0.9678508300613191
GCAGCCATCATGGTCAx-0,0.9158414893797855
GACTGCGAGTGCAAGCx-0,0.9795917387421849
GACTACATCGTGACATx-0,0.6428446969139285
GATCGTACACTAGTACx-0,0.8899604013254366
GCAAACTGTCGAAAGCx-0,0.9715474350799632
GCAGTTAAGATAGCATx-0,0.9873848871416567
GATGAAACAGGCGATAx-0,0.9625490579004681
GAGCAGATCTAGAGTCx-0,0.9761776450303009
GATCGCGAGTGTCCCGx-0,0.919357440527435
GCACTCTAGAGAACAGx-0,0.7117942479790947
GCAGTTAAGGAACTGCx-0,0.8858457897780007
GAGTCCGTCGCGATCGx-0,0.9827510312193851
GCAAACTAGCCAACAGx-0,0.9169734522371092
GAGGTGAAGTACGATAx-0,0.9598303933888591
GATCGTAGTGCACCACx-0,0.7672554459888983
GATCAGTAGACCACGAx-0,0.9291106356902243
GACTACATCTGAAAGAx-0,0.8681090090583785
GATGCTAAGGCGTACAx-0,0.8475799909241365
GAGCAGAAGCGACGTAx-0,0.7350924451365172
GATGAAAAGACTAAGTx-0,0.6451083125052487
GATCGTATCAAAGTAGx-0,0.7863230307734473
GATCGCGAGTACGTAAx-0,0.8910416819470716
GATCGATTCGGTGTCGx-0,0.8075944294106353
GCAATCAAGGGTCTCCx-0,0.8128951893862425
GATCGCGGTACTTGACx-0,0.8966913926123014
GATCGATGTGGTCTCGx-0,0.4956906183168915
GATCGCGAGACACGACx-0,0.5929912272782724
GATCAGTGTCACAAGGx-0,0.9592844097048581
GACTGCGCACGGCTACx-0,0.88920745115748
GAGCAGACAAAGCGGTx-0,0.8375050584168027
GCACTCTGTTCCACTCx-0,0.9838363771338557
GAGCAGAAGCCTCGTGx-0,0.9108383620209175
GATCTAGTCGGAGCAAx-0,0.6115514323090128
GCAGCCAGTAAGTAGTx-0,0.9315330247788641
GATCGATCATGGGACAx-0,0.993205349407186
GATCTAGTCCGAGCCAx-0,0.909063944677708
GATGAGGCATGATCCAx-0,0.9556759181472051
GATGAGGGTGCGAAACx-0,0.57406964871194
GATCGTACAGATGGCAx-0,0.9665460571915593
GCAATCATCAAACCACx-0,0.9520346163436533
GATGAGGCATTGTGCAx-0,0.9720599027519892
GCACATAAGGGCTCTCx-0,0.9365864620317903
GACTGCGGTTCGTCTCx-0,0.756587002704478
GAGTCCGAGGGTGTGTx-0,0.8086482700329662
GCAGCCAAGTGTTGAAx-0,0.6419325688323891
GCACATACATTCACTTx-0,0.9032905114137525
GCAATCATCTCTAAGGx-0,0.9376117181066378
GAGCAGAGTTCCAACAx-0,0.9853790082265655
GATGAAAAGCGATAGCx-0,0.9878036030701182
GACTACATCAGAGCTTx-0,0.7670252568813928
GACTGCGCATCACGTAx-0,0.9686580756850417
GATCGTAGTGTTGGGAx-0,0.8322905972582703
GATGCTAAGTCTCGGCx-0,0.960276663300457
GCAAACTCATGCTAGTx-0,0.9350700315621016
GCCAAATTCTTAGCCCx-0,0.7888231231050451
GGAAAGCCATCTATGGx-0,0.8537738554737458
GCATGTAGTTGGTTTGx-0,0.9582944406068279
GCTGCAGCACTGTCGGx-0,0.910242979805893
GGAAAGCTCCCAAGTAx-0,0.9748297999375373
GGAACTTTCTTAACCTx-0,0.029137531575320712
GCCAAATTCATGTCTTx-0,0.9495235841491483
GCGAGAAAGACACTAAx-0,0.9602896126068438
GCTGCGATCAGAGACGx-0,0.8105858369137176
GCATGCGCAACACGCCx-0,0.9704794980639271
GCCTCTATCCACTCCAx-0,0.9148551596886105
GCTCTGTAGCTGATAAx-0,0.5173645662722559
GCGCGATAGGTGATTAx-0,0.38157948513983436
GCGGGTTTCCGATATGx-0,0.8974965492187202
GCTGCTTAGGCTCTTAx-0,0.9152289548232295
GCTTCCAGTCGGCACTx-0,0.9504440306976456
GCAGTTAGTCACACGCx-0,0.9744212575107185
GCGCAACGTCCGCTGAx-0,0.9716838837611398
GCTCTGTAGTGAAGTTx-0,0.8872608872261534
GCTGCTTAGGTGCTAGx-0,0.7877853038256875
GCGCGATGTCCCTTGTx-0,0.957578370399964
GCGACCATCAGATAAGx-0,0.9717110184700409
GCATGCGGTATTAGCCx-0,0.8791865083294609
GCTCTGTAGCCATCGCx-0,0.42634498016256134
GGAATAAAGACACTAAx-0,0.9580247043628162
GCGCAGTCACCTCGTTx-0,0.9644328417519318
GCGCCAATCGGATGGAx-0,0.46112246573538335
GCATGCGCATCGACGCx-0,0.9868779510133311
GCGCAACGTCTCTTATx-0,0.23680316235579302
GCGGGTTGTAGCGTCCx-0,0.9461777617355646
GCGGGTTGTTCGTGATx-0,0.9359814944556586
GCTCCTAAGATCGGGTx-0,0.8460918065583708
GGAAAGCCAGAGCCAAx-0,0.9164819087377215
GCTTCCAAGGACAGAAx-0,0.886052272845299
GCCAAATAGATCGATAx-0,0.9958939076947992
GCTTCCACAAGAAAGGx-0,0.9747829363765843
GCTGCGATCAATACCGx-0,0.49349164924836114
GCATGATAGGCAGTCAx-0,0.9005598874728991
GCGCAGTGTCCGAAGAx-0,0.8147612973632097
GGAAAGCCAAGCGAGTx-0,0.9796083524688048
GCAGTTAGTCTTGTCCx-0,0.9654540451852996
GCGACCAAGTGTGAATx-0,0.832640647208251
GCATGCGGTTCATGGTx-0,0.8817632016788123
GCATGATCATCCGTGGx-0,0.8972279895620809
GCATACATCTTGTATCx-0,0.8972083250392273
GCATGTAAGGTCATCTx-0,0.9804127729033354
GGAACTTCAATGTTGCx-0,0.9027454798816116
GCGACCAAGGACACCAx-0,0.9307388246663104
GCTTGAATCTCGCTTGx-0,0.9264308421316616
GCATGCGAGGGAGTAAx-0,0.9418019056121835
GCTGGGTGTAGCGCTCx-0,0.9244350509417697
GCTGGGTAGTGTTAGAx-0,0.5133287598048548
GCTGCGAGTCCGACGTx-0,0.9203896822123053
GCTTCCAAGTGGTCCCx-0,0.9120845445479241
GCGGGTTCACATTAGCx-0,0.960456148936126
GCGCAGTTCGTTTGCCx-0,0.9325110973502467
GCGCAACAGTCAATAGx-0,0.7897317767713727
GCGACCACACCTGGTGx-0,0.9553621461491046
GCTGCAGAGTCCGTATx-0,0.9914961336178035
GCGAGAATCACTCTTAx-0,0.6259330300485213
GCTCTGTGTTACGCGCx-0,0.5591773643367746
GCGACCAAGCTAACAAx-0,0.906816943720354
GCTGCAGAGAGTTGGCx-0,0.9211842260243732
GCGGGTTGTGCAGTAGx-0,0.9370142009893747
GCCTCTAAGCGCCTTGx-0,0.9874361349607667
GCAGTTAGTTCTGTTTx-0,0.8331541828062471
GCGCCAAGTATATGGAx-0,0.9015703806687888
GCATGTAAGCATCATCx-0,0.9435087126087017
GCGAGAATCCGTAGGCx-0,0.9519880920213988
GCCTCTAGTGCCTGTGx-0,0.9447806993510249
GCATGCGGTGCGGTAAx-0,0.870324698397363
GCTTGAAGTATAGGTAx-0,0.9833773975543466
GCCTCTACACAGGCCTx-0,0.9508777818284833
GCATGCGGTACAGCAGx-0,0.34372925132354476
GCTGGGTGTCTCATCCx-0,0.6090620113917099
GCGCCAAGTTCCCGAGx-0,0.8946007062815127
GGAACTTTCCTAAGTGx-0,0.9747389692508545
GCATGATAGTCGAGTGx-0,0.9921128795838524
GCAGTTATCAGGCCCAx-0,0.8868788224029023
GCATGATCAGCGAACAx-0,0.8177245726017714
GCGCAGTAGATCCTGTx-0,0.8889302822841656
GGAATAAAGACATAACx-0,0.9526508277779048
GCTGGGTAGCTGCAAGx-0,0.9192889830592206
GCTCTGTTCGAATGCTx-0,0.9873457030933142
GCGCGATAGGCCCTTGx-0,0.9550835414464947
GGAACTTTCCGGCACAx-0,0.9941384796813091
GCATACACATCCTTGCx-0,0.9120015188005364
GCGACCAAGATGCCAGx-0,0.5886638816742316
GCATGATGTTAAGATGx-0,0.7517634036561823
GCTGCGACATCTCGCTx-0,0.6713790541086296
GCCAAATGTCCAACTAx-0,0.9323646347256076
GCGACCACACATCCAAx-0,0.3410009471257791
GCGGGTTCATAGAAACx-0,0.9486940193812834
GCTTGAAAGGTGGGTTx-0,0.9767396435938887
GCTGGGTAGACAGGCTx-0,0.910226679568391
GCATGATTCTTCGAGAx-0,0.2462726897194183
GGACGTCGTGCAACGAx-0,0.9882553232231865
GGCCGATTCGGAAATAx-0,0.9753941612032108
GGCGTGTTCAGGTTCAx-0,0.9438517522181332
GGCGACTAGTCAAGGCx-0,0.45171601992353916
GGAATAATCTCTAAGGx-0,0.962353488360183
GGACGTCAGGACACCAx-0,0.9643816421765801
GGGTTGCAGTACGTAAx-0,0.6838472195182699
GGCGACTGTCGGCTCAx-0,0.9287237265824417
GGATTACCACGGCGTTx-0,0.8972503113902599
GGAGCAATCTTGAGGTx-0,0.9584047084098116
GGGCACTCATGGTTGTx-0,0.9879416597862245
GGCAATTAGAAACCATx-0,0.9098939812336416
GGCCGATGTAAGTGTAx-0,0.572584062247471
GGGAGATGTACCATCAx-0,0.931311278266153
GGGACCTAGAGGTTGCx-0,0.9481387274244917
GGCGTGTGTCGCGAAAx-0,0.9621098430353308
GGACAGACATGCCTAAx-0,0.9780782186705826
GGCTGGTCAGTTAACCx-0,0.47853546597867
GGGTCTGTCGCCCTTAx-0,0.7156857326190013
GGAATAATCTGGCGTGx-0,0.7397357203982872
GGGAATGTCACGGTTAx-0,0.9216620377119115
GGACGTCAGGGTGTTGx-0,0.9879496545539058
GGCTGGTAGGTGTGGTx-0,0.7652151830205002
GGCGACTGTAGGGTACx-0,0.9363319812086915
GGGTTGCCACGCCAGTx-0,0.9881485390037654
GGGAGATCAGGGAGAGx-0,0.9698604166545159
GGGCATCTCGCAAGCCx-0,0.5828574182176491
GGATGTTAGTGGGCTAx-0,0.9591716193468631
GGATTACGTAACGACGx-0,0.961986486628793
GGACGTCGTCTGGAGAx-0,0.9094998480954517
GGCTCGAGTTATCCGAx-0,0.3148247017505886
GGCTCGAGTCATATGCx-0,0.8120258021562041
GGCCGATGTGTGACGAx-0,0.9582782436004524
GGACATTTCACTGGGCx-0,0.9661325583392559
GGATGTTGTCGAACAGx-0,0.8071002093734772
GGCAATTGTCGAATCTx-0,0.9855068693727327
GGGAATGCAAGCCGCTx-0,0.9244694936186216
GGGACCTCAGCTGCTGx-0,0.9947244724843477
GGGAATGCAGACGCCTx-0,0.9731057505333739
GGGATGACAGGGTTAGx-0,0.9174773076999508
GGGTCTGCATAGTAAGx-0,0.8751408462609898
GGACATTCACGGACAAx-0,0.10934151821903118
GGATGTTGTACCAGTTx-0,0.9432101145494474
GGCAATTGTTCGTCTCx-0,0.8911308945081692
GGCCGATCAGGAATGCx-0,0.9878228209634677
GGAATAAAGCGGCTTCx-0,0.9626346075911404
GGAATAACATGTCTCCx-0,0.9288320341495769
GGACAGAAGGATCGCAx-0,0.9294386867607428
GGACAAGGTACCATCAx-0,0.9564515533220067
GGGCACTTCTCAAGTGx-0,0.92732819325817
GGGAATGTCATGTCTTx-0,0.6711498989583708
GGGTCTGGTAAACCTCx-0,0.9167647565121686
GGGAGATAGTCTCGGCx-0,0.8474691728465268
GGATTACCACCACGTGx-0,0.5926142318538327
GGACATTGTCTCCATCx-0,0.9865438415185128
GGGACCTAGAAGGGTAx-0,0.9655077804244546
GGCGACTAGCATCATCx-0,0.9553655487281482
GGCCGATTCCTGCTTGx-0,0.9697611140576925
GGCGACTTCATAACCGx-0,0.9807664498329608
GGAGCAAAGTAGGCCAx-0,0.501583692452752
GGCTCGACACATAACCx-0,0.8546319976924227
GGCCGATGTAACGTTCx-0,0.9533669397674761
GGGTCTGCACGACGAAx-0,0.9012936307803013
GGACAAGTCAACACGTx-0,0.8959552035568071
GGGCATCAGTGACTCTx-0,0.49166261452438154
GGATGTTCACGTTGGCx-0,0.985893121044212
GGCAATTCACCGAATTx-0,0.8994424306367365
GGAATAATCCTGCTTGx-0,0.9720604819787166
GGAATAAGTATGGTTCx-0,0.8102319180389667
GGGTTGCAGGCTAGCAx-0,0.9637297141448271
GGGATGAGTATCTGCAx-0,0.9023812921242855
GGACAAGTCGTCGTTCx-0,0.95490866047684
GGCAATTCAGTTTACGx-0,0.24259012517779394
GGGATGAGTGGTCTCGx-0,0.93542454863104
GGGCATCAGCCCAATTx-0,0.8405630278481164
GGCGTGTTCACTTCATx-0,0.9163314946778571
GGGAGATAGACAAAGGx-0,0.7882688427015015
GGGAATGAGAATTGTGx-0,0.9224661496836175
GGATGTTAGTCAAGCGx-0,0.8913801137127347
GGCGACTCAGATGGCAx-0,0.9687208388799367
GGGATGACAGTTCCCTx-0,0.8652801246284213
GGAATAATCACCCTCAx-0,0.9868387345597519
GGACATTCAGAAGCACx-0,0.9060955590013932
GGGAGATAGCGCTCCAx-0,0.9311958748912932
GGCTCGAGTCTAGCGCx-0,0.9155734018118057
GGCGACTCAACGATGGx-0,0.9531360150872162
GGGCACTCAATACGCTx-0,0.9884347528421614
GGCTCGACATCTATGGx-0,0.981041286392251
GGCTGGTGTAACGCGAx-0,0.8967793035525191
GGGATGACAGATCGGAx-0,0.9476929157403658
GGCTCGAGTGCAGGTAx-0,0.9624157142851967
GGGAGATAGAAACGAGx-0,0.8978024739010713
GGGATGAAGGCTCATTx-0,0.9871968178905541
GGACAAGCATCAGTACx-0,0.6868773904912212
GGAGCAACATAACCTGx-0,0.9945981370472584
GTAACGTTCCATGCTCx-0,0.9806821772311085
GTACTCCTCACCCGAGx-0,0.4655465794342963
GTACTCCGTCTCATCCx-0,0.8176315414933825
GTACTCCAGGGATACCx-0,0.74231101953164
GGTGCGTCAAGCCATTx-0,0.9334364719235029
GTACTCCCACATGTGTx-0,0.9682456245670524
GTAGTCATCACAGGCCx-0,0.9679690217119161
GTATTCTCAGCTGCACx-0,0.9712900859362479
GGTATTGCATCCGCGAx-0,0.7266206310351486
GTAACGTCACAACTGTx-0,0.721661893967322
GTAACGTTCAACACTGx-0,0.8900073979473199
GTATTCTTCAGCCTAAx-0,0.9148088966779261
GTAGTCATCTGCGGCAx-0,0.6008254805944256
GTATTCTAGATGCCAGx-0,0.8441146112016867
GTATTCTAGGAATCGCx-0,0.8394988124082323
GTAGTCATCACCAGGCx-0,0.9495923256291414
GTACTTTGTACCGAGAx-0,0.5354016326112366
GTCACGGGTAACGCGAx-0,0.9504317485003899
GTAACGTGTTCGGCACx-0,0.9007075906174665
GTAGGCCTCAGTCCCTx-0,0.8740610543379084
GGTGCGTCAGCGTAAGx-0,0.9482908290436495
GGGTTGCTCCCTCTTTx-0,0.9826762610713949
GTATCTTAGTTGTCGTx-0,0.9901138479692834
GTACTCCGTAAATACGx-0,0.9366270962993258
GTACTCCTCTGTGCAAx-0,0.9148536100305722
GGTATTGAGTATTGGAx-0,0.9060161236929593
GTATTCTAGCCAGTAGx-0,0.9874382468196017
GGTGTTATCACATGCAx-0,0.45980223446617213
GTAGGCCAGGAATTACx-0,0.9889654082854421
GGTGTTACACCCATTCx-0,0.49706581306098613
GTACGTAAGTGCCATTx-0,0.9280436362849457
GTACTTTTCTTGTATCx-0,0.5595852836059824
GTCACAATCGCCATAAx-0,0.820521486119396
GTATTCTCACACGCTGx-0,0.9730629900865968
GTCACGGAGGCGATACx-0,0.9245733313536443
GTCAAGTTCAACGGGAx-0,0.8303171022271146
GGTGCGTTCGCGTAGCx-0,0.9209108367919202
GTACGTACAGCCTGTGx-0,0.9496641222362057
GTAGTCAGTACTCGCGx-0,0.8244158619190207
GTAGGCCCATACTCTTx-0,0.9813400393745497
GTAACGTCAATAGCAAx-0,0.46798509113036124
GGTGTTAAGGGCACTAx-0,0.8259997187713644
GTAACTGTCTAACTTCx-0,0.9365541464599983
GTCACAACAGCTCCGAx-0,0.9659898892260464
GTACTTTTCAAGATCCx-0,0.9315731004208647
GTCACGGAGGAACTGCx-0,0.9624715672228259
GTACGTATCTTAGCCCx-0,0.9020719971302189
GTCAAGTCAACCGCCAx-0,0.9487557378997907
GTATTCTCACGTCTCTx-0,0.960655743693875
GTAACTGGTGTTTGGTx-0,0.9645724512201366
GTACTTTGTTCGTCTCx-0,0.9748136799623036
GTACGTATCATAACCGx-0,0.8517210310247351
GTACTCCTCAATACCGx-0,0.8825778207399428
GGTGCGTCATGGTAGGx-0,0.6833094935182618
GGTATTGGTGAGGGTTx-0,0.7152526949789396
GGGTTGCTCACATGCAx-0,0.9485283694531559
GTACTTTGTCTGCGGTx-0,0.764013806748636
GTACGTATCATTATCCx-0,0.8970375352371848
GGTGCGTTCGAACTGTx-0,0.9757302434919954
GTAACTGCAAGGACACx-0,0.9468995158693068
GTACGTAGTCTGCGGTx-0,0.9181208430676959
GGTATTGTCCAGTAGTx-0,0.9738437979376251
GTAACTGCAAAGTGCGx-0,0.9272910715040948
GTACTTTGTCAGGACAx-0,0.9945842002255884
GTCACAAGTCTAGCGCx-0,0.9862886857493587
GTATTCTCAGTCGTGCx-0,0.9410088023961821
GGTGCGTAGGATGCGTx-0,0.9574324754362905
GTAGTCAGTACCATCAx-0,0.9253552307385026
GTATCTTAGTACACCTx-0,0.743708495117602
GGTGCGTGTACATGTCx-0,0.9493924643283663
GTACTCCTCCATGCTCx-0,0.9605575375807757
GGTATTGGTAAGAGAGx-0,0.9387630506057125
GTATCTTAGGGAAACAx-0,0.5867797802665322
GGTGCGTCAGCTGTGCx-0,0.5891902307810613
GGTGCGTTCAAACCACx-0,0.7181122500876177
GGTATTGGTCAGAGGTx-0,0.9952066729300296
GTAGTCAAGTACTTGCx-0,0.9054081681613112
GTCACAATCATGTCTTx-0,0.9853125143877178
GGTGAAGGTTCCCGAGx-0,0.9278565679640934
GGTGAAGAGTAACCCTx-0,0.956895531984563
GGTGAAGCATATACCGx-0,0.9023457387835562
GGTATTGGTCTAAAGAx-0,0.9031179531154128
GGTGAAGAGATGTGTAx-0,0.972369705644807
GGTGTTATCATGTCCCx-0,0.891631569498729
GTAGGCCAGGCAGTCAx-0,0.979179179135007
GTACTTTGTAAATACGx-0,0.8981971008750761
GTATCTTGTCGCATATx-0,0.9773731314243669
GTAACGTCAGCTATTGx-0,0.6173008963297656
GTAGGCCTCTACGAGTx-0,0.95888088991906
GTCAAGTCACAGTCGCx-0,0.9485041310663932
GTATTCTAGGCAGGTTx-0,0.9867693241289612
GGTGCGTAGCAATCTCx-0,0.9636805158621624
GTATCTTCATTGGGCCx-0,0.973639051155339
GTAGTCACAGTCGTGCx-0,0.9579662511419255
GTGCATATCCGCGTTTx-0,0.6510354944810282
GTCTCGTAGAGCTGGTx-0,0.9282778579728502
TAAACCGTCTTGTTTGx-0,0.9757891738203803
GTGCAGCTCAAGAAGTx-0,0.8668555088484112
GTGTGCGCATATGAGAx-0,0.941015287523589
GTTACAGGTAGCCTATx-0,0.9606725273288912
GTGTGCGTCCACGACGx-0,0.9632414130028388
GTGCGGTTCACCTTATx-0,0.9261453310273506
GTTTCTATCTTGTCATx-0,0.9365459526639924
GTCGTAAAGGCGCTCTx-0,0.6781265035690944
GTGAAGGAGCGCCTCAx-0,0.32838596633423545
GTCATTTCAAGTAATGx-0,0.04817743208348758
GTGTGCGGTCTCGTTCx-0,0.8869152818131258
GTGGGTCCACAAGTAAx-0,0.9746943540277855
GTGTTAGCAGATAATGx-0,0.9528500809119111
TAAACCGCAGTCGTGCx-0,0.819876233467005
GTCTCGTAGTTAGGTAx-0,0.5420435453019681
GTGCATACATTTGCCCx-0,0.82577506425554
GTCTTCGCATCACAACx-0,0.9670766093634535
GTTTCTACATCGGGTCx-0,0.9186229180688347
GTGTTAGCATGCCACGx-0,0.859749584675009
GTCGTAAGTCTCTCTGx-0,0.046568034320897414
GTGGGTCCATTAGCCAx-0,0.9243618276477951
GTTCATTCAATGAAACx-0,0.9071288897097679
GTGGGTCTCGCTTAGAx-0,0.9978027947821432
GTCCTCAGTCAGCTATx-0,0.9630424847312837
GTCTTCGAGTCGCCGTx-0,0.9176649679133513
GTTCATTGTACGCACCx-0,0.9699665187735116
GTGGGTCGTGTCAATCx-0,0.9144100446617918
GTGAAGGAGACTTTCGx-0,0.5205727602709682
GTCCTCACAGTCTTCCx-0,0.8952165853465947
GTCTTCGGTATGAAACx-0,0.9551599705175721
GTCGTAAGTACTTCTTx-0,0.9450334266724109
GTTTCTAAGCGCCTTGx-0,0.7613352622568466
GTTTCTAAGCTGCAAGx-0,0.9664853122880207
GTGAAGGTCGCGCCAAx-0,0.7982363370247505
GTGCTTCAGTCTCGGCx-0,0.9559561901923207
GTCTCGTAGTCATCCAx-0,0.9693980861325776
GTTCATTAGAGACTATx-0,0.9709635870185175
GTGAAGGGTTGTGGCCx-0,0.953041935863431
GTGAAGGGTGCACGAAx-0,0.9125143111170388
GTTCTCGAGGAATCGCx-0,0.7550445035325402
GTGTTAGGTCGCCATGx-0,0.9244700490019037
GTTAAGCAGGAGCGAGx-0,0.9471932310251042
GTCTTCGAGGTAGCTGx-0,0.9656040142043166
GTGTTAGGTTTGACTGx-0,0.9865201468428783
GTTAAGCTCGAACGGAx-0,0.9189363414809465
GTCTCGTTCCGGGTGTx-0,0.9586002611610589
GTCGGGTAGAATAGGGx-0,0.5185668013151261
GTTAAGCGTCTGCCAGx-0,0.5191475935315517
GTTTCTACACGTGAGAx-0,0.9713296463026073
TAAACCGCACTAAGTCx-0,0.9289833556251631
GTCTCGTGTAAGCACGx-0,0.9837142480759692
GTTCTCGGTCTGATCAx-0,0.9916295373330398
GTTAAGCCACCGTTGGx-0,0.6868408366698956
GTTAAGCCACCAACCGx-0,0.9608891659958464
GTGTGCGTCTACTTACx-0,0.9592463647593786
GTCTTCGGTTGAGTTCx-0,0.9484604063759406
GTGTGCGGTATAATGGx-0,0.8920969959271493
GTTTCTAAGGATATACx-0,0.9555574654476563
GTGTTAGAGAGTTGGCx-0,0.9369827922826807
GTCTTCGAGTCTCGGCx-0,0.7912970282842257
GTGTTAGAGGCTACGAx-0,0.9799400531781058
GTGCGGTTCTGCAAGTx-0,0.9508454855874643
TAAACCGGTCTTTCATx-0,0.9255646938604297
GTCATTTAGTAGGTGCx-0,0.6919812743303422
GTTCTCGAGTGTGGCAx-0,0.8869247635651847
TAAACCGGTCAAAGATx-0,0.9799527720178358
GTGCTTCAGGCAATTAx-0,0.5557604602230503
GTGAAGGAGATGCCAGx-0,0.9566764879626458
GTGGGTCTCAGCTTAGx-0,0.7800386496790814
GTGCGGTAGTGTTGAAx-0,0.9301880902769448
GTTAAGCAGAAGGGTAx-0,0.9218856335369532
GTCATTTGTAGCGCAAx-0,0.9177270147159197
GTGCAGCAGCTTCGCGx-0,0.9221676066331037
GTCATTTGTCTACCTCx-0,0.9675654413419521
GTGAAGGGTAGCTAAAx-0,0.9444117773701785
GTGCAGCCACAAGTAAx-0,0.9761244790972824
GTGTGCGAGATATACGx-0,0.44574332844628256
GTGCATAAGAGACTATx-0,0.5109268829828744
GTCCTCACAATCGAAAx-0,0.9881939383391454
GTGAAGGTCAAACGGGx-0,0.9492754813914696
GTCGGGTAGTACGATAx-0,0.9678056160004898
GTGAAGGAGAAGGACAx-0,0.7346458312590599
GTGTGCGTCTCCCTGAx-0,0.9579036907476907
GTGTGCGTCAAACAAGx-0,0.5857910330716068
GTGCATACACAACTGTx-0,0.9056677503146018
GTTACAGTCCCGACTTx-0,0.8637852936373283
GTGTTAGGTGTGGTTTx-0,0.5708245637298123
GTCATTTTCGCTTAGAx-0,0.8931661616071517
GTTAAGCGTTTGCATGx-0,0.9745713929054053
GTTACAGTCTGGGCCAx-0,0.5950377789482979
GTGAAGGTCTGAGTGTx-0,0.8940631078911717
TAGACCAGTTCGGCACx-0,0.9411896076443066
TACTTACTCCGAACGCx-0,0.9825745853807979
TAGTGGTCACAACTGTx-0,0.9859157886399148
TAAGAGACAAGACACGx-0,0.8558594926170455
TAAGAGATCGCAAGCCx-0,0.955130807571845
TACAGTGAGACACGACx-0,0.9309507081893073
TAGTTGGCATACAGCTx-0,0.7236239102195834
TACGGGCGTCGGCATCx-0,0.9759060522989409
TAGACCACACCGAAAGx-0,0.9859773918121265
TACCTTATCGGACAAGx-0,0.9112190444856489
TACGGGCAGCTGATAAx-0,0.7906889196044375
TAGGCATGTGAGCGATx-0,0.9305805789231792
TACTTGTGTGTCCTCTx-0,0.6904230822852704
TACCTTAGTCATGCCGx-0,0.9801570692315958
TAAGTGCAGAGATGAGx-0,0.933140604298414
TAAGCGTAGATGTCGGx-0,0.8079241341950362
TACCTTACAGCTGTGCx-0,0.9193261625832027
TAAGAGACATAAAGGTx-0,0.9707239089999382
TAAGCGTTCAAACCACx-0,0.9631477936161138
TACACGATCAGGCCCAx-0,0.755995663150878
TAGTTGGGTAATCGTCx-0,0.9908916768340443
TATCAGGAGCAGACTGx-0,0.8925495330089653
TACCTATAGCGGCTTCx-0,0.9628798360630607
TACACGACAGGTTTCAx-0,0.6129450468569274
TACAGTGGTTCGCTAAx-0,0.9241012565685645
TACTCATCATCACGATx-0,0.9888381747053041
TAGAGCTTCAGCGACCx-0,0.971136213809151
TAGAGCTAGCATCATCx-0,0.967993955407856
TACACGACAATAAGCAx-0,0.839824258526584
TACTTACAGAGCTGGTx-0,0.9933431314928748
TACTTACCAGCCAATTx-0,0.9801889244088516
TAGAGCTAGGATTCGGx-0,0.9185323026943036
TAAGAGACAGTGACAGx-0,0.8270888708097952
TACTTGTCAGGATTGGx-0,0.28164735300083954
TACTTACAGGAATTACx-0,0.9860286202552878
TACACGAGTTCACGGCx-0,0.9164872500457815
TACACGAAGACACGACx-0,0.9642122877883976
TAAGTGCCATTCGACAx-0,0.8802445832477784
TACGGATGTCCCTACTx-0,0.972336368829541
TACAGTGGTCTTCTCGx-0,0.8945059034536678
TAGTTGGCATTGAGCTx-0,0.9570346890795026
TACTTGTAGAAGCCCAx-0,0.9829615520594568
TACTCGCGTGCTGTATx-0,0.9912136070736468
TAGGCATAGTCCCACGx-0,0.8730974388943
TAAGTGCAGATCGGGTx-0,0.9567305940363171
TACGGATTCTCAAACGx-0,0.5890600667262181
TAAGCGTAGGAACTGCx-0,0.7782307213250338
TAGAGCTTCACAATGCx-0,0.8343210161255805
TAAGAGACAAAGGAAGx-0,0.47911281634366343
TACCTATAGTGAACGCx-0,0.9171816347826349
TACTTACGTCGCCATGx-0,0.7761162079644717
TACGGTACACCCTATCx-0,0.8721480739389078
TACACGACATGAGCGAx-0,0.9047613579832159
TACTTGTTCTAACTCTx-0,0.9609248182916399
TAGTTGGGTGAGGCTAx-0,0.9375585471954466
TACTCGCCACCAGATTx-0,0.9921306529578192
TACGGGCCAGACAAGCx-0,0.9915900788706263
TAGCCGGCAGCGATCCx-0,0.9367482568790949
TAAGAGACATATGGTCx-0,0.8428486254953019
TACACGATCACAATGCx-0,0.9290092618878888
TAAGTGCTCACTTCATx-0,0.936998090601191
TAGAGCTGTAAGTTCCx-0,0.7773442116769842
TAAGAGAAGAAACCATx-0,0.8954360873061858
TACGGATAGGCCCTTGx-0,0.9862271396677217
TACTCATTCATGTCCCx-0,0.7267921425932461
TACGGATAGCTGCGAAx-0,0.9697955647196124
TACCTATCATTGTGCAx-0,0.958314012405374
TACGGATTCCAAACACx-0,0.9550443219943591
TACGGTACAGGTCGTCx-0,0.6640943351545255
TAGACCAAGGGTGTGTx-0,0.9264490714391437
TACAGTGTCGGACAAGx-0,0.948071680221829
TACCTATTCGTCGTTCx-0,0.9730145009180285
TAGCCGGCACATGTGTx-0,0.9264293509857269
TACTCATCACACTGCGx-0,0.8653699211168502
TAGCCGGAGTAAGTACx-0,0.8477576727944618
TAGTTGGAGACTAGGCx-0,0.9129682792891309
TACGGATTCTACTATCx-0,0.8870972313676583
TACCTATTCCGCGGTAx-0,0.8816323586345359
TACCTTATCTGAGGGAx-0,0.9107642196257766
TACGGGCTCTATGTGGx-0,0.9515010177522724
TACTTACTCCTGCCATx-0,0.9910931960870665
TAAGTGCCACCGTTGGx-0,0.9320945966066879
TACAGTGGTCTCACCTx-0,0.8820912821671578
TACTTGTCACCACCAGx-0,0.9897977392680588
TACCTATAGAAACGAGx-0,0.8865174650665053
TACGGATTCAGGATCTx-0,0.4516744944391776
TACGGGCTCATTGCGAx-0,0.9408713420179396
TAGACCAAGAGCAATTx-0,0.8732852265450782
TACCTTATCCCTCAGTx-0,0.7455675638264315
TACGGTACACCGTTGGx-0,0.9718618426352231
TAGTTGGTCGGTTCGGx-0,0.7526923153386711
TATCTCAAGCTGCCCAx-0,0.9884164165729871
TACGGTATCACTTACTx-0,0.5329854779256554
TATCAGGGTCTCAACAx-0,0.9997231869412321
TAGACCATCCCTTGTGx-0,0.9273039285693251
TAAGCGTTCGGTGTTAx-0,0.9809747258696667
TACGGGCGTCAAGCGAx-0,0.25351146490971993
TACGGATCATGACGGAx-0,0.9322622208764173
TAAGAGACACGGATAGx-0,0.8957388934683651
TCATTTGAGTGTTTGCx-0,0.9848722896499134
TCAATCTTCCACTCCAx-0,0.9791283894352825
TATCTCACAAGTAATGx-0,0.9330064517691551
TCAGGTATCTTCTGGCx-0,0.9953827260364837
TCACAAGTCCTCTAGCx-0,0.9718229605876431
TCAGCTCCAATTCCTTx-0,0.9915795523326579
TCGGGACCACTACAGTx-0,0.9281671553458504
TATGCCCTCGGAAACGx-0,0.9626865004429205
TCAACGAGTGTTGAGGx-0,0.3327951290419723
TCACGAATCAATCTCTx-0,0.9251091522401176
TCGAGGCGTTAAAGACx-0,0.9645960772819564
TATCTCAGTATTAGCCx-0,0.9897880003625986
TCGCGTTGTCCGTGACx-0,0.45473028679231337
TCGTAGACAGTAACGGx-0,0.9086735293058997
TCGGTAAAGGCTAGACx-0,0.9643344621758149
TCGCGAGTCATGTAGCx-0,0.7561736813510812
TCAGGATTCATCATTCx-0,0.9091443405748405
TCGCGAGCACCTATCCx-0,0.9663902747864175
TCAATCTAGAGCAATTx-0,0.8468734417670893
TCGCGAGAGTTACGGGx-0,0.9224152190641923
TCGCGAGGTCTTTCATx-0,0.9697746463351585
TCAATCTCATCCGCGAx-0,0.9617081520133106
TCAGCTCCACATGGGAx-0,0.9348401857367945
TATCTCAGTCTAGCGCx-0,0.9713533181422411
TCAGCTCTCTTGTTTGx-0,0.9905549180734844
TCACAAGGTGACGGTAx-0,0.9361946535361041
TCGCGAGCACGAAGCAx-0,0.9570480407336386
TCAGCAATCTCTGCTGx-0,0.6697928751677661
TCACGAAGTTCAGGCCx-0,0.895827829100198
TCGTACCGTAACGACGx-0,0.9854888283674981
TCAGCTCCATCATCCCx-0,0.6307051780776606
TATCTCACACTGTGTAx-0,0.8958182531512507
TATCTCAGTAAAGGAGx-0,0.9018584658956754
TATCTCACACCACGTGx-0,0.22250082462511037
TCAGCAATCACCGTAAx-0,0.937346613593307
TATGCCCTCAGGATCTx-0,0.7518784054355457
TCAGGTAGTCTAAACCx-0,0.9835653394091173
TCGGTAATCGGTCTAAx-0,0.9140790513176725
TATGCCCTCTCTTATGx-0,0.9987588310226734
TATGCCCTCCATGAGTx-0,0.7330096538287828
TCAACGATCAGTGCATx-0,0.9720175509837135
TCAATCTTCTTAGAGCx-0,0.9706820479098264
TCACAAGCATACTACGx-0,0.9913999416031785
TCCCGATCACCGGAAAx-0,0.920177102058119
TCGCGAGTCGCCCTTAx-0,0.8881067778978123
TCACGAACACAACGTTx-0,0.880367921639814
TCAGCAAGTGTGGTTTx-0,0.927427845483744
TCGTAGACATCCTTGCx-0,0.788900777155363
TATTACCCACTCAGGCx-0,0.9099042562242596
TCAACGAAGGCTACGAx-0,0.9835126837081126
TCGCGTTCATCACGATx-0,0.6099243693004286
TCGGTAAAGAGGTACCx-0,0.9242167335003464
TCAGATGTCTCTTATGx-0,0.6255995350250356
TCAGGTACAGTGGAGTx-0,0.7783101656109688
TCAGCAAAGCCCTAATx-0,0.509734670655105
TCACGAAGTCAGAGGTx-0,0.9624547908069091
TCGTACCTCAAGAAGTx-0,0.21736604416508384
TCATTTGCAAGTACCTx-0,0.8934325387125021
TCGGTAAGTGACCAAGx-0,0.9622049621792075
TCACAAGAGTCCATACx-0,0.7973438636462463
TCACAAGTCTGCGTAAx-0,0.9735151946438387
TCAGCAAAGAAACCTAx-0,0.8884987808758007
TCCACACAGCGCTTATx-0,0.9357405910261736
TCAATCTTCCGTCAAAx-0,0.6191157993131252
TCGTACCAGGCTAGACx-0,0.5027524545823575
TCATTACCAACGCACCx-0,0.988068783939002
TCATTTGTCCAGTAGTx-0,0.9450246153659599
TCACAAGCACCGCTAGx-0,0.9980071300683274
TCAGGATGTACGAAATx-0,0.930009999178866
TCCACACCACCACGTGx-0,0.38943647837811013
TCACAAGAGCCATCGCx-0,0.9802930329887767
TCAGCAAAGTCCCACGx-0,0.9117833689444655
TCAATCTCAAGTCTGTx-0,0.94441583175589
TCAGCTCCAGTGGGATx-0,0.6402406664252237
TCGTAGAAGGCAATTAx-0,0.8507875713679518
TCGCGAGGTCATGCATx-0,0.8131305938496004
TCGGGACGTGATAAACx-0,0.945473607342104
TCATTACGTATTCTCTx-0,0.915889580532955
TCGCGAGCAAGCTGTTx-0,0.7440541129392313
TCATTACGTACCCAATx-0,0.9798988020426448
TATCTCATCACCCGAGx-0,0.9906328875819244
TCGTACCCATTCTTACx-0,0.9284649727446015
TCGGTAAAGTAGCCGAx-0,0.649036499926077
TCACAAGCATGGTTGTx-0,0.9837783621696652
TATGCCCAGGGTTCCCx-0,0.8324243397060347
TCCCGATTCTAACGGTx-0,0.7702338587586827
TATGCCCCAATGGATAx-0,0.7071862791278426
TCAGATGAGAATGTTGx-0,0.8998335408253334
TCCCGATTCTGAAAGAx-0,0.9239425060227237
TCGAGGCCAAGGACTGx-0,0.9160086954686569
TCAACGACATGACGGAx-0,0.9514922057775329
TCAATCTAGGTGCTAGx-0,0.49904139725000524
TCGTACCCAATCAGAAx-0,0.9723270595641489
TCGCGTTAGTACGACGx-0,0.9346408138895387
TCATTACAGACCTTTGx-0,0.7747618402865631
TATTACCCATGCCTTCx-0,0.9318023472836182
TCAGATGCAAGCCTATx-0,0.8537580645377482
TGAGCATCAGGCAGTAx-0,0.9666607943342389
TGACGGCTCTCGGACGx-0,0.45624017213056206
TGAGCATAGACTTGAAx-0,0.9818429405131298
TGATTTCTCCTACAGAx-0,0.9727433185328042
TGAAAGAAGCCAGGATx-0,0.9316368623401433
TGAGCATCAATGAAACx-0,0.9009797364220957
TGATTTCCATTAGCCAx-0,0.9348390930724232
TCTTTCCAGCCACGTCx-0,0.962438156511999
TGAGCATTCGTACCGGx-0,0.8553515807952004
TCTTTCCCAGGAATCGx-0,0.7206069869743447
TCTCTAAGTATAATGGx-0,0.9571725141090807
TCTCATACAACACGCCx-0,0.9309829836093358
TCTCTAAAGTGATCGGx-0,0.6825695289406831
TCTGGAAAGTCTCAACx-0,0.3447729956135014
TCTCATACATGAACCTx-0,0.9787375302221473
TGACTTTGTCTCTTTAx-0,0.8306729323984691
TGACTTTCATACCATGx-0,0.8764657701194583
TGACGGCAGACAAAGGx-0,0.981503425885298
TGAAAGATCAGCGACCx-0,0.9365690226465379
TCGTAGATCGCCCTTAx-0,0.9723464859456908
TGAAAGACAATCCAACx-0,0.7245984451122107
TGAGAGGGTATGAAACx-0,0.9762295255841454
TCTGAGATCAGCTCGGx-0,0.9644507236329612
TCTTCGGTCGCCTGAGx-0,0.8919682607012772
TCTCATAAGACGACGTx-0,0.9774214985121865
TCTGAGAGTGGCGAATx-0,0.9347487559628377
TCTTTCCAGGCATGGTx-0,0.7546211413002974
TGACAACGTGACGCCTx-0,0.9843148257514225
TCTGGAACAGATCCATx-0,0.8231029658121507
TCTTCGGGTATTACCGx-0,0.33498671576331057
TCTTTCCCAAGCGAGTx-0,0.8269546509532179
TGACAACGTGCACCACx-0,0.981594433442329
TCTTTCCCATTTCACTx-0,0.9668478380237066
TCTATTGTCATTGCGAx-0,0.24597289432939887
TGAGCATCACCTCGTTx-0,0.9431554750812421
TCGTAGAGTGTGTGCCx-0,0.9519314576829561
TGCACCTTCGGTTCGGx-0,0.9234727344614915
TCTGGAACACGACGAAx-0,0.638121981794264
TCTTTCCTCTTACCGCx-0,0.6207483569838225
TGACTAGCATGAGCGAx-0,0.9116580606308524
TGAGGGATCAGGCAAGx-0,0.9731230556839515
TCTTTCCGTCTCCATCx-0,0.994801900563389
TGAGAGGCATCCCATCx-0,0.9434244276800876
TGACGGCTCTCACATTx-0,0.979805476088948
TCTATTGCAATGGTCTx-0,0.9661236329681392
TGAGCATCAGGGATTGx-0,0.9081477918651197
TCTGAGATCAACGAAAx-0,0.9692144986570359
TGCACCTTCAGCGATTx-0,0.9281357663788243
TCTCTAAAGCTCTCGGx-0,0.9151801735564465
TGACTTTTCTCGAGTAx-0,0.9834624540144912
TGACGGCCATAACCTGx-0,0.668542464645515
TCTCATAAGTCTCAACx-0,0.994862116680517
TCTGGAAGTCCGTCAGx-0,0.6897551825770334
TCTTTCCCACATGACTx-0,0.655433913365735
TGACTAGTCTTATCTGx-0,0.9707365781005712
TGAGCCGGTGGTTTCAx-0,0.7917997891424565
TCTCTAAAGGACATTAx-0,0.9411382931993626
TGACTAGCATATGAGAx-0,0.8490965773853637
TCTTTCCGTAGAAAGGx-0,0.6466788169115597
TCTCTAAGTCTCCCTAx-0,0.9682691047468054
TGAGGGAAGAGTACCGx-0,0.94399600734306
TGACAACGTCATCGGCx-0,0.953076203670591
TGAGAGGTCATTCACTx-0,0.9800008954390433
TCTCTAACATCACCCTx-0,0.978610832415339
TGAGAGGCAGCGTCCAx-0,0.4566630676797622
TCTGGAACACTAAGTCx-0,0.24666860967539136
TCGTAGAGTCCAGTATx-0,0.9856751510313134
TGAGAGGAGGGATGGGx-0,0.7071228878137216
TCTGAGATCAATCACGx-0,0.9812158729312428
TGACTTTAGTCATGCTx-0,0.5495412461395909
TCGTAGATCCGCGGTAx-0,0.9486047111668259
TGATTTCCAAAGAATCx-0,0.9328296933509573
TGACTAGTCCAGGGCTx-0,0.8628547039557983
TCTCATAGTCTCGTTCx-0,0.9891322134713294
TGAGCATAGGCTATCTx-0,0.81763783020239
TGAAAGATCTCCTATAx-0,0.35461924921399895
TGAAAGAGTCTAGTGTx-0,0.9819453158882984
TGAGGGATCTACGAGTx-0,0.939953763647637
TGACAACGTAAAGTCAx-0,0.8802849836749568
TGACTAGAGTGTACCTx-0,0.963369706291786
TGACTTTGTCGTCTTCx-0,0.8919765255185068
TGATTTCTCCCAGGTGx-0,0.9743845675105399
TCTTCGGAGTCTTGCAx-0,0.9815886695188017
TCTTTCCAGCACCGCTx-0,0.896253431339396
TGACGGCGTCACCCAGx-0,0.9165684762171024
TGACGGCGTTCCGGCAx-0,0.9280911082262878
TGCACCTGTCTTCAAGx-0,0.9194926473749088
TGCACCTAGTTGTCGTx-0,0.9123856313826676
TCTTCGGTCAGTCCCTx-0,0.9236468126928472
TGCACCTGTGCACCACx-0,0.7430406531224385
TCTCATAAGTGTACCTx-0,0.9219809624593791
TGACGGCCATTGGGCCx-0,0.9159326831665857
TGACTTTTCGTCGTTCx-0,0.8136800578807167
TGAGCATTCCTTGCCAx-0,0.9846526573698253
TGCCAAAAGGCCCGTTx-0,0.70210942335499
TGCGGGTAGTGCAAGCx-0,0.5404108347121492
TGGGAAGCAAGCTGGAx-0,0.9885355364769931
TGTGGTATCATTTGGGx-0,0.9107877004369368
TGGCGCAGTGCAGGTAx-0,0.9636945696065448
TGTATTCCATAGTAAGx-0,0.9425491291858134
TGGACGCAGCCAGTTTx-0,0.9824136131353979
TGTCCCACAGATCCATx-0,0.907714496744976
TGCTGCTAGATGTAACx-0,0.9724070620667346
TGTGTTTAGGTTACCTx-0,0.5228882500735312
TGGACGCCATCACCCTx-0,0.9656109456807619
TGGCGCAAGAATGTTGx-0,0.9695674136466671
TGCGGGTTCAGAGGTGx-0,0.9121562930178027
TGCGTGGTCACCATAGx-0,0.98292852956458
TGCTGCTAGACTGTAAx-0,0.990922803556395
TGTGTTTCAATGACCTx-0,0.8928292989858498
TGTATTCTCTTCCTTCx-0,0.825972319750423
TGGGCGTAGTGAACGCx-0,0.9349854336617923
TGGTTCCCATGGTCTAx-0,0.8808030121626227
TGCGGGTGTCGAACAGx-0,0.9684915901187611
TGGCCAGGTCAGGACAx-0,0.9429184288398768
TGGACGCGTCTAAAGAx-0,0.9335308985636596
TGCCAAAGTTATTCTCx-0,0.03254681199688848
TGGTTCCTCAGCGACCx-0,0.907831718162018
TGGCGCACACATCCGGx-0,0.9707191712167832
TGCGCAGGTTTAGGAAx-0,0.8447879286686587
TGCCCATCAGCTCGACx-0,0.771697273839073
TGTGGTAGTCATGCATx-0,0.9686578626620242
TGCCCATCAGCCAGAAx-0,0.8853516607403374
TGGGCGTAGAAGAAGCx-0,0.9716777479790221
TGGGAAGAGAGGGATAx-0,0.9829831161683648
TGGTTAGTCCCTTGTGx-0,0.9762852193885616
TGCGTGGCATCGATTGx-0,0.8934395958573002
TGTGGTAAGACTCGGAx-0,0.9194623050247058
TGCGGGTCACTAAGTCx-0,0.6315264040181207
TGCCAAATCGGCGGTTx-0,0.7322979604733257
TGTGGTAGTCGGCTCAx-0,0.631830493674841
TGGTTCCTCTGTTGAGx-0,0.9114194962435225
TGGGCGTGTAAATGTGx-0,0.9370293722876272
TGGTTCCCACAGCGTCx-0,0.9497116674943427
TGGTTCCTCGTCCGTTx-0,0.9203755755038732
TGCCAAATCCAGAAGGx-0,0.8157079339443155
TGGGCGTCAGCCAATTx-0,0.9697169145085589
TGGCCAGGTTACGCGCx-0,0.7165114134478754
TGCCCATAGGTCGGATx-0,0.8816415303274363
TGTCCCAAGATGAGAGx-0,0.9273899723800834
TGCCAAAGTGCAACGAx-0,0.9915617604009289
TGGGAAGCAGTCGATTx-0,0.992528319560203
TGCCCATAGGGCTCTCx-0,0.9715401262462137
TGGGAAGTCATGGTCAx-0,0.9700966431698409
TGGTTAGTCGTTTATCx-0,0.9710081312797019
TGCCCTATCTGGTGTAx-0,0.4040688497699877
TGGTTAGCAAGCCGTCx-0,0.8364183325626355
TGGGAAGGTCACCTAAx-0,0.9843469829815982
TGTGTTTAGGCACATGx-0,0.6870998721040521
TGCGTGGCAAGTTAAGx-0,0.6991436214188315
TGTCCCAAGATACACAx-0,0.9764123321535899
TGGCCAGGTCTGCCAGx-0,0.8318167281362342
TGGTTAGCAAAGTGCGx-0,0.934452863527972
TGGGAAGTCGATCCCTx-0,0.45216027191880714
TGGCTGGGTCCGTTAAx-0,0.8866486682610406
TGCGTGGGTTTAAGCCx-0,0.9612265584955452
TGCGTGGAGCGTGAGTx-0,0.3199518815707976
TGCGCAGCACAGGTTTx-0,0.9702393858518179
TGTCCCATCGTTTGCCx-0,0.9532311755547507
TGGGAAGAGAAGGACAx-0,0.9950699719319394
TGCTGCTCATGGGACAx-0,0.9741627862392127
TGGGCGTAGTGACATAx-0,0.9598785389062953
TGCTACCGTATGAAACx-0,0.9701499175597847
TGGCTGGAGTTAGCGGx-0,0.8998716913730597
TGGGCGTGTAAGGGCTx-0,0.5378572361768085
TGGACGCTCTTCAACTx-0,0.901293427271893
TGGTTAGCATCGGTTAx-0,0.9731376504927115
TGCTGCTGTCGGCATCx-0,0.8580402622109432
TGCTGCTTCACATACGx-0,0.9906878466406276
TGCGTGGCACCAGGTCx-0,0.7203607129423258
TGGGCGTAGTCAAGGCx-0,0.9889522382177198
TGCCCATTCCGGCACAx-0,0.9731838634023501
TGGTTCCGTCGATTGTx-0,0.945498749797608
TGGTTCCCATGAAGTAx-0,0.8982249051937844
TGCCAAAGTCTGCCAGx-0,0.8678798268766934
TGGCGCATCTTGCCGTx-0,0.9708181474304907
TGCGCAGGTAGAAGGAx-0,0.9695730695240065
TGCTACCGTACATCCAx-0,0.9644953441020192
TGCTGCTGTGTGGCTCx-0,0.9807449670056722
TGGGAAGAGATGTTAGx-0,0.9557176755107678
TGCTGCTAGATGTCGGx-0,0.8672022997249978
TGGCCAGGTTTGGCGCx-0,0.9596760766606289
TGCCCTACATATGCTGx-0,0.9795682481986508
TGTCCCATCGCTTAGAx-0,0.9401761670446321
TGGGAAGAGCGATATAx-0,0.8975623513263051
TGGACGCCATCTATGGx-0,0.9873624151672884
TGCTACCTCTAGAGTCx-0,0.9141500773045351
TGCTACCGTAGAGGAAx-0,0.9674243484779116
TGGCCAGCATCCTTGCx-0,0.9719502496149476
TGCTACCTCTAACTGGx-0,0.37063000007277014
TGGGCGTTCCACGTGGx-0,0.9488198692794574
TGTTCCGGTATGGTTCx-0,0.4689742271261041
TGTGTTTTCTCGATGAx-0,0.9858715481851766
TTCCCAGGTCGAACAGx-0,0.994134592736776
TTAGGCATCTGCGTAAx-0,0.9734441475696848
TTCTTAGTCAGCGATTx-0,0.9218824995375556
TTGACTTCAGATAATGx-0,0.9849460602251195
TTCTTAGAGATCCCGCx-0,0.99596962603141
TTAGTTCGTTTGGGCCx-0,0.6897916357957964
TTAGGCAGTAACGTTCx-0,0.9087397542650623
TTCGGTCTCCTTTCTCx-0,0.9917123737187066
TTGCGTCCAGTCACTAx-0,0.8026317454516803
TTGAACGAGAAAGTGGx-0,0.9057208177265121
TTCTCAACACATCCGGx-0,0.9936674974389347
TTGCGTCGTGGAAAGAx-0,0.9179024338183261
TTCCCAGGTACAGACGx-0,0.35391660317061224
TTGGAACAGACTTGAAx-0,0.8792633591234613
TTCTTAGAGACTAAGTx-0,0.9783310670643408
TTCGAAGTCTACGAGTx-0,0.9530206113382514
TTCGGTCCACCTCGGAx-0,0.8940807002858079
TTCTTAGGTTCAGGCCx-0,0.9180620875848987
TTAGGACCATATGGTCx-0,0.9716571082349438
TTCTACAGTGACGCCTx-0,0.9740837452300874
TTGCCGTTCGATAGAAx-0,0.9888429740449541
TTGCGTCTCCTCAACCx-0,0.990479364795112
TTCTACAAGATCCGAGx-0,0.9145743993772084
TTAGGACTCTTGAGACx-0,0.9643072130937065
TTCTACATCATTCACTx-0,0.7622427735016882
TTCGGTCGTCTTCTCGx-0,0.9749069540846227
TTATGCTCAGGAATGCx-0,0.9629316018089558
TTAGTTCCAAGTTGTCx-0,0.9550504629851854
TTAGGCACATATGCTGx-0,0.9336847478812679
TTCTCCTGTAATCGTCx-0,0.6678347495223863
TTGACTTCATGGTTGTx-0,0.63111340698014
TTCTTAGAGTGTACTCx-0,0.9790243391992519
TTCGGTCTCAAAGTAGx-0,0.7821173190839652
TTCTCCTTCAAGATCCx-0,0.980875789734253
TTCTCAAGTCCAGTATx-0,0.950582885005838
TTGCCGTAGTTGCAGGx-0,0.8602410471813569
TTCGGTCGTGTTCTTTx-0,0.9877860273806981
TTGCCGTCAATAGCAAx-0,0.8090033127236853
TTATGCTGTGATGTGGx-0,0.9862629406704676
TTCTCCTGTAAACGCGx-0,0.9814614356309852
TTCGGTCTCTGCTGCTx-0,0.8416538366545117
TTGCGTCAGTGACATAx-0,0.9684286726571281
TTAGTTCCATACGCCGx-0,0.6420668994961949
TTCTCAATCTGCGTAAx-0,0.5748438964994563
TTCTACATCACGACTAx-0,0.9472375117273834
TTCTCAAGTCTCGTTCx-0,0.9950106738740534
TTGCCGTCACCACCAGx-0,0.9928017027459665
TTAGGACGTTCAGGCCx-0,0.9887737662012333
TTGCGTCCATACGCCGx-0,0.7952647873059107
TTCTCCTTCTTGTACTx-0,0.9818610812227687
TTGCCGTGTATCTGCAx-0,0.9311034991146854
TTCTTAGAGACAGGCTx-0,0.9153320783875649
TTCCCAGAGAGTGAGAx-0,0.9681681144719015
TTCTACACACATCTTTx-0,0.6649469941115422
TTAGGCATCTAAGCCAx-0,0.5866074388636819
TTGACTTGTGATAAACx-0,0.8542396746220189
TGTTCCGCAACTTGACx-0,0.974858672271622
TTAACTCCACGGATAGx-0,0.9538905362090766
TTCTTAGTCCGCATAAx-0,0.910184078583771
TTAACTCGTGCCTTGGx-0,0.8633889979889713
TTATGCTTCAGCCTAAx-0,0.8947351979625451
TGTGTTTCAGTGGGATx-0,0.9689216357745533
TTAGGACCACTTAAGCx-0,0.9697202340483746
TGTTCCGAGGAGCGAGx-0,0.8766064561880816
TTCTACATCACCTTATx-0,0.9753088923500137
TTCTCAAGTTCAGACTx-0,0.8749722187084623
TTGCCGTTCGTACCGGx-0,0.9629491720407044
TTCTCCTTCCCTAATTx-0,0.961601244197548
TTGCGTCGTTCAACCAx-0,0.8914537190429296
TTGAACGGTAGATTAGx-0,0.9502914865999779
TTCTTAGGTCCGTTAAx-0,0.9703962084526577
TTCCCAGTCCGAACGCx-0,0.8443414863633024
TTCCCAGTCGTGGTCGx-0,0.9663517606565946
TTGCGTCAGAGGGCTTx-0,0.5951921124927699
TTCGGTCCATGACGGAx-0,0.8458948619837551
TTAGTTCAGAGCTGGTx-0,0.9787671933130028
TTCGAAGCACACCGCAx-0,0.8694415419594231
TTCGAAGTCACCGTAAx-0,0.9405309209598112
TGTGTTTGTTACTGACx-0,0.3355204124243897
TTAGGCAAGAGTAATCx-0,0.9674258069639236
TTAACTCTCTCGATGAx-0,0.9329655661250195
TTCCCAGAGGATTCGGx-0,0.5521086131008546
TTCTCAATCATACGGTx-0,0.990571072262264
TGTTCCGCAACGATCTx-0,0.7607786579535116
TTAACTCCAAGCGAGTx-0,0.9392068017002093
TTGCGTCCACCTGGTGx-0,0.9870644805067413
TTAGTTCCATATACGCx-0,0.9389278126739405
TTGCCGTGTTCCCTTGx-0,0.885752663683041
TTATGCTGTCGGCTCAx-0,0.9261826023515044
TTGAACGAGCCCAGCTx-0,0.6966006667558129
TTAGGCAGTAGAAAGGx-0,0.6982797897263019
TTCGGTCAGGTGCACAx-0,0.9137592530099399
TTCGGTCAGAGGTTATx-0,0.9737717040329602
TTGAACGTCCAGTATGx-0,0.9724250557309634
TTTGGTTGTCTCTCTGx-0,0.516838724735025
TTGGCAATCGGTGTTAx-0,0.8469632517411012
TTTCCTCAGGGTATCGx-0,0.44388390243985765
TTTGGTTGTGTCAATCx-0,0.6478404322263632
TTGGAACTCTGGCGACx-0,0.9632553957004816
TTTGCGCAGATATACGx-0,0.9301837476750437
TTGGCAACAGCAGTTTx-0,0.9762782005584119
TTTGGTTCAAGAGGCTx-0,0.8926688727995801
TTTACTGTCTGCAAGTx-0,0.5750224623956158
TTTCCTCGTCTTCAAGx-0,0.9910442298682888
TTTCCTCGTGATAAACx-0,0.9289581451563532
TTTGTCACAGCCACCAx-0,0.9559255478113452
TTTGTCAGTACCAGTTx-0,0.9753595096796043
TTGTAGGCAATCTGCAx-0,0.9132884257175932
TTTACTGTCGGAAACGx-0,0.9789625258917163
TTTCCTCAGGACTGGTx-0,0.9760872192932742
TTGTAGGGTTAGATGAx-0,0.9611504833493638
TTTATGCAGCACCGCTx-0,0.9205814623767495
TTTATGCTCTGCTGTCx-0,0.9869574416682563
TTTGTCATCACAATGCx-0,0.9423441081315882
TTTGTCAGTTTGGCGCx-0,0.9637744609335374
TTTGGTTGTCCTAGCGx-0,0.987382663972008
TTTCCTCAGGCATGTGx-0,0.9663242186666439
TTGTAGGTCGTGGTCGx-0,0.9269388131693921
TTGTAGGCAAGTTCTGx-0,0.9800070457375892
TTTGTCAAGGGTATCGx-0,0.7792077446419169
TTTGTCATCTGCTTGCx-0,0.9763613475696439
TTTCCTCTCTCGATGAx-0,0.9717760412318711
TTGGCAAAGTGTTTGCx-0,0.5112874657232801
TTTGGTTAGTACGTTCx-0,0.9926455839640197
TTGGAACCATGAAGTAx-0,0.8543280278174229
TTTGTCATCCCACTTGx-0,0.904584884946532
TTTGTCACATAGAAACx-0,0.8476523369197293
TTTGCGCGTCCTAGCGx-0,0.8229504640536502
TTGTAGGGTTAGGGTGx-0,0.9552927886361071
TTGGAACAGAGTACATx-0,0.9813846671690384
TTTCCTCCAATGTTGCx-0,0.9836154402196383
TTTCCTCAGTAATCCCx-0,0.038127397703808234
TTTGTCACACGGCGTTx-0,0.9392490116771485
TTTATGCGTAAGCACGx-0,0.7888400704107653
TTGTAGGGTGGAAAGAx-0,0.5570789288207368
TTTACTGTCGTTACAGx-0,0.960656978414729
AACTCCCTCATCACCCx-1,0.19989857521646992
AAACGGGAGCGTTCCGx-1,0.5937567590744791
AACACGTGTCTCCCTAx-1,0.06467882817151471
AAAGCAAGTGGTTTCAx-1,0.04328614214959138
AACTCCCAGTGTGAATx-1,0.21390468461811135
AACTCTTAGCCTATGTx-1,0.3665614331295903
AAAGCAACATATGCTGx-1,0.2080248242871938
AACACGTAGCCACGCTx-1,0.11735093270838036
AAACCTGGTTATTCTCx-1,0.06505147293339263
AAACGGGCATCCTTGCx-1,0.2943300303223112
AAAGTAGTCCTATGTTx-1,0.39457557709557645
AACCATGAGGGCTTCCx-1,0.05108794682304372
AAACCTGGTCTAGCCGx-1,0.29603180467622237
AACCATGTCATAAAGGx-1,0.06577219499058731
AACTCCCTCCCTAACCx-1,0.06503364604362971
AAAGTAGGTCATTAGCx-1,0.1868525617894595
AACCGCGAGAATGTTGx-1,0.3905552183225865
AACTCAGAGCGATAGCx-1,0.05653410556985115
AACCATGTCGGCATCGx-1,0.057442969696930926
AACTCTTAGATATGCAx-1,0.2231810332611776
AAATGCCCAAACGCGAx-1,0.24722696192048146
AAAGTAGTCCGTCATCx-1,0.03423628599209323
AACGTTGGTCGCCATGx-1,0.2558861580699269
AAAGTAGGTTCGTTGAx-1,0.18418748995952502
AACCGCGCAAGTAATGx-1,0.2961242308105194
AAACGGGTCGCGATCGx-1,0.08075512660852473
AACACGTCAGCATACTx-1,0.2697952275827894
AACTCTTGTCCAAGTTx-1,0.1766928070529773
AACTCAGGTTAGTGGGx-1,0.09513867716306947
AAAGTAGGTCACTGGCx-1,0.3010984235475467
AACTCCCTCACTCCTGx-1,0.10753270276175783
AACCGCGCATGCTAGTx-1,0.1786462676584278
AAAGCAATCGAGAGCAx-1,0.0551193283366256
AACGTTGTCCGTTGCTx-1,0.03358151133087474
AACTCAGGTAAGCACGx-1,0.28743753265792776
AAACGGGCACCGAATTx-1,0.05496792338233832
AACTCCCGTTGTTTGGx-1,0.09920455836527166
AACGTTGCAAACCCATx-1,0.04682611660258334
AACTCCCAGCTTATCGx-1,0.04137729042617978
AAACGGGAGGATTCGGx-1,0.04665520231253088
AAAGCAACATGTCTCCx-1,0.27482448465653325
AAACCTGCAGTAACGGx-1,0.2965734664419901
AACTCCCCAAGTCATCx-1,0.2544403977657189
AAAGCAAGTATGAATGx-1,0.03969169587018859
AACTCTTGTCTCCCTAx-1,0.035364788087275605
AAATGCCGTACCGCTGx-1,0.05604760226277329
AAAGTAGTCCTTCAATx-1,0.052174142920324504
AAACCTGAGAAGGGTAx-1,0.05124493095868615
AACCATGAGAATGTTGx-1,0.21482776754465127
AACCATGGTAGCGTAGx-1,0.2636685205809228
AAATGCCAGATGAGAGx-1,0.23223812943149294
AAAGCAATCAGGATCTx-1,0.03759846235401789
AACTCAGAGAAACCTAx-1,0.04314119069229584
AACACGTCAAGCGATGx-1,0.29185038011244424
AAAGTAGCACCGTTGGx-1,0.04320915131460315
AAAGCAAAGTATTGGAx-1,0.20807415501193907
AAATGCCGTCATATCGx-1,0.042421459314296216
AAACGGGAGAGAGCTCx-1,0.265179008993381
AAAGTAGCATGGATGGx-1,0.12308303858814439
AACGTTGCAAGCGCTCx-1,0.22538941808779472
AACCATGGTTCGGGCTx-1,0.16958339237121975
AACCGCGCACTCGACGx-1,0.24402050544067108
AACACGTGTAAGTGGCx-1,0.1985641928852769
AAACGGGAGTGTACTCx-1,0.276901780446387
AACTCAGCAGTATAAGx-1,0.056598720331876975
AACTCTTTCCAGATCAx-1,0.13352173626838995
AAACCTGAGCTACCTAx-1,0.08541773921361952
AACCGCGCACTTCGAAx-1,0.10271213195099753
AAACCTGTCCAACCAAx-1,0.3312948269610763
AACACGTCAAACTGCTx-1,0.04372993993089164
AACGTTGTCCGGCACAx-1,0.22669452455903205
AAACCTGCAATAGCGGx-1,0.0336434576104607
AACGTTGAGCGATTCTx-1,0.47998091270743104
AACGTTGAGGTAGCCAx-1,0.037657384580065865
AAACCTGCATCCGCGAx-1,0.04910632687406518
AAAGATGGTCGGATCCx-1,0.236874992476549
AAATGCCAGACCACGAx-1,0.2446724674254475
AACCGCGAGGAGCGTTx-1,0.05452951129461045
AACTCTTGTGCCTGCAx-1,0.04768860038624289
AAACCTGGTCTCCACTx-1,0.05084555337710519
AAAGCAATCTACGAGTx-1,0.1642354528120225
AACGTTGTCTGTCCGTx-1,0.05684404748094354
AACTCAGAGAAGAAGCx-1,0.06051814463543419
AAACCTGGTGAGTGACx-1,0.04240495420875962
AACCATGAGATATGCAx-1,0.047947875555743834
AACTCCCTCCGCGCAAx-1,0.07026437329797346
AACTCCCGTTGACGTTx-1,0.038529506664870206
AAAGATGTCTCTGAGAx-1,0.24388965366249796
AACCGCGAGAAACGCCx-1,0.05791657641555357
AAACGGGAGTGCCAGAx-1,0.05804280060825604
AACCGCGGTAGCGCAAx-1,0.040006607289587576
AAAGATGAGCCAGGATx-1,0.23275366406934195
AAACGGGTCCGTCATCx-1,0.05819222956101501
AAAGTAGTCCTTGACCx-1,0.054297743514902075
AAATGCCTCACAACGTx-1,0.08314820358203286
AAAGCAAAGATCCGAGx-1,0.5357987812264957
AACCGCGCAAAGGCGTx-1,0.22587838037210117
AACCGCGAGCTGTTCAx-1,0.046221872715212727
AATCCAGTCGTCGTTCx-1,0.333544620077229
AAGCCGCAGCGTTGCCx-1,0.049463734383888285
ACAGCCGCAGATCTGTx-1,0.04992362513840917
AACTGGTAGTACGCGAx-1,0.29464392940985706
ACACTGAGTTACCAGTx-1,0.0375588410502407
AACTCTTTCCCTAACCx-1,0.039792249803172135
ACACCAAGTACGAAATx-1,0.21494098549092452
AAGGAGCAGAAACCGCx-1,0.27440907278232335
ACAGCCGCACATGTGTx-1,0.0417294614247202
AAGGTTCCAATTGCTGx-1,0.1492661177281886
AACTTTCCACGGATAGx-1,0.14769176743376425
AAGTCTGAGACGCACAx-1,0.41372833665368214
ACACCGGGTACGCTGCx-1,0.044871310576030866
AAGCCGCAGTCATGCTx-1,0.19052609976102622
ACACCGGGTAAGGGCTx-1,0.23291797115701296
ACACTGATCTTCGGTCx-1,0.03132395764477001
AATCGGTTCGAGAACGx-1,0.041488315890578914
AAGGAGCGTACCCAATx-1,0.2146313997571349
ACACTGAAGTCCTCCTx-1,0.14416070590376567
AACTTTCTCCATTCTAx-1,0.04271511054402474
ACAGCCGCAAGTTGTCx-1,0.04576076224001258
AAGGAGCCACAGCCCAx-1,0.04673691240466717
AATCCAGTCTTAACCTx-1,0.05004425836535559
AATCGGTAGCACACAGx-1,0.03852660452120822
AACTGGTTCCAGGGCTx-1,0.04721681083925335
AAGTCTGTCATTGCGAx-1,0.3345728652713982
AAGCCGCAGCGTAATAx-1,0.11728873469786101
AATCCAGAGCCACGTCx-1,0.04375150341097143
ACACCCTAGCCCTAATx-1,0.07961727949707653
ACAGCCGCATTTCAGGx-1,0.1116458434092957
AACTGGTGTTTAGGAAx-1,0.053478708873932045
ACACCAAGTTGGGACAx-1,0.05914673270986956
ACACCAAGTTCGGCACx-1,0.04794979844385042
AACTGGTTCGTCCAGGx-1,0.14120738695104743
AAGGTTCTCGTACGGCx-1,0.06513859446416027
AAGACCTGTCTCTCTGx-1,0.06023085216439931
AATCCAGAGATGTGGCx-1,0.059469696053832156
AAGGCAGAGGCCGAATx-1,0.2757431332878796
ACACCAAAGTACGTAAx-1,0.053039753597817096
AACTTTCAGTAGATGTx-1,0.22660772913265423
AAGTCTGAGAGACTTAx-1,0.19246611733434607
AAGACCTGTTGGGACAx-1,0.21064848814679968
AATCCAGAGAGTACATx-1,0.09140015381210742
AACTGGTGTGGCTCCAx-1,0.2783362211471359
AAGCCGCGTCATGCATx-1,0.13986780328643628
AAGGTTCCATGCCACGx-1,0.11180021472797566
AAGACCTAGGGAAACAx-1,0.0737587544823739
ACACCAAAGTGTCCCGx-1,0.22868211511902709
AAGGCAGTCCGCATAAx-1,0.051307318541248606
AAGGCAGCATACAGCTx-1,0.06905538913292474
AACTTTCAGCGGATCAx-1,0.04041761867396454
ACACCAATCGTTTATCx-1,0.06714655162786416
AACTGGTTCATAACCGx-1,0.4204252562690677
ACACCAAGTCGAGTTTx-1,0.048064554694542315
ACACCCTGTCTTCGTCx-1,0.08716469972181023
AAGGAGCTCCGTCAAAx-1,0.25527210585986543
ACACCGGCACACATGTx-1,0.1599655412540586
ACAGCCGCAGATGGGTx-1,0.20297846394456245
ACACCAAAGATCGATAx-1,0.11320069761478982
ACACTGACAGGGTACAx-1,0.2631846101219801
AAGGAGCCACGTAAGGx-1,0.18101774082003236
AAGGCAGCACACGCTGx-1,0.04876409908172459
AATCGGTAGCCCAACCx-1,0.04756884926021832
ACACCCTTCGGAAACGx-1,0.13084742630781523
ACACTGACAAGAGGCTx-1,0.07580036220507258
AATCCAGTCCCAACGGx-1,0.04281702762358069
ACACCAAAGAGGGATAx-1,0.10208648851092891
AATCGGTAGCTAACTCx-1,0.04354194528663213
AATCGGTTCTGTCAAGx-1,0.06074075859103092
ACACCCTTCCCATTTAx-1,0.04800218606774985
AACTCTTTCTTCCTTCx-1,0.08071004444243128
ACACCGGCACCACCAGx-1,0.04555888263155273
AATCGGTGTCGTGGCTx-1,0.029025118739500158
ACACCGGTCACTTACTx-1,0.04725886073902427
AATCGGTGTAGAGCTGx-1,0.061089087576530185
AAGGCAGAGTACGACGx-1,0.3113660138292027
AAGTCTGTCCCAAGATx-1,0.10530031328775011
AATCGGTGTGAAGGCTx-1,0.10717480570388918
AAGGCAGAGACTTTCGx-1,0.07748333530877426
AATCGGTGTACAGCAGx-1,0.21514019463146877
AATCCAGGTATCGCATx-1,0.36701534358667615
AACTGGTTCGCCGTGAx-1,0.04751407039178421
AAGACCTCAAAGAATCx-1,0.17342806449509335
ACACTGATCTATCGCCx-1,0.04754369624850508
AACTTTCTCGCATGATx-1,0.045867114216468566
AAGGTTCAGCGTTCCGx-1,0.22746642792288077
AATCGGTAGAATGTGTx-1,0.07139676832752549
AAGACCTAGGTGCAACx-1,0.21857834779390412
ACACTGACAGCTGTTAx-1,0.24278674497502645
AAGCCGCAGTTCCACAx-1,0.01909671879609552
ACACCAATCGGAGCAAx-1,0.39628429913020136
AACTGGTAGGACACCAx-1,0.24589704847350402
AAGACCTTCCAAATGCx-1,0.4032526782209856
ACACTGACAATAAGCAx-1,0.2430863770291918
AACTCTTTCGGAAATAx-1,0.043496980383483604
ACACCAAAGTGGTCCCx-1,0.054546298227461015
ACATGGTTCTCCAACCx-1,0.0945790785260596
ACAGCTAAGTGCGATGx-1,0.054453116566914095
ACAGCCGTCCTTTACAx-1,0.038820741864415004
ACATACGTCTGTTTGTx-1,0.23627522278227242
ACATCAGTCTCACATTx-1,0.12359599816018883
ACGCAGCGTGAAGGCTx-1,0.20942497934339202
ACCGTAACAGCATACTx-1,0.19011001374532752
ACCTTTACAAAGAATCx-1,0.04611812230239735
ACCTTTAAGGGAGTAAx-1,0.114373763653311
ACGAGGAGTCACCCAGx-1,0.04772381455680611
ACATGGTTCGTACCGGx-1,0.07077829066645262
ACATACGCACAGAGGTx-1,0.24464060175787655
ACAGCCGGTGGTACAGx-1,0.2947924194083589
ACGAGCCAGAGTTGGCx-1,0.04699634988686975
ACATACGCAATAGCGGx-1,0.06451150486556613
ACATGGTCACTCAGGCx-1,0.24620791739878384
ACGATGTTCACTGGGCx-1,0.03650077775057456
ACATACGTCAGTCCCTx-1,0.1720941672053324
ACGCAGCCAACACGCCx-1,0.0708162573175417
ACGAGGAGTTTGGGCCx-1,0.2961441437208716
ACGATGTGTGATAAACx-1,0.1846065329481723
ACCGTAAAGGCTAGGTx-1,0.09440998272690279
ACATGGTAGCCAGAACx-1,0.28786631883719216
ACGATGTGTCTAAAGAx-1,0.36811794607105564
ACCGTAAGTTGGGACAx-1,0.06736058613425454
ACAGCTACAATAGCGGx-1,0.23415762666520554
ACGCCAGTCACGAAGGx-1,0.05435051998643228
ACATCAGGTTGAGTTCx-1,0.23283957329560628
ACATCAGTCGGCGCTAx-1,0.19922161364158916
ACATCAGGTAGTAGTAx-1,0.3110106878457294
ACGATACGTCCGAGTCx-1,0.07869481691633924
ACGATGTTCGGCGGTTx-1,0.2530443956519782
ACCGTAAGTCCCGACAx-1,0.2915056553833287
ACGATACTCCTCATTAx-1,0.04725469318208067
ACAGCCGGTGCACTTAx-1,0.22177501671326397
ACCGTAAGTGGCAAACx-1,0.26012712098753343
ACGCAGCCAAAGGTGCx-1,0.2450467431823412
ACGCCAGCACATAACCx-1,0.23752092617915824
ACGATACCAATAGCAAx-1,0.07353712340065525
ACGATGTCAACGCACCx-1,0.06102887682870771
ACGATGTTCCATGAACx-1,0.22590464711342648
ACGCCAGGTAGATTAGx-1,0.15706128253290003
ACATGGTGTAAAGGAGx-1,0.041280551907626716
ACGATACTCCTTAATCx-1,0.053813110446709715
ACAGCTAGTACCGTATx-1,0.18442330335584273
ACCAGTATCCGTCATCx-1,0.22351952501327932
ACGAGCCTCATTATCCx-1,0.2469937424346364
ACCGTAAGTCTAGAGGx-1,0.2622032355413181
ACCAGTACATCAGTCAx-1,0.05001432382827892
ACGCCAGGTTAAGACAx-1,0.053046109995562474
ACCCACTTCACTCCTGx-1,0.10716630839394745
ACGAGGACAGCCACCAx-1,0.21604324417715717
ACATCAGCAGAAGCACx-1,0.09418111680249583
ACCTTTATCTTGACGAx-1,0.05526990006595238
ACGATGTCATTACGACx-1,0.06058472255295299
ACGATGTTCCGTTGCTx-1,0.18841734583115366
ACATCAGCAGTCACTAx-1,0.08148816857890016
ACCCACTCACAACGTTx-1,0.03556679300551582
ACGCAGCCACTTAACGx-1,0.26043361590745717
ACGCCAGCAAGTACCTx-1,0.06608361687033912
ACCGTAAGTTCCACAAx-1,0.03446979606164105
ACAGCTAAGTAATCCCx-1,0.07970878726274315
ACGAGCCCAGCGATCCx-1,0.18414911237356488
ACGATGTAGGCTCATTx-1,0.2101926049249133
ACAGCTACAAGTACCTx-1,0.2334770530903749
ACCGTAATCCTACAGAx-1,0.18686497631464166
ACATACGAGTCTCGGCx-1,0.28428929690661014
ACCCACTCACACAGAGx-1,0.06412875682479638
ACGAGGAAGGTCATCTx-1,0.3851864606695884
ACAGCCGGTGACGCCTx-1,0.26158893436818453
ACGAGCCTCTGCAAGTx-1,0.12883324117375708
ACGCAGCTCCTTAATCx-1,0.04617716598377251
ACATGGTTCTTGAGACx-1,0.12301224378499136
ACGCAGCGTAGCACGAx-1,0.07179388824069656
ACGAGCCCAGTATAAGx-1,0.04939892561762347
ACGATGTTCAGTGCATx-1,0.07480493607442831
ACATACGTCTCCTATAx-1,0.22481014308855501
ACATGGTAGATGTTAGx-1,0.14967417568537983
ACGCCAGCACAGGAGTx-1,0.07676116612972056
ACCGTAAGTCGAGATGx-1,0.046186208640224255
ACAGCCGGTAGAAAGGx-1,0.24844718129107116
ACATGGTCACGAAAGCx-1,0.10753332731702571
ACGATGTCACCCTATCx-1,0.07334288076212639
ACGATGTAGCTAGTCTx-1,0.04786911850342123
ACATACGCATACTACGx-1,0.4713123488315924
ACCCACTGTCTTGCGGx-1,0.037365203693149336
ACGAGGAGTCAGAAGCx-1,0.06208088546741861
ACATGGTGTGATAAACx-1,0.21607276168740308
ACATCAGAGTTAACGAx-1,0.23400484070610633
ACGATGTTCCACGACGx-1,0.04971196473985858
ACATACGCAGCGTAAGx-1,0.08488710362180385
ACCAGTAAGTACATGAx-1,0.05588474434827705
ACAGCTACACAGTCGCx-1,0.04382352388362551
ACATCAGAGGCGATACx-1,0.04269524727997812
ACATGGTGTGTTTGTGx-1,0.048336305208058886
ACGAGGAAGTAGATGTx-1,0.045266949184615955
ACATCAGTCTTTACACx-1,0.06212882602916373
ACTGTCCTCACGAAGGx-1,0.06359187114900738
ACGGAGACAGGCGATAx-1,0.28770537079175096
ACGGGCTAGCACACAGx-1,0.07951838356312986
ACGGGCTTCTCCCTGAx-1,0.21381699000137877
ACGGGCTCAAGTAGTAx-1,0.06031877066501033
ACTGAACCAACACCCGx-1,0.23879596136943887
ACGGAGAAGCTAGCCCx-1,0.050817134144693674
ACGGAGATCACCCGAGx-1,0.1245016371334146
ACGGCCACAAAGTGCGx-1,0.2161243978193365
ACGGGTCTCTGGAGCCx-1,0.2031241076517245
ACGCCGAGTTTGGGCCx-1,0.2186632069265588
ACGGAGACACGGCTACx-1,0.06674625022655283
ACTGATGTCGTCTGAAx-1,0.04263301002982676
ACTGATGTCACGAAGGx-1,0.19888024767267162
ACTGAGTAGAAACCGCx-1,0.04379446792515732
ACGGGTCAGACTAAGTx-1,0.2189647695181375
ACTGAACTCATTATCCx-1,0.1453006106757605
ACTGAGTGTGTGACCCx-1,0.06890738393149562
ACGGGCTGTATATCCGx-1,0.04664577415029552
ACTGTCCTCCGCAGTGx-1,0.26231646730885216
ACTGTCCAGTTGTCGTx-1,0.10562166577727423
ACGTCAAGTTCAGGCCx-1,0.05315905274441301
ACGGCCATCCCTTGTGx-1,0.18968986917380554
ACTGATGTCGTCCGTTx-1,0.05093911467295233
ACGGAGACACGCTTTCx-1,0.25936860248333216
ACTGATGAGTCCCACGx-1,0.04936082471155666
ACGGAGACACCCATGGx-1,0.07690279397959761
ACGGCCAAGGGCTTCCx-1,0.18486475016705017
ACTGAGTTCATCGATGx-1,0.22321560314850752
ACGGCCAGTTGGGACAx-1,0.03572681818892513
ACGGGCTAGATGGGTCx-1,0.1140970685614865
ACTGAGTAGCCGCCTAx-1,0.057142360425021785
ACTTACTCACGTGAGAx-1,0.04382039462369184
ACGCCGAGTTCAGCGCx-1,0.27289465730705675
ACGGAGATCCAAACTGx-1,0.09023866913728044
ACGGGCTAGACTGGGTx-1,0.09351657730773066
ACTATCTAGCTACCTAx-1,0.031809294195888405
ACTATCTGTATAATGGx-1,0.06679075431677536
ACTGTCCCAGGGTTAGx-1,0.20933107138027496
ACGGCCATCCTCTAGCx-1,0.04789273750628461
ACTGTCCGTTGCGTTAx-1,0.3177102764294623
ACGGCCACAGCTGTTAx-1,0.05205075193798157
ACGGAGACATCGACGCx-1,0.046776155518675894
ACTGAACGTGTGAAATx-1,0.3296088265428641
ACGGAGATCCCTCAGTx-1,0.04640726421101942
ACTGAGTGTTATGTGCx-1,0.30599610589529547
ACTTACTGTAAAGTCAx-1,0.056039073368979446
ACGGAGACAGGATTGGx-1,0.08431544958801093
ACGGCCAAGGGCATGTx-1,0.21505201429294177
ACTGATGCAGTACACTx-1,0.057813554391614924
ACTGATGAGGCCCGTTx-1,0.043746625937391176
ACGTCAATCGGCGCTAx-1,0.04658905130316064
ACGTCAAGTTATGCGTx-1,0.05014982762451178
ACTGCTCAGTGGTAATx-1,0.03759579513563346
ACTGCTCGTTTAGGAAx-1,0.18282747714737935
ACTATCTAGGTCGGATx-1,0.03909296842977141
ACTGTCCGTATCAGTCx-1,0.0455305303234893
ACGGGCTAGAAACGAGx-1,0.05558406518803905
ACGGAGATCAGTTCGAx-1,0.12280192576732693
ACTATCTTCAGTGCATx-1,0.1233520704784836
ACTGCTCGTTTCGCTCx-1,0.3198769330232011
ACTATCTTCGTTGACAx-1,0.032621126237177625
ACTGCTCCAAGCCTATx-1,0.09128242655292625
ACGGGTCGTCAAACTCx-1,0.24731208426870213
ACGGAGAAGTTAGCGGx-1,0.26054184072635317
ACTGTCCTCCTTGACCx-1,0.053837446292557586
ACGGCCAGTGCAGACAx-1,0.08111725712199921
ACTGTCCCACATGTGTx-1,0.03203885009651064
ACGTCAAAGTTAACGAx-1,0.05425946089808835
ACGGGTCAGTCCGTATx-1,0.04071457325210838
ACTGTCCTCATAGCACx-1,0.04687530196219335
ACGTCAAAGAAGGGTAx-1,0.050078321308652245
ACGGAGATCGGATGTTx-1,0.058433491436178875
ACGCCGAGTAAGTAGTx-1,0.16459205672705896
ACGCCGAAGGGTTCCCx-1,0.24684154066319094
ACGCCGAGTCGTCTTCx-1,0.16414907097984083
ACTGAGTAGCGTGAGTx-1,0.03036081432879837
ACGGGTCTCTTACCGCx-1,0.0632174223546739
ACGCCGAAGCTCCTCTx-1,0.1997404502975921
ACTGTCCGTTGTGGCCx-1,0.12637566589416033
ACGGGCTCACGGCGTTx-1,0.046573035296990105
ACGGGTCAGGACGAAAx-1,0.28465434956084584
ACTGAGTGTCGACTGCx-1,0.09063618817389982
ACGGCCACATTGAGCTx-1,0.24077436282154066
ACGGAGAAGTGGTAGCx-1,0.2673756401315443
ACTGTCCAGCTGCGAAx-1,0.23317458518315107
ACGGGTCAGAAGCCCAx-1,0.19762624612193236
ACTGAACTCGCATGGCx-1,0.054170755272700044
ACGTCAAAGTACGCGAx-1,0.027741871300376825
ACGGGTCGTAAAGGAGx-1,0.04075224884711394
ACTATCTAGCGAGAAAx-1,0.16857991700075015
ACGGGCTAGTTACGGGx-1,0.14490443449478507
ACTGAGTTCCTATGTTx-1,0.15518295978184538
ACGGAGAAGAGCCCAAx-1,0.0413832382109131
ACTGATGAGAGCTATAx-1,0.18844217150905396
AGCCTAACATGGTCATx-1,0.21495806663852948
ACTTTCAAGTGGGATCx-1,0.19489806629322223
AGATCTGAGGGAAACAx-1,0.04780648537571289
AGAATAGCAAGCCTATx-1,0.174927744346798
AGAATAGAGTCTCAACx-1,0.2657181431660053
ACTTACTTCCTTTCGGx-1,0.05818160335394392
AGATTGCCATTTCAGGx-1,0.20940336334460682
AGCCTAACATACAGCTx-1,0.10317449737375337
AGCAGCCCACGGACAAx-1,0.09571333843594428
AGAGTGGTCGCACTCTx-1,0.07768173751856686
AGCCTAAAGTGTGGCAx-1,0.16592249044817972
ACTTTCACAAGTACCTx-1,0.20093200113319673
AGCATACGTAAAGTCAx-1,0.038781454996888065
AGCAGCCAGCCCTAATx-1,0.13617514870250755
AGCAGCCTCGATAGAAx-1,0.1786116854037313
ACTTGTTCATCCGCGAx-1,0.12853689434049856
ACTTACTGTCTAACGTx-1,0.2028403148357308
AGAGCGAAGTTGCAGGx-1,0.24854450066591285
AGAGCTTCATTTGCTTx-1,0.21880297497651088
ACTTGTTCACAAGTAAx-1,0.114012693876186
ACTTGTTTCCAAGTACx-1,0.06836438083282104
AGACGTTAGTGTACCTx-1,0.27955175426477213
AGAGTGGCATGAACCTx-1,0.04550321998851292
AGAGCGATCGCCAGCAx-1,0.05830553793633917
AGAATAGTCGTACGGCx-1,0.044337671724190876
AGATCTGAGTTACGGGx-1,0.04053514882433425
AGCAGCCAGAGATGAGx-1,0.14226174980769696
AGAATAGAGGACATTAx-1,0.2335239577319596
AGCAGCCAGACTAGGCx-1,0.20306969891416135
AGATTGCAGCTAGGCAx-1,0.04014369443140299
ACTTACTTCACGCATAx-1,0.21306928368189704
AGCAGCCAGCAACGGTx-1,0.0986918662328584
AGCATACCACGAAACGx-1,0.10861035066595151
AGACGTTTCCCTTGTGx-1,0.10551352043772812
AGACGTTGTACTTCTTx-1,0.06233627132546578
AGAGCGACACGGCTACx-1,0.051923303003538444
AGATTGCAGTAGTGCGx-1,0.10813238447930754
AGCCTAACACGGTTTAx-1,0.04682692733108726
AGCATACAGAGCTGCAx-1,0.19182576428245043
AGATCTGGTGCAGGTAx-1,0.03637573534644897
AGCCTAACAGACTCGCx-1,0.09967196698369088
AGAGCGACAGCTTAACx-1,0.04879797571330033
AGAGCGACATGTTGACx-1,0.04720900810336203
AGATCTGAGGACAGAAx-1,0.23567254409455854
AGAATAGCACGGTAGAx-1,0.1795698231720899
AGAGTGGCACGAAATAx-1,0.03068945939633671
AGAGCTTAGGATGGTCx-1,0.07997388462126045
AGAATAGTCCGAATGTx-1,0.19048300485928657
AGAGCTTGTCCGTGACx-1,0.08824963048732608
AGCAGCCAGGCCCTTGx-1,0.1062068406312778
AGAATAGAGTACCGGAx-1,0.10810755231349019
AGATTGCCACTAAGTCx-1,0.08496623364638949
ACTTTCAAGTTAGGTAx-1,0.0425752681253491
AGAGCGAGTGCACCACx-1,0.25634868240992525
AGATTGCGTCCGTGACx-1,0.049282109375818596
AGAGTGGGTCAACTGTx-1,0.14333804127682095
AGCAGCCCATGACGGAx-1,0.28316837914900095
AGCATACAGAAGGACAx-1,0.3051420177708988
AGAGTGGAGAATTGTGx-1,0.24635472710121095
AGATCTGTCGTCTGAAx-1,0.21868118207849785
AGCATACGTCAATGTCx-1,0.03715195296379494
AGAGTGGAGATAGCATx-1,0.29441187481457565
AGAGTGGTCGAGGTAGx-1,0.05024869655317456
AGCATACGTACCGGCTx-1,0.22741810699915233
ACTTGTTTCGGGAGTAx-1,0.24550231164385652
AGAGTGGGTGCATCTAx-1,0.26429994167621396
AGAATAGTCGCATGATx-1,0.055160927420928846
AGAGCGATCAATACCGx-1,0.03058567217591667
AGAGTGGGTGCAGACAx-1,0.048906317447556004
AGACGTTCAGTATAAGx-1,0.027851273918257553
AGATCTGAGTGGCACAx-1,0.05943096406502478
AGCAGCCGTGTGGCTCx-1,0.22359853187601952
AGCATACGTTTACTCTx-1,0.04615600367172123
AGAGCGAGTTACAGAAx-1,0.06074641038517435
AGAATAGAGACTTTCGx-1,0.06983002221510672
ACTTTCAGTGCAGACAx-1,0.09191517926190709
AGAGTGGGTAAGTTCCx-1,0.3033514141136478
ACTTGTTCACCGTTGGx-1,0.18296310750490083
AGATCTGGTTATCCGAx-1,0.04869040912937367
AGAGCTTTCAAACGGGx-1,0.06286815863740275
AGAATAGCATAGACTCx-1,0.11830119674337068
AGAGCTTCACGACTCGx-1,0.21416330495039282
AGATTGCAGTATCTCGx-1,0.25070078081764685
AGAGCTTTCATATCGGx-1,0.03304326408994259
AGAATAGGTGGGTCAAx-1,0.041776595124744104
AGATCTGCACGTAAGGx-1,0.3380058936209845
AGATTGCCAACTTGACx-1,0.14072551732650682
AGAATAGAGGCCCTTGx-1,0.24199594501049407
AGATTGCAGAGGTACCx-1,0.19532484854107288
ACTTGTTCATCCCATCx-1,0.046282619296413634
ACTTGTTGTCTAGCCGx-1,0.04430195350269416
AGATTGCAGGCAGGTTx-1,0.23238908338632658
AGATCTGTCTTTACGTx-1,0.26886765584520267
AGCCTAAAGTGCCAGAx-1,0.1583076708902475
AGCCTAATCTCGAGTAx-1,0.04014130644804461
AGCGTCGGTCGGATCCx-1,0.21629753857370618
AGCTTGAGTGCATCTAx-1,0.03166080053779153
AGGCCGTTCGGCGGTTx-1,0.04928459519358964
AGTAGTCAGTACGCCCx-1,0.07733719264059977
AGCCTAATCTAACTCTx-1,0.06897256422435866
AGTAGTCCACCTGGTGx-1,0.3092149749278159
AGCTTGAAGCCGATTTx-1,0.04857042863294074
AGCGGTCGTACCGAGAx-1,0.0452474741735072
AGGTCATCAAGTCTGTx-1,0.19674430741828244
AGCTCCTCACTTAACGx-1,0.1791797308108232
AGCTCCTAGAAGATTCx-1,0.044160623600953165
AGCTTGACACCGGAAAx-1,0.18567224713667738
AGCTCTCTCAGCTGGCx-1,0.3549379908934737
AGGGATGGTCCGAATTx-1,0.10243410740650158
AGGGTGAGTCGGGTCTx-1,0.047142707178294864
AGGCCACCATCACGTAx-1,0.053198657532323494
AGGTCATCACGGACAAx-1,0.2845183148586894
AGGCCGTAGTAGGCCAx-1,0.2429623230776783
AGGGATGGTCGACTATx-1,0.06141526997736215
AGTAGTCAGATCCGAGx-1,0.050333349210155705
AGGGTGACACCACGTGx-1,0.13764960218999747
AGCGTATCATGGTCATx-1,0.2254828906534855
AGGCCGTTCGTATCAGx-1,0.25490006423440925
AGCGTCGCAAGAGTCGx-1,0.2283954319801842
AGGTCCGCAGCTTAACx-1,0.1198563667570515
AGGGATGTCTCACATTx-1,0.04141243251974337
AGGCCACTCCACGACGx-1,0.05819709016021316
AGGTCATAGAGACTATx-1,0.040489067591985936
AGCTTGACAAAGAATCx-1,0.05536068938034323
AGGCCACGTGTTAAGAx-1,0.3011004976053477
AGCGTCGGTCTCCATCx-1,0.07921374456586679
AGGGATGAGTAGCGGTx-1,0.06935122093956471
AGGTCATGTAACGCGAx-1,0.26309045479536974
AGCTCCTTCAACACACx-1,0.1321640953166108
AGCTTGAAGAGGTACCx-1,0.1475239304167527
AGGGTGAGTGCACGAAx-1,0.04622586361717752
AGGCCACGTCTCACCTx-1,0.05272354894014119
AGCTCTCAGCTGATAAx-1,0.05184941273221731
AGGTCATGTCCATGATx-1,0.22968016356823412
AGGGAGTGTCACTGGCx-1,0.053225590721282086
AGGCCACAGCCTTGATx-1,0.08105543462828994
AGCGTCGAGATATACGx-1,0.06675339201341428
AGCTCTCGTCTTTCATx-1,0.04355357850121486
AGGGTGACATCACCCTx-1,0.23694880962006915
AGCTTGAAGGCGATACx-1,0.04436655286822026
AGCGTATGTCAGAGGTx-1,0.06669116166630125
AGGTCATCAGCCAGAAx-1,0.21767967443643907
AGCGTCGTCAGTTCGAx-1,0.04819603507203472
AGGTCATTCTAACTTCx-1,0.04559452379934161
AGCGTCGCAAATACAGx-1,0.2790835165289134
AGGGAGTAGAGAACAGx-1,0.13596364285188461
AGGGATGCAGAAGCACx-1,0.15745201904465417
AGCGGTCTCTGCTTGCx-1,0.05204055866899881
AGCTCTCTCGGAGGTAx-1,0.23030085859048272
AGCGTATTCGATCCCTx-1,0.11147375992126861
AGCTCCTAGTCATCCAx-1,0.03931215285736578
AGGGATGAGACGCAACx-1,0.2531163190682539
AGCCTAATCTACCAGAx-1,0.04741393691253995
AGCGTATTCCCAACGGx-1,0.018543686133280786
AGCGGTCCATGACATCx-1,0.3154714218695045
AGCTTGACACACAGAGx-1,0.028219678044096037
AGGCCACTCACCCGAGx-1,0.24902997361226906
AGGGATGCAGTACACTx-1,0.03899484585804189
AGGTCATAGAAGGTGAx-1,0.04882571223113942
AGGTCATCATGCCTAAx-1,0.054926229021035035
AGTAGTCCACCACGTGx-1,0.036360825056646284
AGCCTAATCAGGCAAGx-1,0.03824373896228296
AGGGAGTGTCGTGGCTx-1,0.030265726795978356
AGCTCTCAGACATAACx-1,0.2437879378452576
AGGCCACAGCTAAACAx-1,0.21168340154709125
AGGCCACCATGAACCTx-1,0.04755964418039298
AGGCCACGTCGAGATGx-1,0.2768720119549069
AGGTCATAGGGTGTTGx-1,0.2600079406699925
AGCGTATCACTGTGTAx-1,0.05124042292634088
AGCGGTCAGAATTGTGx-1,0.05306900810366525
AGGGATGGTCCAGTTAx-1,0.08478809202894406
AGGGTGAGTCACTTCCx-1,0.048223143703189
AGGTCCGAGCGGCTTCx-1,0.2134973982023967
AGGGAGTAGTCCCACGx-1,0.044333713759909237
AGCTCTCGTCCAAGTTx-1,0.24681064230371247
AGGTCCGTCCGCGGTAx-1,0.03366038096251618
AGGCCACGTGAAAGAGx-1,0.21448003818574182
AGGGTGATCCGCAGTGx-1,0.057581001889327056
AGGTCATGTCACTGGCx-1,0.34964418040151707
AGGGTGACATTAACCGx-1,0.21828807669583702
AGCTCCTGTTGTTTGGx-1,0.20673135124689063
AGCGTCGGTAGCTTGTx-1,0.1042697124896053
AGCTTGAGTTGTACACx-1,0.05494768241932603
AGGGTGATCTGTTTGTx-1,0.2577850542560431
AGGGAGTTCATCTGTTx-1,0.05493723563076112
AGCTTGAAGAATAGGGx-1,0.22545755765190478
AGCGGTCCACGAAACGx-1,0.13090078742793582
AGCTCCTCAGGGCATAx-1,0.04482058632476154
AGGGAGTGTAAGTAGTx-1,0.2076967008524321
ATCATCTCATCCGGGTx-1,0.04547233571684329
ATCATGGAGTTGTCGTx-1,0.0634455395595497
AGTGGGAAGGGTGTGTx-1,0.2848725338224104
AGTGTCACACGCCAGTx-1,0.34376454443851273
ATAGACCCACTTCTGCx-1,0.24780695281662962
AGTTGGTGTGGTCTCGx-1,0.26005053741718503
ATAGACCGTCAATGTCx-1,0.2776236490626975
AGTCTTTGTTCGCGACx-1,0.19492727084687622
AGTGAGGAGGAACTGCx-1,0.05558097306822772
AGTCTTTTCGTCCGTTx-1,0.22674770718835413
AGTCTTTCAACGCACCx-1,0.21840710383536557
ATAAGAGAGTAATCCCx-1,0.12353700253666798
AGTCTTTAGGCTCAGAx-1,0.3192341791444098
AGTAGTCGTCAATGTCx-1,0.07281698729142634
AGTCTTTTCAATCACGx-1,0.0632313307373038
AGTTGGTTCGTGGGAAx-1,0.20017311527588835
ATCACGATCGAACGGAx-1,0.018346861882128716
AGTGTCAAGCTGGAACx-1,0.2275927739488998
AGTGTCACAGTTCATGx-1,0.1766765250211903
AGTTGGTCAATCGAAAx-1,0.11803528324010934
ATAACGCCATGCAATCx-1,0.3663133221708845
ATCATCTGTCATCGGCx-1,0.24210507731469258
AGTAGTCTCACAAACCx-1,0.12277449586791431
AGTGAGGGTGTTGAGGx-1,0.2105115023804851
ATCACGAGTATGGTTCx-1,0.2338432700498198
AGTAGTCGTATGGTTCx-1,0.08314329289384881
ATCATGGAGGCGCTCTx-1,0.059763822190284116
AGTGTCATCATGCAACx-1,0.1940148203195237
ATAGACCAGGATGGAAx-1,0.11452526513142197
AGTCTTTGTGGTGTAGx-1,0.048428791154044686
AGTAGTCTCATGCTCCx-1,0.1412644716335122
AGTTGGTAGTGTACTCx-1,0.06140271342497772
AGTTGGTGTGTTCTTTx-1,0.11219611673678623
AGTGTCAGTGTGCGTCx-1,0.2601727486526661
AGTGTCAAGCTAAACAx-1,0.2336964868630317
ATCATCTGTTCCGGCAx-1,0.06688811203236497
AGTGGGAAGCTGCGAAx-1,0.2027730868617086
AGTCTTTGTGCACCACx-1,0.3030925934456749
AGTTGGTAGGTAGCCAx-1,0.24277663419699538
AGTGAGGAGAAACCTAx-1,0.049500037378036335
ATAACGCCATATACGCx-1,0.2664662013123797
ATAGACCGTGCACGAAx-1,0.13353861638237022
ATAGACCAGACTAAGTx-1,0.3998416253081003
AGTGAGGCAAGGCTCCx-1,0.04374975028478414
AGTAGTCGTTTGACTGx-1,0.2733358560787476
AGTGAGGCAAAGTCAAx-1,0.04770114186055874
AGTGTCACACCAGCACx-1,0.23752302129427785
AGTGAGGTCAGCGATTx-1,0.11305864353439082
AGTTGGTCATCCCACTx-1,0.19864542719462383
ATAACGCGTCTTCGTCx-1,0.04721203657442564
AGTGGGAGTTAAGGGCx-1,0.2676270535142969
ATAACGCCACAGCGTCx-1,0.18252109710502035
ATCACGAAGCATGGCAx-1,0.03899449438037521
AGTGGGAAGATCCCATx-1,0.3619738477487538
ATAGACCAGTGGCACAx-1,0.35641258283510246
ATAGACCGTACTCAACx-1,0.0839276555332192
AGTCTTTAGACCTTTGx-1,0.11350424902004565
AGTTGGTAGTCCATACx-1,0.051519123954441734
ATAGACCCATGCTAGTx-1,0.046077125516794666
ATCACGAGTTCTGAACx-1,0.29298096303880616
ATCATCTTCGTTGACAx-1,0.04682274758116336
AGTGTCACAGCCAGAAx-1,0.2758059780108994
AGTGAGGTCTACTATCx-1,0.1978447898814424
AGTGTCAGTGGTCCGTx-1,0.04497113672082941
AGTGTCATCGGCCGATx-1,0.05741775651929552
AGTGGGAGTGAGTGACx-1,0.0555274732680519
ATAACGCCATTAGCCAx-1,0.05004936346210385
AGTAGTCTCTCGTTTAx-1,0.2432482691603174
ATAACGCTCTTTAGTCx-1,0.08766303372516017
ATAAGAGAGGCAGGTTx-1,0.033877559748097946
AGTGTCACACGGCCATx-1,0.27565113391154505
AGTGTCATCTAGCACAx-1,0.26057394628859876
AGTAGTCGTGACCAAGx-1,0.2073910895248426
ATAGACCAGCTACCTAx-1,0.10188867806949825
ATCATCTAGGCGTACAx-1,0.22264225939545856
AGTTGGTAGGAGTTGCx-1,0.05852657827997768
AGTGAGGGTGTGACGAx-1,0.12163889588917505
AGTCTTTGTCGCTTTCx-1,0.23571626571831145
AGTTGGTTCACCATAGx-1,0.18473530063575674
ATAACGCAGCACCGTCx-1,0.03332215362582453
ATAGACCCAAACAACAx-1,0.3315437103638962
AGTGTCAGTAAATACGx-1,0.24305635920214147
ATAGACCAGCTGTCTAx-1,0.03602694364357577
AGTGAGGCAATGGATAx-1,0.0568080767870513
AGTGGGACACGGTTTAx-1,0.22967691153496206
AGTGAGGGTTTGACTGx-1,0.17267982818588654
ATAAGAGCACCATCCTx-1,0.04934786272513556
AGTCTTTTCTCTGAGAx-1,0.05360451507462374
AGTGAGGCAATGGAATx-1,0.24180074123170808
AGTGGGAGTTCACGGCx-1,0.0546939184792964
ATCACGAAGGACAGAAx-1,0.29756309320465274
ATAAGAGCATATGAGAx-1,0.19507122686775574
AGTGGGACAGTCTTCCx-1,0.195973466128515
AGTGAGGCACCATCCTx-1,0.0795343659322192
ATCACGAGTCCCTACTx-1,0.23168309586641622
ATAAGAGGTGACTACTx-1,0.04827830563366533
ATAAGAGGTAGCCTCGx-1,0.08572776045185737
ATTACTCCAAGTTGTCx-1,0.10029777013471487
ATTATCCTCAGCAACTx-1,0.21650340070702515
ATTACTCGTCGGCTCAx-1,0.13716261834528845
ATCGAGTAGAGTACCGx-1,0.24180145941359724
ATCTGCCCAAGTCTGTx-1,0.09967681131865436
ATGTGTGGTAGCGTCCx-1,0.25862479117889814
ATTACTCGTGTTGAGGx-1,0.22906413948136947
ATGAGGGTCACGATGTx-1,0.16746743662531488
ATCATGGTCTGCTGCTx-1,0.05560337689956905
ATCTACTTCCTCATTAx-1,0.490574682219098
ATTATCCAGCGTGTCCx-1,0.04527428565676265
ATCCGAATCTCCTATAx-1,0.27786780140801803
ATCTGCCGTTAAGACAx-1,0.04892289750575259
ATTATCCGTCCATCCTx-1,0.046677210083310786
ATCTACTAGATCACGGx-1,0.05233671196482525
ATGAGGGCAGCTTAACx-1,0.06275917606240071
ATGCGATTCAAGAAGTx-1,0.04635874891487621
ATCGAGTGTCCGTCAGx-1,0.06175611269614733
ATCTGCCTCTATCCCGx-1,0.24411864443022663
ATCTACTCACGGCTACx-1,0.24850850465626842
ATCTGCCTCAGCTTAGx-1,0.05304720283120138
ATGTGTGAGCCAGGATx-1,0.05635509844551338
ATGAGGGCAGCATACTx-1,0.22731837413098369
ATGCGATCATGGTTGTx-1,0.04183126722486442
ATCATGGTCGCAAGCCx-1,0.2566944778772504
ATCTGCCCATCCCATCx-1,0.19859659210305877
ATCCGAAGTCAAACTCx-1,0.04769817078962924
ATCGAGTGTAGCGTAGx-1,0.04950183733627752
ATCTGCCCAACACGCCx-1,0.056514384247668616
ATCTGCCAGAAGGTTTx-1,0.38273945064559645
ATGCGATTCACGCGGTx-1,0.04612323025099455
ATCCGAACAGCTCGCAx-1,0.2053623062508846
ATCGAGTGTACGAAATx-1,0.04944737127330414
ATGTGTGGTGCTCTTCx-1,0.24612293814857036
ATCTGCCCAAGTACCTx-1,0.1967559207556566
ATGCGATCATCTCCCAx-1,0.21458412377800745
ATCGAGTGTCTCATCCx-1,0.06304941356279675
ATTATCCAGTGTCCCGx-1,0.15917368867375686
ATTATCCTCTTGCCGTx-1,0.22470676308780446
ATTATCCAGTGCCAGAx-1,0.12516120672115696
ATGTGTGTCGGTTAACx-1,0.1555932614378135
ATGCGATCACACGCTGx-1,0.05952924336622957
ATCGAGTGTAAGAGAGx-1,0.20084545113962513
ATGCGATAGGACATTAx-1,0.30994000301150587
ATTATCCCAAACCTACx-1,0.048782481559689145
ATCTACTTCTTGAGACx-1,0.09724148210425597
ATCCGAACAATGGAGCx-1,0.05586789123833364
ATCTACTAGGAGTAGAx-1,0.040129537040924146
ATCCGAATCGTGGACCx-1,0.1415188538242179
ATGCGATTCTTTAGTCx-1,0.23827191921198693
ATCTGCCGTGATGATAx-1,0.5794643689103638
ATCCACCCAAACGCGAx-1,0.08298957525647976
ATCTACTTCATCACCCx-1,0.049266527007269
ATTATCCGTCTAGTCAx-1,0.046621842307231647
ATCCACCCACAGCGTCx-1,0.05341486018726654
ATGCGATCATGACATCx-1,0.05207004206047517
ATGGGAGCACAGTCGCx-1,0.047705989565341785
ATCCACCTCCTAGTGAx-1,0.26663111544509327
ATTATCCCACGGCGTTx-1,0.4026302083345006
ATGGGAGTCCAGGGCTx-1,0.10049661953412478
ATGGGAGCAGGACCCTx-1,0.06823192443894979
ATGCGATAGACGCTTTx-1,0.042088086690450915
ATGAGGGCACATTTCTx-1,0.2731024692489152
ATCCGAATCATTGCCCx-1,0.08103628585191391
ATCATGGCAATACGCTx-1,0.05962733002888847
ATTATCCAGGTGTTAAx-1,0.07427735188011804
ATTATCCGTTTCCACCx-1,0.21603543315358553
ATGAGGGGTAAATGACx-1,0.04824050136063753
ATGCGATAGCATGGCAx-1,0.34802468980381307
ATCTACTTCAGCTCTCx-1,0.04636934874960557
ATGAGGGAGAGACTATx-1,0.37639188117812217
ATGCGATGTGTTAAGAx-1,0.2729123849304332
ATCTGCCAGAAACCATx-1,0.035921204998968816
ATCATGGTCGTCCGTTx-1,0.19762865145588354
ATCCACCCATCCAACAx-1,0.038025499736501454
ATCTACTAGGCCCGTTx-1,0.04463625920170479
ATGAGGGCAGCCAATTx-1,0.04382886667796957
ATCGAGTCATTTGCCCx-1,0.18222606934691563
ATGGGAGAGTGTACTCx-1,0.1893496034320284
ATCTGCCCATGGTCATx-1,0.052801945932817076
ATGCGATCAAGGGTCAx-1,0.19162031354517903
ATCCGAAGTCCGCTGAx-1,0.3548519705649265
ATGAGGGAGCACCGTCx-1,0.03660360626965961
ATCCACCAGAACAATCx-1,0.07132321397325737
ATGTGTGGTCTTGTCCx-1,0.03570315571914455
ATCTACTTCCTGTAGAx-1,0.04451126984664635
ATTATCCCATGCCTAAx-1,0.04783372661496881
ATGAGGGTCCTTGGTCx-1,0.23164849238518676
ATCTGCCGTACATCCAx-1,0.18707770872778326
ATGTGTGAGGTGTTAAx-1,0.19058353424349836
ATGCGATCATGCTGGCx-1,0.07720687565906642
ATGAGGGAGACTCGGAx-1,0.20182181394476997
ATTACTCGTAAGGGCTx-1,0.23220009090372765
ATTATCCCAAGCTGGAx-1,0.22846424536860832
ATCGAGTCAGTCGATTx-1,0.3029948457062578
ATTGGACTCCTGTACCx-1,0.2436219365003616
ATTGGTGAGATGCCAGx-1,0.05411487911255883
ATTGGTGAGTGAACGCx-1,0.2901496615504019
CAACCTCTCGCGTAGCx-1,0.2858735529042184
ATTGGTGGTCCAGTATx-1,0.046533757724594935
CACAAACAGCTAGTCTx-1,0.13394633745585188
ATTCTACCAAGGGTCAx-1,0.031329354738082855
ATTCTACAGTCCATACx-1,0.2143965359803203
CAAGTTGCAGAGTGTGx-1,0.2067029659560929
CAAGGCCGTGATGTGGx-1,0.028901606943497908
ATTGGACCAGGTGCCTx-1,0.2455523664135629
CACAAACAGAGCTGCAx-1,0.06068611353150301
ATTGGACTCGCCCTTAx-1,0.24157572280017625
CAACCTCTCAAGAAGTx-1,0.23247339859464056
CAAGATCAGCCTCGTGx-1,0.26642977785299377
CAAGGCCCACATCTTTx-1,0.23266306966717187
ATTTCTGTCGGCTACGx-1,0.16700300303599366
CAAGTTGAGGGCTTCCx-1,0.13535210164922515
CAACCTCAGCTAAACAx-1,0.3245632350242789
CAAGTTGAGAGCTGCAx-1,0.049252175774609185
CAAGAAAGTAGAAGGAx-1,0.046791111276877996
ATTGGTGAGTCTCCTCx-1,0.19841518306674297
ATTGGACGTGAAGGCTx-1,0.04205011225175967
CAACCAAGTAGAAAGGx-1,0.30660938945010435
CAAGGCCCAGCCAGAAx-1,0.11705324882699725
CAAGTTGTCTTACCGCx-1,0.06113335065845803
CAACTAGAGATATGCAx-1,0.0588935501698657
CAAGATCTCTGATACGx-1,0.15978888469593186
CACAAACAGCCCAGCTx-1,0.05214226743308478
CACAAACAGGACACCAx-1,0.20224474454402383
ATTGGACCAGCATGAGx-1,0.039162479258751944
CAAGATCAGGACCACAx-1,0.12917896766098644
CAAGAAACACGCATCGx-1,0.07060858330522511
ATTGGTGCAAACTGTCx-1,0.25986528862463387
CAACTAGAGTCCGTATx-1,0.02808390930088082
ATTGGTGAGCAGACTGx-1,0.038880951465249204
CACAAACGTCTAAAGAx-1,0.04768262516019706
ATTTCTGAGTGGACGTx-1,0.06206799388284677
ATTGGTGCATGGAATAx-1,0.06602300224308234
CACAAACCACATGACTx-1,0.12366364292823966
CAAGAAATCTTAGCCCx-1,0.02046260086210127
ATTTCTGGTTGCTCCTx-1,0.05293573846721268
ATTCTACGTACAGTGGx-1,0.11503974125109127
ATTTCTGCAAATTGCCx-1,0.0326467561603143
CAAGTTGCATCTGGTAx-1,0.07790504112533385
ATTCTACAGAGCTGCAx-1,0.046211321872511764
CAAGTTGTCCACTCCAx-1,0.2556473011175191
ATTGGTGGTAATCGTCx-1,0.048252975247123506
CAACTAGCATACTCTTx-1,0.18896912854190978
ATTTCTGAGAGTAATCx-1,0.6257488095495072
CAACTAGCATGTTCCCx-1,0.1902022478756669
CAAGGCCCAGAGCCAAx-1,0.1111950642139402
CAAGTTGAGATCCCGCx-1,0.22935792408338465
CAAGGCCTCCAGTAGTx-1,0.1473723990943282
CAAGATCCAAGCGAGTx-1,0.3977036582729327
CAACCTCTCATGGTCAx-1,0.16174368463828634
CACAAACAGTTTAGGAx-1,0.1105460380213106
CAAGGCCGTCTGGTCGx-1,0.2182623288396908
CAACTAGCAGGTGCCTx-1,0.046612765652335936
CAAGATCGTCATATGCx-1,0.2751029581685231
CAAGAAAAGTAGGTGCx-1,0.12122529493314609
ATTGGTGGTTCACGGCx-1,0.033675076980086316
CAACTAGAGGCTCATTx-1,0.04498538689308895
CAACCTCAGTGTACTCx-1,0.24204548963170344
ATTGGACAGTCGTACTx-1,0.05586055166023784
CAAGGCCGTAGGACACx-1,0.08391354223822138
CAACCTCTCGGAGCAAx-1,0.24785514661640068
CAAGGCCAGCCAGTTTx-1,0.06122334737844296
ATTCTACAGTACGATAx-1,0.05624298940997523
ATTGGTGGTTCATGGTx-1,0.04728404801096906
CAACCAATCCATGCTCx-1,0.21709548007671936
CAAGTTGGTAGGCTGAx-1,0.05933271975915434
ATTCTACTCCGCGGTAx-1,0.18514571860759008
CAAGGCCAGAGTCGGTx-1,0.24502641615211954
CAACCAACAATGTTGCx-1,0.05202040218618959
ATTTCTGGTTACGCGCx-1,0.2776777559254847
ATTGGACCATCTGGTAx-1,0.044087443837481026
CAACCAAGTCCTGCTTx-1,0.23254759299399616
CAAGATCGTCGAATCTx-1,0.1398123575842288
CAACCTCAGACTAGATx-1,0.053376273240214246
ATTCTACCACGGATAGx-1,0.05125644830850372
CAACCTCGTAATCGTCx-1,0.045668240115274115
CAACCAAAGCTAACAAx-1,0.21940644900436526
ATTTCTGGTAGTACCTx-1,0.18324044651631108
CAACCTCCACGGACAAx-1,0.30313703457174895
CAAGATCCATGCAACTx-1,0.11672982976494986
CAAGGCCCAGCCTGTGx-1,0.2428614224216235
CAAGGCCAGTTACGGGx-1,0.32844440406249054
ATTGGTGGTCGCGTGTx-1,0.25133373355426186
CAAGGCCCATGGTCATx-1,0.32099980742202
CAACCTCAGGAATGGAx-1,0.14565227167145872
CAAGTTGCATACGCTAx-1,0.05354285243864725
CACACCTGTGTCAATCx-1,0.17876366661326568
CACACCTAGTCCATACx-1,0.09175647938666966
CACACAATCATTCACTx-1,0.04416745415425691
CACCACTAGAGTACCGx-1,0.04979824016401287
CACCTTGAGGTGCTAGx-1,0.2030047530267166
CACACTCGTCACTGGCx-1,0.1458585443589116
CAGAATCAGCCCAACCx-1,0.05083128373253699
CACAAACTCGAATGCTx-1,0.21108544508420612
CACAGGCTCGTCACGGx-1,0.14953347478929568
CACAGTATCGACAGCCx-1,0.03296389441398357
CACAGGCTCTGACCTCx-1,0.23688751480362022
CACCAGGCAATCGGTTx-1,0.20828898120505934
CACTCCATCTACCAGAx-1,0.09519345552394623
CACACAAAGTGAACGCx-1,0.144719119476552
CACCAGGGTGAGTGACx-1,0.04828913267008916
CACCAGGAGCCAGTAGx-1,0.07413927870567466
CACATAGGTTCAGCGCx-1,0.03499809253652956
CACATAGAGTCGTACTx-1,0.2092066726684141
CACCTTGCAACTGGCCx-1,0.3881969514964555
CACCAGGGTTGGGACAx-1,0.045044361796462706
CACACTCTCCGCAAGCx-1,0.27122495385420187
CACCTTGTCCAGTATGx-1,0.054862428538071814
CACCAGGGTAGTAGTAx-1,0.08681010702638638
CACCAGGGTAGCGTAGx-1,0.09399767808461132
CACATAGTCAACCATGx-1,0.27217533710610753
CACCTTGAGGGCTCTCx-1,0.10821878042912783
CACATTTGTATCAGTCx-1,0.2641666030597147
CACCTTGAGGCCCTTGx-1,0.13723936252571292
CACCACTGTTTCGCTCx-1,0.041909329619810205
CACACAACAGATGGGTx-1,0.08556417635802982
CACAGGCGTATGAATGx-1,0.07755575482562209
CACACTCAGGCAGGTTx-1,0.04562622728080838
CACAAACTCCACGACGx-1,0.2704333672099841
CACCAGGAGCGATAGCx-1,0.11953349592419378
CACCTTGTCCGCATCTx-1,0.040608762520147036
CACCTTGTCGGTGTTAx-1,0.049261213992000834
CACACCTCACCCAGTGx-1,0.05462251990996308
CACATTTAGGTTACCTx-1,0.16219747094364217
CACCACTGTCCTGCTTx-1,0.23716613819024995
CACACAAGTCATTAGCx-1,0.21130631286737958
CACATTTGTCGAACAGx-1,0.057719682394560635
CACAGGCAGCCCAGCTx-1,0.044780236486076944
CACCTTGAGCTAAGATx-1,0.11668620368524002
CACACCTAGCTAACAAx-1,0.2629813642173677
CACCACTAGGGATACCx-1,0.051992458522067714
CACACTCAGCTTTGGTx-1,0.19440117743013288
CACATTTTCTAACCGAx-1,0.2738406014174187
CACACCTTCGTGGACCx-1,0.045298704216137874
CACATAGTCAACACACx-1,0.04382803548515092
CACACAACAATACGCTx-1,0.2098002519795552
CACATAGGTAAAGGAGx-1,0.21897199496711037
CACCACTCAAACTGTCx-1,0.2272022681336947
CACCAGGGTGCCTGGTx-1,0.3445915258402217
CACAAACTCTTGAGGTx-1,0.04209153255990969
CACACCTTCCCTCAGTx-1,0.02543062263706792
CACCTTGGTCTCTCGTx-1,0.27900129664639794
CACACAACAGACGTAGx-1,0.19321217948361077
CACAGGCAGAGTCTGGx-1,0.28133557694095085
CACACTCCATGACATCx-1,0.23384175070406757
CACATTTTCTTCCTTCx-1,0.040693698367820275
CACAGGCAGAGGGCTTx-1,0.05526044246590731
CACCACTGTGTGCCTGx-1,0.12032985307145938
CACTCCACATAGGATAx-1,0.24191999599742414
CACACCTTCATTATCCx-1,0.046530547991786235
CACCTTGCAGGAATGCx-1,0.04384837436583841
CACAGTAAGTTATCGCx-1,0.21733496116615436
CACATAGAGACTAGATx-1,0.2633452581186926
CACCACTAGCCATCGCx-1,0.44449452991104993
CACACTCAGTTAAGTGx-1,0.22090136654303
CACTCCAGTCTGCAATx-1,0.05044572320950633
CACATAGAGACAGACCx-1,0.04982764412880251
CACAGTAGTAGCAAATx-1,0.2690100473522402
CACATAGGTCAATGTCx-1,0.046197370617429234
CACAGGCGTCGACTATx-1,0.06774561019840825
CACCAGGTCTAACCGAx-1,0.12903234191268256
CACCACTAGTTTGCGTx-1,0.0373204327252824
CACATTTAGCGATATAx-1,0.0606234194869435
CACATAGGTCCGAAGAx-1,0.15478078789754324
CACATTTCATGTAGTCx-1,0.18497465039354635
CACAGGCAGCTGATAAx-1,0.038179402493750215
CACACAAAGCATGGCAx-1,0.045210065012942495
CACCTTGAGCAGGCTAx-1,0.244275241701794
CACAGTACATGTCGATx-1,0.22721450471512572
CACACCTCATTAACCGx-1,0.10581813348707296
CACACAAGTCTAACGTx-1,0.2123815830767901
CACTCCAAGCCGCCTAx-1,0.04394556183762164
CACCACTAGAATCTCCx-1,0.04695290689142104
CACAGTATCTACCAGAx-1,0.2223150755690504
CACCAGGTCAGGCCCAx-1,0.030645075231063603
CACATAGGTCATATCGx-1,0.19560062117246552
CACCACTTCTGGTATGx-1,0.05050881469293075
CACCACTAGCCACGTCx-1,0.2182094384460569
CACCACTCAACTGGCCx-1,0.07486294448564974
CACCACTGTAAGTTCCx-1,0.07553889534143879
CACTCCAGTCCGCTGAx-1,0.04543358371338
CACACTCGTTCATGGTx-1,0.3374745761865494
CATATGGCATCCCATCx-1,0.20470112230824705
CAGAATCGTATGGTTCx-1,0.22301757078101658
CAGCCGACAGTAACGGx-1,0.20913834390368727
CAGCGACCAGCGTAAGx-1,0.04770369436584936
CAGAATCTCTACCAGAx-1,0.050922989552304294
CAGCTAACACTGAAGGx-1,0.06418023674249643
CAGGTGCCACATCTTTx-1,0.05656772496104812
CAGCATAAGCCACCTGx-1,0.24306938627403202
CAGCAGCAGGAGTCTGx-1,0.04447777407368833
CAGTCCTGTAATTGGAx-1,0.2663967034741659
CAGTCCTCATGGGAACx-1,0.3211440478200237
CAGAGAGGTACTCGCGx-1,0.06301045099574314
CAGAATCGTAGAGTGCx-1,0.23052033575271416
CAGATCACAATCCAACx-1,0.16759289136852773
CAGCTAATCCATGCTCx-1,0.26843888251749926
CAGAATCTCACATAGCx-1,0.06973423018956838
CAGCAGCTCTATGTGGx-1,0.043405021680693455
CAGCTGGCATCGGGTCx-1,0.058134639814898956
CATATTCCAGTCCTTCx-1,0.02762652317047858
CAGCCGAGTAAGTAGTx-1,0.04929093172590004
CAGCTAATCGTCACGGx-1,0.14850197681080995
CAGCTGGAGACTAGGCx-1,0.16104996674602856
CAGCTAATCAGCCTAAx-1,0.27702320052312457
CAGCATACAATACGCTx-1,0.04849062406362858
CAGCTGGAGTAGATGTx-1,0.11646102067918356
CAGCATATCCTGCAGGx-1,0.037898369350489944
CAGCTGGAGATATGGTx-1,0.05023166153289695
CAGCAGCCAGACAAGCx-1,0.05264935162284732
CAGCTAATCAATCACGx-1,0.08624485885197046
CAGTCCTTCGAGCCCAx-1,0.0464003170932806
CAGGTGCAGCCAGTTTx-1,0.3915372440613184
CAGCGACCAAGGACTGx-1,0.03788474223820101
CAGAGAGCACTTGGATx-1,0.24740263762534373
CAGCAGCCACAGACAGx-1,0.03670310247513538
CATATTCAGGGAAACAx-1,0.13185975299665065
CATATTCTCCGCATCTx-1,0.07096788436697588
CAGCTAACAACGATCTx-1,0.10693807361383592
CAGTCCTCATCCTAGAx-1,0.06303772939807253
CAGCATATCTAACCGAx-1,0.23164619163612613
CAGTCCTTCAAACAAGx-1,0.4639443814875255
CAGCGACCAGTTTACGx-1,0.200615697690596
CAGCTGGCAATGGAATx-1,0.05402761672236071
CAGCATAGTCACTTCCx-1,0.40455220822801347
CAGCGACGTCGCCATGx-1,0.2623688401097898
CAGCCGATCCTGCTTGx-1,0.04905451284252646
CAGCTAAAGTTGAGATx-1,0.0899396773780325
CATATGGAGTTGTAGAx-1,0.03551456805688122
CAGCAGCTCAGCATGTx-1,0.18264959500326752
CAGCATATCAACACGTx-1,0.0519534986574554
CAGCCGAGTGTCGCTGx-1,0.25426232480992245
CAGCAGCTCTCTAAGGx-1,0.33630192383836705
CATATGGAGCCGCCTAx-1,0.07115662594677964
CAGCATATCTTGTATCx-1,0.05828877986560768
CAGCGACCACCAGGTCx-1,0.6063534332931959
CAGCAGCCAATGAAACx-1,0.2157194050897182
CAGTCCTTCACAAACCx-1,0.22115781812986474
CAGTCCTAGTGCTGCCx-1,0.1813661954147414
CAGCATACAGCTCGCAx-1,0.19968098588294445
CAGCCGACAGCCTATAx-1,0.05263809638670784
CAGGTGCGTAGCGTGAx-1,0.22335424557834097
CAGCTAAGTTCCATGAx-1,0.48884067076627735
CAGAATCAGCTTTGGTx-1,0.3644843214259359
CAGATCAAGCTCTCGGx-1,0.06494410576025178
CAGCGACGTTCTGGTAx-1,0.051196946092385384
CAGTCCTTCACCCGAGx-1,0.048556884672606763
CAGCTGGCATCTCCCAx-1,0.15105954543127023
CAGCCGATCTGTTGAGx-1,0.18359994988889058
CAGTCCTAGGCGCTCTx-1,0.25687564665921947
CATATTCCAGGTCCACx-1,0.21648310981066493
CATATGGGTACGCTGCx-1,0.12925149050919427
CAGTCCTAGCGTAATAx-1,0.02563069590999615
CAGAGAGAGACACTAAx-1,0.3079673443754763
CAGATCAGTTCTGGTAx-1,0.2756231668676895
CAGTCCTAGCGATATAx-1,0.05698571140551392
CATATTCAGGAGTAGAx-1,0.3742673146165702
CATATTCCATATGCTGx-1,0.05094090974410276
CAGCTAACAGCCTGTGx-1,0.23321390368187458
CAGCATATCAGTCAGTx-1,0.23676839697690907
CATATTCCATTCTTACx-1,0.046684508848391676
CAGCAGCTCTTCATGTx-1,0.04129627695101893
CAGCTAAGTAGCTTGTx-1,0.28378529522825274
CAGCATATCTAACGGTx-1,0.0384345297064149
CAGCCGAAGGGAAACAx-1,0.1643467149983264
CAGCCGAAGCGCCTTGx-1,0.043759262012339005
CAGCCGAAGAGGTTATx-1,0.231385161810914
CAGAATCTCGGTCCGAx-1,0.03209597026477126
CAGATCACAGCATACTx-1,0.24992220966468162
CAGCAGCAGAGGACGGx-1,0.21475420539753498
CAGGTGCCAGTTCATGx-1,0.11839573113421434
CATATTCAGGAGTTTAx-1,0.0406930815543866
CAGTCCTAGCAATCTCx-1,0.3333736081535841
CAGGTGCCAACGCACCx-1,0.059785116691540935
CAGGTGCGTAAGAGGAx-1,0.048667029429533645
CAGATCAGTCAAGCGAx-1,0.03363969916270156
CAGTCCTGTATAAACGx-1,0.02675208695407061
CAGAGAGGTGAGGCTAx-1,0.08915663741342561
CAGCATAGTGAAGGCTx-1,0.023333396866730426
CATGGCGCATGCAACTx-1,0.04785993748378416
CCAATCCGTCACTGGCx-1,0.26844035679338
CATTCGCCACCCATGGx-1,0.2167599981635975
CATGACACAAACCCATx-1,0.22431810434379193
CATGGCGTCAGTGTTGx-1,0.19690372313390891
CATCAAGCACGACTCGx-1,0.06238585863511314
CATCAGATCGATAGAAx-1,0.19414572399834018
CCAATCCCAAGTACCTx-1,0.04682728199878805
CATCCACAGATCGATAx-1,0.2587386441478947
CATTCGCTCACTATTCx-1,0.14507894739833171
CATCAGAAGACCTAGGx-1,0.19746409940903153
CCAATCCCAGGGAGAGx-1,0.04818666290055884
CATGCCTGTGAACCTTx-1,0.19225932761405096
CATCGAAGTGTGCCTGx-1,0.05032444272202659
CATGACACACCTTGTCx-1,0.11466104410873651
CATTATCCAGGTCTCGx-1,0.05471663561410376
CATCGGGTCGGACAAGx-1,0.1597822699128436
CATCAAGGTCAGTGGAx-1,0.2890546889494786
CATGGCGTCCGGGTGTx-1,0.0500418569693167
CATTATCCAAATCCGTx-1,0.1699706645191088
CATTCGCGTTAGAACAx-1,0.2356556696342061
CCAATCCCAGTGAGTGx-1,0.05894012085722021
CATGACACAGATGAGCx-1,0.039262544341089764
CATGGCGAGGCAGGTTx-1,0.06195559700061994
CATTATCCAGGTCCACx-1,0.24638534781109958
CATCAAGAGGTACTCTx-1,0.26826019056293077
CATCAAGTCTACCAGAx-1,0.055152430566705865
CATGCCTAGTGACATAx-1,0.06280951759648876
CATGACAAGTCCGTATx-1,0.04878725840158377
CATGACACAGCCAGAAx-1,0.09969414429770512
CATCAGACAGTATAAGx-1,0.2875900818631278
CCAATCCCACGAAACGx-1,0.1870267293366508
CATCAAGCAATGGTCTx-1,0.16706525242736986
CATGCCTTCTTCAACTx-1,0.041477546913725905
CATGCCTGTCGCGTGTx-1,0.12555060756208106
CATATTCTCGTTACAGx-1,0.2431418478066853
CCAATCCAGCTGCAAGx-1,0.20234687335049026
CATGCCTCATTAACCGx-1,0.04996587212580818
CATCAAGTCTGTGCAAx-1,0.10987250709819066
CATCGAATCGTGGGAAx-1,0.31384488482580664
CATCGGGAGTCAATAGx-1,0.3869388403677588
CATCAGATCATTATCCx-1,0.020225124992276203
CATGACAAGTGCGATGx-1,0.05175578488281417
CCAATCCTCCAAATGCx-1,0.05970956491162895
CATCAAGTCACCCTCAx-1,0.1948041307435555
CCACCTAAGAGCTGGTx-1,0.06265510947214313
CATCAGATCGGCGCTAx-1,0.22870755335675017
CATGCCTAGATCGATAx-1,0.2320096044648597
CATGACAAGATCCGAGx-1,0.34056677751397474
CCAATCCCATCATCCCx-1,0.062011471078991215
CATGCCTGTATCACCAx-1,0.14237883870233625
CATGGCGGTTCCGTCTx-1,0.2336544562322346
CATCAGAGTCCGTGACx-1,0.054548588431069675
CATGCCTAGATGAGAGx-1,0.22541484570869197
CATATTCTCGGCGGTTx-1,0.03925223499186445
CATGGCGCAAACCTACx-1,0.1955873652669792
CATTATCGTGTTGAGGx-1,0.04507027964546274
CATTCGCAGGCTCAGAx-1,0.25596354254789244
CATGGCGGTTTGTGTGx-1,0.0712503882698181
CATGGCGAGTACGCGAx-1,0.24977420287269095
CATCCACCAGTGACAGx-1,0.1736092211236981
CATGACACAGGTCGTCx-1,0.14141807770908937
CATCGAAAGTGTCTCAx-1,0.09779051028403964
CATGACAGTCTTTCATx-1,0.0424208143264446
CATGCCTCATACTCTTx-1,0.0879168380438562
CATGCCTAGTTCGCATx-1,0.09124464483114955
CATCGAATCTTCGAGAx-1,0.054237732418704394
CATTCGCTCGCCTGAGx-1,0.387004995754561
CATTATCTCTCAAACGx-1,0.18210110625946357
CATTATCTCACCAGGCx-1,0.05183941610476477
CCAATCCAGCCGGTAAx-1,0.09623958038969133
CATTATCTCACCGGGTx-1,0.050671486954902104
CATGGCGTCACCGTAAx-1,0.05751752918819367
CATGGCGCATCCAACAx-1,0.0479485402993566
CATTATCAGTGGCACAx-1,0.11866548325406448
CATGACACACATGACTx-1,0.22679604060810554
CATCAGAAGGCCATAGx-1,0.3293429993266101
CATCCACCAAGTAATGx-1,0.10557831160907151
CATCCACGTAAACGCGx-1,0.047218761917028756
CATGCCTGTAGCTTGTx-1,0.033818740662879994
CATCGAATCGAATGGGx-1,0.04358696623275291
CATGCCTCAGACGCAAx-1,0.04970806948059737
CATGGCGCAGAAGCACx-1,0.043844835322676724
CCAATCCTCAACTCTTx-1,0.07245777085014315
CATCAGAAGGTTACCTx-1,0.04360922770803229
CATGGCGAGCACCGCTx-1,0.2822631995694263
CATCGAATCAATCACGx-1,0.05086673154475342
CATGACACAGGGCATAx-1,0.13491809325157397
CATGGCGCAGGAATGCx-1,0.19349023944338703
CATCGGGAGATGTCGGx-1,0.037327470889253055
CATCAGATCACCTTATx-1,0.03632066235580264
CATCAGAAGACTGTAAx-1,0.22854404897928984
CCACCTAAGACAATACx-1,0.06818361465775703
CATCAAGGTTGGTAAAx-1,0.1330052131979377
CATCGGGAGCTGCCCAx-1,0.16300290395571385
CATCAAGAGCTCAACTx-1,0.03422533060814905
CCGGGATCAGCTGTATx-1,0.2533959892682989
CCACCTACAGCAGTTTx-1,0.09895595603531995
CCGTGGACAAGTCATCx-1,0.23919644482598085
CCACTACAGCGCCTCAx-1,0.2214004931198441
CCACGGATCTTGAGACx-1,0.09260994322320928
CCCTCCTGTAGGGACTx-1,0.21718384118963316
CCACGGAGTTGTTTGGx-1,0.04500717676187087
CCCTCCTAGTCACGCCx-1,0.27164766265773344
CCCAATCAGCGTTGCCx-1,0.2185551725277064
CCCATACTCGGTCTAAx-1,0.6851078610855093
CCATTCGTCTCTTGATx-1,0.24901537958223657
CCGGTAGAGGGAAACAx-1,0.06259603231493698
CCCAATCAGTGAAGTTx-1,0.24715459745620652
CCGTACTTCCGTACAAx-1,0.17435881039419004
CCGGTAGGTGACAAATx-1,0.2502153195175345
CCAGCGAAGCACACAGx-1,0.28174193017059457
CCACCTACACAAGCCCx-1,0.055591083376103294
CCATTCGAGAAACCGCx-1,0.22597550790917525
CCAGCGATCAACGGGAx-1,0.05219256212153168
CCCAATCAGAAGGACAx-1,0.2460715979516116
CCACTACCATACTACGx-1,0.04765877762810075
CCGTACTTCGCCAGCAx-1,0.08339512468810222
CCAGCGAAGCCAGGATx-1,0.03923505674638107
CCGTACTCACAGAGGTx-1,0.04773843450651355
CCACTACGTTAAGATGx-1,0.03562593872754693
CCATGTCAGTAGCCGAx-1,0.18273221946749593
CCCAATCAGATATGCAx-1,0.05265251988775874
CCCAATCTCACCGTAAx-1,0.22716629325320822
CCCTCCTGTAGAAAGGx-1,0.2941628049447584
CCATTCGAGTATCGAAx-1,0.04844445085020548
CCCATACGTAAGCACGx-1,0.21204425587147432
CCACTACAGTTACGGGx-1,0.07925539094933326
CCCAGTTTCACGATGTx-1,0.056036699071270374
CCGTGGAAGTGTCCATx-1,0.05330444318790954
CCATGTCGTGCACTTAx-1,0.24082790574998994
CCCATACCATGAGCGAx-1,0.07020537422269452
CCACTACGTGGTACAGx-1,0.03979843790833467
CCGGGATAGAATGTTGx-1,0.17079667170727464
CCAGCGAAGAAAGTGGx-1,0.048399017222148115
CCCAATCTCTTGAGGTx-1,0.1057162181228142
CCGGTAGAGACAATACx-1,0.17904095524101118
CCACGGATCTCAAGTGx-1,0.21299352423329576
CCGGGATCATCGGTTAx-1,0.06915267781344585
CCACTACAGCGTAGTGx-1,0.03025271123146201
CCGGGATGTGTTGAGGx-1,0.0898755761287205
CCCAATCTCTTGAGACx-1,0.1612996398598838
CCATGTCCATTACCTTx-1,0.017279416935512704
CCACCTACAAGTACCTx-1,0.07442758040528442
CCACTACCAGCGTAAGx-1,0.16365365891456646
CCACCTACATCACGTAx-1,0.16447491344206253
CCGTGGAAGGTCATCTx-1,0.05251155806138152
CCCATACTCTCGCTTGx-1,0.21562898816769127
CCAGCGAGTCTCAACAx-1,0.04708844286629663
CCCTCCTCACGGTAAGx-1,0.057967604213873355
CCATGTCGTCAACTGTx-1,0.05472117716856338
CCATGTCTCAACACTGx-1,0.04451650935217426
CCCAGTTTCCGCGTTTx-1,0.09576196457795265
CCAGCGAAGGCCCTTGx-1,0.13005381029857782
CCATGTCTCAACTCTTx-1,0.04797334439381521
CCCTCCTCACGCCAGTx-1,0.0711642356468746
CCCATACAGCACCGCTx-1,0.19711517108954343
CCCAGTTGTTGGTGGAx-1,0.07878472849361685
CCACTACAGGACCACAx-1,0.139475884320432
CCGGGATGTGCGATAGx-1,0.21890099285735937
CCCATACTCATCTGTTx-1,0.2343814710613854
CCGGGATCACAGATTCx-1,0.04548297455923998
CCACCTACATACGCCGx-1,0.061029529250027234
CCACTACAGTACGCCCx-1,0.04989559546219745
CCACTACTCTAACTTCx-1,0.04218519245009919
CCACGGAAGTGTTTGCx-1,0.05326709415271383
CCCATACCACCAACCGx-1,0.057345152294657524
CCGTGGACAGGATTGGx-1,0.21462307788590518
CCCATACAGATCCCATx-1,0.2064541001570659
CCATGTCTCTTGCCGTx-1,0.24660496758821618
CCGGTAGTCTGTTGAGx-1,0.44643473121886457
CCACGGACAGGTGCCTx-1,0.27747809786090566
CCACGGACACAACTGTx-1,0.13869958195320067
CCGGGATGTATGCTTGx-1,0.09715108594865814
CCAGCGATCATAAAGGx-1,0.04245864092332811
CCATTCGAGATCCTGTx-1,0.05771874923465071
CCATTCGGTTTCGCTCx-1,0.26442406108117195
CCGGGATCATTCGACAx-1,0.07185865568588459
CCGGTAGCACCATCCTx-1,0.274528653909264
CCCAGTTCATCTATGGx-1,0.04681203290708782
CCAGCGACACTGAAGGx-1,0.03984491583326288
CCACGGATCTTCATGTx-1,0.2548963621266573
CCCAGTTAGAGGGATAx-1,0.08928130093504395
CCCAATCAGAACAATCx-1,0.045656703149343086
CCGTACTGTTCCATGAx-1,0.05590958047687687
CCCTCCTCAGATGAGCx-1,0.038789172530075425
CCGGGATGTACAAGTAx-1,0.05078768134658418
CCGGTAGGTAGGAGTCx-1,0.24771927517771178
CCCATACAGCTAGTGGx-1,0.029269815284243477
CCCATACGTCGGCATCx-1,0.053477209770037865
CCACTACTCGTACGGCx-1,0.047821555187666925
CCCATACAGCCACGTCx-1,0.03403483319919439
CCACGGATCAGCTTAGx-1,0.10222160593431709
CCGTACTCATATGCTGx-1,0.08499176097621086
CCTACCATCGGAAACGx-1,0.11138412238558666
CCTTTCTTCCGTTGCTx-1,0.13029682536697154
CCGTTCAGTCCTCTTGx-1,0.04641594487648007
CCTTCCCTCCGCATCTx-1,0.13502275464569927
CCTAAAGGTTAGGGTGx-1,0.10071624094559697
CCTTCCCCACCGCTAGx-1,0.1696448988645792
CCTTCGATCCTCCTAGx-1,0.22563111558314075
CCTTTCTTCTACGAGTx-1,0.046458531604229275
CCTTTCTAGATCACGGx-1,0.15099199003247504
CCTTTCTCAGACGCCTx-1,0.03710156734371788
CCTAGCTAGGTCGGATx-1,0.04759366377876449
CCTAGCTGTCCATCCTx-1,0.046138732723255395
CCTTTCTGTCATCGGCx-1,0.11859021706983583
CCTACACGTCTCCATCx-1,0.0314346258356388
CCGTGGAGTGATGCCCx-1,0.04965102647644082
CCTTCGATCTCTAAGGx-1,0.057669542006773225
CCTAGCTGTGTTCTTTx-1,0.06206617532191615
CCTACACCAAATACAGx-1,0.06176900786590199
CCTACACAGCACCGCTx-1,0.12707246593004184
CCGTGGATCTGTTGAGx-1,0.25352993033506843
CCGTGGAGTAACGCGAx-1,0.24675797933267762
CCGTTCAGTATATGGAx-1,0.20384035467924586
CCGTTCATCATAGCACx-1,0.07154860992490146
CCTAAAGCATCGATTGx-1,0.4621088993486354
CCTCTGATCATCGGATx-1,0.23073737386169657
CCTTCCCGTTAAAGACx-1,0.07090316263873642
CCTATTAGTCCGAACCx-1,0.04796430894869123
CCTTCGACATATACGCx-1,0.0531167552517183
CCTACCAAGACACTAAx-1,0.22584523942400422
CCTATTACACGTTGGCx-1,0.26736979537601085
CCTTCCCGTGTCCTCTx-1,0.2476472622400008
CCTCTGACATGCCTTCx-1,0.5345157144187773
CCTTACGCATAGTAAGx-1,0.050581017570612945
CCTCAGTTCTGATACGx-1,0.03995720535136681
CCTAAAGTCTGCGACGx-1,0.21515426306141694
CCTCTGATCGCTAGCGx-1,0.23841659049668593
CCTTTCTCATGTCTCCx-1,0.03860472603527924
CCTCAGTTCTACTTACx-1,0.12425617158547553
CCTAGCTAGAAGAAGCx-1,0.24151788416968467
CGAACATAGAACTGTAx-1,0.2521715900415834
CCTAGCTTCAGATAAGx-1,0.21638602220623432
CCTAGCTAGTAGCGGTx-1,0.07074573198382461
CCTCTGATCAACGAAAx-1,0.20486645573664564
CCTTACGAGGACATTAx-1,0.04978860695162155
CCTTCGAGTTACGACTx-1,0.047692961440077175
CCTAGCTGTGTGGTTTx-1,0.07301607079565271
CCTATTAGTAGCGCAAx-1,0.05067090913102897
CCTACACCATGTAAGAx-1,0.31688715301735365
CCTATTAGTAAGGGCTx-1,0.2558956083623419
CCGTTCATCACAGTACx-1,0.2840762532426404
CCTATTAGTAAATACGx-1,0.31648079657873013
CCGTTCAGTAATCGTCx-1,0.31103041771903067
CCTACCAAGAGGTAGAx-1,0.04715514740657699
CCTTCCCAGCCACCTGx-1,0.22726422682334138
CCTATTACATATGAGAx-1,0.11059320620011003
CCTCTGATCGCATGGCx-1,0.04060779155729487
CCTTACGTCAACACCAx-1,0.21432299661967244
CCTACCACAAACGTGGx-1,0.07176090351009068
CCTAGCTCAATCCAACx-1,0.2277279520197278
CCGTTCAGTCCGCTGAx-1,0.185808387271809
CCTAGCTTCTACTTACx-1,0.1462190316147435
CCTTACGTCTTGCATTx-1,0.047122906416798074
CCTAGCTCACAGGTTTx-1,0.05261205807164674
CGAACATAGCCAGAACx-1,0.1912991087653851
CCTCAGTTCTTGTATCx-1,0.03374582816389048
CCTACCATCAGAGCTTx-1,0.22416583856518857
CCTAAAGGTTCAGACTx-1,0.17668057570265314
CCGTTCATCGTTTATCx-1,0.04099082147021383
CCTATTAGTCAGAATAx-1,0.2223302691050952
CCTACACAGAAAGTGGx-1,0.05978503314087061
CCTTCCCTCCTGTAGAx-1,0.15631592358831198
CCTCTGATCCTAGGGCx-1,0.04610828011426149
CCGTGGAGTTCCTCCAx-1,0.046881585293929544
CCTACACGTTAAGGGCx-1,0.27627126983946687
CCTTCGACACAGAGGTx-1,0.19832271536426602
CCGTTCACACGCGAAAx-1,0.04657554923575849
CCTTCCCAGAATGTGTx-1,0.04833074051915229
CCTTCCCTCGAGAGCAx-1,0.2014459188080223
CCTTTCTTCTTCGGTCx-1,0.4430944825812947
CCTTCGACAAGGTGTGx-1,0.040497439753960245
CCTACACAGTTAGCGGx-1,0.2591705714302968
CCTAAAGCAATAAGCAx-1,0.04804752827467601
CCTCTGACAAATCCGTx-1,0.11175069162395125
CCTCTGAAGCTGCGAAx-1,0.05714313938277876
CCTACCAAGGATGGAAx-1,0.0708556318648853
CCTAAAGAGCTGAACGx-1,0.290761932035794
CCTACACAGAGTGACCx-1,0.23543513286639559
CCTACACCACGGTGTCx-1,0.05698428454504372
CCGTTCATCATATCGGx-1,0.04084146381519179
CCTCAGTAGCTGAAATx-1,0.04853819253692897
CCTTCGAAGGACACCAx-1,0.043699159590874
CCTTTCTTCCTAGGGCx-1,0.04927447072963117
CCTTCCCAGCACCGCTx-1,0.03967688026649397
CGAACATGTCCTCCATx-1,0.05209461310694008
CGCCAAGTCCCTCTTTx-1,0.041262030691163284
CGCGGTAGTGTCGCTGx-1,0.226824566173906
CGAGCACAGACTGTAAx-1,0.07136695601873509
CGAATGTCAGTGGAGTx-1,0.23718669800211648
CGAATGTGTGAGGGTTx-1,0.19345189914735925
CGATGGCGTCGTGGCTx-1,0.2757919775643577
CGAGCACTCCACTGGGx-1,0.06238488536703968
CGCGTTTCAGCGATCCx-1,0.22807952050510635
CGATCGGTCGTCCAGGx-1,0.22894736232907664
CGATGGCTCATAGCACx-1,0.05867408210758372
CGCCAAGCAGGCAGTAx-1,0.04636456621649195
CGATGGCAGAATTCCCx-1,0.31481921481940783
CGAACATAGCTTATCGx-1,0.08316520331568628
CGATGTAAGCTAGTGGx-1,0.0651919090723904
CGAGCACGTCCAGTATx-1,0.040803457765078426
CGATCGGTCTGTGCAAx-1,0.03868128031541271
CGAGCACAGAAGGCCTx-1,0.05347392068718154
CGAGCCAAGCTAGGCAx-1,0.2591323307503185
CGAGCACCAGTAAGATx-1,0.2553744992616761
CGACCTTTCACATACGx-1,0.04680520485532245
CGATGTACATTACCTTx-1,0.22239591498616995
CGCGGTAGTCACCTAAx-1,0.08789414802051522
CGCGTTTAGATGTGGCx-1,0.08631194638610565
CGCCAAGAGGAGCGTTx-1,0.0481760609961686
CGCGGTAAGCGAGAAAx-1,0.04891447799900961
CGCGTTTGTATTCGTGx-1,0.0700335812691835
CGAACATCAATAAGCAx-1,0.048723286023518816
CGACTTCGTGGCAAACx-1,0.19296589670506925
CGAGCACGTTCCGTCTx-1,0.22872522204247034
CGATGGCGTCAGATAAx-1,0.033400428286392815
CGCGTTTTCCACTGGGx-1,0.049202888036003804
CGCGGTACATCCCATCx-1,0.07319179316001133
CGCGGTAGTTCCTCCAx-1,0.1514517688734732
CGAATGTGTGAAGGCTx-1,0.05726077168413243
CGATGGCCAGTTAACCx-1,0.232038505735052
CGCGTTTAGGGTTTCTx-1,0.08661128938112578
CGAGCCACAATCTACGx-1,0.03394449125096645
CGAGAAGAGGACAGAAx-1,0.05128607311081778
CGATTGATCCATGAGTx-1,0.05619081802366699
CGAACATAGCCATCGCx-1,0.06104983749822317
CGCCAAGTCGGCCGATx-1,0.3275143023768943
CGAATGTAGGCTAGGTx-1,0.05390571705488886
CGCCAAGTCAAAGTAGx-1,0.07105984870647875
CGCCAAGGTCCGAACCx-1,0.22737544634918527
CGCGTTTCACGCTTTCx-1,0.05584254993258894
CGAGAAGTCTGCTGTCx-1,0.24516417995263295
CGAACATCATACTACGx-1,0.06900585160841571
CGCCAAGAGAGAGCTCx-1,0.04656152136136204
CGAACATAGGTGCTTTx-1,0.28287430646990147
CGAACATGTGACGCCTx-1,0.03367555500177592
CGATGGCTCCTTTCTCx-1,0.05222616715068915
CGATGGCGTCAGAAGCx-1,0.2828955211471545
CGACTTCCAAGCCCACx-1,0.04411122077964938
CGACCTTTCCGCATAAx-1,0.09303689456412158
CGCTATCAGGGTATCGx-1,0.04696553311413152
CGCCAAGTCTTGAGACx-1,0.06650193313375262
CGCTATCAGTAGTGCGx-1,0.3624803089962102
CGAATGTTCTCAACTTx-1,0.21871182475694786
CGAGAAGAGAAACCGCx-1,0.5867555936508686
CGAGAAGTCTGGTATGx-1,0.318874058275703
CGATTGAGTGACTACTx-1,0.05630035828844092
CGAGCCATCCAATGGTx-1,0.2627259423634618
CGCCAAGCAGCTGGCTx-1,0.052652945870465415
CGAGCCAAGATGGGTCx-1,0.19638218607881083
CGATGGCGTCTAGCCGx-1,0.20022646816749848
CGATGTACATTGAGCTx-1,0.2780889349112724
CGCGGTATCGTGACATx-1,0.0412372906703343
CGACTTCAGGGTTTCTx-1,0.241327872481058
CGAGCACAGTGAACGCx-1,0.30666919714310864
CGATGGCTCAGTCCCTx-1,0.31422037891319915
CGAGCACGTCCGTGACx-1,0.04661937071037578
CGCGTTTAGTCGATAAx-1,0.3367214022174939
CGAATGTGTATTCTCTx-1,0.060023489738748596
CGCTATCAGGAGTCTGx-1,0.058674832427582244
CGATTGACAACTGGCCx-1,0.06411831042403744
CGAACATGTACAGTGGx-1,0.08556367454803901
CGATGTATCATCTGTTx-1,0.038151008873869005
CGCCAAGGTCTCCCTAx-1,0.17142376648719151
CGAGCACTCAGGCGAAx-1,0.04616564126363856
CGAGAAGTCGCTTAGAx-1,0.2699237529155507
CGAATGTCATACTACGx-1,0.2224471793518165
CGATCGGCAGCTCGACx-1,0.061506152507285514
CGAACATGTAGGCATGx-1,0.04755478748012174
CGCCAAGTCACCGTAAx-1,0.21351171577118294
CGCGGTATCACATGCAx-1,0.31688831373010706
CGACCTTAGACGCTTTx-1,0.05936179152558664
CGAGAAGTCAAAGTAGx-1,0.27302487313361484
CGAGAAGTCACCATAGx-1,0.051160994753643885
CGATGTATCCCTGACTx-1,0.08685516414522944
CGATGTATCTTGTCATx-1,0.04940743627688048
CGAGAAGTCAGTCCCTx-1,0.04670612180393749
CGATGTAGTATTACCGx-1,0.05320152224687239
CGAGAAGCAGTAGAGCx-1,0.050439016595993126
CGATGGCAGTCGTACTx-1,0.05711160563040996
CGACTTCCATCCCATCx-1,0.05143410624197595
CGAACATTCGCATGATx-1,0.06598513596838021
CGGCTAGTCCTGTACCx-1,0.09242929529873091
CGGTTAACAGCTGCTGx-1,0.04907844908577343
CGCTGGAAGATCCCGCx-1,0.16737059543291846
CGGCTAGGTCTCCCTAx-1,0.2189900413990151
CGGAGCTGTGGTAACGx-1,0.2812452779120588
CGCTGGATCAGCTTAGx-1,0.22013643239115957
CGCTTCACATAGAAACx-1,0.2288567843568767
CGGACTGTCGAATCCAx-1,0.2514767443348839
CGTAGCGAGCCCAACCx-1,0.20681420340150866
CGCTTCAGTAGGCATGx-1,0.20926640272286076
CGCTATCTCGGAGCAAx-1,0.03984041464313911
CGGAGCTTCTTAACCTx-1,0.40549586146672656
CGGGTCAGTAGCGTAGx-1,0.23583969029309143
CGGACTGTCTCCTATAx-1,0.04638509889161061
CGGACTGCAATAGCAAx-1,0.25627902318221796
CGGCTAGAGCAGATCGx-1,0.044169520768172384
CGGGTCAAGAGGACGGx-1,0.5629388904598391
CGGCTAGAGTTGAGATx-1,0.03237642499587775
CGGTTAACATTTCAGGx-1,0.1278918360762418
CGGAGCTAGCGTCAAGx-1,0.03234369496708355
CGGACGTAGCGATAGCx-1,0.23826434441617833
CGGACTGTCGCCTGAGx-1,0.2142908209816403
CGGACACGTAGCTGCCx-1,0.24193460951901985
CGGAGTCAGTCGCCGTx-1,0.29320391979713717
CGGTTAAGTGTTCGATx-1,0.09389837527238946
CGCTGGACATGGGACAx-1,0.23742951256732445
CGCTTCAGTGGTTTCAx-1,0.21760906760902088
CGGGTCAGTGGTCTCGx-1,0.24043687699908706
CGGAGTCCACCAGGTCx-1,0.21964383064285528
CGGCTAGGTTGTACACx-1,0.21976012015204377
CGGAGTCGTCACTTCCx-1,0.16861301283384794
CGGAGCTGTGATGTCTx-1,0.2481463472710995
CGGACTGTCCGTAGGCx-1,0.23756249668275134
CGTAGCGCATATACGCx-1,0.0353327395247641
CGCTTCACAGTCCTTCx-1,0.044934702271872774
CGGACTGAGTGGGCTAx-1,0.20427768212697725
CGGACGTAGCCAACAGx-1,0.2672867762139036
CGCTTCAGTCATGCATx-1,0.21850635373424115
CGGAGTCCACGGCCATx-1,0.044071355258384445
CGCTTCAGTGGTCTCGx-1,0.2361767009277514
CGTAGCGCATCCTAGAx-1,0.25972862657690804
CGGACTGTCGCCGTGAx-1,0.21900737262705583
CGCTGGACATTACCTTx-1,0.052328163280340255
CGCTTCATCGTCGTTCx-1,0.06742598401249977
CGGCTAGAGTTACCCAx-1,0.048309699325391434
CGGACACTCGGCGGTTx-1,0.04895129921388244
CGCTATCCATAAGACAx-1,0.2031341099244207
CGGAGCTAGCGTTCCGx-1,0.25734774169328367
CGGGTCAGTTTGACTGx-1,0.0652434869976986
CGCTATCTCCACGACGx-1,0.04235874901022404
CGGACGTGTCTCCCTAx-1,0.035111640931241826
CGGAGCTGTTGCGTTAx-1,0.05468446963280391
CGGACACTCCAGTATGx-1,0.2727839020507039
CGGAGCTTCACTCTTAx-1,0.16961615262480717
CGGCTAGTCCGAGCCAx-1,0.15048527051037258
CGGGTCATCCTAGGGCx-1,0.08313532188119116
CGCTTCAAGGCAATTAx-1,0.055198947896377464
CGCTGGACATGCTAGTx-1,0.052204079372039684
CGTAGCGCAGGAATGCx-1,0.2389796891042439
CGGCTAGCAGTCAGCCx-1,0.2978071449966599
CGGTTAAAGGACACCAx-1,0.1092333070756911
CGGCTAGGTCGCGTGTx-1,0.20808730698624878
CGGAGCTGTTATCACGx-1,0.2077043829145934
CGGGTCATCCCTTGCAx-1,0.0900058226450086
CGCTGGACACATCCGGx-1,0.06514246333726813
CGGAGCTAGTTCGCATx-1,0.03834577239799538
CGGGTCACAATGGACGx-1,0.1267297204426326
CGGAGCTTCTTGTATCx-1,0.15017005019374724
CGGTTAATCGAGCCCAx-1,0.2377784244976649
CGTAGCGCATGCCTAAx-1,0.2204790344108857
CGCTGGACACCTGGTGx-1,0.25682946701658393
CGGTTAAGTGTGAAATx-1,0.3707661337944778
CGCTTCAAGGCGTACAx-1,0.04514623182716331
CGGGTCAAGAAGGCCTx-1,0.2682098839068501
CGGTTAATCGAGGTAGx-1,0.12940227254424833
CGGAGCTCAGCTGTTAx-1,0.1987729937854442
CGCTATCCACAGCGTCx-1,0.08021313272152814
CGGACACAGGGCTTCCx-1,0.05565201204605978
CGGGTCAGTTATTCTCx-1,0.21109921195095419
CGGACTGGTCGAACAGx-1,0.19058911033822912
CGGAGCTAGTGGACGTx-1,0.047053123187404254
CGGCTAGTCACATGCAx-1,0.22090906455479078
CGGTTAAGTCTCCACTx-1,0.21133756832734762
CGCTGGATCATTATCCx-1,0.03756542001212901
CGGCTAGCACGCATCGx-1,0.08041831965000856
CGCTATCCACTTCGAAx-1,0.12615007261002759
CGGGTCATCAGCTCTCx-1,0.05783705440953346
CGGAGCTGTACCATCAx-1,0.2665676533918855
CGGACTGGTATGAATGx-1,0.14697964392272617
CGGGTCATCCTCATTAx-1,0.3538697002527261
CGGTTAAAGATACACAx-1,0.16262385760612746
CGTAGCGGTCACTGGCx-1,0.33555651500589834
CGTTGGGGTACTTAGCx-1,0.05930270670534705
CTACACCTCCCTGACTx-1,0.04564127782460541
CTACACCCACATCCAAx-1,0.03150679680583748
CGTCCATGTGGTCTCGx-1,0.316083071406241
CTAATGGGTAGCACGAx-1,0.044082671046916475
CTAAGACAGTACGTTCx-1,0.0919882770305806
CGTTCTGCATCAGTACx-1,0.047382039138626035
CGTAGCGTCCCTTGCAx-1,0.04257364181572791
CGTCAGGCATTGTGCAx-1,0.0488127401613526
CGTTCTGCAGCTATTGx-1,0.1650623333802786
CGTGTAATCAAACAAGx-1,0.05844039245176396
CTAATGGTCCTTGACCx-1,0.3179541672722718
CGTCTACAGAGGTAGAx-1,0.07899722123544169
CTACACCGTCACAAGGx-1,0.26612820944425236
CGTTCTGCAAGTTAAGx-1,0.08275453139002754
CGTCACTCAGTTAACCx-1,0.06957620144343413
CTACACCAGAGTACCGx-1,0.22224280905118637
CGTTCTGCACCACGTGx-1,0.16303916387106873
CGTAGGCTCATCACCCx-1,0.032412903057577144
CGTCCATTCCGCGGTAx-1,0.06610683689316442
CTAAGACTCTCCTATAx-1,0.06010573982659873
CGTGTCTTCCTGTAGAx-1,0.03752965647442986
CTAAGACAGAAGCCCAx-1,0.20864442404664918
CGTCAGGAGTCGTTTGx-1,0.16115797223806544
CGTCCATCATCGGTTAx-1,0.25488606331911096
CGTCTACAGAAACCGCx-1,0.18970618152455762
CGTTAGAAGTGACTCTx-1,0.07145971567405494
CTAATGGTCAGGCGAAx-1,0.06054692835444118
CTAATGGGTTGGTTTGx-1,0.06274227766399486
CGTCTACGTACTCAACx-1,0.29697393048436904
CGTTGGGAGAGACTTAx-1,0.04462925772006744
CTAACTTCACCGAAAGx-1,0.05419306648063305
CGTCAGGAGTCCGGTCx-1,0.2162150283385605
CGTTGGGCATGCTAGTx-1,0.17775315649219797
CGTCCATGTCTCAACAx-1,0.323564248918241
CGTCCATAGTTCCACAx-1,0.20759012214860656
CGTTGGGTCCCTCTTTx-1,0.07214540419877219
CTAATGGTCGAATGCTx-1,0.06716296944636807
CGTGTAACACGTAAGGx-1,0.04979290334291577
CGTAGGCGTCACCCAGx-1,0.2774796163965128
CGTTGGGAGTAGGTGCx-1,0.20944291779429317
CGTCTACCACATGGGAx-1,0.3835388332715831
CTAACTTAGTTGCAGGx-1,0.04206792512802236
CGTTAGAAGGATGGTCx-1,0.04989609969671832
CGTCCATGTTGGACCCx-1,0.04713687657968076
CTAACTTAGAAGGGTAx-1,0.05076404882141927
CGTGTCTGTAGAGGAAx-1,0.2459544236106778
CGTGTCTTCTGCGGCAx-1,0.25444576347556375
CGTGAGCTCTTGGGTAx-1,0.0356107066128972
CGTCCATCAGACAAGCx-1,0.1907234092650814
CGTAGGCCATACGCTAx-1,0.19717216561400958
CGTGTAAAGGCCGAATx-1,0.21932076238341447
CTAACTTCAGTCGTGCx-1,0.06665367785172366
CTAATGGAGGTGGGTTx-1,0.04118182370748403
CGTTAGAGTGTGAATAx-1,0.05697103522308347
CTACACCTCCGAAGAGx-1,0.2281438084153565
CGTGAGCCAGTACACTx-1,0.04502196097390787
CGTGTAACATGCAATCx-1,0.16655122489416405
CGTTGGGCATGGATGGx-1,0.26526245921206526
CGTAGGCAGCGTAGTGx-1,0.08783490735110311
CGTTCTGTCAGCAACTx-1,0.03501103031049776
CGTTGGGCATAGAAACx-1,0.04790080117747502
CGTCCATCACCTATCCx-1,0.05240522535500871
CGTCCATAGATGTCGGx-1,0.046141996255850595
CGTTAGACACGGCGTTx-1,0.05387677632849473
CTACACCGTACAGTTCx-1,0.06227266713244927
CGTAGCGGTGTGCGTCx-1,0.03427542866789909
CGTTGGGAGACGCAACx-1,0.16440382704445383
CGTAGGCTCCAGTAGTx-1,0.05501926777567943
CGTCCATTCCAAACACx-1,0.18999787391148215
CGTGTCTCAGAGTGTGx-1,0.4806441033838353
CGTCCATTCAGCATGTx-1,0.054075035654210395
CGTTAGAAGTCGATAAx-1,0.23570084209127787
CTAAGACCATGCCTTCx-1,0.16809748790767715
CTAAGACGTTATTCTCx-1,0.0932512207339091
CGTCACTGTCTTGCGGx-1,0.05235197750723906
CGTAGGCAGTCTCAACx-1,0.252184505752584
CGTGTCTAGATGCGACx-1,0.15740490279326036
CTAATGGCATGATCCAx-1,0.05272894730764652
CGTTCTGCACGGTAGAx-1,0.04397884090299842
CGTGTAAAGGGAGTAAx-1,0.2446195265581477
CGTTCTGCATTAGGCTx-1,0.14601641806481555
CTACACCTCAACACTGx-1,0.18102572399737812
CGTAGGCCACGTCTCTx-1,0.14796658518757627
CTACACCCAAGTCTGTx-1,0.05111270326114305
CTAACTTTCCCGACTTx-1,0.2563553114978061
CTAATGGCACGCTTTCx-1,0.043721259490696274
CGTTAGATCCCAACGGx-1,0.04148097168583982
CGTTCTGGTGGAAAGAx-1,0.2398011922711956
CGTAGGCTCTTCGAGAx-1,0.1781171304814104
CTAATGGGTCCGAGTCx-1,0.27170095667515853
CGTCCATTCAGCGACCx-1,0.20206414476150114
CGTAGCGTCTGGTGTAx-1,0.18741987784570655
CTAACTTGTATGAAACx-1,0.05089460408021146
CTAACTTCATTGGCGCx-1,0.10306659493386347
CGTGTAATCATTTGGGx-1,0.29135121373713
CGTCACTAGCAGACTGx-1,0.23126063402756203
CGTAGGCTCCCAAGTAx-1,0.052756860734588525
CGTGTAATCTCGTTTAx-1,0.06438342167520321
CTACGTCAGCCAGGATx-1,0.06314621794121443
CTCACACGTCTAAACCx-1,0.15579551874727934
CTCATTAAGTCTTGCAx-1,0.048331478483903456
CTACCCAGTTAAGGGCx-1,0.059326124515360595
CTAGAGTCATTAGCCAx-1,0.18283607583038894
CTCACACCAGCGTCCAx-1,0.04653972221996237
CTCGGAGCAATGGTCTx-1,0.05093086821368181
CTCACACCATAACCTGx-1,0.029484257248084865
CTCGAAATCAGCGACCx-1,0.2792434378296446
CTCGAAAAGAAGATTCx-1,0.05541475834786843
CTCGAAAGTGGTAACGx-1,0.23094496423011338
CTAGCCTAGCGATATAx-1,0.27320042374843606
CTCAGAAGTTAGAACAx-1,0.19828645468557257
CTCAGAAGTTCAGTACx-1,0.0355643994114247
CTACCCAGTAAGAGAGx-1,0.24953755270127143
CTACCCATCGAATGGGx-1,0.24440667723519385
CTCGAGGCAGGGATTGx-1,0.06657300617656058
CTCATTACAGCAGTTTx-1,0.09057655004016497
CTCCTAGCAGTTCCCTx-1,0.04143821031386919
CTAGTGACATCAGTACx-1,0.05220283666243218
CTCGAAAGTTTACTCTx-1,0.054563340243711886
CTAGTGAGTTGCCTCTx-1,0.05121237534867265
CTAGCCTAGGCGTACAx-1,0.10562112226230752
CTCAGAAAGAGGGCTTx-1,0.340356132548545
CTAGTGAGTCACTTCCx-1,0.2125776902813958
CTCACACTCGAGGTAGx-1,0.22207228174157087
CTCATTACACAACTGTx-1,0.571268671998761
CTCGAAAGTCTAAAGAx-1,0.048277278220563935
CTAGTGAAGCTAGTTCx-1,0.2493539251417405
CTCGAAACAGTTTACGx-1,0.05814654736499147
CTCACACGTCACCTAAx-1,0.28073812369949197
CTCGAGGCATGGTCATx-1,0.04062637186395108
CTCGAGGGTATGAATGx-1,0.05572327850779491
CTAGCCTGTATCTGCAx-1,0.04973094382001798
CTCCTAGTCATCTGTTx-1,0.05299712579967397
CTACCCATCGAATGCTx-1,0.2572455311499648
CTCCTAGGTGTGTGCCx-1,0.037923116249478764
CTCGAAAGTTTGGGCCx-1,0.05501817094063121
CTACCCACAGCGTTCGx-1,0.22304096258476536
CTCAGAAAGTACGTTCx-1,0.4763192406261094
CTCGAAACAAGCGATGx-1,0.17182435870747037
CTAGTGAGTCTAACGTx-1,0.025401607324351854
CTCAGAAGTATGAAACx-1,0.048118970399741876
CTAGAGTCAAGTTGTCx-1,0.08563608607342106
CTACGTCAGATCACGGx-1,0.04692864195897288
CTCGAGGGTAGATTAGx-1,0.16523441622622967
CTAGAGTTCGCTAGCGx-1,0.03505593421275309
CTAGAGTGTATCACCAx-1,0.06431382783910947
CTAGTGAAGATCCCGCx-1,0.046546334318626745
CTCGAGGCACCTCGTTx-1,0.0461954769879192
CTCACACGTTAAAGACx-1,0.3831656850647689
CTCGAAAAGTCCTCCTx-1,0.11486551125546315
CTAGAGTGTACATCCAx-1,0.06934938227859856
CTCACACAGTATGACAx-1,0.10973819750963569
CTCACACCACAGTCGCx-1,0.03991548137446574
CTAGTGAAGACCTAGGx-1,0.06712760153644214
CTCAGAAGTGTAACGGx-1,0.22233816854146615
CTAGAGTCACCAACCGx-1,0.17962235709942945
CTACGTCTCTGGAGCCx-1,0.04920511099783862
CTACATTGTGACGCCTx-1,0.06293291902247036
CTAGCCTGTTCTGGTAx-1,0.188612115699058
CTCATTACATCCTTGCx-1,0.08120201609883876
CTACATTAGGTGCACAx-1,0.06152681473318071
CTAGCCTGTTCGTTGAx-1,0.05202817570717855
CTAGAGTGTCATATCGx-1,0.0684306791495342
CTAGTGATCGAGCCCAx-1,0.03474946862968418
CTAGTGAGTCGGCACTx-1,0.0564738807137846
CTCGAAATCCAGGGCTx-1,0.050548288815344296
CTAGAGTCACGAAACGx-1,0.0548921659849184
CTACGTCAGCGACGTAx-1,0.1848877734976534
CTCATTATCTAGCACAx-1,0.048055681591327885
CTCGGAGAGACAAAGGx-1,0.05864971255835043
CTCAGAATCACCTTATx-1,0.0799505861873913
CTACGTCTCATGGTCAx-1,0.20066345008213218
CTCGAGGGTCTCTCTGx-1,0.40245623831944927
CTACATTCACGTTGGCx-1,0.04033387772808127
CTCCTAGCATACAGCTx-1,0.045624970869426684
CTACATTAGGAACTGCx-1,0.2274831395798179
CTACCCAAGATGTCGGx-1,0.03314132976631587
CTCCTAGCACACCGCAx-1,0.047742780637547756
CTACGTCCACACCGCAx-1,0.10994805517864138
CTCAGAAAGTACTTGCx-1,0.17830401958796346
CTCCTAGGTTCTCATTx-1,0.21440923333098408
CTACCCAGTTGTCTTTx-1,0.12104994669039144
CTACCCATCGACAGCCx-1,0.04641954119932726
CTCACACGTTGATTCGx-1,0.020816918411261518
CTCAGAAAGAGTACCGx-1,0.23562163672892927
CTACATTGTCGGCTCAx-1,0.21631519084089845
CTACGTCTCTATCCCGx-1,0.041553674598293094
CTCCTAGGTAGCGATGx-1,0.3341246477800232
CTCACACCAATAGAGTx-1,0.05461056623455475
CTCACACTCTACTTACx-1,0.3936752819053696
CTCGGAGCAGGAACGTx-1,0.15663073332537242
CTAGAGTAGTTAAGTGx-1,0.19546589156765798
CTGAAACCAAAGCGGTx-1,0.23815488924587042
CTGAAACCAGATCGGAx-1,0.21560958251374474
CTCGGGACACCAACCGx-1,0.0661915717172718
CTCTGGTGTCATGCATx-1,0.06021954370555316
CTGATCCTCTCTAAGGx-1,0.16779634809775035
CTCGGGAAGCTCCTTCx-1,0.061955415542829594
CTCTGGTGTTAAAGTGx-1,0.03705478884600522
CTCTGGTCACGGTGTCx-1,0.2369326580525988
CTGAAGTGTATATCCGx-1,0.30441544545991017
CTCTGGTAGCTGGAACx-1,0.04142016991341536
CTGAAACGTAAGGGCTx-1,0.04729171455492671
CTGATCCAGGCGTACAx-1,0.18426257123823547
CTCGTACGTAGAGCTGx-1,0.038520548172697094
CTGATCCGTCTTTCATx-1,0.05582755387625314
CTCGGAGGTCAATGTCx-1,0.06623563082120985
CTGATCCGTACCTACAx-1,0.05985105271040038
CTCTACGAGACAGAGAx-1,0.227770449610289
CTGAAACCACATGTGTx-1,0.05085139065308661
CTGATAGAGCGTGAACx-1,0.16135166909253817
CTGATCCGTAAGTAGTx-1,0.10401471711240232
CTCGTACTCAAGAAGTx-1,0.06286941981221526
CTCGTACCACAAGACGx-1,0.07885670076051894
CTCTAATCATGTCCTCx-1,0.3114160949642678
CTCTAATGTGCAACGAx-1,0.025674261150504342
CTGATCCAGAGACTATx-1,0.04932120123413584
CTGAAACTCTGCGACGx-1,0.0657686690797233
CTCGTACAGTGAAGTTx-1,0.23556465050500122
CTGATAGCATCCTAGAx-1,0.16769711918808655
CTCGTCACAAAGTGCGx-1,0.24875283768538128
CTCTGGTCAAACAACAx-1,0.0504868001603196
CTCTACGCAGAGTGTGx-1,0.33790014020374365
CTCTACGCAGCTATTGx-1,0.04200454683173826
CTCGTCAAGTTAACGAx-1,0.20028562867775754
CTCGTCACAACGATGGx-1,0.054304064965074096
CTGATCCTCGTGGGAAx-1,0.031139990147043793
CTCTACGGTCATTAGCx-1,0.11269246377056161
CTGAAACCAAGGTGTGx-1,0.24799767548322083
CTGATCCTCTTATCTGx-1,0.32080084641590645
CTCTGGTTCTTCAACTx-1,0.06405062666661465
CTGAAACAGTAATCCCx-1,0.31365915100709946
CTCGTCAAGCGTGAGTx-1,0.048023519862647614
CTCGGGAGTGTTGAGGx-1,0.0369021301508605
CTGAAACGTCAACATCx-1,0.08723227182014974
CTCGTCAGTCAAAGCGx-1,0.05402218492791834
CTCTAATGTATAAACGx-1,0.04489192574654417
CTCTACGTCGGCTTGGx-1,0.05255863637799035
CTCTGGTGTGACGCCTx-1,0.106452597191566
CTCGTCACAAATTGCCx-1,0.04445389203603981
CTCTACGAGCTACCTAx-1,0.0990411360060464
CTCGGAGGTCCTGCTTx-1,0.03802554279671637
CTCGTCATCCATGAACx-1,0.3130790920309714
CTCTGGTGTTCCACAAx-1,0.046220187582046934
CTGATCCTCTACCAGAx-1,0.2182027962546586
CTGATCCTCTGGCGACx-1,0.23547223846578097
CTGATAGTCTGCTGCTx-1,0.2428947655978018
CTCTACGAGTGCGTGAx-1,0.22466263671445677
CTGATAGGTGTGGTTTx-1,0.2293266592479133
CTCTGGTAGGGCTTGAx-1,0.34503679799756176
CTGATCCGTGAGGGTTx-1,0.04604651268267309
CTGATAGCAAGCTGTTx-1,0.11066301201049565
CTCGTCAAGGCTCAGAx-1,0.05530159716441485
CTCTACGGTAAATGACx-1,0.026711567759632227
CTGATAGTCTTCGGTCx-1,0.05595774871078572
CTCGGGAAGACCCACCx-1,0.047330675334113635
CTCGTACCATTACCTTx-1,0.04067689305323909
CTCGTCAAGAGCTGGTx-1,0.22351400584419193
CTCGGGAGTCGCCATGx-1,0.054277336362379275
CTCTAATAGTTCGCATx-1,0.30533244585603236
CTGAAGTGTATAAACGx-1,0.0763680633152049
CTCTACGGTCTAGCGCx-1,0.048152524166633986
CTGAAACCACAACTGTx-1,0.4352217244173522
CTGATCCGTCCGTGACx-1,0.11183179574158729
CTCGTCAGTCTAGTGTx-1,0.21284605822295521
CTGATCCGTTCGAATCx-1,0.07917975812383361
CTCGTACGTTAAGATGx-1,0.05073691332604184
CTCTAATTCTTCTGGCx-1,0.10222053461174524
CTGATAGCATGCCACGx-1,0.03362752894924668
CTCGGGACAATGAATGx-1,0.058789314328125716
CTCGGAGGTCACCTAAx-1,0.1486755698953397
CTCTAATTCTGTACGAx-1,0.29975738128651647
CTCGTCACATCACGATx-1,0.06971178057961448
CTCGTACGTGACCAAGx-1,0.060347546901495346
CTCGGAGGTCTCTTTAx-1,0.2820026331677495
CTCGTCAGTCGCGTGTx-1,0.31537590586555597
CTGATCCTCATCGATGx-1,0.0493492758010726
CTCGGAGGTCGCTTCTx-1,0.21010140823582768
CTGATCCGTTCCGGCAx-1,0.04722419969502664
CTCGGGAGTCTAGAGGx-1,0.07011815151143173
CTCTGGTTCGCCGTGAx-1,0.03681474041152763
CTCTGGTTCGGTTCGGx-1,0.2985158590748046
CTCGTACTCGGCATCGx-1,0.022580106711664473
CTCGTCAAGATCCGAGx-1,0.05993946267117317
CTGATCCAGGCAGTCAx-1,0.1916550751747146
CTCGGGATCTGCGTAAx-1,0.22576514926118652
CTTAACTAGTCGTTTGx-1,0.04843393352962254
CTGGTCTAGGTGATATx-1,0.054635561675573124
CTTCTCTTCAAACCACx-1,0.14921802576206783
CTGCTGTCAGTGGAGTx-1,0.05262714563360794
CTGCGGAGTCCAGTGCx-1,0.23179422319721465
CTGTGCTCATGCAACTx-1,0.07692843780149372
CTTAGGAGTCCAGTTAx-1,0.03615306288490982
CTGTGCTAGTGCGTGAx-1,0.041364105434755216
CTTAGGAGTCACCCAGx-1,0.20755966603054563
CTGCGGAAGCTGAACGx-1,0.21581976294316788
CTGCTGTAGGATATACx-1,0.24936842999127318
CTTAACTTCCCTTGCAx-1,0.1341966203827115
GAAACTCGTGTGAATAx-1,0.2422422573061392
CTGTGCTGTAGCGCTCx-1,0.05517773954544114
CTGCGGAAGAATTCCCx-1,0.04520687604290272
GAAATGAAGCAGGTCAx-1,0.07256227013833243
CTGTTTAAGCTAAACAx-1,0.042500167292372014
CTGGTCTTCCGCTGTTx-1,0.2186048418541262
CTTACCGTCATCACCCx-1,0.18789424856109113
GAAACTCTCGCATGGCx-1,0.3039295083674839
CTGCGGAAGGCGATACx-1,0.054465895401703865
CTTCTCTAGTCTTGCAx-1,0.0413280620114258
CTTTGCGAGTTAGCGGx-1,0.08173383562148884
CTTACCGGTCTCTTTAx-1,0.05653042319800448
CTGCGGATCTCCAACCx-1,0.17075951689254576
CTTAACTGTCTAGCGCx-1,0.048577182047078
CTTGGCTAGGCTACGAx-1,0.2260708918771679
CTGCGGAAGACTGTAAx-1,0.07487963881814436
CTGTGCTCAGAGCCAAx-1,0.043779172637189404
CTGTTTAGTGTGCCTGx-1,0.12607480335498097
CTGTTTAGTCCTGCTTx-1,0.2550352056996258
CTGTGCTTCGTCGTTCx-1,0.19604799417469504
GAAACTCAGGTGCAACx-1,0.06455850337488928
CTGCCTAGTTTCGCTCx-1,0.2715320048059505
CTGGTCTAGTCATCCAx-1,0.25451544980288876
CTGGTCTGTCTCTCTGx-1,0.0808212301007455
CTGGTCTCAGGACGTAx-1,0.06063744376318995
CTGCTGTAGCTAGTTCx-1,0.03513314466516675
CTTTGCGAGACTCGGAx-1,0.08063889165312535
CTGTGCTCAATGTTGCx-1,0.06064329782698253
CTTAGGATCATGTAGCx-1,0.04572751874724821
CTTTGCGGTTCAGTACx-1,0.26084198459329294
CTTAACTGTCTGCGGTx-1,0.041096556142964515
CTTAGGATCGTAGGTTx-1,0.28275801473972023
CTTAGGAAGTAAGTACx-1,0.09173799797272825
CTTGGCTCATCTATGGx-1,0.043304093916675605
CTGGTCTCAAATACAGx-1,0.1678285208944158
CTGTGCTAGAATCTCCx-1,0.30151414058345055
CTGTTTAGTCTAAAGAx-1,0.23937482223720336
CTTTGCGTCAGTCAGTx-1,0.2173284761376114
CTGCGGATCCAGATCAx-1,0.04914444022961528
CTTACCGCAAGTCTGTx-1,0.03645221033603903
CTGTTTAAGCAATCTCx-1,0.021531183238363224
CTGCCTACATTATCTCx-1,0.04397845447643208
CTTGGCTCACATCTTTx-1,0.05324132842527645
CTTTGCGAGCCAGGATx-1,0.05930788465211247
CTGTTTAAGGCCCGTTx-1,0.20870449511442302
CTTGGCTGTTCCTCCAx-1,0.2598096019035257
CTTAACTTCTTAGCCCx-1,0.26387372225716327
CTTTGCGCATATACCGx-1,0.046558489754426204
CTTTGCGTCGTAGGAGx-1,0.26608209610638806
CTGCGGAAGTCGTTTGx-1,0.48449530475995156
CTGCCTATCTTGTATCx-1,0.05106852995008317
CTGTGCTGTGCAGGTAx-1,0.05717634301628896
CTTACCGTCAACGAAAx-1,0.1474429864438089
CTGTGCTTCATAACCGx-1,0.14335576813906956
CTTACCGGTACGCACCx-1,0.21712341486799494
GAAATGAAGTTGTCGTx-1,0.46742842847674937
CTGTGCTCAAATCCGTx-1,0.04718862417923705
CTGTTTAGTTTACTCTx-1,0.049747549792601695
CTTAACTTCAACGAAAx-1,0.030475814967791868
CTGCCTAAGCCAACAGx-1,0.04997558037548201
CTGGTCTAGCGCCTTGx-1,0.055808196542670566
CTGTGCTGTAGATTAGx-1,0.04843192015145338
CTGGTCTAGTTACCCAx-1,0.40041560423416467
CTGTTTAAGAAACCGCx-1,0.032697627205443246
CTTTGCGTCAAAGTAGx-1,0.2517361819396553
CTGTGCTCAGCTGCACx-1,0.04131411954297149
CTGGTCTTCTGCCAGGx-1,0.22023518224514785
GAAATGAAGCTGCCCAx-1,0.4195211795016987
CTGTTTAAGGGCTCTCx-1,0.04181703959204415
CTTGGCTCATTGCGGCx-1,0.2863984658387894
CTTAACTGTCTGCAATx-1,0.04767577191050463
CTGGTCTCAATCACACx-1,0.32103390917462504
CTTAGGACAGTACACTx-1,0.04598333056124702
CTTTGCGTCACAACGTx-1,0.04722796821889201
CTTCTCTTCGCGTAGCx-1,0.18329641398225469
GAAACTCCATTCCTCGx-1,0.045418166725739374
CTGTTTAGTGCCTGCAx-1,0.2585928290539426
CTGCGGATCTGTCAAGx-1,0.10843504909755267
CTTTGCGGTTCGCGACx-1,0.10045394711036645
CTGCCTAGTTGTCGCGx-1,0.05635056109922707
CTTTGCGCAGTAAGCGx-1,0.20986592478647803
CTTGGCTGTAGCGCTCx-1,0.26041591230003364
CTGCGGATCTCTGCTGx-1,0.05147365989472817
CTTACCGTCTTCTGGCx-1,0.3586486970838903
GAACATCCACAGGAGTx-1,0.07505244620764642
GACAGAGTCTTACCGCx-1,0.24354808001100994
GAAATGACAATGAATGx-1,0.05058109781171331
GACGGCTGTTGCGTTAx-1,0.10337544361829534
GAACGGAGTATGGTTCx-1,0.25062849139124266
GACAGAGCATCACAACx-1,0.06824244699002262
GAATGAAAGTGGAGAAx-1,0.2148345410824334
GACGCGTGTCGCATCGx-1,0.059441929046674766
GACAGAGTCCCACTTGx-1,0.22425137721534263
GAACCTAAGTAAGTACx-1,0.020042447280207803
GAATAAGGTTCAGCGCx-1,0.18015157004578994
GACGGCTCAGGAACGTx-1,0.2148983999861683
GAACGGATCTTGAGGTx-1,0.177818677078177
GAAATGAGTTAAGGGCx-1,0.08402872727110436
GAATGAACAGCCAGAAx-1,0.1442187120898782
GAACCTACACACTGCGx-1,0.04898843456991774
GAACCTATCACAGGCCx-1,0.24452041568138771
GAACCTAGTGTGGCTCx-1,0.04778292296918394
GAACATCGTATGAAACx-1,0.06062042254449051
GAAGCAGGTGCCTTGGx-1,0.0435668256184519
GAAGCAGTCCAGTATGx-1,0.21512322968781797
GAACCTAAGGGAAACAx-1,0.05021610234914831
GACCAATTCCTTAATCx-1,0.23208708500388991
GACACGCTCTTACCTAx-1,0.22467962098313396
GACGCGTTCTGGGCCAx-1,0.4111776857732248
GACGGCTTCGCCGTGAx-1,0.043979256414907644
GAAGCAGTCTCCAACCx-1,0.2211118901731252
GAATGAAGTCGCTTTCx-1,0.10153558184910545
GAATGAATCCCTTGTGx-1,0.5787749780146209
GAACCTAAGGGAGTAAx-1,0.20550536466780422
GAATGAAGTGAAGGCTx-1,0.13309432406116642
GAACATCAGACCGGATx-1,0.27466976727939557
GACGGCTTCTTTACGTx-1,0.07945529146947944
GACGCGTTCCAGGGCTx-1,0.061425045860815784
GAATAAGCAAACGTGGx-1,0.05471419456512228
GACGGCTCACTATCTTx-1,0.04815012533155902
GACCAATTCGCAGGCTx-1,0.2079826094502356
GAATGAATCTGCAGTAx-1,0.06658416018665901
GACGGCTAGCCGGTAAx-1,0.04389154972244286
GACCTGGTCTTCATGTx-1,0.0675797033076784
GAATAAGAGTGATCGGx-1,0.06390318736137368
GACGTTAAGAGCTGCAx-1,0.07717755210575611
GACGCGTGTCTCTCGTx-1,0.20892087507433368
GAACATCAGCCACTATx-1,0.05214136286609788
GAACATCTCATGCAACx-1,0.05872581054550747
GAACATCTCTCTTATGx-1,0.27238404769700714
GAATAAGTCTGCTGCTx-1,0.044865556916276556
GAATAAGAGCGTCAAGx-1,0.32908902662562295
GAACATCGTCTTCTCGx-1,0.0807112043042536
GACCTGGGTACAGTGGx-1,0.043622293263270044
GAACGGATCGTTGCCTx-1,0.06632206922845839
GAACGGAGTAGCCTATx-1,0.23436211333059453
GACGGCTTCTCACATTx-1,0.23681634166082102
GAACCTACACAGGAGTx-1,0.40067174690532853
GAACATCCATGAGCGAx-1,0.2539095219358191
GAACATCTCTTAGCCCx-1,0.11966453193242448
GAACCTATCAAGGCTTx-1,0.22712237327331652
GACGGCTTCTACTTACx-1,0.21448942680006203
GACCTGGCAGGGAGAGx-1,0.11047396328257189
GAATGAATCAGGTTCAx-1,0.034653115479101146
GAATGAATCAGGCAAGx-1,0.15066795395648788
GAACGGAAGTGACTCTx-1,0.10594605572258234
GAACCTAGTACCGTATx-1,0.058774302842583365
GACCAATCAGTGACAGx-1,0.03663848680092216
GAACATCAGCAGGCTAx-1,0.15746626477766845
GAACGGAGTTGCGCACx-1,0.04436881487152764
GAACCTAAGACTACAAx-1,0.035352802034656496
GACGTGCCACCTATCCx-1,0.5666040540341488
GAATGAACAGGATTGGx-1,0.07487171490153251
GACAGAGGTGCTCTTCx-1,0.3462906077745647
GACAGAGTCTACTTACx-1,0.05678667912993649
GACCTGGAGGTTACCTx-1,0.06039716880343713
GACGCGTAGACAAGCCx-1,0.2458242248655929
GAATGAATCTCGTTTAx-1,0.06789072011523871
GACGGCTGTGTAATGAx-1,0.05750767643038133
GACGCGTGTTTAGCTGx-1,0.04672535693730548
GAAATGACATTTGCTTx-1,0.18803612187631258
GAACCTAAGGCATTGGx-1,0.043233851487863885
GACGCGTAGGTGATATx-1,0.03486144634006179
GAAGCAGTCGTGACATx-1,0.04966478038412406
GAACGGATCCACGTTCx-1,0.048760639817428966
GACCTGGGTGTGGCTCx-1,0.07104502987111021
GAACATCCAAGCCATTx-1,0.09524755200027303
GAATGAAAGATCCGAGx-1,0.2511719929425882
GACCAATAGTCTTGCAx-1,0.23158092745163344
GACGCGTCAGCGTCCAx-1,0.049785333142692
GACGGCTTCAAGGTAAx-1,0.030318083411178472
GACCAATTCAACGCTAx-1,0.2276453567149882
GAACATCCACAACGCCx-1,0.0818447798318408
GACCTGGAGGAACTGCx-1,0.15000597734150545
GACGGCTGTCGGCACTx-1,0.03480162861999462
GAACCTACATGTAAGAx-1,0.22775083464666707
GAACGGAAGGGTCTCCx-1,0.20273870841886882
GACGGCTTCTTGGGTAx-1,0.066693860103195
GACGTTATCCAGATCAx-1,0.060451959284594
GATCGTAGTGACTCATx-1,0.11021365607307822
GAGTCCGTCCAGAGGAx-1,0.22954306082738846
GATCAGTCACGTTGGCx-1,0.08124876026924285
GAGTCCGCACTTCTGCx-1,0.4520363302626933
GAGGTGATCGTCACGGx-1,0.17749701079639196
GAGGTGACAAGCCCACx-1,0.24521805924401446
GACTACATCAACACTGx-1,0.0813938119125343
GACTACATCCACGCAGx-1,0.04293919346174289
GATCAGTAGCGCCTTGx-1,0.14470460761900902
GACTAACGTGATAAACx-1,0.07451272014546134
GACTAACTCTTGAGGTx-1,0.22548005081280323
GAGTCCGCACCCATTCx-1,0.09134837518342787
GAGGTGAGTACTTCTTx-1,0.23857427928116706
GAGCAGACAAAGAATCx-1,0.218354852848354
GATCGTATCGGAGGTAx-1,0.22618174741415703
GACTGCGAGGTAAACTx-1,0.13411854715868268
GAGGTGATCGAGAGCAx-1,0.04802346765988438
GATCGTACACGTCTCTx-1,0.054580737092763495
GACTGCGAGACGACGTx-1,0.0657260469479631
GAGCAGAAGTAGCCGAx-1,0.044126537960903635
GAGGTGACACGTAAGGx-1,0.12108969022744476
GAGGTGATCATATCGGx-1,0.12510229040454582
GACTAACCACTTAACGx-1,0.18900473375932533
GACTACAAGGGTGTTGx-1,0.15804306585247718
GATCGATGTAGCCTATx-1,0.06191319491784807
GATCTAGAGCTAGGCAx-1,0.20804272981322935
GACGTTACAGCATACTx-1,0.22007677390603875
GAGGTGATCATGTCCCx-1,0.058101444351325006
GAGGTGAGTAGCAAATx-1,0.23500457446332326
GACTACATCTAACTCTx-1,0.2624226172079933
GATCAGTAGTCAATAGx-1,0.20974557975046826
GAGTCCGCAATAGCGGx-1,0.226786646302576
GATCGTACATAACCTGx-1,0.2901250960526922
GAGGTGAGTGCAGTAGx-1,0.283211894564649
GATCTAGCACCTATCCx-1,0.07360916579708378
GACTAACCACATTCGAx-1,0.1921904898295197
GAGGTGAAGAAACCGCx-1,0.17360308533105778
GATCGATTCCTATGTTx-1,0.22128320550018898
GACGTTAAGCTAGTTCx-1,0.07588234815900541
GACTGCGGTTAAGGGCx-1,0.03886078689606885
GACGTTACACTCAGGCx-1,0.052436521938628355
GAGCAGATCGGAATCTx-1,0.07163675719506069
GATCGATCAGTAAGCGx-1,0.04595233543436972
GACGTTACATATGGTCx-1,0.1146301854823603
GATCGATCAAAGCGGTx-1,0.10274181834664634
GAGCAGACATAAAGGTx-1,0.17001912647191963
GAGTCCGCAGGATCGAx-1,0.2164831395923111
GATCTAGAGGGCATGTx-1,0.5975810899394154
GATCAGTCAAGTCTGTx-1,0.1484692575160068
GACTGCGTCTACGAGTx-1,0.055365202137290945
GACTAACTCCCTCAGTx-1,0.05442786084924413
GAGTCCGAGCGCTCCAx-1,0.0443560712120148
GACTAACGTATTCTCTx-1,0.15690079571185195
GATCAGTAGCGGCTTCx-1,0.03750242056366141
GACGTTATCTTCGGTCx-1,0.3086072572584084
GAGCAGACACCGAATTx-1,0.04603087311373475
GACGTTATCTTACCGCx-1,0.10422121683056763
GAGCAGACAAAGTGCGx-1,0.04240090823961499
GATCGATTCTCTGCTGx-1,0.052132874121513635
GAGCAGAGTTATCCGAx-1,0.05580079910565893
GATCGCGCAATGGAATx-1,0.15975775084557853
GAGCAGACAGTTCCCTx-1,0.05115262380829972
GATCGTACATTCTTACx-1,0.09924793293771202
GACTGCGCAGCCAGAAx-1,0.0898768988502023
GATCGCGCATGTCGATx-1,0.2599120931115896
GACTAACGTTAAGATGx-1,0.09792479926082094
GATCGCGGTGAGGCTAx-1,0.26249039261355933
GAGTCCGAGGGTCGATx-1,0.0499127662683085
GAGCAGAGTGAAGGCTx-1,0.14921589064948262
GAGGTGACAGCCAATTx-1,0.05729673324841888
GATCGTAAGTCTCAACx-1,0.2358904336821966
GATCGATGTGCTGTATx-1,0.048286576534398926
GATCGTATCTACGAGTx-1,0.09130242985289161
GACTGCGGTCACAAGGx-1,0.06836848807678887
GATCGCGCAGCTGCTGx-1,0.056181335811276094
GATCTAGAGTATCGAAx-1,0.07358393336889044
GATCGCGCAGTAGAGCx-1,0.3147492624543822
GAGTCCGGTTCGAATCx-1,0.22474036178345425
GATCGATCACAGTCGCx-1,0.050473497838488264
GATCGTAGTTAAGAACx-1,0.044893366583285216
GACTAACAGTGATCGGx-1,0.2605262150434741
GACTACAAGACCTTTGx-1,0.22261703386567885
GATCAGTAGTACATGAx-1,0.06231337841346907
GATCTAGAGTAGATGTx-1,0.2522377188130716
GACTGCGAGTGTACCTx-1,0.05614298762498602
GACTGCGTCCTAGTGAx-1,0.050087609409248994
GACTAACTCTCGCTTGx-1,0.2600942730839121
GACTACAAGCTGATAAx-1,0.0334474426398796
GATCGATAGGATGGAAx-1,0.24058581508185498
GATCGCGCAATCAGAAx-1,0.06630825106591472
GACGTTATCACCCGAGx-1,0.04761320112060168
GACTAACGTAGGAGTCx-1,0.24261944926118711
GAGGTGACACGCATCGx-1,0.17525261352588858
GATCGCGAGGGAAACAx-1,0.04271788168189808
GAGCAGATCGAACGGAx-1,0.19570598404691328
GAGCAGAGTCGGCTCAx-1,0.05552982408838237
GACTAACCACACCGACx-1,0.2172097153112029
GAGCAGATCGGATGTTx-1,0.2152152776265936
GAGTCCGAGCTTTGGTx-1,0.030414512480086312
GCAGTTACATTCTTACx-1,0.11428636038258376
GCACTCTTCGTGGGAAx-1,0.07829566356818189
GCAGCCAAGAGTGACCx-1,0.404712057570886
GCACATAGTTAAAGTGx-1,0.2392162176824756
GCAATCAGTGTATGGGx-1,0.0604788799278952
GCACTCTCAACGATCTx-1,0.09758996999152611
GATTCAGTCACTTACTx-1,0.05260175989182645
GATGAGGCACAGGAGTx-1,0.24216158497647844
GATGAAACATGTTCCCx-1,0.23324224161390564
GCACATATCGGTTCGGx-1,0.08383693746742622
GATCTAGTCTAACTCTx-1,0.04441157269848229
GATCTAGCAGGGTACAx-1,0.30571341676230057
GCATACACAACACCTAx-1,0.056706583132994245
GCATACATCGAACTGTx-1,0.05935132108282395
GCATACATCCCATTTAx-1,0.052783162666365506
GATTCAGGTATATGAGx-1,0.24473133678042333
GATTCAGCAAGGACACx-1,0.04640891805213751
GCATGATAGGACAGCTx-1,0.058623009962611584
GCACTCTAGAAGGACAx-1,0.29162212084999206
GATGAGGGTTAAGACAx-1,0.0458676043738717
GATGCTACATTACCTTx-1,0.048730289280083945
GCATACACACGTGAGAx-1,0.03150522078472115
GATTCAGCAGTTCATGx-1,0.11575616326067742
GATGCTACAACACCCGx-1,0.23677951682108855
GCACATAAGACTGGGTx-1,0.22512218262977254
GCACTCTGTAAACACAx-1,0.026049400512204775
GCAAACTGTTCCCTTGx-1,0.2335263274294293
GATTCAGAGCGATGACx-1,0.16897192609537426
GCAGTTATCACCTCGTx-1,0.0901583913277344
GCACTCTCACATGGGAx-1,0.34969071011390135
GATGAGGGTCATGCATx-1,0.04251141017545261
GATGAAACACGGCTACx-1,0.0362773572516686
GATGCTACATCGGGTCx-1,0.21319856083150615
GCAGTTACAAGTTAAGx-1,0.046684074294454175
GATGCTACAACAACCTx-1,0.3161489574503919
GCAGCCACAGGTTTCAx-1,0.24272293044198326
GCAAACTAGTTGTCGTx-1,0.04416455530998535
GATGAGGGTGGCTCCAx-1,0.04406741526505387
GATTCAGCAATGGTCTx-1,0.04566368151257119
GCACTCTGTTAGGGTGx-1,0.08240628204758982
GATGCTATCCGGGTGTx-1,0.17753733554947387
GCAGCCACAAGACACGx-1,0.10022543839418478
GCACATACAGCGATCCx-1,0.29465245867351386
GCAGTTATCCGTTGCTx-1,0.05644282114743916
GATTCAGGTGACTACTx-1,0.3663495037641006
GATGCTAGTAAGTGTAx-1,0.0748148796322724
GCACTCTAGCGTAATAx-1,0.04673879264085443
GCACATAGTACCATCAx-1,0.24448425012326747
GATTCAGGTTGATTGCx-1,0.20378840121460634
GCACTCTTCTTAGCCCx-1,0.051760659407408136
GCAGTTAGTCGCCATGx-1,0.3239161240710113
GCAATCATCCCTAACCx-1,0.1606566859061933
GCATGATCAAGGACTGx-1,0.37823811768905236
GCAGCCAGTGGTGTAGx-1,0.042677535173652595
GCAGTTATCCCATTATx-1,0.060851463953435034
GCAGTTATCAAGCCTAx-1,0.22378565523967509
GATGAAAAGGTCGGATx-1,0.056946650029275445
GATGAGGCACGGCGTTx-1,0.09668143956484236
GCATACAAGGCATTGGx-1,0.24082924563959093
GATTCAGAGCACAGGTx-1,0.2645560490950811
GATGAGGAGGTAAACTx-1,0.17516029597368976
GCACATAGTGATGATAx-1,0.05775228159095666
GCACTCTTCACAGGCCx-1,0.04220467047024124
GATGAGGGTCTCAACAx-1,0.04472823364454505
GATGAGGAGTGCCAGAx-1,0.28883577073215616
GATCTAGCAGCTGCACx-1,0.06841709045906835
GATTCAGTCGGTGTTAx-1,0.12507321541922994
GCAATCAGTTCGTTGAx-1,0.24181332095853117
GATGCTAGTCATTAGCx-1,0.2016391626197995
GCAGTTATCAAGAAGTx-1,0.23971764539548507
GATGAGGAGGCATGGTx-1,0.041169960953409905
GCACATATCAGGCCCAx-1,0.1894070797736998
GATGAAATCAGGCCCAx-1,0.2710542965641536
GATGAAATCCCTCAGTx-1,0.19220905330340354
GATGAGGTCGTTACAGx-1,0.05672255235880994
GATGCTAAGCGCCTTGx-1,0.04578281170225024
GCATACACATCCTAGAx-1,0.15042591444256212
GCAGTTACAGTCGATTx-1,0.20799488461372434
GCACTCTCACAAGCCCx-1,0.24219934226009288
GCAAACTCAAGTTAAGx-1,0.032086004329185194
GCAATCATCTTACCTAx-1,0.23661397789971642
GATGAAAAGGCAGTCAx-1,0.0743112323065886
GATGAGGTCCGTTGCTx-1,0.2626330520949693
GATGAGGTCTACTATCx-1,0.28432283738714487
GCAGTTAAGACAGAGAx-1,0.0410521030762263
GCAGTTACACAGCCCAx-1,0.04817763749720314
GATGCTACATCCGGGTx-1,0.06155767190331424
GCAAACTGTCAGTGGAx-1,0.28684176733837863
GCAAACTGTTATCACGx-1,0.14653198961694044
GATCTAGCACGGTTTAx-1,0.03812976471943333
GATGAAAGTTCAGACTx-1,0.3381065668553167
GATCTAGCAGCCAGAAx-1,0.2935654785335968
GCATGATCACCAACCGx-1,0.05228480686675089
GATGAGGCAGTAGAGCx-1,0.12690547503112276
GCGACCACAAAGGTGCx-1,0.15046550311467025
GCGCGATTCGTTGACAx-1,0.11091023960468495
GCGCGATAGGCCCGTTx-1,0.04901604333175426
GCGCCAAAGGGAACGGx-1,0.23913825571022354
GCGGGTTGTACAGACGx-1,0.047420756173405056
GCGCGATCAGGTTTCAx-1,0.05433652696305925
GCGCGATGTCTCTTATx-1,0.0452604157282024
GCCAAATGTTACAGAAx-1,0.24642758793041786
GCGAGAAGTAGCGTCCx-1,0.08371101489989208
GCGGGTTCACATCCAAx-1,0.11128048497865842
GCGGGTTAGCTGATAAx-1,0.1256549943278767
GCGCGATTCGGCGCTAx-1,0.02721625057719888
GCCTCTAGTGATAAGTx-1,0.049973246547020234
GCATGTAAGCTCCTTCx-1,0.03990748184534224
GCGAGAATCAACACTGx-1,0.236798015151692
GCGAGAACATGTCTCCx-1,0.05243350268272635
GCGGGTTTCGTCGTTCx-1,0.31851304060300717
GCGCAACAGGCTCTTAx-1,0.06801577886223677
GCATGTATCGTTACAGx-1,0.04182187778899236
GCGCAGTCAATCAGAAx-1,0.13695129951463444
GCATGCGAGTGTCTCAx-1,0.05841454709294418
GCCAAATCATATGGTCx-1,0.048326280714150086
GCGCGATGTCGGATCCx-1,0.05515752352405966
GCCTCTAGTTCCACAAx-1,0.036150488853979236
GCGCAACGTGTTCTTTx-1,0.2332314886163187
GCGGGTTCACCAGGTCx-1,0.042816243638667116
GCGGGTTCACTCTGTCx-1,0.051074833488155585
GCCTCTACAGGTGGATx-1,0.244568051796197
GCGCGATGTAAATGTGx-1,0.24671131667856586
GCGCGATGTGCACCACx-1,0.04536002060384304
GCGGGTTCAGACAAGCx-1,0.058679679698488536
GCATGCGGTCTTGCGGx-1,0.362937044188819
GCGACCAAGACTGGGTx-1,0.42543563118281086
GCGCCAACAACACCCGx-1,0.060390549791963226
GCGCAGTGTTGTCGCGx-1,0.051053892124699476
GCCAAATAGTCAAGCGx-1,0.24982025452379736
GCGCGATTCGAACTGTx-1,0.05039114138496093
GCCAAATAGCGTAGTGx-1,0.0665387292896175
GCGCAACCAGAGCCAAx-1,0.24807956414072346
GCGCGATAGTCGTACTx-1,0.042095615186970754
GCATGTAGTGCACTTAx-1,0.040433714542706604
GCGCAGTAGATGTCGGx-1,0.05331099140989257
GCCTCTAAGTGAACGCx-1,0.14010964652466687
GCGCCAAGTTCAGTACx-1,0.27719606590627455
GCCAAATCATAACCTGx-1,0.07016306947596797
GCGCAACTCGTACGGCx-1,0.2073696399230573
GCGCCAAGTACATCCAx-1,0.2583410747025192
GCGCGATTCCAGAGGAx-1,0.21573389038021384
GCATGCGTCACAATGCx-1,0.044248950989772974
GCGCCAAGTTGACGTTx-1,0.2567098258161414
GCATGTAGTTATCCGAx-1,0.04577869647514558
GCGCAACCAATAGCGGx-1,0.07971666583963688
GCCAAATAGTTGCAGGx-1,0.1282941335284804
GCGCCAAGTCTCATCCx-1,0.3068499016582472
GCGCAACAGCGTGTCCx-1,0.04846991495245433
GCGCAGTCAAACCCATx-1,0.23215836423541125
GCGCCAATCTGACCTCx-1,0.06011836074074249
GCATGTATCCATGAGTx-1,0.05218304395916993
GCATGTATCTTTACGTx-1,0.028813021192208216
GCGACCACACGAAGCAx-1,0.24877191921918287
GCGAGAACACGGCCATx-1,0.05178055026541937
GCATGCGTCAATAAGGx-1,0.1324483423178503
GCATGTACATGGTCTAx-1,0.18544990311785486
GCGACCATCTTAACCTx-1,0.133756397912689
GCGCAGTTCTTGTTTGx-1,0.1007936371884245
GCGAGAACACCCAGTGx-1,0.0464315147998843
GCGCAGTCACGAAGCAx-1,0.04238744294298446
GCCTCTACAGAAGCACx-1,0.07037509684816703
GCATGCGGTACTCTCCx-1,0.24046130234229043
GCCAAATCACCAGCACx-1,0.04482013945759275
GCGCAGTAGACAGAGAx-1,0.04827365313245504
GCATGCGGTGGTGTAGx-1,0.0386068554823189
GCGCCAACAAAGTGCGx-1,0.04590236622971533
GCGGGTTTCTCGAGTAx-1,0.06000757636793529
GCGGGTTTCGTTGCCTx-1,0.029621702439456235
GCGCAGTTCGTAGATCx-1,0.06978323375495793
GCGCCAATCGTGGGAAx-1,0.03798371401688069
GCATGTACACCACCAGx-1,0.1032951810826417
GCGAGAAAGTAGCCGAx-1,0.046923208854952325
GCATGCGAGTGTGAATx-1,0.07088218010181212
GCATGTAGTTCCATGAx-1,0.45032527181215937
GCGAGAAGTAAACGCGx-1,0.0695759096629805
GCGCGATTCTCCAACCx-1,0.050248391710582055
GCATGATCAGCGATCCx-1,0.050330965786568635
GCGAGAACACTTAAGCx-1,0.24886034225460169
GCGCAACGTACTCTCCx-1,0.05700568832734446
GCGCAGTAGGTCATCTx-1,0.2830827260248161
GCATGCGGTGGTACAGx-1,0.05546031733163913
GCGCCAACAAACTGCTx-1,0.3310339677236512
GCGAGAAAGCTAACTCx-1,0.029607687846898333
GCTCCTAGTATAGGGCx-1,0.03953836364932261
GCGCCAATCAATCACGx-1,0.07998288673853862
GCGCCAAAGGGAGTAAx-1,0.05523260299567382
GCATGTAAGGCTATCTx-1,0.2210664119447785
GCATGTAGTCCGAATTx-1,0.25174682051596886
GCCAAATCAGTCGATTx-1,0.2275235244934617
GCTCCTACAAGCCATTx-1,0.03156781641036732
GCGACCACAAAGCGGTx-1,0.3301302196437475
GCTCCTAGTTCAGTACx-1,0.06129812638442755
GCTGCAGCAACGATGGx-1,0.08689247901421922
GGAAAGCAGATGTAACx-1,0.22302903063986249
GCTGCGATCAACGGGAx-1,0.2056449310025082
GGACGTCGTACCGAGAx-1,0.1499585205696298
GCTGGGTAGCACGCCTx-1,0.23802314415647519
GGACGTCCACATCTTTx-1,0.04684334521524479
GGACAAGTCAACGGGAx-1,0.05331982658697136
GGACAAGTCATGCTCCx-1,0.17342020044686618
GGAACTTGTCACAAGGx-1,0.04660165818319389
GCTTGAAAGGGAGTAAx-1,0.0588265631124496
GGAACTTTCTTGTCATx-1,0.23385472193840945
GCTGCGACAGTCAGCCx-1,0.26741984643699396
GCTGCGAAGTACGCCCx-1,0.06497257198172038
GGAACTTAGGGAGTAAx-1,0.2700800476619415
GGACAGACAACTTGACx-1,0.2285539251583202
GGAAAGCTCCGCGTTTx-1,0.03958113604221368
GCTTGAAGTACTTAGCx-1,0.046046639682474466
GGAAAGCAGCAGCGTAx-1,0.046461717556315375
GGAATAATCGTCCAGGx-1,0.16236673396261997
GGACATTTCTTCCTTCx-1,0.4598574044966387
GGAAAGCAGTCATGCTx-1,0.49263844272246005
GGAATAACACAGCCCAx-1,0.04663135043898678
GGACATTGTGTGTGCCx-1,0.13334079671585078
GGAATAAGTCGCTTTCx-1,0.1486281288953808
GCTGCAGCATGAAGTAx-1,0.09211137573839073
GCTGCTTTCTTAGCCCx-1,0.22805862404747632
GGACAGACAATGCCATx-1,0.05262886572653812
GCTGCGATCCGTTGCTx-1,0.04761923357842293
GCTGCGAAGGAATCGCx-1,0.0774211188803819
GCTTGAATCCGCATAAx-1,0.059196521217227314
GGACAAGGTCTGCCAGx-1,0.10131288339970984
GGAATAATCTCAAGTGx-1,0.5290025609514315
GGACATTCATACTACGx-1,0.3607711230361162
GCTGCTTAGTAGCCGAx-1,0.30641835095190056
GGACATTTCTTGAGACx-1,0.19990188504184922
GCTGGGTTCGTTACAGx-1,0.23744118084990995
GCTGGGTGTAGCGTGAx-1,0.03963850485784106
GCTTCCAAGATATGGTx-1,0.2405999228958141
GGACAGAGTTCTCATTx-1,0.14848552711992433
GCTGCTTGTCCATCCTx-1,0.07572586662849182
GGAACTTGTGTGCCTGx-1,0.060618150821883904
GCTGGGTCAGCCAATTx-1,0.20105409306309002
GCTTCCAGTTACCAGTx-1,0.07145616857157876
GGAATAAGTATCAGTCx-1,0.15146436140073447
GCTGCTTCAGGATTGGx-1,0.27874000531586896
GCTTCCAGTGACTACTx-1,0.2148600330359676
GGACATTGTCACCCAGx-1,0.32590534855901565
GGAATAAAGCTGCGAAx-1,0.07011769661005009
GCTCTGTTCACCACCTx-1,0.22599466174473581
GCTGGGTTCAACACGTx-1,0.051267590217518165
GGAACTTAGGGCTCTCx-1,0.13274941699511586
GCTTGAATCGTTGCCTx-1,0.35568615529259484
GGACGTCAGAGGTTATx-1,0.15783151978939444
GCTTCCATCGCGATCGx-1,0.21110808739188602
GGACAGAAGATGTCGGx-1,0.0626481859787803
GGACATTCATCGGAAGx-1,0.0474560059670586
GGACATTCAGTCACTAx-1,0.07156992562134645
GGACAGAGTCCATGATx-1,0.045729766645946905
GCTTGAACAGGGTACAx-1,0.2026631820601862
GGAAAGCTCAGCTTAGx-1,0.1914879314005804
GCTCTGTTCAATCTCTx-1,0.18375677963077502
GCTGCGAAGGCTACGAx-1,0.041821324205460274
GGACGTCAGTATGACAx-1,0.040987324831554775
GCTGCTTGTAGGGTACx-1,0.2310858519575191
GCTTCCAAGCAGATCGx-1,0.26475094719738246
GGAATAAAGCGATCCCx-1,0.14193645705793273
GGACAAGAGTTATCGCx-1,0.27228132923365495
GGACATTAGCTAACTCx-1,0.04602930117276285
GCTCCTAGTTGCCTCTx-1,0.18955066132984577
GGACATTAGACACGACx-1,0.05234795484452141
GCTTGAACATCGGTTAx-1,0.03726258269891696
GCTGCTTTCGACCAGCx-1,0.1462222652843453
GGAAAGCGTCCGTTAAx-1,0.034554083310010815
GCTGGGTCATTGAGCTx-1,0.45235297000024144
GCTGCAGAGTCTCAACx-1,0.041647328915701595
GCTTGAATCTAACGGTx-1,0.0723286204562597
GCTTGAATCCAAACACx-1,0.06844223311172491
GGAAAGCAGCTGCCCAx-1,0.04787618344258745
GGACAAGAGCTAGGCAx-1,0.044693045447174
GGACATTGTTATCGGTx-1,0.3453961235576274
GCTTCCACACTTCTGCx-1,0.09947250403139464
GCTTCCAAGGATCGCAx-1,0.06078095383346627
GCTGCGATCATGCATGx-1,0.04488211508920292
GCTGCGATCGTTACAGx-1,0.31394062342434237
GGACAAGTCCTTTCGGx-1,0.04769402273806681
GCTTCCAAGCTAACTCx-1,0.08598444646154631
GGAATAAAGGTGTTAAx-1,0.03340961915779856
GGACAAGCAGGAACGTx-1,0.04588592688078506
GCTGCTTCATGGAATAx-1,0.18562708678624537
GGACAGAGTGAGGGAGx-1,0.1033336388048103
GGAACTTGTTCCCTTGx-1,0.20970395730941202
GGACATTCAAGCTGAGx-1,0.2277482056361647
GCTGCAGGTCAAAGATx-1,0.23702237099236156
GGACGTCGTCCGTTAAx-1,0.3069622947714943
GGACAAGAGGAGTTTAx-1,0.18284908800013497
GGATTACCAAGAAGAGx-1,0.06689788507192912
GGCCGATCATTCCTCGx-1,0.04730867189164618
GGACGTCTCAACTCTTx-1,0.42375398511521767
GGCCGATTCGTCGTTCx-1,0.2680829293279755
GGGAGATTCTGGCGACx-1,0.10096626978878273
GGCAATTGTAGGGTACx-1,0.04132438286600222
GGCGTGTTCCCTAACCx-1,0.2571868355817775
GGAGCAAGTATAAACGx-1,0.3076543067911979
GGGAATGCAAACGTGGx-1,0.055454195064163596
GGATGTTGTTCCCGAGx-1,0.04348532420430896
GGATTACAGTAGGTGCx-1,0.10377882605419722
GGATTACTCTGAGTGTx-1,0.21916190292018978
GGCTGGTTCAACACGTx-1,0.06260536950147803
GGCTGGTCATATGGTCx-1,0.340084269401124
GGAGCAACACAGGAGTx-1,0.38356279218384753
GGGAATGAGGGAACGGx-1,0.0473812561101165
GGCGTGTGTAGAAGGAx-1,0.08396474303373051
GGGAGATCATTACGACx-1,0.10571581364616148
GGGAATGCAATCCAACx-1,0.052370380347228594
GGATTACGTGGCCCTAx-1,0.04098704650085931
GGATGTTGTGTTCGATx-1,0.1712154168040055
GGCTGGTAGCTAGGCAx-1,0.047696537436581955
GGCCGATGTGCCTGCAx-1,0.045689112239147116
GGAGCAACACCTCGGAx-1,0.4834242649615758
GGCTCGACATTCTTACx-1,0.20957704068466745
GGGATGACAATACGCTx-1,0.43616175434159127
GGATGTTAGGGTGTTGx-1,0.05687138953815765
GGATGTTGTTATCCGAx-1,0.07184837919408327
GGCGACTTCTCGAGTAx-1,0.3447636802984487
GGCGTGTCATCATCCCx-1,0.21415920608360386
GGCGACTTCGTCACGGx-1,0.05127475020629511
GGCTCGACAAGCGAGTx-1,0.21568904931821267
GGATTACTCACTTCATx-1,0.04575644962847851
GGCGACTTCTGTTTGTx-1,0.06594329931941488
GGATTACAGCTGTTCAx-1,0.3880200838486733
GGCTGGTAGATATGGTx-1,0.3033962859444187
GGATTACCATCCCATCx-1,0.3272134428468514
GGATGTTCAGACGCTCx-1,0.044804377450957666
GGCCGATAGGCGACATx-1,0.1770231477669971
GGCAATTGTCGAATCTx-1,0.2501880551678126
GGCGACTAGAGGGATAx-1,0.046980643988067027
GGCCGATGTGAGTGACx-1,0.07559945100007853
GGACGTCGTTCCCGAGx-1,0.26933252223445814
GGATTACCAGTTTACGx-1,0.04795216591858177
GGAGCAATCCGAGCCAx-1,0.08813516954597836
GGCAATTTCCGGCACAx-1,0.25661762633554824
GGACGTCTCCGTAGTAx-1,0.04652329322090996
GGATTACGTGATGCCCx-1,0.05164303519667239
GGCTCGACAGCCAATTx-1,0.04206451255310286
GGATTACTCAGTTGACx-1,0.051198585846482084
GGCGTGTTCTGTGCAAx-1,0.0397618207058773
GGCCGATTCTTCGGTCx-1,0.10539439071596791
GGCTCGACAGTACACTx-1,0.0588363221926517
GGATTACTCATTGCCCx-1,0.037131781151337764
GGCGACTTCAATCACGx-1,0.04598274553067546
GGCCGATAGGTGCACAx-1,0.25705377505740723
GGCGACTGTGGTGTAGx-1,0.2570808773506167
GGCGTGTGTCGGATCCx-1,0.039597919113695555
GGCTCGAGTCGTGGCTx-1,0.05334470993977875
GGCGTGTGTACCGCTGx-1,0.05047409213370561
GGCTGGTTCTCGAGTAx-1,0.09053931655175645
GGCCGATAGACTCGGAx-1,0.045532630877807886
GGGAATGGTCGACTGCx-1,0.21444163737919889
GGCGACTGTCTTCGTCx-1,0.04161939607291162
GGGAATGCACATTTCTx-1,0.1022239685408899
GGGAGATAGTCTCCTCx-1,0.05180440660514923
GGAGCAACATGACATCx-1,0.13158330907561483
GGGAATGGTGACTCATx-1,0.1315277120264675
GGGACCTCATGTCGATx-1,0.19153783088181678
GGCTCGATCAGTTCGAx-1,0.06296326964617001
GGCTCGAGTTCGTCTCx-1,0.2176946201907335
GGGAATGCAAGTCTGTx-1,0.29668016899882055
GGGAGATAGTTGTCGTx-1,0.15694796982915435
GGGAGATCAAGTAGTAx-1,0.2441207705704082
GGATTACGTTAAGGGCx-1,0.04613343695119692
GGGAGATTCAAAGTAGx-1,0.21952915420603736
GGCGACTGTGATAAACx-1,0.23850853641640674
GGAGCAACAATCCGATx-1,0.3463361616860422
GGCGTGTGTATGCTTGx-1,0.06481471866425531
GGCGTGTGTACATCCAx-1,0.17040486910009195
GGATTACAGGCCCTTGx-1,0.17410690388179112
GGCTCGAGTTCCACGGx-1,0.03673513955328958
GGGAATGCAAACCTACx-1,0.17946174213882735
GGGAGATCAGCTGTGCx-1,0.2638519978811005
GGCAATTTCGCCAGCAx-1,0.16074110487311313
GGCGTGTTCATGCATGx-1,0.04586028140548454
GGGAATGCACCACCAGx-1,0.18827316063339913
GGATTACTCCGGGTGTx-1,0.07796952042863937
GGATTACTCTGCGGCAx-1,0.052598716296734536
GGCAATTTCGGAGGTAx-1,0.0936249983687882
GGAGCAAAGTACACCTx-1,0.1876683165447948
GGCGTGTCAATCTACGx-1,0.04101988780718472
GGGAGATTCAACGGGAx-1,0.048360608866363584
GGCAATTCACCACCAGx-1,0.04692976149040461
GGCTCGATCTGGTGTAx-1,0.22275422997177044
GGGAGATTCTGGTGTAx-1,0.2654778562142889
GGAGCAACACCACCAGx-1,0.2184509963606676
GGGACCTAGTGCGATGx-1,0.04905172678020025
GGGATGACAGATAATGx-1,0.058801697231313996
GGCAATTGTTCGTCTCx-1,0.24536474303116576
GGTATTGCATAAGACAx-1,0.05726760208654982
GTAGGCCAGCGGATCAx-1,0.1905883353807801
GGGATGAGTCCGAGTCx-1,0.19643859855838738
GGTGAAGCATACTACGx-1,0.3677729565639863
GTACGTAGTATATGAGx-1,0.13608680719856692
GTACTTTCACGGTGTCx-1,0.26384229305557494
GGTGCGTGTATATGAGx-1,0.22569263406746728
GGTGTTAGTACCGGCTx-1,0.05087590843726653
GTACTTTTCTAACCGAx-1,0.07227597320837559
GTACTCCGTGTCAATCx-1,0.041053449830109855
GGGTCTGCATGTAAGAx-1,0.06068204447549465
GTACTTTCAAGGCTCCx-1,0.20887445785347394
GTACTCCTCTGACCTCx-1,0.04350992454846801
GTACTCCGTTGGGACAx-1,0.2270644848595588
GTAACGTTCTAAGCCAx-1,0.03736529642880542
GGGCATCGTACAGCAGx-1,0.04625231390157295
GGTGTTAAGTGGTAATx-1,0.25892807283635527
GTAACTGTCTCGGACGx-1,0.08092131599436508
GGGTCTGCATGAACCTx-1,0.0394686709134499
GGGTCTGCACTCAGGCx-1,0.04682750423018006
GGTGTTAGTCTTGCGGx-1,0.3516651156766556
GTACGTAAGTGACTCTx-1,0.27797756182733435
GTAACGTCACGCATCGx-1,0.2289083426735762
GGTGTTAGTGATAAACx-1,0.08889189709983437
GGGCACTAGGCAATTAx-1,0.08120709848034603
GGTGTTAGTAAAGTCAx-1,0.04960209236656848
GGTATTGTCCAAAGTCx-1,0.13572281038021713
GGGTCTGCAAGCTGAGx-1,0.058497438173283116
GTACTTTAGCACACAGx-1,0.03669790907891021
GGTGTTAGTGGCCCTAx-1,0.04553354027222897
GGGCACTCATCCAACAx-1,0.0384289232593978
GTAACGTGTTCACCTCx-1,0.03632856777841318
GTAACGTGTTAGTGGGx-1,0.11942000581609294
GGTATTGGTAGCGCAAx-1,0.1615880206751272
GTACGTATCGGTGTTAx-1,0.08181299179209446
GGTGTTATCTACCAGAx-1,0.06402795802510713
GGTGAAGAGGGATGGGx-1,0.14437977539734861
GGGATGAGTCCTCCATx-1,0.2409697115507053
GTACTCCTCTGGTGTAx-1,0.0446961925382942
GGTATTGAGAAGAAGCx-1,0.03351866505551357
GGGCATCTCGGAGCAAx-1,0.07771290187720482
GTACTTTGTAATCGTCx-1,0.07803659717627408
GGGTTGCAGGACCACAx-1,0.10220133099964547
GTAGGCCCATACGCCGx-1,0.1711420040539003
GGTATTGTCCACGACGx-1,0.04033278142944226
GGTGCGTCACACGCTGx-1,0.11879401024132367
GTACTTTGTCGCCATGx-1,0.21544421568007488
GGTGAAGGTCGGCATCx-1,0.1530419950551945
GTAACTGCACACATGTx-1,0.04121150320149592
GGGCATCGTCGCCATGx-1,0.029664340632171514
GGTATTGTCAGTGCATx-1,0.057514989977918915
GTACTCCGTATGGTTCx-1,0.4014290733046001
GTACTCCTCTACTCATx-1,0.03783764190904158
GGTGAAGTCAAGATCCx-1,0.43258118348363345
GGTATTGAGAAGGCCTx-1,0.04267943079581073
GTAACGTAGTTAAGTGx-1,0.04955903817228447
GGTGCGTCAGCTCGCAx-1,0.18083428884415959
GGGTCTGCAACGATGGx-1,0.17673389448655744
GGGCACTAGGTGCACAx-1,0.30866472031483727
GTAACTGGTTCGTGATx-1,0.0360205572642083
GGGTCTGCATTACGACx-1,0.1453110966745977
GTACTTTTCCACGACGx-1,0.18877303944217008
GGTGCGTCAGCTTAACx-1,0.050801891125590866
GTACTCCAGGGAAACAx-1,0.05763787259244973
GGTATTGGTGCAACTTx-1,0.12237987595517873
GGGATGACATTTCAGGx-1,0.22709041315378156
GGTATTGAGGATGGTCx-1,0.03951313998109899
GGTGCGTCAGGTCGTCx-1,0.0777460823935665
GTACGTAGTACAGTGGx-1,0.05178547446032557
GGTGTTATCTAACTCTx-1,0.03347673296386444
GGTGAAGAGAATAGGGx-1,0.12158837410556636
GTACGTACACATGTGTx-1,0.045377096765866105
GTACGTAAGGCCCTTGx-1,0.12960006140077895
GGGATGAGTAAGTGGCx-1,0.045547640763355025
GGGCACTAGTGGAGTCx-1,0.05252470760925519
GGGCATCCACAGGTTTx-1,0.040838742521170195
GTACTCCAGTAAGTACx-1,0.046843439827131295
GTAACGTCAAGGTTCTx-1,0.04539405302342134
GGGTCTGAGTAAGTACx-1,0.13218756071151477
GGTGAAGCATGGGAACx-1,0.1885564348132463
GGTGTTAGTTCGGGCTx-1,0.19723988239962809
GTACTTTGTGAGGCTAx-1,0.06689506346387167
GTAACTGCAGATCTGTx-1,0.24879915680878673
GGTGAAGTCGAATGGGx-1,0.27491846505986983
GGGTCTGAGGTGATTAx-1,0.22311077817236163
GGTATTGTCACGATGTx-1,0.053893234794196526
GGTGTTACAGGATTGGx-1,0.2255480817372268
GTAACTGCAAGGGTCAx-1,0.07945462601697287
GTAACTGGTGACGGTAx-1,0.20012316534712826
GGGTTGCTCATTTGGGx-1,0.036688202442136685
GGTGTTAGTATTCTCTx-1,0.11205111918563862
GTCGGGTAGACACGACx-1,0.25382314958215707
GTCACAAGTAAACCTCx-1,0.048901618407769215
GTCACGGTCCTAGGGCx-1,0.2671465170884974
GTCACAAAGGGCACTAx-1,0.07584028124012049
GTGAAGGGTCCGTTAAx-1,0.048278282236693566
GTATCTTCATAGAAACx-1,0.05097882994055912
GTCATTTTCGCATGGCx-1,0.05795159978851199
GTCGTAAAGCTCAACTx-1,0.21555766625260464
GTCGGGTGTCCGCTGAx-1,0.08590464027080306
GTATCTTGTTTGGCGCx-1,0.2299149223432122
GTCGTAATCGATGAGGx-1,0.0803243108436897
GTCACAAGTCCCTTGTx-1,0.43101192840108565
GTATTCTTCTTAACCTx-1,0.12150004332774123
GTATCTTGTTTGTTTCx-1,0.07815132638310052
GTCAAGTAGCTGCCCAx-1,0.03386023690905908
GTCGTAAAGATAGCATx-1,0.04114919087198362
GTATTCTTCCGTACAAx-1,0.05142493468408319
GTGAAGGGTCAGAAGCx-1,0.04013025875732214
GTATCTTCACGGATAGx-1,0.05904616744404479
GTAGTCAAGTACGTAAx-1,0.1843383070373846
GTCACGGTCAATCTCTx-1,0.2527704105082662
GTCTCGTGTCCGAACCx-1,0.29162718669823934
GTCGGGTCAATGGAGCx-1,0.16097092511403968
GTCAAGTTCTTGAGGTx-1,0.07141082400731648
GTCTTCGTCGTACGGCx-1,0.18798812764504805
GTATCTTCACATCCGGx-1,0.04951400780068744
GTCGTAAAGGGAAACAx-1,0.16290541132964162
GTCATTTAGGCTAGACx-1,0.2339062343345828
GTCATTTAGCACCGCTx-1,0.043798990512945606
GTCCTCAGTCATATGCx-1,0.05293163363036981
GTATCTTGTTTCGCTCx-1,0.08964260449945755
GTCGGGTAGATGCGACx-1,0.09431177151222624
GTAGTCATCTGGTGTAx-1,0.20580291272258858
GTAGTCACATGCTGGCx-1,0.044876666554359484
GTCGGGTAGGTGTTAAx-1,0.04526483578789936
GTCGGGTCATCCCACTx-1,0.2768632317302144
GTAGTCATCCTAGAACx-1,0.04960513150674171
GTCTCGTCATATGGTCx-1,0.21592474520403404
GTCTCGTAGCTCCTTCx-1,0.23061561741687192
GTCAAGTGTTTGTGTGx-1,0.04772621829338571
GTCTCGTGTTCCAACAx-1,0.306934424778421
GTCTTCGGTTGTGGCCx-1,0.07448848456568882
GTCCTCACAAGGACTGx-1,0.22258496100547084
GTAGGCCGTCATTAGCx-1,0.25725142266755974
GTCACAAAGGTGATTAx-1,0.033374654010882
GTCGTAATCGTTACAGx-1,0.24365176265056984
GTCGGGTCATCGGACCx-1,0.04583232784515759
GTAGTCACATGCGCACx-1,0.03302760658860059
GTCATTTAGCTAGGCAx-1,0.19258156810077007
GTCACAACATGCGCACx-1,0.04959166504223739
GTATTCTGTCCGAAGAx-1,0.1517391616558581
GTCTTCGCATATGAGAx-1,0.03896653577669089
GTAGTCAAGTCTCAACx-1,0.04791845811668296
GTATCTTTCTGCGACGx-1,0.1460405148716645
GTCTCGTTCTTTAGGGx-1,0.07876864391012582
GTCATTTAGTCCGGTCx-1,0.0895861605389421
GTCACAAAGCCTCGTGx-1,0.04604516411077721
GTCGGGTTCGCCCTTAx-1,0.15994855820351928
GTCATTTGTCGCGTGTx-1,0.0588811103575002
GTAGTCAGTTATGCGTx-1,0.03148541518608176
GTCACAATCCTTGACCx-1,0.11737157849104245
GTAGGCCGTGGTTTCAx-1,0.05007008508855392
GTATTCTAGCTCAACTx-1,0.057767642470942446
GTATTCTGTCTAGCCGx-1,0.3285261820034097
GTCCTCAGTAGGCATGx-1,0.261718213768977
GTAGTCACACTGTCGGx-1,0.05912142290214075
GTCAAGTAGATGCGACx-1,0.04937004584564528
GTCGTAAGTCCTCTTGx-1,0.1373396972221387
GTCCTCATCACCAGGCx-1,0.14374928033879722
GTAGGCCTCGTCACGGx-1,0.23691474591342782
GTCACAAGTACAGACGx-1,0.07314181981225615
GTCAAGTCATTAGCCAx-1,0.26500100211272093
GTATCTTGTATATGAGx-1,0.2519764106477253
GTCTCGTTCTCACATTx-1,0.052789592866259706
GTCGTAAAGCCTTGATx-1,0.10130592089192321
GTGAAGGCAGGTCTCGx-1,0.11979654343003153
GTATCTTCACCGAATTx-1,0.04649542328181453
GTCTTCGGTTACGTCAx-1,0.05286195857119981
GTATCTTCAGCCAGAAx-1,0.04902354701548227
GTCACGGCAGCTGCTGx-1,0.5317672075777583
GTATTCTCAGATGAGCx-1,0.20399223799614358
GTGAAGGCATAAGACAx-1,0.04925798210491737
GTCACAAAGGCCCGTTx-1,0.2518609860320826
GTCATTTCAGATCCATx-1,0.17130879575107216
GTCATTTAGACAAGCCx-1,0.10422042909342989
GTCGTAATCGGTCCGAx-1,0.05363952625636404
GTCACGGAGTCCTCCTx-1,0.2561777079458968
GTCACAATCTAGAGTCx-1,0.18516798170356838
GTCTCGTCACCTGGTGx-1,0.3137622303243791
GTCCTCACAATCCAACx-1,0.23302049048168336
GTCACGGAGCTACCGCx-1,0.24310721833682572
GTCACAACAGACAAATx-1,0.04996639443108788
GTAGGCCTCTCCAGGGx-1,0.20991948982442818
GTCACGGAGGTCGGATx-1,0.048412411369637635
GTCAAGTAGCTAACAAx-1,0.04443859332247761
GTAGGCCGTCAGGACAx-1,0.04581605022224228
GTTCTCGTCACCACCTx-1,0.254931531901258
GTTTCTACATTTGCCCx-1,0.07194284620282271
GTTCATTGTTCGAATCx-1,0.05919312488113781
GTGGGTCGTGATGATAx-1,0.12070129903008579
GTTCTCGAGGGTTCCCx-1,0.06322170290476561
GTTCGGGAGGTTCCTAx-1,0.04932599737455227
GTTCATTTCAGTTAGCx-1,0.09642756916444296
GTTCTCGTCCTATGTTx-1,0.04708663531044295
GTGCTTCCACACTGCGx-1,0.05333973245424999
GTTCATTGTATCGCATx-1,0.10860721991810034
GTTTCTAGTCCTAGCGx-1,0.03883776840138162
GTTCGGGAGGGCTTGAx-1,0.19690077330858138
GTGCGGTTCGTTACGAx-1,0.2753094494645013
GTGCGGTTCGCATGGCx-1,0.20783112595322129
GTGCTTCCATTATCTCx-1,0.10426375031788428
GTTCGGGGTCTTGCGGx-1,0.09944770426134758
GTTCATTAGTGTGAATx-1,0.13875583287214377
GTTACAGGTAGCGCAAx-1,0.04772289972297158
GTTACAGCATTGGCGCx-1,0.17918186167370462
GTGGGTCGTCCTCTTGx-1,0.1777741144799501
GTGTTAGTCTTCATGTx-1,0.2509837249814052
GTGCATATCTTTAGTCx-1,0.27862220844238395
GTGGGTCGTATAGTAGx-1,0.15510000941082377
GTTTCTAAGGAACTGCx-1,0.19333140690854014
GTTTCTAGTGCCTTGGx-1,0.04517194587665318
GTTAAGCCAGTTCATGx-1,0.34907420339433937
GTTCGGGGTTGGTGGAx-1,0.1060424421586761
GTGTTAGGTCATCGGCx-1,0.396684582078098
GTGTGCGAGCTATGCTx-1,0.05345568192106286
GTGGGTCCACCCATTCx-1,0.24320613863314547
GTTTCTACAGATAATGx-1,0.2453295648835109
GTGTGCGAGACTAAGTx-1,0.036344690097033915
GTTCGGGGTAGCGATGx-1,0.3928385075059467
GTTCTCGTCGCAAGCCx-1,0.3796774729468025
GTTTCTATCCACGTTCx-1,0.10259834754393184
GTGCGGTCAGGGTATGx-1,0.21538372940410236
GTGCATACAATGACCTx-1,0.08497113580455082
GTGTTAGTCTCCGGTTx-1,0.08108710615831966
GTGTTAGTCCGCATAAx-1,0.3151762804948254
GTGTGCGAGATATGCAx-1,0.19050841087943357
GTTAAGCAGTGACATAx-1,0.04992465761961893
GTGCGGTAGCCGTCGTx-1,0.0677244397323664
GTGCATACACGGCGTTx-1,0.22612650110341848
GTTCATTCAGACACTTx-1,0.055018860222227996
GTGCGGTAGCCCGAAAx-1,0.020687722605877253
GTTACAGAGCTGCAAGx-1,0.08639024283950192
GTGTGCGCAGTATCTGx-1,0.09310553020342094
GTGCGGTAGACTACAAx-1,0.0473422825878502
GTGCATAGTCTTCGTCx-1,0.05083202230935556
GTTCTCGTCTGTACGAx-1,0.0477298266362441
GTGCGGTCATACGCTAx-1,0.05393251244196593
GTGCAGCGTGTTGGGAx-1,0.04713585247631056
GTTTCTACACACCGACx-1,0.36829142649789076
GTGTTAGGTTGCCTCTx-1,0.21449099813814787
GTGCTTCGTAAGTGTAx-1,0.06418412552815032
GTTCTCGTCTGGGCCAx-1,0.2271750144630396
GTGCAGCCATTTCACTx-1,0.31155691583251865
GTTCATTCACCGGAAAx-1,0.22985126450587878
GTTAAGCCACGAAAGCx-1,0.22539326957100966
GTTCGGGCACCAGGCTx-1,0.15427111636311913
GTTCATTGTAAGGGCTx-1,0.03803475264399776
GTTCGGGGTTTAGCTGx-1,0.07295278065275423
TAAACCGAGCGTTTACx-1,0.09665609303592668
GTGCAGCAGGACCACAx-1,0.09798520357375805
GTTACAGGTTATGCGTx-1,0.034175934807545286
GTTTCTACACCTGGTGx-1,0.05835185395121896
GTGCAGCAGCAATCTCx-1,0.042905870466974916
GTGGGTCGTCAAGCGAx-1,0.24032353085758212
GTGCGGTGTTGTCGCGx-1,0.20789095003796634
GTGTTAGTCGTGGACCx-1,0.04359003411244991
GTGCTTCTCTTGGGTAx-1,0.2500377122696293
GTTCGGGCAATCTACGx-1,0.05214597330224012
GTGTGCGAGACTAGATx-1,0.05801764724296028
GTTCATTGTCGAATCTx-1,0.07937638566769112
GTGTGCGTCCAATGGTx-1,0.15097050466174747
GTGCATAGTAAACCTCx-1,0.23679917717111987
GTGCATAAGGTGACCAx-1,0.23720668174625187
GTTCGGGTCGAGCCCAx-1,0.25820246146032827
GTTCATTCACCAGGCTx-1,0.2540913563274554
GTGCATACAGTAAGCGx-1,0.11978117867347546
GTTACAGCACATGGGAx-1,0.07855580884467839
GTGGGTCTCTCCCTGAx-1,0.047649202705829
GTTCATTGTGCACCACx-1,0.04224716910049654
GTTAAGCTCCACGAATx-1,0.04583038987651667
GTGCGGTTCACAACGTx-1,0.037829679317452215
GTGCTTCGTTCCGTCTx-1,0.05353535637338467
GTTACAGGTCTTTCATx-1,0.2149835103233524
GTTCTCGAGTTGCAGGx-1,0.22242981099727094
GTGCGGTAGACACTAAx-1,0.25349385736896185
GTGGGTCGTACACCGCx-1,0.05240644220579628
GTGTTAGCATCAGTCAx-1,0.18844146773333034
GTGTTAGCAGGGCATAx-1,0.04575187847461408
GTGCATAAGGAGTAGAx-1,0.49899356729216243
GTTTCTATCCGCGGTAx-1,0.03431966941530561
GTTCTCGAGCAGCCTCx-1,0.24469581754062508
GTGCATAAGGAGTACCx-1,0.039445095389519375
GTTACAGTCCCGGATGx-1,0.21279189227487955
TACAGTGAGAGTACCGx-1,0.22440952171905204
TACGGGCGTCCAGTATx-1,0.05419759127268364
TACCTTAAGGAACTGCx-1,0.06292708364006219
TAAGAGAGTAGCGTGAx-1,0.04775630310394677
TACTCATGTTGCGTTAx-1,0.32320908248513175
TACGGGCGTCTACCTCx-1,0.06529039222524896
TACCTATTCCCTAATTx-1,0.05295566135401226
TACTTACGTAAAGTCAx-1,0.20028674382721368
TACAGTGTCGGTTCGGx-1,0.3110005134325313
TAAACCGTCGAACTGTx-1,0.040509494394047794
TACTCGCCATGCCACGx-1,0.09877693924456994
TACGGATCAGCTGCACx-1,0.24657465866775147
TACGGTACACCAACCGx-1,0.2651100040623479
TACTCATGTCTAGGTTx-1,0.04860408831328177
TAAGTGCCATGAAGTAx-1,0.07756346921745612
TACGGGCTCCTCAACCx-1,0.04396565606011848
TAAGCGTTCAGTTGACx-1,0.04648648679155588
TACTCATAGCTACCGCx-1,0.041691559863788384
TACTCGCCAAGACACGx-1,0.046282986727192485
TACGGGCGTCCAGTGCx-1,0.08067556165188705
TACAGTGCAGCGTTCGx-1,0.05719387184551941
TACTTACCAGACGCAAx-1,0.20147618204192513
TACTCGCAGGCGATACx-1,0.22619566043755823
TACTTACAGAAGATTCx-1,0.06370628266382884
TACGGTAGTACTCGCGx-1,0.054311652092363424
TACTTACGTTGTGGAGx-1,0.054316548426081225
TACTCATGTCATCCCTx-1,0.17014037211260324
TAAACCGGTATAAACGx-1,0.06304950048908568
TACTTACGTCAACATCx-1,0.03753295523918582
TAAGCGTAGAGCTTCTx-1,0.1373363862342423
TACGGGCAGATAGGAGx-1,0.06845816987903297
TACGGGCTCGCATGATx-1,0.034428159125558744
TACCTTACATGTCGATx-1,0.13825683561988894
TAAGTGCTCACGGTTAx-1,0.06669674316949692
TACAGTGAGGACAGAAx-1,0.11489079505135896
TACCTATGTCATGCATx-1,0.04595561630070281
TACTTACAGATGGCGTx-1,0.04842804575778003
TAAGCGTCAGGCGATAx-1,0.060589147223573545
TACGGTATCGCAGGCTx-1,0.019599775774071085
TACGGGCCACAAGTAAx-1,0.11860328758786069
TAAGTGCGTTCAGGCCx-1,0.2711018513893536
TACGGATTCTGCGGCAx-1,0.04198288741750815
TACAGTGAGTACGATAx-1,0.05263482152643166
TAAACCGCAGATGGCAx-1,0.2514864021800465
TACCTATTCTTCAACTx-1,0.045318554995830644
TACTCATTCGTTACAGx-1,0.26256658514915887
TAAGTGCTCTTGCAAGx-1,0.10640790706808641
TACTCATAGACCACGAx-1,0.23182575453695536
TAAGTGCGTTACGTCAx-1,0.20257751092597884
TAAACCGGTTAAGAACx-1,0.10814067245952555
TACTCATGTCCAGTTAx-1,0.19357421174316614
TACCTATCAAGGTTCTx-1,0.12497775349754807
TACACGACAAGCCATTx-1,0.1845869520605308
TACGGATGTTCCATGAx-1,0.04552162665645256
TACGGTATCCAAACACx-1,0.14521440450643303
TAAGCGTAGGAGTACCx-1,0.2133974996022662
TACAGTGAGGCGTACAx-1,0.049124797122551106
TACAGTGCATGAACCTx-1,0.2718016652322299
TAAGTGCTCATGCTCCx-1,0.06067275651562832
TACGGTATCTGCTGCTx-1,0.3828738994161504
TAAACCGTCGCCTGTTx-1,0.31568201479197766
TACACGAAGAATTCCCx-1,0.03456024507580284
TACGGGCTCCTTGCCAx-1,0.0391050372260766
TACCTATGTCTCAACAx-1,0.2532397194769424
TACTCGCCAGGTCGTCx-1,0.20013929695165986
TAAGCGTAGGCAGGTTx-1,0.031088217136044247
TACTCGCGTGGTTTCAx-1,0.21142673796438
TAAGCGTGTTATCGGTx-1,0.44226393185111207
TACTCATTCTAACTCTx-1,0.25030050207943005
TAAGAGATCCAGTATGx-1,0.04928253769999822
TACGGATAGTACGCGAx-1,0.04363725775587182
TAAGAGATCAACGAAAx-1,0.04200705053657567
TACGGATCACCATCCTx-1,0.24453727460574654
TAAGTGCCATCGGTTAx-1,0.04963715999782481
TACGGATCAAACTGTCx-1,0.037645135024987536
TACACGATCAGCAACTx-1,0.40631738274715645
TACGGTAGTCGCATCGx-1,0.20806214906300927
TACTCGCAGCAAATCAx-1,0.2256498759209028
TACGGTACATGAAGTAx-1,0.11707147250058605
TACTTACCAGTCAGAGx-1,0.26975217081208874
TACGGGCCATAGTAAGx-1,0.04728533044153732
TACAGTGCATGTCGATx-1,0.13813630799945134
TACCTATCATGCCCGAx-1,0.059756465900316455
TACTTACCATCGACGCx-1,0.05251561389974796
TACGGGCGTGTCCTCTx-1,0.04611846068360322
TACCTATTCATGCTCCx-1,0.2276473833663376
TACACGACAAGTTAAGx-1,0.0455238640457136
TACGGATGTCTCTTTAx-1,0.048640804943769524
TAAGCGTAGAGTGAGAx-1,0.11673312894822097
TACTTACAGGTGATATx-1,0.28380248326490676
TACGGATTCTTGAGACx-1,0.27076677107970365
TACGGATGTAGCTAAAx-1,0.056580041285737445
TACTCGCCAGTAAGCGx-1,0.06328712339699238
TACCTTATCGCCAAATx-1,0.05778149360345396
TACAGTGCAACTGCGCx-1,0.05205150226616692
TACGGTATCCGCATAAx-1,0.04680837823220454
TACCTTAAGAACAATCx-1,0.050033525864006986
TCACAAGAGAATAGGGx-1,0.07143808108177552
TATCTCAGTCAAAGCGx-1,0.2789251570957244
TAGTTGGCAGCTTCGGx-1,0.05620791330203192
TCACAAGAGACAATACx-1,0.16032371397815146
TATGCCCTCACGACTAx-1,0.05379247069921761
TAGTTGGTCACGAAGGx-1,0.08266656053263591
TCACAAGAGTACGACGx-1,0.3488293375919849
TCAACGACAAGAGTCGx-1,0.09659467668561503
TAGCCGGTCTGCTGTCx-1,0.08390803696207434
TAGTTGGTCCGGGTGTx-1,0.24391778295884017
TAGACCAAGATCGGGTx-1,0.3118218152553919
TAGAGCTCAGTCAGCCx-1,0.06753164319008381
TACTTACTCGTGTAGTx-1,0.14768509582655764
TCAATCTCATTTGCTTx-1,0.28353385695415534
TACTTGTCACACAGAGx-1,0.21137681620731108
TATTACCTCCTATTCAx-1,0.17631082843034412
TCAATCTCATGCAACTx-1,0.1747324825239168
TAGTGGTAGGTCGGATx-1,0.2396584937686284
TATGCCCCAACACGCCx-1,0.13302915693402245
TATCTCATCTAACGGTx-1,0.05598232936954615
TATGCCCAGTCTCGGCx-1,0.05705636523255587
TACTTGTTCACGACTAx-1,0.22776903337370408
TAGAGCTAGCCAGAACx-1,0.5676942276578136
TATCAGGTCTCAACTTx-1,0.29411625189344437
TAGAGCTTCTAACCGAx-1,0.21258973240093898
TCAACGAAGTACATGAx-1,0.0479588427072697
TAGACCATCCTTTACAx-1,0.35006780445042907
TAGTTGGCAGATGAGCx-1,0.06842370814945803
TACTTACTCTCAAACGx-1,0.2614429336476811
TCAATCTCACCGGAAAx-1,0.04012505753839342
TCAACGAGTGCTAGCCx-1,0.08870538301887165
TAGTGGTGTAAATGTGx-1,0.09782182762352633
TAGTGGTCAAGAAGAGx-1,0.2422354733364404
TAGCCGGCAAGAAAGGx-1,0.30860742298836413
TCAACGATCAGCATGTx-1,0.051953297888309075
TAGACCAAGCTAAGATx-1,0.27459868967512935
TATTACCAGGAGTCTGx-1,0.253691735944504
TAGACCACATGTCTCCx-1,0.07960332287928766
TATTACCGTAGCGCAAx-1,0.594977416585799
TAGCCGGCAGACGCAAx-1,0.057463957764967516
TAGTTGGCACTCAGGCx-1,0.021317299106875773
TCAATCTCATGAAGTAx-1,0.027295777608004956
TAGGCATTCTCATTCAx-1,0.035857023877060995
TCAACGACATCTCCCAx-1,0.27113330674294805
TATTACCCATCGTCGGx-1,0.292253439048799
TAGTTGGTCAGCACATx-1,0.08730471920848
TATTACCTCGCTTGTCx-1,0.045595889831125544
TATCAGGGTGGTCCGTx-1,0.2392490620869519
TATTACCCACCACGTGx-1,0.02805129932053456
TCAATCTTCAGGCCCAx-1,0.04714508980166566
TCACAAGCAGATGGCAx-1,0.04631880371463224
TACTTGTAGTGCGATGx-1,0.2650486303668865
TCACAAGAGATGTGTAx-1,0.09467037475250943
TAGCCGGAGCTTATCGx-1,0.19410561102615018
TATGCCCCAAACGCGAx-1,0.23825242589501963
TCAATCTTCTAGAGTCx-1,0.2814218129242966
TCAATCTCAGTCGTGCx-1,0.03689467830919632
TATGCCCGTAGCGTAGx-1,0.27184708651714984
TACTTGTAGTGGAGTCx-1,0.06416895561707334
TAGTGGTAGTCCGTATx-1,0.20659519384608024
TAGTTGGCAAACTGCTx-1,0.08229727921448755
TATTACCGTGCAACTTx-1,0.40074274757529826
TAGACCAAGTGTCCATx-1,0.07754623215162697
TAGTTGGAGCGTCAAGx-1,0.15513385412869227
TATTACCCACGAAAGCx-1,0.2067701856650089
TCAACGACAATACGCTx-1,0.053260946931737004
TAGTGGTAGAATAGGGx-1,0.19387883618064036
TATCTCAGTCAGAATAx-1,0.09085968475444522
TAGTGGTAGTCATCCAx-1,0.03159788127243776
TAGTTGGTCAGAGCTTx-1,0.050981710996874686
TACTTGTCAGATAATGx-1,0.04417297345307468
TAGTTGGGTGCTCTTCx-1,0.04506179360712435
TAGCCGGCACCCTATCx-1,0.04084942108266592
TAGCCGGTCAACGGCCx-1,0.16646891934038502
TATCTCAAGTGTACCTx-1,0.17951439302188346
TATGCCCAGATAGCATx-1,0.04863627782558134
TAGCCGGAGGCCCGTTx-1,0.15908679715972984
TCAACGAAGCGTAGTGx-1,0.0678725980693278
TAGGCATGTGCGATAGx-1,0.2444588805465398
TATTACCCAGGACGTAx-1,0.2565924449948223
TCAACGAGTTTGACACx-1,0.16356566114776125
TACTTGTAGTGCGTGAx-1,0.0652613145394167
TCAATCTCATGAGCGAx-1,0.04615972807995902
TCAATCTGTGAGGGAGx-1,0.04779187798225378
TACTTGTGTACCGCTGx-1,0.08690706928860815
TAGCCGGCAGATTGCTx-1,0.06964567037297507
TATTACCAGCTTATCGx-1,0.25996661767164253
TACTTGTTCTTGTTTGx-1,0.26356580450726036
TACTTGTCAGTGAGTGx-1,0.24270216164329403
TAGTGGTGTCAGAAGCx-1,0.3788006516630269
TCAACGAGTTACCAGTx-1,0.049687159145353765
TATCAGGAGTAATCCCx-1,0.2021422123340034
TAGCCGGGTACCATCAx-1,0.054224475921191735
TAGACCATCAAACCACx-1,0.14253849368104135
TAGACCAGTTACCAGTx-1,0.1588526079062044
TCAATCTAGCGACGTAx-1,0.047919074292930484
TAGACCAGTAGGACACx-1,0.07176753780551128
TCAGGATAGTGTACCTx-1,0.2190127296293376
TCCCGATGTCCCTACTx-1,0.09370142396202419
TCCACACGTAAAGTCAx-1,0.29932285354019633
TCACGAATCCTGTAGAx-1,0.4179971337767724
TCAGCAAAGCCATCGCx-1,0.30419625650674015
TCCCGATAGTGTCTCAx-1,0.23405197753298915
TCATTACTCCGCGTTTx-1,0.038757171817416655
TCAGCTCTCATGTAGCx-1,0.18252232307676186
TCAGCTCGTCGAAAGCx-1,0.057543859783786386
TCACAAGTCATTCACTx-1,0.11391947555933504
TCAGGATAGAGCCCAAx-1,0.24583796114652348
TCATTTGGTTTGTTGGx-1,0.2796823529356976
TCCCGATCAAGCTGTTx-1,0.15433298303887139
TCAGCAAGTAGAGCTGx-1,0.04935586134411039
TCAGGTACAAGCCTATx-1,0.05387673702701983
TCCACACGTCATGCCGx-1,0.11038168872702142
TCCACACCATTACGACx-1,0.05341698802344551
TCAGGTACACGGTAGAx-1,0.07923332768510352
TCAGCTCGTAAGTGTAx-1,0.3337143918127789
TCATTTGAGAGTAATCx-1,0.04774334505076236
TCACGAACAAACCTACx-1,0.05048238067734692
TCACAAGTCAAGGTAAx-1,0.09748726492372896
TCAGGATAGTTAACGAx-1,0.25017199930625417
TCACGAAAGCGATATAx-1,0.4193695970990158
TCAGCTCCAGGGTATGx-1,0.04201495691609685
TCAGCAATCGGAAATAx-1,0.3243954904835731
TCAGCTCGTTTAAGCCx-1,0.24319484879509548
TCAGCAATCTCATTCAx-1,0.10573839427472988
TCACAAGCATTGCGGCx-1,0.051589080184053816
TCCACACAGGACAGCTx-1,0.042685228973066404
TCAGGATTCGACGGAAx-1,0.23201194432895006
TCACGAAAGAGCAATTx-1,0.10092707581500321
TCCCGATAGCTAGTTCx-1,0.13401915235893386
TCATTTGAGACTAAGTx-1,0.2311292281010642
TCCCGATGTTGTCGCGx-1,0.027921407570473636
TCAGATGAGGCTATCTx-1,0.1866495517805869
TCAGGTAAGATGTTAGx-1,0.20754203154376383
TCGAGGCGTCATACTGx-1,0.18370579555104968
TCACGAATCTTTAGTCx-1,0.2484522236441721
TCACGAACACGGTAAGx-1,0.048840848525869764
TCGAGGCCATGGTAGGx-1,0.218718690342925
TCATTTGGTCCTCCATx-1,0.04302915138595059
TCAGGTAGTCCTCCATx-1,0.042010071842947395
TCCACACAGTGGCACAx-1,0.05996030250686481
TCCACACGTGATGTGGx-1,0.10131245781297846
TCAGGTATCTGATACGx-1,0.3604015325510533
TCGAGGCAGTGGTCCCx-1,0.0794897755413223
TCACAAGCAGCATGAGx-1,0.04664878268292697
TCACGAATCGATAGAAx-1,0.12837920792943422
TCAGGTACAAGCTGGAx-1,0.06337829835457395
TCCCGATGTCTACCTCx-1,0.06819179810593522
TCACGAAAGGAGTTTAx-1,0.22823037203408267
TCCCGATCAAACTGCTx-1,0.05491436172472091
TCAGGTATCTCAACTTx-1,0.04410320247124542
TCCCGATCAGCGTTCGx-1,0.06672948751144046
TCACGAAGTATAGGTAx-1,0.4943454221585006
TCCACACGTACCGTATx-1,0.06333875212269169
TCATTTGAGACTAGATx-1,0.058507611550053615
TCCCGATCAATAGAGTx-1,0.3465943399520187
TCCACACGTCAAAGCGx-1,0.07351430948768026
TCACGAACAGGAATCGx-1,0.03978236273979206
TCAGCTCGTGCGAAACx-1,0.05053224987845928
TCATTTGTCGGCTACGx-1,0.13998674283074058
TCAGCAACAGAAGCACx-1,0.07141402784872551
TCACGAACACGCCAGTx-1,0.05751134937006348
TCACGAAAGTACGATAx-1,0.02558298048523444
TCACAAGGTGGACGATx-1,0.2165971630817174
TCACAAGTCTGAGGGAx-1,0.13203717043412994
TCAGCTCCACATTTCTx-1,0.038116341317540686
TCAGGTAGTGCGATAGx-1,0.224685399360334
TCCACACCAGGCTCACx-1,0.23201861346678587
TCACGAACACAACGCCx-1,0.2963364270369157
TCACAAGGTTCACGGCx-1,0.03340683262627316
TCCCGATAGATCACGGx-1,0.2893693660542191
TCAGGATCATGTAGTCx-1,0.21857347710991173
TCAGCAACACGTAAGGx-1,0.404625771217162
TCACAAGGTCCATGATx-1,0.24054024387830378
TCAGATGAGTGAACATx-1,0.05508636280856421
TCCACACCACCAGCACx-1,0.09569007777370764
TCAGCTCCACCATGTAx-1,0.22325111894088492
TCAGCTCGTAGAAAGGx-1,0.16616957298777377
TCAGCTCAGCGTTGCCx-1,0.05366528252149441
TCCCGATAGCGCCTTGx-1,0.23119662424032494
TCAGATGCACCGAAAGx-1,0.04823294525428105
TCACAAGTCGATCCCTx-1,0.06651901471581616
TCACGAATCTACCTGCx-1,0.04682827602388527
TCCACACGTGTGGTTTx-1,0.03879942909994032
TCACAAGTCTCGATGAx-1,0.22092405747856803
TCAGCTCCAATAAGCAx-1,0.03843775998439745
TCAGGATCACCAGATTx-1,0.2136191359918399
TCGAGGCAGGAGTCTGx-1,0.267070586283355
TCAGCTCGTTCGCGACx-1,0.25162688861186155
TCACGAATCAGGCGAAx-1,0.04964478995273178
TCATTACCACGACTCGx-1,0.26152539750326553
TCAGGATCAGGCGATAx-1,0.4583467856265805
TCGAGGCCAAAGCAATx-1,0.2308201200969865
TCACGAAGTGATGCCCx-1,0.058602041474739304
TCAGCTCAGCTGCCCAx-1,0.07212210170943223
TCGGTAACAACTGCGCx-1,0.09650870431479515
TCGGTAATCGTGGTCGx-1,0.2241477852360815
TCTCTAATCCATGCTCx-1,0.18621787161001746
TCGTACCAGATGTCGGx-1,0.21613358952090023
TCGTACCAGAAGATTCx-1,0.20003467721006182
TCTGGAAGTGTTCGATx-1,0.3071135787298413
TCGTACCGTAAGTGTAx-1,0.22387345303727857
TCGGTAAAGTGGACGTx-1,0.052372122500327634
TGAAAGAAGCGATATAx-1,0.17110918657056529
TCGGGACTCAGTCCCTx-1,0.23305727277391008
TCGGGACTCCTAGGGCx-1,0.05096591040820302
TCGGTAATCATTATCCx-1,0.1540942480769636
TCGAGGCGTCGGCACTx-1,0.04988033076662666
TCTGGAAAGACTAAGTx-1,0.05037287165438664
TCGGTAATCCCTTGTGx-1,0.13023537705981206
TCTATTGTCCGCAGTGx-1,0.041439111209929096
TCTTTCCAGTCTCAACx-1,0.03183619353324313
TCGTACCTCATAACCGx-1,0.04126545516295618
TCTATTGAGATGGGTCx-1,0.22504163976913777
TCTCTAACACCAGTTAx-1,0.06944648517995482
TCGGTAAAGCGTGTCCx-1,0.165865894570941
TCTTTCCGTTCCCTTGx-1,0.04756728835448247
TCTGGAATCTGCTGCTx-1,0.06118509946662308
TCGAGGCTCCGTACAAx-1,0.19312120535519478
TCGTACCAGATCTGCTx-1,0.05297568285690145
TCTATTGAGTTGTCGTx-1,0.0540777115890807
TCGTACCCACCTATCCx-1,0.24122356615555163
TCGGGACTCCATGAGTx-1,0.09666749956249707
TGAAAGAAGGACAGCTx-1,0.11026310586390484
TCGGGACGTGCGCTTGx-1,0.07763160663865135
TCTCTAAGTCGTCTTCx-1,0.10923613087673625
TCTGGAATCGCAGGCTx-1,0.2421414626214563
TGAAAGAAGACACGACx-1,0.09121629721689184
TCGGGACTCAGGTAAAx-1,0.05176440296419847
TCTCTAAAGTTCGCATx-1,0.1265093382836517
TCGCGTTCAATGGACGx-1,0.2544232933123098
TCTCATATCTCTTGATx-1,0.2959449325181096
TCTTTCCAGTAGCCGAx-1,0.04010812208625991
TCTCATACAGTGGAGTx-1,0.39733208691849214
TCGCGTTTCTGCCCTAx-1,0.2238432789585327
TCGTAGATCCTCAACCx-1,0.04188560835863967
TCGCGTTAGGAGTTTAx-1,0.14856061482181443
TCGTAGAGTCTAGCGCx-1,0.8140262277191226
TCTTCGGTCGTTTATCx-1,0.06333700820046716
TCTTTCCTCTCTGCTGx-1,0.07150924503021545
TCTCATATCTTTACACx-1,0.08522584052347053
TCTGAGAGTTCAGTACx-1,0.14658791760823822
TCTCTAACAAGAAGAGx-1,0.05481294457079938
TCGGGACAGAAACGCCx-1,0.13930181125792168
TCTCATATCATACGGTx-1,0.2894690730852606
TCTTTCCGTCTCCACTx-1,0.03563470462889809
TGAAAGAAGCGTCAAGx-1,0.0549153060581515
TCGCGAGAGAGGTAGAx-1,0.252127568419101
TCTGGAAGTCTGATCAx-1,0.04631175525855096
TCGTAGAAGGATGTATx-1,0.04463007312683195
TCGCGAGAGATGCCTTx-1,0.05001460628964448
TCGCGAGGTAGTACCTx-1,0.04277552266303188
TCTGGAATCCATGCTCx-1,0.05310190372556699
TCGCGTTTCTGCAAGTx-1,0.04667314968391641
TCGGTAACAGTCCTTCx-1,0.047236401284329814
TCGCGAGGTCTGCGGTx-1,0.043812367737800395
TCGGGACGTAGGAGTCx-1,0.22356153029838702
TCTGAGAAGATGTCGGx-1,0.20095967293329908
TCTGGAAGTCAAACTCx-1,0.029934170849607488
TCGAGGCTCAGTTTGGx-1,0.041888547568141095
TCGTAGAAGATGGGTCx-1,0.16070706630697312
TCGAGGCGTGTGCCTGx-1,0.19375802268410822
TCGCGAGTCCCTGACTx-1,0.04151334311585778
TCGTACCGTTAGAACAx-1,0.05197572390130595
TCGGGACGTCACTGGCx-1,0.065207171869201
TCGTAGAAGTTAACGAx-1,0.24559772094151341
TGAAAGAAGGCGTACAx-1,0.32355971771273
TCGCGAGCACATCTTTx-1,0.04744298908391998
TCTATTGAGTGTTTGCx-1,0.04047971844374426
TCTGGAATCTCGCTTGx-1,0.06879830145351032
TCGGGACCAGTAAGCGx-1,0.20503289901046595
TCTCATATCACGAAGGx-1,0.23161051047437964
TCGGGACAGGATGGTCx-1,0.17530494972225732
TCGGTAATCATGGTCAx-1,0.12306717296395461
TCTATTGAGGGATACCx-1,0.048219307916286286
TCGTAGATCAGCGACCx-1,0.23521167558709621
TCGGTAAGTTCGGCACx-1,0.2265396965708919
TCGTACCAGACAAAGGx-1,0.052105804181172555
TCGAGGCTCGTTGACAx-1,0.054477688695136126
TCTGAGAAGTCGTTTGx-1,0.21807748455455891
TCGAGGCTCATTATCCx-1,0.07333078184018248
TCGCGTTGTGATGTGGx-1,0.23614299152861745
TCTATTGGTAAGAGGAx-1,0.04818846510022092
TCTCATAGTAAGGATTx-1,0.04170636623627531
TCGCGTTGTGGTTTCAx-1,0.05297883632511086
TCTTCGGTCGTTGCCTx-1,0.07377538352790658
TCGCGTTAGCGGATCAx-1,0.05021092428470351
TCGTAGAAGGCGACATx-1,0.25934566315470764
TCTCATATCAACGGGAx-1,0.0918612835201546
TCGGTAAGTCTTGCGGx-1,0.04654400982645621
TCTATTGCAGCCTTGGx-1,0.045335587434031294
TGAGCCGTCTAAGCCAx-1,0.1915193195239054
TGATTTCGTGACGCCTx-1,0.04832113227767182
TGACTAGAGTAGGCCAx-1,0.2713987621932304
TGAAAGAGTGACAAATx-1,0.06340699888555999
TGATTTCCAATGAAACx-1,0.15278150489850875
TGAGCATAGTGGGCTAx-1,0.29038338662169405
TGATTTCAGCAGCGTAx-1,0.21502927950869913
TGACTTTAGGCTCTTAx-1,0.040256935712414836
TGAGCATTCTCTGTCGx-1,0.34272433510132627
TGACTTTGTCTTGATGx-1,0.3040193163427724
TGAGCCGAGGACAGAAx-1,0.03584159811263109
TGATTTCGTCTCACCTx-1,0.0819392260433216
TGACTTTTCGCAAACTx-1,0.16401996066440924
TGACAACGTGGGTATGx-1,0.04193235435798172
TGACTAGCATGATCCAx-1,0.04847383173625988
TGAGGGATCCATGAGTx-1,0.18734067693377807
TGAAAGAAGTGTTTGCx-1,0.455733003307597
TGAGAGGGTCTTTCATx-1,0.20766575411105592
TGAGCATGTAGGGTACx-1,0.26808735137559714
TGAGGGAAGTGCTGCCx-1,0.14951385441868323
TGACTTTTCGGCATCGx-1,0.05154389082994435
TGACTTTCAATCTGCAx-1,0.09051740128364517
TGACAACGTCACACGCx-1,0.17848559223019164
TGAGCATCATGTTCCCx-1,0.05992290480612582
TGACTAGAGGCATGTGx-1,0.21827313880527482
TGAGCATGTTCCACAAx-1,0.285109457450369
TGAGAGGAGCTCTCGGx-1,0.04824982241519041
TGCCAAAAGCATCATCx-1,0.05320549194082645
TGATTTCCAATTCCTTx-1,0.16559339093183528
TGAGGGATCTTGAGGTx-1,0.05061900834716576
TGAGCCGAGAGACTTAx-1,0.04448026959603187
TGACTTTCATCCAACAx-1,0.10428232048058969
TGAGCATGTTACGACTx-1,0.054813417386409366
TGAGCATTCATGTCTTx-1,0.2086953739896622
TGAAAGAAGTGATCGGx-1,0.1676844319461472
TGACTTTGTCGCCATGx-1,0.0527225983494159
TGAGAGGTCGTCCGTTx-1,0.2659965222943214
TGACGGCTCATTGCGAx-1,0.24180956693002031
TGAGGGATCCTGCAGGx-1,0.2360665283462984
TGACTAGAGTAACCCTx-1,0.1714104862160583
TGATTTCAGAAACCATx-1,0.04385798161634022
TGACAACAGTGTACTCx-1,0.0319831441421158
TGACGGCAGTGTTTGCx-1,0.2719717325311801
TGAAAGAGTCGAACAGx-1,0.054789974298684006
TGATTTCGTGGGTCAAx-1,0.32394013576754727
TGACGGCTCAGAGCTTx-1,0.05678179270276938
TGAGAGGGTTAAGAACx-1,0.12488759081585482
TGAGGGACAGCCTATAx-1,0.1250273292604062
TGAAAGATCCTATGTTx-1,0.22921171652682001
TGACTAGAGTGAATTGx-1,0.1814057870761728
TGACAACAGAGGTTGCx-1,0.14200222827863213
TGATTTCGTCAGTGGAx-1,0.061308603559371413
TGACTTTCATACCATGx-1,0.044858067586724115
TGAGCATAGACAAAGGx-1,0.2150207222965873
TGAGCCGAGATCTGAAx-1,0.20426495898202793
TGACAACTCTCTGAGAx-1,0.048941020050195766
TGACTTTAGCCACCTGx-1,0.09513007634494987
TGCACCTTCACTTACTx-1,0.03541691253620553
TGAGAGGGTTTGACACx-1,0.052218916642932024
TGAGAGGTCCTAGGGCx-1,0.061905346718374714
TGACTAGTCAATCTCTx-1,0.07738694273491345
TGACTAGGTCTCTCTGx-1,0.1021086294368366
TGCACCTTCCGGGTGTx-1,0.04211852783498962
TGACTAGCACCCTATCx-1,0.05275007459912727
TGCACCTAGGCTCATTx-1,0.4959116853920352
TGACGGCGTCCAGTTAx-1,0.050181040498186606
TGAGCCGAGAGCTTCTx-1,0.047800482078430226
TGAGAGGAGGCAATTAx-1,0.04731372180958402
TGATTTCGTCCATGATx-1,0.12055627647047655
TGAAAGACAGATTGCTx-1,0.04110805772121041
TGATTTCAGGAGTAGAx-1,0.2591936359851852
TGAGGGAAGCACCGCTx-1,0.20894927376882733
TGAGCCGTCCTGCCATx-1,0.062158175483380346
TGAGAGGGTTCACCTCx-1,0.2179092283341658
TGAGCCGTCCCACTTGx-1,0.04728084379019805
TGAGGGAGTACTTGACx-1,0.22000751216257844
TGACTTTTCAAACGGGx-1,0.2691930529159755
TGACTAGCATGGTCTAx-1,0.1373503370252436
TGCACCTGTGATGCCCx-1,0.05914443541546444
TGACTTTAGTCTCAACx-1,0.042396018735055135
TGCCAAAAGTGTACGGx-1,0.043308121262308846
TGAGCATGTATTCTCTx-1,0.3113796130021786
TGACTTTGTTCTCATTx-1,0.1541263806690894
TGAGCATAGACCTTTGx-1,0.03919117029847469
TGATTTCCAATGGAGCx-1,0.23819766609397233
TGACGGCAGACACGACx-1,0.048402911702574596
TGAGCCGGTGATAAACx-1,0.04967959438878481
TGACTTTAGAAGATTCx-1,0.04752593572486227
TGAGCCGGTGGTCCGTx-1,0.08510260976380105
TGCACCTGTGAAGGCTx-1,0.21475722176449694
TGAGGGAAGCGTCTATx-1,0.12010513923816878
TGACTTTTCAGTCCCTx-1,0.23842569363449426
TGAGCATGTTGGTTTGx-1,0.05003240995215776
TGATTTCGTGGTCTCGx-1,0.05478262399659099
TGATTTCGTCTTCAAGx-1,0.27219787953177804
TGGGCGTCAACGATGGx-1,0.05680180813746092
TGCGCAGAGGCCCTTGx-1,0.16398010490176718
TGGGAAGAGTGTTTGCx-1,0.022348582773510223
TGCGGGTTCACTATTCx-1,0.14663865483261626
TGCGTGGGTGGTACAGx-1,0.05192362360392658
TGGGCGTAGCGATTCTx-1,0.25545471787311086
TGCGTGGTCGAATGCTx-1,0.0512601700312606
TGCCCTATCGAACTGTx-1,0.19819335465964724
TGGCGCAAGTATCTCGx-1,0.07149914861030894
TGCCCTAGTCCCTTGTx-1,0.06511922538769772
TGCTGCTAGCTACCTAx-1,0.07049226625139539
TGGCGCACATTATCTCx-1,0.1281341537134839
TGGCTGGAGGGATACCx-1,0.04920195836967099
TGGCTGGTCCTTGCCAx-1,0.21964253390167895
TGCGTGGGTCGCATCGx-1,0.043590410740176326
TGGGCGTAGATATACGx-1,0.08099846965803592
TGGCCAGTCACGATGTx-1,0.06367163280269085
TGGCTGGTCAAACGGGx-1,0.11214720232589517
TGGCTGGCAGTTCATGx-1,0.21983183489008373
TGGGAAGAGTACTTGCx-1,0.06380185646164029
TGCCCTACACTAGTACx-1,0.29764099946880335
TGGCGCATCCGAACGCx-1,0.156535290509762
TGCGCAGTCGGTTAACx-1,0.04601881770662724
TGGACGCGTTCGTTGAx-1,0.22828208037636002
TGCTGCTCAATAAGCAx-1,0.3665412760174514
TGGGAAGAGCTGAACGx-1,0.044587861832289535
TGCCCATAGGTGCTAGx-1,0.23283013281115245
TGCGGGTTCTCTGAGAx-1,0.0951230089485004
TGCTACCCATGAACCTx-1,0.029397634916489765
TGGACGCGTCTTGATGx-1,0.21582269657531392
TGCTGCTTCAGCCTAAx-1,0.04835500625353426
TGCTACCTCCCAGGTGx-1,0.04537327458066274
TGGCTGGCAAGCCTATx-1,0.25069987802326965
TGCTACCGTCTCCCTAx-1,0.1760915611526231
TGGACGCCACGACTCGx-1,0.10998626509215323
TGGACGCGTGACGCCTx-1,0.13739357789774959
TGCGTGGTCAACACGTx-1,0.17278046598262323
TGCGGGTCATACGCTAx-1,0.3231570298745061
TGGGAAGAGGTCGGATx-1,0.07767636329182172
TGCCAAACAGGTTTCAx-1,0.11824218576040384
TGCGGGTGTATTACCGx-1,0.05461062294548467
TGCTACCGTTCAACCAx-1,0.07186122283141648
TGCGGGTAGATCGGGTx-1,0.05766935270017969
TGGCTGGCACAAGCCCx-1,0.04294033153799398
TGGCCAGCATCGTCGGx-1,0.15844831001599927
TGCTGCTCACATCCAAx-1,0.2556547921295799
TGCGGGTGTAAGAGAGx-1,0.16033364833608896
TGGCTGGAGATCGGGTx-1,0.14317226392439003
TGCGGGTTCCAACCAAx-1,0.04533166635362234
TGCCCTAGTTAAGATGx-1,0.20389801144678774
TGCCCATAGTGCGTGAx-1,0.16380851817794442
TGGACGCCAGTAAGCGx-1,0.3992083072971044
TGCTACCTCCAAGCCGx-1,0.2917089947653829
TGCCAAAGTTCACGGCx-1,0.07462524615195532
TGCCCATAGATCTGAAx-1,0.20574845210506024
TGCGTGGTCCGCGCAAx-1,0.04613668929991341
TGGCTGGAGAGGTAGAx-1,0.19841683763897486
TGCGCAGAGCGTTTACx-1,0.0479012849150923
TGCTGCTAGACACTAAx-1,0.042121022325783145
TGCGGGTGTAATAGCAx-1,0.20741325962582793
TGGCTGGTCTATGTGGx-1,0.057954750520456996
TGCTGCTTCCCATTATx-1,0.05210187769120768
TGCTGCTCATAGTAAGx-1,0.04558304096441746
TGCGGGTCATCCCATCx-1,0.056158912219929184
TGGGCGTCAGCTGCACx-1,0.0805665917375466
TGCTACCAGCAAATCAx-1,0.2378636112761884
TGCGCAGCACCAGATTx-1,0.21622779172387505
TGCCCATGTACCGGCTx-1,0.05048805901717759
TGCGCAGCAGTGAGTGx-1,0.043010610973941696
TGGACGCTCGCGATCGx-1,0.05917049833283462
TGCCCATCATTGCGGCx-1,0.03175383662558117
TGCGGGTTCGCAAACTx-1,0.2228275530985745
TGCTACCCATAGTAAGx-1,0.24569320916407392
TGGCCAGTCCCGGATGx-1,0.0527961959331986
TGCGGGTCATGTAGTCx-1,0.04895407626849256
TGCGCAGCATCCCATCx-1,0.04689278307709372
TGCTGCTAGTGAACGCx-1,0.04919601214695231
TGCCCTACATTGGGCCx-1,0.20111757027013047
TGGACGCAGCTGGAACx-1,0.366215988707574
TGCCCTATCTATCGCCx-1,0.16991891299032574
TGCCCTAAGAGGGATAx-1,0.05550507552871367
TGGCGCAAGGCCATAGx-1,0.04915738552777174
TGCCCTATCACGGTTAx-1,0.049509354796290685
TGCCCATTCGACGGAAx-1,0.38700018570866407
TGGGAAGTCAAACGGGx-1,0.04679169133394276
TGCCAAAGTAGCGCAAx-1,0.11627097882925487
TGCGTGGTCATGTAGCx-1,0.17191658366428997
TGCTACCTCGCATGATx-1,0.046183378658046635
TGCGTGGGTCTCATCCx-1,0.051973481101254874
TGCGTGGGTACCGAGAx-1,0.044892544873929845
TGCCCATAGGTGGGTTx-1,0.06139835228915146
TGGCGCACACCAGATTx-1,0.15937073157836618
TGGACGCAGCAGATCGx-1,0.03560379200447015
TTATGCTAGACGCTTTx-1,0.07794705653281081
TGTATTCGTCTAGCGCx-1,0.24247597509050117
TGTCCCAGTTCCTCCAx-1,0.046017884080392174
TGGGCGTCAGGGTATGx-1,0.37945971708121046
TTATGCTCACCAGATTx-1,0.2709342391181796
TGGTTAGTCCAGATCAx-1,0.16672921803210944
TGTCCCAGTTAGTGGGx-1,0.3646301165131628
TGGTTAGGTGGTACAGx-1,0.04823148966345703
TGTGGTATCATGCATGx-1,0.04798984349438192
TTAGTTCTCTAACTTCx-1,0.050043509278582005
TGTATTCTCGAACTGTx-1,0.04732560216427277
TTATGCTTCTTGACGAx-1,0.1349665540900707
TTATGCTAGGCCCTCAx-1,0.10288756838398597
TTAGTTCAGATCTGAAx-1,0.06071938289834054
TGTATTCTCATAAAGGx-1,0.1017437483713585
TGTTCCGTCACTTACTx-1,0.24061616024953164
TTAGTTCGTCGCATATx-1,0.19656055244156412
TTAACTCCACATGGGAx-1,0.0476456662920023
TGTGTTTGTATTCGTGx-1,0.30575002438813914
TGTTCCGTCACTCTTAx-1,0.09882274690918018
TGTATTCTCTTGACGAx-1,0.1289803336587001
TGGTTCCAGATCTGAAx-1,0.22817449313229368
TTAGTTCGTTGCCTCTx-1,0.049621099993771595
TGGTTCCTCGCAGGCTx-1,0.297609188259389
TTATGCTCATCACAACx-1,0.04418429828219786
TGGGCGTGTAGAAGGAx-1,0.05663860632121968
TTAACTCAGTTATCGCx-1,0.061535498850392764
TGTCCCACACATCTTTx-1,0.38963194086201514
TGTATTCGTCTCTTTAx-1,0.22725124804410812
TGGTTAGCAAAGCGGTx-1,0.04629699723047533
TTAGTTCTCACTATTCx-1,0.037434890233593
TTAACTCCAGGGATTGx-1,0.19501102956806673
TGTATTCTCCCTTGCAx-1,0.14334920460111542
TGTGGTATCCTCATTAx-1,0.048011866742823185
TTAACTCCATCACCCTx-1,0.046942747715672195
TGTATTCGTATCACCAx-1,0.05642767388611272
TTAACTCGTTTGGGCCx-1,0.27003579936539907
TTCCCAGAGTTCCACAx-1,0.05855340914388192
TGTATTCTCCGCATCTx-1,0.04420886567747926
TGGTTCCAGCCCAACCx-1,0.3622353127951942
TTATGCTGTACAGCAGx-1,0.04281701793157763
TTAGGACAGAGGTTGCx-1,0.2047220220111533
TGGTTAGGTCCGTGACx-1,0.03405597211695976
TGTCCCAGTTGACGTTx-1,0.049722964629878595
TTAACTCAGCTAAGATx-1,0.04239153800770195
TGTCCCATCAGTGCATx-1,0.231274573605225
TGTTCCGTCCGAATGTx-1,0.28233217114050924
TTAACTCCATCTCCCAx-1,0.04228714393441332
TGTGTTTAGCACGCCTx-1,0.047166053313609214
TTAGTTCCATATGAGAx-1,0.07934998742654487
TGTGTTTAGCGCCTTGx-1,0.07665192827313932
TTATGCTCAGTATCTGx-1,0.050601693555510634
TTATGCTCATCTACGAx-1,0.045104695751059326
TTAACTCTCAACACTGx-1,0.1144754264887399
TTAGGACCACAGACAGx-1,0.03415679680884218
TTAACTCTCTAACCGAx-1,0.2120005152266977
TGTGGTAAGTGGTAGCx-1,0.20298526034879608
TTAGGCAAGGTAGCCAx-1,0.3776772194768592
TTAGGCAAGGATATACx-1,0.25114123430959634
TTAACTCCACTACAGTx-1,0.041510012787245
TTAGGCAAGAGCTTCTx-1,0.048539369753074615
TGTCCCAAGTTTAGGAx-1,0.20474094529755849
TGTGGTAAGGGCTTCCx-1,0.25359127279180677
TGTGGTAAGTCTCAACx-1,0.1555578902609869
TGTGTTTCACGCTTTCx-1,0.18937176641111733
TGGTTCCGTGATAAGTx-1,0.0503306824573007
TGTCCCAGTTCCCGAGx-1,0.1133084838913026
TGTCCCACACGGTGTCx-1,0.09347235049126641
TTAACTCGTAGTACCTx-1,0.09779155705399013
TGGTTCCAGGGATGGGx-1,0.2645046498154685
TGTATTCGTATATGAGx-1,0.03213946072084576
TGTCCCAGTTTAGCTGx-1,0.2559795574134772
TGTTCCGGTGTGGCTCx-1,0.045180807667417985
TTAGGACAGCCAGAACx-1,0.04961440628354498
TTAGGCAAGTGTACCTx-1,0.15985344512079525
TGTCCCAAGAGACTATx-1,0.05094364208309325
TGTGTTTCATTCTCATx-1,0.04424285219797329
TGGTTAGCACAGGAGTx-1,0.04071641437567973
TGTATTCAGGCAAAGAx-1,0.05123793043848163
TTAGGCATCAGCTTAGx-1,0.029862958299349592
TTATGCTTCTTGAGGTx-1,0.043938381652280326
TGGTTAGGTGTGAAATx-1,0.04413957299710544
TGTCCCATCTGTACGAx-1,0.23164404014154114
TTAGGACGTACTTGACx-1,0.05450765818984552
TGTTCCGTCCATGAGTx-1,0.24335813041809784
TGTGGTAAGTGCTGCCx-1,0.03986348574282958
TGGGCGTTCACCATAGx-1,0.05883234006718969
TTAGGACGTATTAGCCx-1,0.2006991013674355
TTCCCAGCACACCGACx-1,0.21659608869522426
TGTCCCATCAGCTCTCx-1,0.04814712769245542
TGTTCCGCACATCCAAx-1,0.3174937391714477
TGGTTCCAGAAACGCCx-1,0.26402612887572274
TTAGTTCAGCCCGAAAx-1,0.05798602485030945
TTCCCAGCAAGCTGTTx-1,0.25760475455286697
TTCCCAGAGCTGAAATx-1,0.04538668137791202
TTGAACGGTAATTGGAx-1,0.25950273664101975
TTCTTAGTCAACACGTx-1,0.047754815844264144
TTGGCAAGTCGTTGTAx-1,0.06171737428578011
TTGTAGGAGATGGGTCx-1,0.12006559195293297
TTGACTTTCAAACCGTx-1,0.018570500592540017
TTGTAGGGTCGCATCGx-1,0.406955461604931
TTCGGTCGTCATATCGx-1,0.3436778201914992
TTGACTTAGTGAATTGx-1,0.18193814515888407
TTCTACAGTTCCACAAx-1,0.0656025964522691
TTGCGTCAGTACGTTCx-1,0.05389199252774891
TTCGGTCCAGTCGTGCx-1,0.217185932729547
TTCGAAGGTCTTTCATx-1,0.06804384880509617
TTGTAGGCATGGGAACx-1,0.248055830761383
TTGACTTGTATCAGTCx-1,0.05472310983355753
TTCTCCTAGGAGTACCx-1,0.18528113680313535
TTCTCCTTCATGTCCCx-1,0.05034928211563797
TTGTAGGGTTTGTTTCx-1,0.049242998596670896
TTGACTTGTCTCTTTAx-1,0.052929621159351854
TTGACTTAGACTTGAAx-1,0.5904074340367808
TTCGGTCGTGCGGTAAx-1,0.1360332140322032
TTGCCGTCAATCCAACx-1,0.26630567745053996
TTGACTTAGTGACATAx-1,0.2162766408315407
TTCTCAAGTCTGCGGTx-1,0.21386763576732395
TTCGAAGTCTAACTCTx-1,0.06315111435660492
TTGGCAAAGTCCTCCTx-1,0.05206458791892475
TTTACTGCAAGCCTATx-1,0.21341851483584684
TTCTCCTCATGCGCACx-1,0.1970892543300472
TTCTACATCCTCGCATx-1,0.34773013312366186
TTGGAACAGGACACCAx-1,0.24423647428345743
TTGGAACCACACCGACx-1,0.05391472522634072
TTGGCAAGTACTTAGCx-1,0.055334796829095485
TTCGAAGGTAAATGTGx-1,0.06863289729871308
TTGACTTTCGGGAGTAx-1,0.12514049376435907
TTGACTTCAGGATCGAx-1,0.05919212167155063
TTCTTAGGTGAGCGATx-1,0.050662706894142845
TTCCCAGGTGCGAAACx-1,0.19913899240419689
TTGTAGGGTTACGTCAx-1,0.20280438638425735
TTGGCAACAAAGGTGCx-1,0.4595435396163764
TTGGCAACATACGCTAx-1,0.03311260577930514
TTGACTTCACAAGTAAx-1,0.2694062226092624
TTGGAACCACTGCCAGx-1,0.34350645472141106
TTCCCAGGTGTAATGAx-1,0.08839980890948457
TTGTAGGCAAACTGTCx-1,0.14230616237519655
TTGTAGGTCTTGCATTx-1,0.0499949692281198
TTCTCAACACCTATCCx-1,0.27197117485985306
TTCGAAGCATGGTTGTx-1,0.08149334762031117
TTGTAGGGTCATTAGCx-1,0.04500675318804146
TTGTAGGGTAGAAAGGx-1,0.36687920227644927
TTCTCCTCAAGTAGTAx-1,0.036357135824543474
TTGACTTTCTTGTATCx-1,0.12525529835702448
TTCCCAGGTACAGCAGx-1,0.05232959680090868
TTCTACAAGTGAAGTTx-1,0.1920995973182616
TTCTACAGTGACTACTx-1,0.03780986195876933
TTGAACGGTCAGAGGTx-1,0.2288282129156661
TTCTTAGCAGCCTTGGx-1,0.018591883268902508
TTGAACGGTTTCCACCx-1,0.2555584580031481
TTCTTAGCAGGCTCACx-1,0.04810222325923328
TTGCGTCTCTGTCTCGx-1,0.23018527536094419
TTGCGTCCACATGACTx-1,0.09438207483418018
TTCTTAGCATCCTAGAx-1,0.18327434775077847
TTGACTTCAGCCACCAx-1,0.2331194403823984
TTGAACGAGGACAGAAx-1,0.11891177374463217
TTGAACGTCTGCCCTAx-1,0.27596870485800995
TTGAACGGTTACCGATx-1,0.07548315518183102
TTGCCGTAGCGCCTTGx-1,0.06984125571714742
TTCTCCTAGTACATGAx-1,0.2362921679046375
TTGCCGTCATACGCTAx-1,0.2373165416007345
TTGTAGGCATTGCGGCx-1,0.265094569381501
TTGAACGCAGCCTTTCx-1,0.25199364950569464
TTGACTTCATTGAGCTx-1,0.06781995143892203
TTCGAAGAGCATGGCAx-1,0.10080193367857208
TTCGGTCTCGGAATCTx-1,0.06813806141299282
TTGCCGTGTGCCTGCAx-1,0.37048078368914256
TTCGAAGGTGAGGGTTx-1,0.2548931634223036
TTGGAACAGGAGTCTGx-1,0.2535132370043076
TTGACTTAGCGGATCAx-1,0.370462836683418
TTGGCAATCCAAACTGx-1,0.22280697481691092
TTCTTAGTCTAGAGTCx-1,0.033156668666853295
TTCTCCTAGCTACCGCx-1,0.22872284763409845
TTGCCGTTCCTGCCATx-1,0.2401924879066239
TTGTAGGAGTCAATAGx-1,0.10446518413891652
TTGACTTGTGTGACGAx-1,0.07722749941769902
TTCCCAGCAGATCCATx-1,0.05230674006461271
TTGGCAAGTTGTCGCGx-1,0.09397677130835148
TTGTAGGTCCAAGCCGx-1,0.05474390197778746
TTGTAGGTCTGCGTAAx-1,0.06471786802054026
TTGCCGTTCAGAGCTTx-1,0.03993373601031635
TTCTCAACAGACAGGTx-1,0.04368760559219096
TTGCGTCCATGGTAGGx-1,0.22688757885390282
TTGGAACGTAGCGTAGx-1,0.024769872850685486
TTGGCAAGTCCGTCAGx-1,0.2759008072210553
TTGGAACGTTGCGCACx-1,0.04902046483466027
TTGGAACCATAGGATAx-1,0.09269390482602509
TTCTTAGTCGGCCGATx-1,0.05346480520232833
TTGGCAATCTGAAAGAx-1,0.048647643644482895
TTTCCTCTCTTAACCTx-1,0.17726960360532173
TTTGGTTTCGTCTGAAx-1,0.13081143322648212
TTTGGTTGTGCGCTTGx-1,0.11162383824168538
TTTCCTCTCTTGCAAGx-1,0.2020676271530156
TTTGCGCTCAACTCTTx-1,0.048312392020364685
TTTGCGCTCCAAACACx-1,0.04741866953150644
TTTGTCAGTTCCACAAx-1,0.23893173531308698
TTTATGCTCACCGGGTx-1,0.17903324509531054
TTTCCTCGTAAGTAGTx-1,0.23349779611206445
TTTGCGCAGTCCCACGx-1,0.07632216399689677
TTTGCGCGTGTGCCTGx-1,0.2534718549614692
TTTGGTTAGAGAGCTCx-1,0.03989471632453141
TTTGTCATCTAACGGTx-1,0.04627178504106526
TTTGTCAAGCTGTCTAx-1,0.09832580490306399
TTTATGCTCGGCGCATx-1,0.1290172046817624
TTTGCGCTCCGAACGCx-1,0.03309268465583364
TTTACTGTCTCCAGGGx-1,0.2723349177182329
TTTATGCGTGCAACGAx-1,0.046468121680898894
TTTATGCGTTTGTTTCx-1,0.20480494232294436
TTTATGCGTAGAGCTGx-1,0.05659765175656516
TTTGCGCTCCCAACGGx-1,0.05506983337501753
TTTGGTTGTCTACCTCx-1,0.1537052104211999
TTTGCGCCACGACTCGx-1,0.2533465921326711
TTTGGTTGTGAACCTTx-1,0.2539717375800632
TTTGGTTAGCCGCCTAx-1,0.31298754207225593
TTTCCTCCAAGTAATGx-1,0.3320938010411569
TTTATGCGTGCCTGGTx-1,0.04894808570358485
TTTGGTTAGTGGTCCCx-1,0.10356045516638886
TTTATGCTCCCAAGATx-1,0.0478439516006753
TTTGTCAAGAACAATCx-1,0.048351849023305894
TTTGCGCCAGTTCATGx-1,0.04567516721913047
TTTATGCAGGACTGGTx-1,0.07371888368159989
TTTCCTCAGAGTGAGAx-1,0.5330405337943906
TTTACTGTCCACTCCAx-1,0.2678733071574316
TTTGTCAAGACGCACAx-1,0.05386861438825596
TTTGTCAAGCAGCGTAx-1,0.18136166598210232
TTTGTCAGTGAACCTTx-1,0.1776146224782087
TTTGCGCCACCTATCCx-1,0.04139331088344332
TTTGTCAAGGCCCTCAx-1,0.06524258395918632
TTTACTGGTCTCCACTx-1,0.1249917990094641
TTTATGCTCCGTAGTAx-1,0.04470409077533175
TTTATGCAGATAGCATx-1,0.1969322320918726
TTTGTCATCACCTCGTx-1,0.16274399194719685
TTTGTCACATCCCATCx-1,0.0288243808413773
TTTGTCAAGGATGGTCx-1,0.0477955472833656
TTTGTCAAGCATCATCx-1,0.04692173804440852
TTTACTGTCCAGGGCTx-1,0.04951974584487922
TTTGTCATCTTCGGTCx-1,0.05959811194904912
TTTGTCACACGACTCGx-1,0.10372087429506377
TTTACTGTCTATCCCGx-1,0.05009305158017351
TTTCCTCGTGTGAAATx-1,0.20367860263532786
TTTATGCCAGGCTCACx-1,0.04895675669863203
TTTCCTCAGTGAAGAGx-1,0.08211614528835298
AAAGTAGAGGCCCTCAx-2,0.03473243729987497
AAAGTAGCATGGGACAx-2,0.033472730940425854
AACCATGAGACAAAGGx-2,0.02760596885488196
AAAGATGTCAGTTTGGx-2,0.01844973166823989
AACCGCGCACGGTAAGx-2,0.0337764582041165
AAAGTAGTCACCCGAGx-2,0.12510230453879403
AACACGTCAATCGGTTx-2,0.03985544562127922
AAAGTAGAGCGTAATAx-2,0.025562296047374474
AAACCTGTCCTAAGTGx-2,0.024840661347101906
AAAGATGGTTGGAGGTx-2,0.028441844308112613
AAAGCAAGTGGCAAACx-2,0.03948737556053421
AAAGTAGAGTGAAGAGx-2,0.02171537108577395
AAACCTGAGATCCCATx-2,0.023001808459156784
AACACGTGTCATGCCGx-2,0.07702308229451593
AACCATGCACATCCGGx-2,0.07837664737424649
AAAGATGCACCAACCGx-2,0.17949019126991483
AAAGATGCAGTACACTx-2,0.22062034331244917
AAACGGGTCCTCAACCx-2,0.10762658960127038
AAACCTGCAGATAATGx-2,0.04160214570699838
AAACGGGGTGCACGAAx-2,0.02091465674681621
AACCGCGGTTCACGGCx-2,0.02796387081112093
AAAGATGAGCAGACTGx-2,0.19465586039452518
AAATGCCGTAGCGATGx-2,0.057982188105080636
AACGTTGTCACCCTCAx-2,0.03137888783837002
AAATGCCCAACGATCTx-2,0.19299306854102194
AACTCAGAGATGTGTAx-2,0.02584100794047541
AAAGATGAGAAGGGTAx-2,0.023802824217770677
AACCGCGTCAGTTGACx-2,0.30252160183521587
AAAGCAAAGAGTTGGCx-2,0.010504092296958485
AACACGTAGACTTGAAx-2,0.023225254445289487
AACCGCGCACGCCAGTx-2,0.042031089863440514
AAAGCAAGTGATGTGGx-2,0.026015889636275828
AACGTTGTCATGTAGCx-2,0.010696026168550057
AACGTTGAGTGTGAATx-2,0.20255668334134702
AACACGTGTATCGCATx-2,0.02115287085621793
AAATGCCGTCGCTTTCx-2,0.13187385686242623
AACACGTGTCACACGCx-2,0.20779309856355394
AAAGATGGTGTTTGGTx-2,0.057254864924330545
AACACGTAGAAACGCCx-2,0.18156149735329982
AACGTTGCAGGTTTCAx-2,0.17932154954675192
AACACGTAGGTGCTAGx-2,0.20264394423095325
AACCATGGTACCGCTGx-2,0.01883068307670855
AAAGATGTCTGGGCCAx-2,0.05940860458294262
AACCGCGTCACTTACTx-2,0.019157423497866255
AACCATGGTCTGCAATx-2,0.022096256754266377
AAACGGGGTGAAAGAGx-2,0.05048841195823344
AAAGCAAGTCTAAAGAx-2,0.17909507488212445
AACACGTAGTTCGCATx-2,0.08439291005742633
AACACGTTCTCGCATCx-2,0.1100478641931801
AACACGTGTCGAGTTTx-2,0.011075018610522453
AACACGTCAGCATGAGx-2,0.04050872578706968
AACGTTGTCTTTCCTCx-2,0.03267728522431032
AAATGCCTCTCTAGGAx-2,0.026120157632022335
AAAGATGTCTGGTGTAx-2,0.04921481808810979
AACCATGAGGTAGCCAx-2,0.022640557901760353
AACCATGTCATCGCTCx-2,0.18212194902877185
AACGTTGCAGGGTATGx-2,0.029522884577438364
AAAGCAAGTTACGTCAx-2,0.017829009715961127
AACGTTGGTTGACGTTx-2,0.2213627352787877
AACCATGTCGGCTTGGx-2,0.0782058439599923
AAACGGGCAGTTTACGx-2,0.06155745380749199
AACGTTGGTCTAGCCGx-2,0.15296943812888641
AACCATGGTTACCAGTx-2,0.018715857973671816
AAAGTAGGTGCGAAACx-2,0.021591662537673438
AACCGCGTCACAACGTx-2,0.0327544864411593
AACACGTTCCATGCTCx-2,0.17764563898155392
AACGTTGGTTGAGTTCx-2,0.17197388337193048
AAAGTAGCAGATCGGAx-2,0.19351942439360767
AAATGCCCACGGTTTAx-2,0.04377834193469377
AAACCTGTCCAGATCAx-2,0.022453574937803613
AAACCTGGTAGAAGGAx-2,0.1930606024215277
AAAGTAGAGACACGACx-2,0.022025839620496382
AAAGTAGGTGCGCTTGx-2,0.03187759190592339
AACGTTGGTCCGAGTCx-2,0.019811377729612924
AAAGATGAGATGGCGTx-2,0.06191022145805639
AAAGTAGCATGACGGAx-2,0.021326916025362033
AAAGCAATCTTTCCTCx-2,0.02103486299928904
AACACGTCAAATCCGTx-2,0.023231072657258194
AACCATGAGAGGTTGCx-2,0.029664056855337653
AACCGCGTCATTATCCx-2,0.030008654105848475
AACACGTGTACATCCAx-2,0.023802168259236832
AACTCAGAGCCCAGCTx-2,0.016214621418309084
AACGTTGTCTCGATGAx-2,0.01211019706397841
AAACGGGTCATCTGCCx-2,0.13350217451385055
AACGTTGTCGTACGGCx-2,0.02309584755899315
AAACGGGGTTTGACTGx-2,0.19136489337419318
AACACGTGTGTGTGCCx-2,0.19517871897411598
AAAGTAGTCCTCTAGCx-2,0.10587364521403378
AAAGCAATCGAATGGGx-2,0.039165993962429965
AAACGGGAGCTAGGCAx-2,0.021770196011227018
AACCATGAGATGCCTTx-2,0.014483478943062856
AAAGATGCAGCTCGCAx-2,0.018144062549409132
AAACCTGAGCGTAGTGx-2,0.23669428741694767
AACTCTTAGGAATGGAx-2,0.02077785538682374
AACTTTCAGCCTTGATx-2,0.18406592201641445
AACTCAGCACTTAAGCx-2,0.03402941074977073
AAGGTTCAGCCTCGTGx-2,0.0840912362973443
AACTCTTCAAGGCTCCx-2,0.02468783630202024
AACTCAGGTCTAGAGGx-2,0.028144468147893342
AAGGCAGAGCTAAACAx-2,0.1780251333322904
AACTTTCAGACTGTAAx-2,0.1517343027044173
AAGGTTCGTATGCTTGx-2,0.007961699357321142
AAGGAGCTCGCACTCTx-2,0.20076490712164832
AACTTTCGTGCCTGGTx-2,0.020736463782611014
AACTCCCCATATACCGx-2,0.023063212653708757
AACTGGTGTGTCCTCTx-2,0.10822985361038794
AACTTTCAGGATGGAAx-2,0.029611129927760466
AACTCTTCACCGGAAAx-2,0.028710689893145982
AACTGGTTCCGCATCTx-2,0.026481602374477026
AACTTTCAGCGCCTTGx-2,0.13166511729856809
AAGGAGCAGAAGAAGCx-2,0.0234197845737698
AACTCAGGTCGCGAAAx-2,0.20077360603940586
AACTTTCAGAAACCGCx-2,0.08741722115037491
AACTCTTAGTGTACGGx-2,0.03247755223612594
AAGCCGCCACTAAGTCx-2,0.027848989189218305
AACTCAGCACGAGGTAx-2,0.1853088993761518
AAGGAGCGTGGTACAGx-2,0.09054765883674579
AACTCTTAGGGCTTCCx-2,0.010706811850394812
AACTCAGGTAGGGACTx-2,0.05413437307839721
AAGACCTTCAACGGCCx-2,0.015507685447708922
AAGGCAGTCATAGCACx-2,0.02616704995756122
AACTCTTAGTACGACGx-2,0.017172041708221817
AAGACCTTCATCTGCCx-2,0.16589822246764546
AACTCAGAGGATTCGGx-2,0.02935511278157647
AACTTTCTCTTGCATTx-2,0.025618814457906137
AACTTTCGTCGAATCTx-2,0.021714734978030857
AACTCAGCAATCGAAAx-2,0.020109460022397628
AAGACCTAGTCAAGCGx-2,0.17743159751522383
AACTCCCCATAGACTCx-2,0.03679444899319348
AAGGAGCCACGACTCGx-2,0.04068513416155337
AACTCCCTCGCCGTGAx-2,0.024088333364393342
AACTGGTCACGAAATAx-2,0.021076369641642324
AACTCTTAGCCACGCTx-2,0.02202370994128307
AACTCTTTCTTTACACx-2,0.052752042967503444
AACTCTTAGAATGTGTx-2,0.01160053112702159
AACTCTTGTTTGGGCCx-2,0.17928225819915697
AAGGCAGAGTCAATAGx-2,0.025975446590903884
AACTCCCTCGTTACAGx-2,0.03226903963092235
AAGACCTCATCATCCCx-2,0.13684255793627054
AACTGGTCACGGTTTAx-2,0.022250781296995197
AAGGTTCGTAGCTTGTx-2,0.01890800205209838
AAGACCTAGTGTGAATx-2,0.1838384267691759
AACTCCCCATGCATGTx-2,0.04297354543990165
AACTGGTCAACCGCCAx-2,0.04263915267941502
AACTTTCGTGAGGGAGx-2,0.021233716797597724
AAGACCTTCCGCATAAx-2,0.02228760110724522
AAGGCAGAGAAAGTGGx-2,0.2215300473746133
AAGGCAGCACCAGCACx-2,0.008768808893214217
AACTCTTTCAGAGGTGx-2,0.09708740450341738
AACTCAGGTAGAGCTGx-2,0.19548531352534415
AAGGTTCCATTACCTTx-2,0.03901967712177141
AAGCCGCGTTGGTAAAx-2,0.030539335795587676
AAGGCAGGTGGGTATGx-2,0.023932594733220035
AAGGAGCTCACAATGCx-2,0.02344164507837154
AACTGGTTCTGGAGCCx-2,0.1167090928440466
AACTCTTAGCTAACAAx-2,0.01832368232445036
AACTGGTAGACTAGGCx-2,0.03845956172282997
AAGGTTCCAGGCAGTAx-2,0.052215369047561175
AACTGGTTCCGCTGTTx-2,0.11614604651389043
AACTTTCCACCTATCCx-2,0.019611667974992083
AAGCCGCTCTCAACTTx-2,0.018661987500954325
AACTCCCTCTCTTGATx-2,0.1892541289654522
AACTCTTGTGAACCTTx-2,0.019990976608424707
AACTCAGTCCTTTCTCx-2,0.020131826238637168
AACTCTTCACCACGTGx-2,0.009601275836815321
AACTCTTGTTTGTTTCx-2,0.04773773195150654
AACTGGTTCGGCTACGx-2,0.008065414126721328
AAGCCGCGTCTAAAGAx-2,0.013583319845410122
AAGCCGCAGGGATCTGx-2,0.006797360477996329
AAGACCTAGTTACCCAx-2,0.08400668698781837
AACTCAGTCCTGTAGAx-2,0.023578310511379763
AAGGAGCTCGCTAGCGx-2,0.036469094025378096
AACTCTTTCCGAAGAGx-2,0.024526024941781986
AACTGGTTCAAGGCTTx-2,0.032908608975707916
AAGGAGCGTGGTCCGTx-2,0.029759438714068113
AACTCCCAGAAGAAGCx-2,0.012442611495663046
AAGGAGCCACTGTCGGx-2,0.18134326622354832
AAGGTTCCATCGACGCx-2,0.23916586377693366
AACTCCCTCCGCGTTTx-2,0.020912532909159027
AACTCTTGTCTGCGGTx-2,0.03509827634007242
AACTTTCTCGCGATCGx-2,0.023821260133282656
AACTGGTAGTGCAAGCx-2,0.06117933297707241
AACTCAGAGGTGACCAx-2,0.1917204019646939
AACTCTTTCGGTTCGGx-2,0.13778236175809613
AAGGTTCCATGGATGGx-2,0.045575087967258066
AAGGCAGCATTGGGCCx-2,0.14462043333558017
AAGACCTGTCACACGCx-2,0.16680543945254944
AAGGCAGCACCGCTAGx-2,0.014721411885370591
ACACTGAGTGGTCCGTx-2,0.13866721190426481
AATCCAGGTTCAGACTx-2,0.22896175732424295
ACACCAAAGCTACCTAx-2,0.004258082447928988
AAGTCTGCACCGTTGGx-2,0.0028183323856932575
AATCGGTAGAGTGAGAx-2,0.11956004929611982
ACATACGAGCGCTTATx-2,0.058270176034326805
AAGTCTGTCGTTACAGx-2,0.031077732341277465
ACACCGGTCTCTGAGAx-2,0.031028601459912084
ACAGCCGAGTGTCCATx-2,0.19580396529940683
AAGTCTGGTATAAACGx-2,0.04550315555011755
ACACTGAAGGATGCGTx-2,0.20369766621115296
AAGGTTCTCCCGGATGx-2,0.022782195005249466
AAGTCTGCACCTATCCx-2,0.021120101695807168
ACACTGATCTGCCAGGx-2,0.030265226303463254
AAGTCTGGTCTAGAGGx-2,0.023077260486403146
AATCCAGCACAGCCCAx-2,0.027998256573685893
ACAGCCGGTCATGCATx-2,0.04991634885404277
ACACCCTTCGTAGGAGx-2,0.024586992342672937
AATCCAGAGGACAGCTx-2,0.0474127241713835
ACACTGAGTACCCAATx-2,0.15987668252070483
AATCCAGAGCTCCCAGx-2,0.03830457456854727
ACACCAAAGTGTACCTx-2,0.19620314064070404
AAGGTTCTCGTAGGAGx-2,0.025403253673012695
AAGGTTCGTCAGATAAx-2,0.14373829641240743
ACACCGGAGGCTAGACx-2,0.007958113388870265
ACACTGATCAAACCACx-2,0.19147084268750114
ACACTGATCGAGAGCAx-2,0.020085742281061573
ACAGCTACAGATGAGCx-2,0.03618858431939076
ACACCGGTCCGTTGCTx-2,0.06356420749837619
ACACTGAAGCCAGGATx-2,0.03319270118425715
ACATACGCAATGCCATx-2,0.0536493453610135
AATCCAGCACCAGGTCx-2,0.1967056857261371
ACAGCTACAGGAACGTx-2,0.09821998225352044
ACACTGAGTTCCACAAx-2,0.2487352725009409
ACATCAGCACAGCCCAx-2,0.01617108295475675
AATCGGTCAAGTAATGx-2,0.025621259517333267
AATCGGTGTTAGAACAx-2,0.19436567960166984
AATCGGTCAGTAAGCGx-2,0.05459986980600294
ACACCGGTCAAACGGGx-2,0.2014787736500839
ACACTGACAGGTGCCTx-2,0.14528780121318396
ACACCCTAGTGTTTGCx-2,0.04082091797001485
ACATACGTCATCACCCx-2,0.1538409491790472
ACATACGCAGTGGGATx-2,0.17563859443788482
AATCCAGGTCGCATATx-2,0.08311437982778108
ACATCAGAGTGGAGAAx-2,0.11778255963512536
AAGTCTGTCAGTACGTx-2,0.01919366616413932
AATCCAGGTCTAAACCx-2,0.23619765051288125
AAGTCTGTCCCATTATx-2,0.16580764227301298
AATCGGTCAGCTCGACx-2,0.06572504677468059
ACAGCTATCGCAAACTx-2,0.022224781919051965
ACACTGAGTCGAAAGCx-2,0.04372681658563846
ACACCAATCACAGGCCx-2,0.020757997240565814
ACACCAATCTTCGGTCx-2,0.02324532584479657
ACAGCCGAGGGATACCx-2,0.02272994521241476
ACATCAGCAAAGCAATx-2,0.005161820422649653
AATCGGTCATACGCCGx-2,0.023699791516408445
ACAGCCGCAGGACGTAx-2,0.029070065999670634
ACACCGGAGACTGGGTx-2,0.032539485041162476
ACACTGATCTGAAAGAx-2,0.13426852170296527
ACACCGGGTCTTCGTCx-2,0.03481976229032857
ACACCGGCACAGACTTx-2,0.056176863178169306
ACAGCTAGTACTTGACx-2,0.10915781384709512
AATCGGTCATTTGCTTx-2,0.09244570270372988
ACACCGGAGCTCCTCTx-2,0.18520668005327362
AATCCAGTCGGAAATAx-2,0.010810888264679668
ACATACGCAACTTGACx-2,0.023016729690973892
ACACCGGCACGAAGCAx-2,0.02680846416913083
ACACTGAGTTCCACTCx-2,0.05945565469125734
ACACCCTTCTATCGCCx-2,0.09734875981150076
ACACCCTAGTCCATACx-2,0.02721502118497787
ACAGCCGAGCGATAGCx-2,0.020196046174065962
AATCCAGCACGGTGTCx-2,0.004021429264841934
ACACCCTAGTGTCCATx-2,0.0681033204574418
AATCGGTAGGCCATAGx-2,0.023686737792204652
ACACCGGAGCAGACTGx-2,0.01923833490109455
ACACCGGCACCTATCCx-2,0.006988178311159735
AATCGGTAGTGAACATx-2,0.05034242884447081
ACAGCCGTCCCTAACCx-2,0.1085924319015589
AATCCAGTCTGTCTATx-2,0.1937491698593493
AATCGGTCAAGGCTCCx-2,0.02482548848044377
AAGTCTGGTGTGACCCx-2,0.011532734444361923
ACATACGGTATTCGTGx-2,0.22322514744384406
AATCCAGGTTGACGTTx-2,0.04297753756723579
ACATACGCATGAGCGAx-2,0.16533108500234242
ACATACGTCGCCCTTAx-2,0.02717414740902691
ACACCCTGTCGCATCGx-2,0.1872776119766874
ACACCGGTCAACACGTx-2,0.16088290067012365
AATCGGTGTACGCACCx-2,0.07140151899986497
ACACCGGTCAATCTCTx-2,0.06008727788737088
ACAGCCGCACCGATATx-2,0.1966478331943832
AATCCAGTCATAGCACx-2,0.01431652302785726
ACACTGAGTGTCCTCTx-2,0.02328549504565878
ACACCGGCAATCACACx-2,0.07767673031848046
ACATACGAGGAATGGAx-2,0.021240782701770895
ACGATACGTATGAATGx-2,0.020025574171674488
ACATGGTTCCTGCTTGx-2,0.020074175729120708
ACATGGTTCTTACCGCx-2,0.15890421626112466
ACGCAGCAGGCTCAGAx-2,0.015239616541310095
ACCTTTAAGGTGCTTTx-2,0.06937984174070713
ACGAGCCTCTGCTTGCx-2,0.23459259442389901
ACGCAGCCAGCTTCGGx-2,0.017734484601209532
ACATGGTGTAGCCTATx-2,0.02225385167110855
ACGAGCCGTGCAACTTx-2,0.031959246548790836
ACCGTAAGTCCAAGTTx-2,0.018779015376028118
ACCGTAACACCAGGCTx-2,0.022763505467352188
ACGAGCCGTTCCGGCAx-2,0.030946381746187426
ACGATGTCACAACGTTx-2,0.020109122007634917
ACATCAGGTCTCTTATx-2,0.1726838467446877
ACGATACGTACCGTTAx-2,0.03487108355847669
ACGCCGAAGTGACTCTx-2,0.0053408323902502525
ACGCAGCCAGCCTGTGx-2,0.018693095519274557
ACATGGTAGCCGTCGTx-2,0.023718542772583968
ACGATGTTCTCGCTTGx-2,0.021513135769160377
ACGCCAGCAGGACGTAx-2,0.022770718084371096
ACGATGTAGATGTCGGx-2,0.15845475261798897
ACGATGTAGTTAAGTGx-2,0.18815031211934177
ACCGTAACAATGAATGx-2,0.18968852062833208
ACATCAGGTCATGCCGx-2,0.023674754112877085
ACGAGCCAGCAGGTCAx-2,0.03274516672581118
ACGATGTAGGTGCAACx-2,0.0018697874556965113
ACGCCAGAGACAGACCx-2,0.19284608803074318
ACCTTTAGTGAGGGTTx-2,0.009249707786633048
ACGAGCCGTCTCAACAx-2,0.031516097096201595
ACATGGTGTTATCACGx-2,0.0044653445023469865
ACCGTAACAGCCAATTx-2,0.0017903112376552665
ACGCCAGCATACGCTAx-2,0.13307593053497582
ACGCAGCCAATGGATAx-2,0.02713471651448669
ACGATGTCACTTAACGx-2,0.03290329773441543
ACGCCAGCATGGTCTAx-2,0.0443239435220858
ACCCACTAGAAGGTGAx-2,0.029683962979399757
ACGAGCCGTTATCCGAx-2,0.10898436358325843
ACATGGTAGTAGTGCGx-2,0.005078334072709856
ACGCCAGGTATGAAACx-2,0.19539509909847735
ACATGGTCATCTCCCAx-2,0.1208320614723463
ACCTTTACAGATCGGAx-2,0.19343893532377424
ACGCAGCCAAGTCTGTx-2,0.13737235386995586
ACATGGTCATACGCTAx-2,0.20720502855449296
ACGAGGACATCTATGGx-2,0.025637328731087282
ACGATACAGTAAGTACx-2,0.02153642749003094
ACGATACTCAACCAACx-2,0.09011691136771634
ACGAGGAGTGCCTGGTx-2,0.027351038738044457
ACCAGTACAGGCTGAAx-2,0.17933499554976118
ACGCCAGCAATGTAAGx-2,0.03253131458986171
ACCCACTAGCACACAGx-2,0.022691082080369806
ACGAGGACATGTCGATx-2,0.03857171631246315
ACCAGTATCTCAAACGx-2,0.08990819143421172
ACCAGTACACGACTCGx-2,0.023186050019918948
ACCAGTATCTTAGAGCx-2,0.037743100723058635
ACGATGTCAGACAAATx-2,0.024095400478032117
ACGCCAGGTTACGACTx-2,0.027056090285322593
ACGAGGAGTTAAGTAGx-2,0.006105391258719137
ACCCACTTCGCGCCAAx-2,0.09033648890863422
ACGCAGCGTACCATCAx-2,0.056825374020468215
ACGAGCCCACTGCCAGx-2,0.04740415515071542
ACGAGGAAGGCCATAGx-2,0.020196670235540795
ACCTTTACACCATCCTx-2,0.010996936916348244
ACCTTTAGTCCGACGTx-2,0.20149591925520505
ACGCCAGTCGCGATCGx-2,0.1984490687504494
ACGATGTGTAGTGAATx-2,0.022900833089262336
ACCTTTACAGCCACCAx-2,0.1788366480344475
ACCCACTTCAGGATCTx-2,0.021582856744657066
ACCGTAACAGCTCGCAx-2,0.047001460899870555
ACCGTAACAAATCCGTx-2,0.03639659816722722
ACGAGGACAACAACCTx-2,0.027557064943033872
ACCTTTATCTTCGAGAx-2,0.028681011710801695
ACGATGTGTGACTCATx-2,0.14325807893317338
ACGATACTCTATCCTAx-2,0.02761374966110501
ACATGGTCAAAGCAATx-2,0.10306926150324996
ACCTTTATCAACGGCCx-2,0.016786799594556315
ACCCACTTCAGGCAAGx-2,0.03601064302952586
ACATCAGTCTATGTGGx-2,0.16157509935645625
ACCTTTAAGATACACAx-2,0.03127540423380161
ACGATACCATACGCCGx-2,0.037562867484847384
ACGATACAGGCAAAGAx-2,0.05854380194777074
ACGAGCCGTATTCGTGx-2,0.1361237251553698
ACGATACCAACTGGCCx-2,0.030460543622302293
ACGCAGCTCAGCGATTx-2,0.09319341240067285
ACGATGTGTGACGGTAx-2,0.03553393976728048
ACGATACTCCGCAAGCx-2,0.027312825789528778
ACGCCAGCACGGTAGAx-2,0.03147250422507629
ACCAGTAAGGCACATGx-2,0.015184513295927826
ACGAGGATCCTAGTGAx-2,0.008418413140369941
ACCTTTAAGCAGACTGx-2,0.05777785111863205
ACATGGTTCTCAAGTGx-2,0.020957475860922184
ACCCACTCAGTATCTGx-2,0.017088371597882665
ACCCACTGTCAAAGCGx-2,0.25794086118495413
ACGATACAGGCATGTGx-2,0.021382135328043148
ACGTCAAAGCTCAACTx-2,0.12000111591255483
ACGTCAAAGTGTTTGCx-2,0.05721432296789514
ACGGCCAAGGTTCCTAx-2,0.125766906395819
ACGGGCTAGTGTACCTx-2,0.01769303082384311
ACGGGCTCACCTGGTGx-2,0.01693163049934875
ACGGGCTCAGCGTAAGx-2,0.02199238174783192
ACTATCTTCCGCAAGCx-2,0.035764659582063534
ACTGAGTCAGATGGCAx-2,0.07888312257627234
ACGGAGAAGTCATCCAx-2,0.18661099112021612
ACGGGTCAGCCCAGCTx-2,0.010216212433453374
ACTATCTAGTGACTCTx-2,0.012992905065780401
ACTGAGTAGAAGGTTTx-2,0.051180806932475814
ACTGAGTGTGTCAATCx-2,0.1957431994975514
ACTGAACAGACTAAGTx-2,0.021308973609626546
ACGGCCAGTCACCCAGx-2,0.03102687393908723
ACTGCTCAGATGGCGTx-2,0.022611349016449993
ACTGATGGTTCTCATTx-2,0.1625694364823022
ACTGAGTAGGGCATGTx-2,0.023138405637627656
ACGCCGACAATGGACGx-2,0.015893660411087508
ACTGAACGTGCATCTAx-2,0.20876758272245655
ACTGATGCAAGGTTTCx-2,0.13959775153495194
ACTGATGTCGTCGTTCx-2,0.03161588921965274
ACGCCGATCGCTAGCGx-2,0.06236614507837639
ACGGGCTTCTGCCAGGx-2,0.01978033146194207
ACGGGTCAGCCAGTAGx-2,0.11370686946505039
ACTGCTCTCACAAACCx-2,0.023816757736607776
ACGGGCTCAGTAAGATx-2,0.03329763808094878
ACTGAGTAGATCACGGx-2,0.01958815402913713
ACGTCAATCGGCATCGx-2,0.0015963629280219935
ACTGAACAGCGGCTTCx-2,0.02393939939164298
ACTGATGTCTTGCAAGx-2,0.01687244702800034
ACGGCCAAGATCCTGTx-2,0.03362723707290994
ACGGCCAAGTGTTAGAx-2,0.0460987658904002
ACGTCAAAGACTAAGTx-2,0.016235828192525538
ACGGGCTGTACAAGTAx-2,0.026566388273531274
ACTGAGTAGCAGCGTAx-2,0.2088319166460667
ACTGCTCTCTGTCTCGx-2,0.021343126298265125
ACGGAGATCTTGGGTAx-2,0.07919487481121577
ACGGGTCGTGATAAACx-2,0.019331791486358642
ACGTCAACAGGTCTCGx-2,0.1719542698768188
ACTATCTGTCACAAGGx-2,0.019232486858886157
ACTGTCCCATCACAACx-2,0.16202787341533068
ACTGATGCATGGTTGTx-2,0.028385075965310695
ACGGCCAAGCAGCCTCx-2,0.009903979866862268
ACGGAGATCTGGTATGx-2,0.02334324712744154
ACTGAGTTCTAACCGAx-2,0.025762478492765514
ACTGAGTAGACACTAAx-2,0.03702996631081922
ACGTCAATCGGCTACGx-2,0.024193993277918914
ACGGAGATCCTGTACCx-2,0.109092436136361
ACGGAGAAGGCGATACx-2,0.060152665174451815
ACTGTCCCACAGCGTCx-2,0.02763936051384482
ACTGAACCATCTGGTAx-2,0.003909618573529693
ACGGAGAAGGGAACGGx-2,0.13621398396576592
ACTGCTCAGTAATCCCx-2,0.02738798651320923
ACTGCTCCACGAAGCAx-2,0.029640432442655396
ACGGCCAGTAGCGTAGx-2,0.025732836009223777
ACGGGCTAGTTCGATCx-2,0.12068298292875433
ACGTCAAAGCATCATCx-2,0.05924131345570204
ACGGCCAAGGGTGTGTx-2,0.03291434507880289
ACGGGCTAGAGACGAAx-2,0.004297263233405553
ACTGCTCAGTGGTAATx-2,0.02857645228009911
ACGGCCACATCGGGTCx-2,0.048633947018152726
ACGGAGATCCTGCAGGx-2,0.018854036404577317
ACTGAACCAGGACCCTx-2,0.18936722735322864
ACGGCCATCTGCAGTAx-2,0.012317739666969151
ACGGCCAAGACTGGGTx-2,0.01764083038609796
ACTATCTCAGGACGTAx-2,0.01743656993458641
ACTGAGTGTCTTCAAGx-2,0.023615920698904704
ACGGCCAGTAATCACCx-2,0.1908371693106036
ACTGAGTTCAACCAACx-2,0.19713461945897992
ACGGAGAGTGTTCTTTx-2,0.043738746055016035
ACGCCGATCCTGCAGGx-2,0.12953605237868906
ACTGAACCAGGCTCACx-2,0.019104716241841672
ACTGAGTCATGATCCAx-2,0.01104374823301813
ACTGAACTCCTAAGTGx-2,0.03469053932295048
ACTATCTGTAAAGTCAx-2,0.16158507774523806
ACGGCCAAGTCCAGGAx-2,0.01832011149125098
ACGGGCTCAAGGTTCTx-2,0.04247832431271078
ACTGATGTCACAGTACx-2,0.005247529994069055
ACGTCAACATCCCATCx-2,0.00507657802255116
ACGGCCATCATGTGGTx-2,0.007427017434292998
ACTATCTTCTTCGGTCx-2,0.18886839162253566
ACGTCAAAGTCAAGGCx-2,0.1426128403409904
ACGGCCAGTGGGTCAAx-2,0.022384071663080946
ACTGAGTCAAGTAATGx-2,0.03236624887139109
ACGGAGAGTTCCACTCx-2,0.11921917985781953
ACTGTCCCAGCTGGCTx-2,0.025832122076660073
ACGGGCTGTGGTGTAGx-2,0.1420467899175964
ACGGCCACAGGCGATAx-2,0.014713845747659016
ACTGATGAGTCAAGCGx-2,0.031832455447735795
ACTGAGTTCACGATGTx-2,0.02374364182744999
ACTGATGGTGACTACTx-2,0.09851059908897646
ACTGAGTGTTCAGACTx-2,0.019905051114096118
ACGGGTCTCGCTTGTCx-2,0.020120742238000935
ACGCCGATCCTGCCATx-2,0.18724087354415037
ACTATCTAGGCCATAGx-2,0.014968746016553344
ACGCCGACAGTTAACCx-2,0.08324733129074874
ACTGAGTAGGCAATTAx-2,0.033439930875971594
ACTTTCATCTGCGGCAx-2,0.043868548386159514
AGAGTGGGTCTAGAGGx-2,0.028757360372247107
ACTGTCCTCCTCAACCx-2,0.027012524096831064
AGAATAGGTTGGTGGAx-2,0.184681160282772
AGAGCGAGTGAACCTTx-2,0.02205170208063195
ACTTTCACAGGGTACAx-2,0.23627520061047522
AGACGTTGTGTGACCCx-2,0.02504798639244157
AGCAGCCAGCGAGAAAx-2,0.0038345755403116966
AGAATAGAGTGGAGAAx-2,0.018795807001810327
AGAGCGACAAAGGAAGx-2,0.10949048722984742
ACTTTCAGTCAAACTCx-2,0.020667569080168494
ACTTACTTCTGTTTGTx-2,0.035056776977906864
AGACGTTAGCAGACTGx-2,0.1962249786435201
AGAGTGGGTATGAATGx-2,0.06565698733643047
AGAATAGGTCCGAAGAx-2,0.00996126914582596
AGACGTTAGAATTGTGx-2,0.16067082714043499
AGAGTGGTCATCTGTTx-2,0.1871978075536891
AGAGCGAAGGTGATTAx-2,0.053447702296645624
AGAGCGAAGGGCTTGAx-2,0.023252207726943912
AGAGTGGGTTGTCGCGx-2,0.16552564622690766
AGAGTGGCACACATGTx-2,0.0215287597173996
AGAGTGGAGCGTAGTGx-2,0.057096571245186946
AGATCTGGTTAAGACAx-2,0.02074448089456557
ACTGTCCCATCTCGCTx-2,0.04531859196326217
AGAGTGGAGGTGCACAx-2,0.022225516345609434
AGATCTGAGCTACCGCx-2,0.10471847171101151
ACTTACTAGAATCTCCx-2,0.005081396788569865
AGATCTGTCGTACGGCx-2,0.03057786010981675
AGAGCGAGTCGCCATGx-2,0.07434123718800474
AGAGCGAAGGGCATGTx-2,0.1809992971231574
AGATCTGCAATCTGCAx-2,0.01916215453375102
AGACGTTCATGGTAGGx-2,0.0666185342140012
AGAGCTTTCAGTCAGTx-2,0.0297042928104888
AGATTGCCATAGACTCx-2,0.027406330156825337
AGAATAGAGGGCACTAx-2,0.022059593367532562
AGATCTGCAGCCAGAAx-2,0.02700704172911965
AGATTGCGTCGCCATGx-2,0.043862073418442324
AGATTGCTCTGTCTATx-2,0.08665325086881027
AGAGCTTAGATCACGGx-2,0.16520815057149216
AGAGCTTTCTTCAACTx-2,0.2183990111396825
ACTTGTTTCGTTGACAx-2,0.033789250236025754
AGACGTTCATTACGACx-2,0.02083389782089452
AGCATACCAAACCCATx-2,0.02255362153509841
AGCAGCCTCACGATGTx-2,0.021550798862832912
ACTTACTCAACGATGGx-2,0.024090958477200372
AGCAGCCGTCAGAGGTx-2,0.021911527129173304
ACTTGTTCACGTTGGCx-2,0.021015643372629934
AGATTGCCATTATCTCx-2,0.16836879548634376
ACTGTCCTCATTTGGGx-2,0.01162849470477685
ACTTACTGTGCGAAACx-2,0.021057950624046813
ACTTGTTTCAAAGACAx-2,0.019031488564308013
AGCAGCCAGTATCTCGx-2,0.01930090421291024
AGAGCTTAGAGTACATx-2,0.020281780149662934
AGAGTGGAGGGAGTAAx-2,0.05409116133821374
AGAGCTTGTCTACCTCx-2,0.026696386739386548
AGATTGCGTCTCTTTAx-2,0.040674570322953706
AGCATACAGTATTGGAx-2,0.22280979978370508
AGATTGCGTACCAGTTx-2,0.1442854023594564
AGAGCGATCAGGCCCAx-2,0.03436630325972936
ACTTACTTCGGTGTTAx-2,0.1768651724389881
AGACGTTTCAGCTTAGx-2,0.017315196225462244
ACTGTCCTCGAGCCCAx-2,0.03956439723591641
ACTTACTCACGCCAGTx-2,0.013827382193690388
ACTTGTTGTCGCGGTTx-2,0.18961917400163222
AGAGTGGCAGCTGCTGx-2,0.19876299440559161
AGCATACCACACAGAGx-2,0.13587290077650693
AGCAGCCAGTCAAGGCx-2,0.0304606585617924
AGCATACAGCGTAGTGx-2,0.18803916905801749
ACTTGTTAGGATCGCAx-2,0.025773832557522473
AGATTGCTCCGTAGTAx-2,0.023377236967157766
ACTTGTTTCCTTGACCx-2,0.1877740768802273
ACTGTCCTCCGAAGAGx-2,0.053217447067908125
AGACGTTCAAGCTGGAx-2,0.19996646780542926
AGAGTGGAGACCTAGGx-2,0.013851266148745236
AGCATACAGACCTAGGx-2,0.20104003137137424
ACTGTCCGTAGAGCTGx-2,0.05602398493835164
AGATCTGCAGGAACGTx-2,0.008369814663522372
AGCAGCCCATGTTCCCx-2,0.01691885913369376
ACTTACTTCCAGAGGAx-2,0.03146929120139172
AGAGCTTTCATGTCCCx-2,0.024513211099717092
AGAGCGACACACAGAGx-2,0.1918359803891365
ACTTACTGTTTGACTGx-2,0.023922366584239355
AGCAGCCCATGGTTGTx-2,0.022129393927830154
AGATCTGAGATATACGx-2,0.00406719349910189
AGAGCTTCACAACGCCx-2,0.07349437888152428
AGCATACAGTAGCGGTx-2,0.02451326258138588
AGAGCTTAGGCGACATx-2,0.02360195158891598
AGAGCTTGTACCGCTGx-2,0.1140235427580866
ACTTTCAAGTGGTAATx-2,0.019730903865409453
ACTTACTGTACATCCAx-2,0.023496084121162907
AGATCTGCACAGACTTx-2,0.03444523440116197
ACTTGTTCATCTATGGx-2,0.011724492726711529
ACTTACTCAACTGCTAx-2,0.0346621044372091
ACTGTCCCATCGGAAGx-2,0.021844621556436964
AGATTGCGTGCGAAACx-2,0.08129908422715333
AGCGTCGAGGATGTATx-2,0.013371306752353929
AGCTCCTCATAAGACAx-2,0.032120708218390755
AGCATACCAGGATCGAx-2,0.16041929337314084
AGGCCACGTTCAACCAx-2,0.19940606415910056
AGCTCCTGTCACTGGCx-2,0.022478860805799434
AGGCCGTTCTGAGTGTx-2,0.03124805712982095
AGGCCGTGTTCGTGATx-2,0.19458797298938701
AGCGTCGTCTGAAAGAx-2,0.05442008395483537
AGCTCTCAGTGACATAx-2,0.1515174068064175
AGGGATGGTCACAAGGx-2,0.0048499906860253955
AGCGTATAGCACAGGTx-2,0.15245160061885243
AGCTCTCCATGGTAGGx-2,0.11323742498065191
AGGCCACGTTCGAATCx-2,0.021072563585096994
AGCGGTCTCCCAGGTGx-2,0.014620658699811554
AGGCCGTGTTCAGGCCx-2,0.08612435376691913
AGGGAGTAGGAATTACx-2,0.026064941860219158
AGCGTCGCAGCTTCGGx-2,0.19132809329487518
AGCTCCTCACATCTTTx-2,0.010873819892125986
AGCTCTCCACTCTGTCx-2,0.044868087430341784
AGCTTGAGTAAACCTCx-2,0.02582949389965737
AGGGATGTCACTGGGCx-2,0.01579463126324726
AGCTCCTAGTGCTGCCx-2,0.02253694404193975
AGGGAGTGTTTGGCGCx-2,0.06056763415890879
AGGCCGTCAGTTTACGx-2,0.2688350721778148
AGCGTCGGTTCTCATTx-2,0.17924206993420946
AGGCCGTGTCCTCCATx-2,0.16681803227559663
AGCTCCTCATCCGGGTx-2,0.027279085751612253
AGGCCACAGTTGTCGTx-2,0.019715082598787643
AGCGTCGTCACTCTTAx-2,0.022425505400692748
AGGGAGTCACTAGTACx-2,0.029257513002665395
AGGGATGCAGGGTACAx-2,0.01538603299802358
AGCGGTCAGAATGTTGx-2,0.02407697375874296
AGGCCACAGTGGTCCCx-2,0.07866103406203112
AGGGATGGTTCAGACTx-2,0.01984594045713106
AGCTCCTCACGGATAGx-2,0.024058052231716937
AGCGTATAGGCCGAATx-2,0.006093858190541315
AGCTCCTCAAGGACACx-2,0.03165719935398068
AGCGTATTCGCGGATCx-2,0.018986581306262
AGCGGTCAGCTACCGCx-2,0.03804502283017401
AGCTTGAAGGATATACx-2,0.10422294547166648
AGGCCGTCATCTATGGx-2,0.027152728067104594
AGGGATGCATGATCCAx-2,0.02233407445886273
AGCATACGTCAGCTATx-2,0.015276037546649161
AGGGAGTTCTTCTGGCx-2,0.019623864070194494
AGCATACGTTGACGTTx-2,0.016126888536928136
AGCTCCTCATCGATTGx-2,0.020601466802866533
AGGGAGTAGACAGGCTx-2,0.04772462106763474
AGGGATGTCCTTTCTCx-2,0.2074279313764884
AGCTCTCAGCCCGAAAx-2,0.021907502527518958
AGCGTATAGGTTCCTAx-2,0.024442615974025295
AGCGTATGTCTCCATCx-2,0.11505902302932697
AGCTCCTAGAGCTGGTx-2,0.04645076652998514
AGCTTGATCGTAGGTTx-2,0.027426935421661608
AGGGATGAGATGTCGGx-2,0.04672878615492505
AGGCCGTAGACATAACx-2,0.019957310964196912
AGCTCTCTCACGCATAx-2,0.01221182410043743
AGCTTGACACCTCGTTx-2,0.013932908261779757
AGCTTGATCCTACAGAx-2,0.14724999098751923
AGGGAGTCAGTCGTGCx-2,0.1707209805913823
AGGGAGTGTTGAGTTCx-2,0.015902110002287983
AGGCCGTTCTTCTGGCx-2,0.031588393565918714
AGGGATGTCATAAAGGx-2,0.028033195439953792
AGGGATGGTCGTCTTCx-2,0.01775788363572268
AGGGATGTCCTTAATCx-2,0.18896629123020067
AGCGTCGAGAAGGCCTx-2,0.19080544193655555
AGCTTGAGTCGCGGTTx-2,0.10571479717224602
AGCTTGATCATCGGATx-2,0.011967647784591402
AGCGTATCATCTACGAx-2,0.023346102627758512
AGCCTAAGTATGCTTGx-2,0.19727080832286942
AGGGAGTGTGTGAAATx-2,0.027039874075223513
AGGGATGGTCCCTTGTx-2,0.2005875821537786
AGGCCACCAAAGGTGCx-2,0.03250411716056069
AGCTTGACAGGATTGGx-2,0.030027481037750128
AGCTTGACATTATCTCx-2,0.033225178176942025
AGGGTGAAGCCATCGCx-2,0.026355971231643124
AGGGAGTGTCTCTCGTx-2,0.09977731861780736
AGCCTAATCGGCGGTTx-2,0.0379648699737985
AGCTCTCAGGTAGCTGx-2,0.08350588377689205
AGCTCTCTCTTTCCTCx-2,0.16859080855483072
AGCTCTCCAGTAACGGx-2,0.09053381149114305
AGCTCTCGTCGCGAAAx-2,0.05331489174378662
AGCTTGACAGTCTTCCx-2,0.19572618162698727
AGGCCACAGTTTGCGTx-2,0.01443263107369683
AGCGGTCAGCGTCAAGx-2,0.022624704625817598
AGCCTAAAGCGGATCAx-2,0.20984055723308204
AGCGTATCAACGATCTx-2,0.0154500453851666
AGGGAGTCAATGACCTx-2,0.19838871130849053
AGCGTCGCATACGCTAx-2,0.019803378083878626
AGCGTCGCAGGACCCTx-2,0.019627153541781735
AGCTCCTGTCCCTACTx-2,0.013995179062304306
AGGGAGTCAATCAGAAx-2,0.07856288598957245
AGCTCCTGTGAAAGAGx-2,0.0251945305401576
AGCTCCTTCGGTTAACx-2,0.015005009818933759
AGCGTATAGCAACGGTx-2,0.0996552181366177
AGCATACTCGCTGATAx-2,0.03142809135896922
AGGCCACTCTGGTGTAx-2,0.07867333491490783
AGCCTAAGTCTTCAAGx-2,0.16879988697925857
AGCGTATGTTACAGAAx-2,0.024551824659213874
AGTGGGAAGCAATCTCx-2,0.04244546509225711
AGTCTTTTCGCGTAGCx-2,0.030495133536753212
AGGTCCGAGCCACCTGx-2,0.03124245759824598
AGGTCCGCAAGCCATTx-2,0.05695861563446932
ATAAGAGGTCAATACCx-2,0.11687213740825189
AGTAGTCCAATGACCTx-2,0.01588801073345211
ATAACGCTCACCTTATx-2,0.16581218728168962
AGTGAGGAGGGCACTAx-2,0.11637149306550175
AGTCTTTGTAGCGCTCx-2,0.02946292543531162
AGTGTCAGTACCGTATx-2,0.025577935987954683
AGGGTGATCCGTCAAAx-2,0.024832870161042204
AGTTGGTTCGTGGGAAx-2,0.02292249198010499
AGTAGTCGTGTAAGTAx-2,0.19563371746455888
AGGGTGACATGTTGACx-2,0.007357190075103504
AGTGAGGGTAGAAGGAx-2,0.022380255097270315
AGGGTGAGTTTCGCTCx-2,0.19845943725473017
AGTGTCATCTCGTTTAx-2,0.017895598574841028
AGTCTTTGTACATCCAx-2,0.19094930770785717
AGTGGGAGTGGTACAGx-2,0.11213155983229249
AGTGAGGAGGTGATTAx-2,0.019794352703953015
ATAGACCGTCTTCGTCx-2,0.023230565575110617
AGTTGGTGTCCGCTGAx-2,0.002365176894759932
AGGGTGACATACTCTTx-2,0.02117307081181726
AGTGAGGCACGGTGTCx-2,0.023578058395923057
AGTGTCACACGTGAGAx-2,0.021863607395343765
AGGTCCGCATTGCGGCx-2,0.02858554335810572
AGGTCCGGTATGAAACx-2,0.021393353315465196
ATAACGCCATACTCTTx-2,0.01600635407762819
ATAAGAGGTCTCTTTAx-2,0.035852717462424896
AGTCTTTTCCTGCTTGx-2,0.19718458885740617
AGGGTGACAGCTGGCTx-2,0.20738178056421233
ATAGACCCAAGAAAGGx-2,0.022182026412606384
AGTGTCAAGTATGACAx-2,0.14762871786573312
AGTTGGTGTCAAGCGAx-2,0.023294961093170183
AGTTGGTTCGGCGGTTx-2,0.025410198573218565
AGGTCCGAGGTAGCTGx-2,0.006691946232740051
AGTGAGGTCACATAGCx-2,0.13021561828752343
AGGGTGATCCAAACACx-2,0.02168610227521262
ATAACGCTCGGTTAACx-2,0.20178613233575307
AGTGAGGAGCTAGTGGx-2,0.08873999650470503
AGGTCCGCATTAACCGx-2,0.057135816701145974
AGTTGGTTCAGCTTAGx-2,0.02724921066706575
ATAGACCAGCTGTCTAx-2,0.020512898184819932
AGTAGTCAGTGGAGAAx-2,0.020738873111881523
AGGGTGATCCTGCAGGx-2,0.020187615001002836
AGTTGGTAGGGCATGTx-2,0.057701202371321446
AGGTCCGAGGACACCAx-2,0.11872766344789495
AGTGTCATCTTGAGACx-2,0.18883606615778406
AGTCTTTTCTACTTACx-2,0.07889899822527735
AGTGGGATCGTAGGAGx-2,0.0839657272613463
AGTGTCACACGGATAGx-2,0.024600525311188646
ATAGACCCAGACAAATx-2,0.0234244043600894
AGTGAGGCATGTCGATx-2,0.025680454479531656
AGTCTTTGTCGAGATGx-2,0.07096954594636679
AGTAGTCAGCCAACAGx-2,0.023051379955326138
AGTGAGGTCCTAGTGAx-2,0.17922857631749506
AGGTCATTCTACGAGTx-2,0.023904230098129402
ATAGACCGTGTAAGTAx-2,0.17048490313273637
AGGTCCGTCAAGGTAAx-2,0.10072298824423999
ATAGACCCAGGTCGTCx-2,0.07718347752647224
AGTGAGGGTACTTCTTx-2,0.022950556202672834
ATAACGCAGTCATCCAx-2,0.03850391144408135
ATAACGCGTGCTTCTCx-2,0.02285054897137684
AGGTCATCACACTGCGx-2,0.02765225851652438
AGGTCATTCCGAATGTx-2,0.15824196369025234
AGGTCATTCCGCGGTAx-2,0.01309337847233386
AGGTCCGTCGAATGGGx-2,0.1726809999091069
AGTGGGATCTGAAAGAx-2,0.15453869287369615
AGTGTCACACCAGCACx-2,0.0313392523466023
AGGGTGAAGTAGGTGCx-2,0.033136912164872946
AGGTCATCAAACTGCTx-2,0.021019546572877697
ATAGACCGTGACAAATx-2,0.027362487401192827
ATAAGAGGTACAGACGx-2,0.018683400901039
AGGTCCGGTCTGATCAx-2,0.022396627783998185
AGTGAGGCATGCAATCx-2,0.19228665179555168
AGTTGGTAGTCACGCCx-2,0.0208716472785614
AGTCTTTGTTTAAGCCx-2,0.027466042683243194
AGTAGTCTCACGGTTAx-2,0.021290058935576017
ATAGACCGTGAGTGACx-2,0.18897558743049736
AGGGTGATCATCTGCCx-2,0.01916436792209537
AGTGAGGGTACCGTATx-2,0.1434290339378368
AGTGTCACAAAGAATCx-2,0.05520749760740205
AGTCTTTGTGAAGGCTx-2,0.024847510830371868
AGTTGGTCAATCGGTTx-2,0.0093505169470442
AGTGGGAAGACCTAGGx-2,0.024208226319362938
ATAACGCCACAGATTCx-2,0.026149416073517496
AGGTCCGTCAACCAACx-2,0.014229012223674932
AGGGTGAAGTGTCTCAx-2,0.20104717023597535
AGTGAGGCAATGTAAGx-2,0.024923361122590946
AGTGAGGGTAGGGACTx-2,0.031284054683948355
AGTGTCAGTTGATTCGx-2,0.024214940847715166
AGGTCCGGTGGGTCAAx-2,0.19702277760160364
AGTTGGTAGCATCATCx-2,0.002079560067240059
AGGTCATCAGTAGAGCx-2,0.02023977226705284
AGTGTCACACCTCGTTx-2,0.20226701341724637
ATGAGGGTCATCACCCx-2,0.11563890582232732
ATCACGAGTGCACCACx-2,0.19729656082392436
ATCGAGTCAATCACACx-2,0.012953215048529478
ATGAGGGCATCCAACAx-2,0.01720315977437094
ATCCACCAGAATGTTGx-2,0.023834154297584852
ATAGACCTCTGAGTGTx-2,0.009641745486608531
ATGCGATAGGATTCGGx-2,0.018026315600249164
ATCATGGGTGTGAATAx-2,0.11095039958447023
ATCACGATCAACGCTAx-2,0.006369455273137282
ATCATCTCACTCAGGCx-2,0.05661312629548319
ATCACGATCGTCTGCTx-2,0.04906941966753499
ATCATGGCAGCTCGACx-2,0.020246453042274095
ATCGAGTCAAGTCATCx-2,0.19987364834622692
ATGAGGGTCAGTGTTGx-2,0.020684780554479226
ATCTACTCATATACCGx-2,0.20062379991637233
ATCCACCCAAACTGCTx-2,0.4370948442233068
ATCCGAACAAGCTGGAx-2,0.05305467204195858
ATCGAGTAGCGTGAACx-2,0.022135969484358517
ATCATCTAGACAAGCCx-2,0.02376369638220573
ATCATCTAGACAATACx-2,0.19114074147812776
ATCCACCGTCAGTGGAx-2,0.01266963931433666
ATCCGAAGTAAGGGCTx-2,0.02928497098128886
ATCCACCTCGGCCGATx-2,0.1986547022526267
ATGAGGGGTGCAGACAx-2,0.02964126421319556
ATCACGAAGTACGTAAx-2,0.012864756351973558
ATCTGCCTCACGCATAx-2,0.01611442055213638
ATCCGAAAGATCACGGx-2,0.009506917102257198
ATCTACTTCTTATCTGx-2,0.08277394896310575
ATCACGAAGGGTGTGTx-2,0.01889436713567956
ATCTACTCATCGACGCx-2,0.16469959293392641
ATCACGAAGCACCGTCx-2,0.022002548868870812
ATCCGAAGTCGGCACTx-2,0.21182538301711015
ATCGAGTGTTTGTGTGx-2,0.024060824120075354
ATCACGAGTACGACCCx-2,0.19220729353853608
ATCATGGCAGAGCCAAx-2,0.04790503674723083
ATCGAGTGTACAAGTAx-2,0.10492288043610737
ATCGAGTTCTCGAGTAx-2,0.02833348166803026
ATCCACCCATCACCCTx-2,0.019578811678974902
ATGAGGGCATCCGCGAx-2,0.02866470734669054
ATGAGGGGTTAAGAACx-2,0.02183813827027118
ATCATCTCATAAGACAx-2,0.017863498387609315
ATCACGAAGCTGAAATx-2,0.05139304503962693
ATCACGATCTCATTCAx-2,0.16543154374967434
ATCCGAATCGAATGCTx-2,0.02391580378548367
ATGAGGGAGCCTATGTx-2,0.20078912762444592
ATCACGACATGCCCGAx-2,0.010894913289840373
ATCGAGTAGGGTCGATx-2,0.0887664467319598
ATGAGGGGTTGTGGAGx-2,0.1808168205536402
ATCACGAGTAGCCTATx-2,0.0025806747071154303
ATCGAGTTCGTCTGAAx-2,0.2104886661254406
ATCACGATCCGTAGGCx-2,0.06873430687122978
ATCTGCCTCTGTCCGTx-2,0.007401983063750986
ATCATCTAGGGCTTCCx-2,0.07741259691886071
ATCACGAAGGTTCCTAx-2,0.026769146401168883
ATCCGAATCTTGTCATx-2,0.0237894723397661
ATCTACTCACATCCGGx-2,0.07075516616949827
ATCTGCCGTGGGTCAAx-2,0.02320101583038435
ATCATGGTCTACTTACx-2,0.05237593314303658
ATGAGGGGTATCACCAx-2,0.129186007790955
ATCATCTCACAGTCGCx-2,0.05130812405231455
ATCCGAACAGTATGCTx-2,0.15129925100893785
ATCGAGTGTGTCAATCx-2,0.19136643231220118
ATGAGGGAGTATCGAAx-2,0.13149941132213772
ATGAGGGGTTCCATGAx-2,0.15431280798400404
ATCTACTAGGGTTTCTx-2,0.054176932129064534
ATCATCTCATGCGCACx-2,0.043369199712868914
ATCATCTTCACAATGCx-2,0.08868239567401397
ATCTACTGTCCCTTGTx-2,0.004716676473584071
ATCCACCCATCTCCCAx-2,0.025295726794057515
ATCATCTTCACTTCATx-2,0.024351719564808336
ATCGAGTGTACATCCAx-2,0.02818099097048606
ATCATGGTCCATTCTAx-2,0.022702898282011757
ATCCGAAAGTGGCACAx-2,0.1988492641998799
ATCACGAAGAGGTTGCx-2,0.022103344982444782
ATGAGGGGTCAAGCGAx-2,0.026234092262457927
ATCATCTCAGGATCGAx-2,0.027950728782966987
ATCTGCCAGTGTCTCAx-2,0.1602662425749195
ATCATCTGTCGAACAGx-2,0.023650071414425395
ATCCACCGTAGAGGAAx-2,0.029252268297019178
ATCCGAAAGATGTGTAx-2,0.02739741093411447
ATCATGGCATCGGAAGx-2,0.12901445461935349
ATCATGGCACAGACAGx-2,0.00636569777013657
ATCATCTGTCTAGCCGx-2,0.016259690648742275
ATCTGCCTCGGTTAACx-2,0.10411824480826423
ATCATGGCAGCGTTCGx-2,0.01983324512142951
ATCATCTAGATGCCTTx-2,0.16329905548400442
ATCATGGCATCTCCCAx-2,0.20271056240789148
ATCACGATCCTGTACCx-2,0.035588537809117395
ATCATCTAGAGACGAAx-2,0.019078790545892507
ATCGAGTTCATTGCCCx-2,0.022964346100103398
ATCTACTGTTACCGATx-2,0.19163656315514896
ATCACGATCCTGTAGAx-2,0.04782847699139246
ATCCGAACACCATCCTx-2,0.10527621799850476
ATCGAGTCAGTAACGGx-2,0.024857766883171956
ATCTGCCGTAGAGGAAx-2,0.01126484627721364
ATCGAGTAGGCCGAATx-2,0.01751021191892474
ATCCGAACAGTAAGATx-2,0.014895109794805293
CAACCTCGTCTCAACAx-2,0.0216787370173786
ATGGGAGGTTGCTCCTx-2,0.021351378228111412
ATTATCCAGAGTCGGTx-2,0.017768430565624972
ATGCGATGTCTCCACTx-2,0.03751461137643765
ATTGGTGTCAACACTGx-2,0.017490948988388065
ATTATCCCACCATCCTx-2,0.1962681986417335
ATTATCCTCACATACGx-2,0.014384690016403141
ATGCGATGTTCCACTCx-2,0.09382977382799852
ATGTGTGCACATGACTx-2,0.030339230504691443
CAACCAAAGGAGCGAGx-2,0.014398963181800867
ATTGGACGTACTTCTTx-2,0.03939161845256024
ATTTCTGGTACCAGTTx-2,0.030467375586552447
ATTGGTGCATTGGGCCx-2,0.030492547636034675
ATTTCTGCACATTTCTx-2,0.024969626958710193
ATTTCTGCATAGACTCx-2,0.02287791392111249
ATTCTACGTTCGCGACx-2,0.11461297900646542
ATTGGTGAGTGTCTCAx-2,0.037610654645945645
ATTACTCAGGAACTGCx-2,0.10341258954329585
CAACCAAGTCCCTACTx-2,0.015376565095867921
ATTGGTGTCAAGCCTAx-2,0.027426896862419236
ATTACTCAGCTCAACTx-2,0.023273625381645232
ATTTCTGTCTAGCACAx-2,0.018154726444552034
ATTGGACAGGTAGCCAx-2,0.012491787793930986
ATGTGTGGTACCTACAx-2,0.025133207040049694
ATGGGAGAGTCCGGTCx-2,0.011322467762721862
ATGTGTGGTCGGGTCTx-2,0.11338093185976225
ATTATCCGTATCAGTCx-2,0.021293453438163343
ATTTCTGAGCCATCGCx-2,0.11173687794527527
ATGCGATAGGTCGGATx-2,0.03755145963209003
ATGGGAGAGATCCCATx-2,0.018770312290118437
ATTGGACTCCACGTGGx-2,0.1045878817086052
ATGCGATTCGGGAGTAx-2,0.020403118600293476
ATGGGAGAGAAACGAGx-2,0.02127494000214618
ATTACTCGTTGCTCCTx-2,0.015528837242401037
ATTACTCCACGCTTTCx-2,0.022090699328266204
ATTGGACCACCTATCCx-2,0.02419531731533277
ATTGGTGTCACCATAGx-2,0.009748957526709012
ATTGGTGCATCCGCGAx-2,0.18249494822640916
ATTTCTGTCCCTTGTGx-2,0.0424298692778691
ATTATCCTCCACGTGGx-2,0.21368349057174643
ATTATCCGTCACTGGCx-2,0.02336727382615655
ATGGGAGCAAGGTTTCx-2,0.019503731973308586
ATGGGAGCAATAACGAx-2,0.03985191956847668
ATTATCCCATCCAACAx-2,0.13447156712586955
ATGGGAGTCTGCTGCTx-2,0.023569083103409917
ATTTCTGTCTGTGCAAx-2,0.025656243387198442
ATGCGATCATTCTTACx-2,0.19703488467259903
ATTATCCTCTTGAGGTx-2,0.13652261421025916
ATGGGAGGTGACTCATx-2,0.22605573929544492
ATTGGTGCATCGATTGx-2,0.15189331651166238
ATGGGAGGTCTCTCGTx-2,0.21279033348779888
ATGGGAGCAAGAAAGGx-2,0.10493380748364858
ATGCGATTCATGTCCCx-2,0.01010747293671137
ATGTGTGCAACGATGGx-2,0.02443983941593439
ATTCTACTCCACTCCAx-2,0.019926246000333714
ATTTCTGGTCAGCTATx-2,0.01880780227781479
ATTCTACGTCCCTACTx-2,0.2184034376202779
ATTGGACAGGCATGGTx-2,0.15294718842651664
ATTACTCGTCGCGAAAx-2,0.030496561941013613
ATTGGTGCACGGCTACx-2,0.20750103101304107
ATTCTACCACGGTAAGx-2,0.1850462739315679
ATTCTACAGGTGCACAx-2,0.19776904572925488
ATTATCCTCGCGTAGCx-2,0.250244449897215
ATTCTACTCCAAACACx-2,0.004069803693941587
ATGGGAGCACATCTTTx-2,0.03277993097200034
CAACCAACATACAGCTx-2,0.014754961091086947
ATTATCCCAAGGACTGx-2,0.09646312803623772
ATGTGTGAGACACTAAx-2,0.015803422138980984
ATTGGACTCAACGAAAx-2,0.042159274735366285
ATTCTACCACATGACTx-2,0.027330222136934708
ATGCGATTCACGATGTx-2,0.02590731154113415
ATTATCCTCCATGAGTx-2,0.1856533892447599
ATGGGAGTCGTAGGAGx-2,0.026446040539114403
ATGGGAGGTTCCCGAGx-2,0.013174801075952765
ATTCTACAGGATATACx-2,0.08150139934162044
ATTGGACCAACACCTAx-2,0.14098783292695538
ATGCGATAGTTCGCATx-2,0.030236721924650482
ATTATCCTCCTGTACCx-2,0.1647618117045661
CAACCTCAGTAGGTGCx-2,0.0217375785727697
ATGTGTGGTGGCAAACx-2,0.023701789328210845
ATTTCTGGTATGAATGx-2,0.01135459446785375
CAACCAAAGCCACTATx-2,0.2223565047706992
ATTGGACTCTGCCAGGx-2,0.14532446016072825
ATTGGACCAGGGCATAx-2,0.02366421449499018
ATTGGACTCCCTAATTx-2,0.026953414544051733
ATGTGTGAGTGTACTCx-2,0.1561079759355201
ATGGGAGAGTGTTTGCx-2,0.20937434853789572
CAACCAAGTCATGCCGx-2,0.02679271280531073
ATTGGACAGAGCTGGTx-2,0.022260259427901403
ATTGGACTCGGCGCATx-2,0.06743374192771635
ATTTCTGTCAGCTCGGx-2,0.02023228070511322
ATTGGTGAGCGCTTATx-2,0.06575658729353755
ATGCGATGTTGTGGCCx-2,0.1900537820768804
ATTACTCGTAAGTGGCx-2,0.019832393362105044
ATTGGACGTCGCTTTCx-2,0.1719685974540057
CACAGTAAGAGTACATx-2,0.12763299895461636
CAAGATCGTAGAGCTGx-2,0.060476042082439445
CACAAACGTGACTACTx-2,0.20017544478366264
CAAGTTGAGATAGGAGx-2,0.18380573124850175
CACACTCTCTCGAGTAx-2,0.023866407642051765
CAAGATCCACGAAACGx-2,0.20053787899115963
CAAGATCAGGTGGGTTx-2,0.020715727294355876
CACACAAGTCTGCGGTx-2,0.04592099040729966
CACAGGCGTCTAGAGGx-2,0.01819837642176075
CAAGAAATCACAGTACx-2,0.03474363598493927
CACAAACGTTACGCGCx-2,0.092722825591158
CAAGAAAGTCTGATTGx-2,0.17092367929590624
CACACTCGTAAATGTGx-2,0.17655157623565068
CAAGATCAGGACAGAAx-2,0.05533232924417433
CAACTAGGTTTGCATGx-2,0.0943013075734515
CACAGTAGTACGAAATx-2,0.17856543092224406
CAAGTTGGTTCACGGCx-2,0.018172175036763792
CACACTCAGAGCTGGTx-2,0.01807273019401748
CAAGTTGGTATAGGTAx-2,0.16705567329275745
CAACTAGGTGTGCGTCx-2,0.028450338525584772
CAAGAAAGTCACCTAAx-2,0.01847400905879978
CACACTCTCTATCCTAx-2,0.027247172738162316
CACAGGCTCTCGAGTAx-2,0.21761486923606643
CAAGTTGGTGCAACGAx-2,0.007686197178938793
CAAGTTGTCGTATCAGx-2,0.020457034023372896
CACATAGTCTGCAAGTx-2,0.032996450045510696
CACACTCGTGTGTGCCx-2,0.020907347423666976
CACATAGTCGAACGGAx-2,0.1942986051429559
CACACAACAAGGTTCTx-2,0.03547903139911469
CAAGTTGAGGGTATCGx-2,0.03347164030168679
CACAGTACAATCAGAAx-2,0.03287196571098766
CAAGAAACACTCAGGCx-2,0.03817870170219477
CACACCTGTTGAGTTCx-2,0.012271942540621002
CAACTAGTCTGCTGTCx-2,0.017553720164484896
CACAGTATCCATTCTAx-2,0.20846207131087546
CACACCTGTACTTCTTx-2,0.17162604957495686
CAAGTTGAGCCCGAAAx-2,0.09010473558916567
CACACCTGTGTATGGGx-2,0.005912829477871579
CAACTAGAGAAAGTGGx-2,0.017545578440616817
CACAGGCCATTGGCGCx-2,0.02679734596474072
CACAAACTCTCTGTCGx-2,0.023309074908985716
CACAGGCGTCTAGTCAx-2,0.018752760059780826
CACACCTAGAAGGACAx-2,0.03845095419598707
CACAGGCAGCAAATCAx-2,0.02652261985062085
CAAGATCAGAGACTATx-2,0.04052352383098172
CACAGGCTCCTTTCGGx-2,0.19261824658961882
CACATAGGTCTCATCCx-2,0.02016556365069192
CACAGTACACCTCGTTx-2,0.02426826703869356
CAAGAAAAGATCCGAGx-2,0.24615889268471092
CAAGAAATCCCGACTTx-2,0.012956561435595204
CAAGGCCCAGGGTTAGx-2,0.013962215634056432
CAAGAAAAGATCCTGTx-2,0.006050958542616358
CAAGATCGTGCAGACAx-2,0.1961070047986623
CAACTAGAGCCAGGATx-2,0.03081750957189489
CACAAACGTGGGTATGx-2,0.13876305125315386
CAAGTTGGTTGATTCGx-2,0.16989431250777526
CAACCTCTCGCACTCTx-2,0.01610105838183901
CACACAATCGTCTGAAx-2,0.031187236933191007
CACACTCTCCAAACACx-2,0.021014628235469502
CACATTTAGTGTGAATx-2,0.03506108494129001
CACACTCAGGTTACCTx-2,0.04603566175874554
CACAAACGTGCGATAGx-2,0.08375196672060198
CAAGAAAGTAATCACCx-2,0.016556753043370474
CACACAAGTAACGCGAx-2,0.2605687407503128
CAAGTTGGTCCAGTTAx-2,0.037825432498020534
CAACCTCGTGCGGTAAx-2,0.020368023017338404
CAACTAGTCGTCCGTTx-2,0.018779622909433216
CAAGATCAGAGGTAGAx-2,0.15770936434501506
CAAGATCAGCTATGCTx-2,0.059652089432961616
CACAGGCTCGCGGATCx-2,0.03200883863147883
CACAAACTCCGTAGGCx-2,0.02500412317627965
CACACCTGTTAAGATGx-2,0.07648183475674059
CAAGAAATCCCTAACCx-2,0.01821066731579504
CAACTAGTCACCGTAAx-2,0.21609747109983007
CAACTAGCATCACAACx-2,0.013203755221624237
CAAGAAACACAACGCCx-2,0.045746541129213725
CAAGGCCTCTGGAGCCx-2,0.02070537160021305
CACATAGGTCTGCAATx-2,0.02814869792203357
CAAGTTGAGAACTGTAx-2,0.19778362495963525
CACACCTGTCGCTTTCx-2,0.03196537419794326
CACAAACGTCTAACGTx-2,0.020660871465097166
CACAGTAAGTTAGGTAx-2,0.038775834907932225
CACACAAGTTACAGAAx-2,0.13324078224415808
CACACAACACCTCGTTx-2,0.02779179875892183
CACACAAAGTCACGCCx-2,0.02442539662385132
CAACTAGAGCGATTCTx-2,0.036803612017941766
CACAGGCCAAGAAGAGx-2,0.20530872099777606
CACAAACGTACCAGTTx-2,0.023136302181539507
CAAGTTGAGTGCGTGAx-2,0.025966751978039476
CACAAACAGTGTACGGx-2,0.034434943822987216
CACAGGCGTTACGTCAx-2,0.01492634070535399
CAAGATCAGTTCGATCx-2,0.016506612574274555
CACATAGTCGCAAACTx-2,0.04061746540247183
CACACAAAGTCTTGCAx-2,0.10381780514501754
CAGCAGCAGTGACATAx-2,0.13883034929645613
CAGCAGCAGGATCGCAx-2,0.03658425759133776
CAGAATCGTTTGGGCCx-2,0.021455587419322474
CAGATCAAGTAATCCCx-2,0.025443014849594908
CAGATCAGTTCCGGCAx-2,0.007233601441432905
CACATTTTCATCTGTTx-2,0.17839531996111258
CAGCATAAGTCATCCAx-2,0.015016323736082767
CACTCCACAATCGGTTx-2,0.023901725157067573
CACCTTGCACAGCGTCx-2,0.004734251389452189
CAGAGAGGTGTCCTCTx-2,0.17886074021549
CAGATCAGTGAGTATAx-2,0.021998614436612426
CAGCATAGTCTAGTGTx-2,0.025584242844934033
CACCAGGCAAACCTACx-2,0.15855726884119842
CACCTTGGTGCCTGGTx-2,0.02551460830728912
CACCTTGTCAGGCCCAx-2,0.005334613372661336
CAGATCAAGCCACGTCx-2,0.021885252754757126
CAGAATCCATGGTAGGx-2,0.023120276616721034
CAGCATATCGGCGGTTx-2,0.20080596748438687
CAGATCATCACAATGCx-2,0.10421650892194424
CAGAATCCAACTGCGCx-2,0.21279918366965267
CACCTTGTCCTGTAGAx-2,0.1833078243672721
CACTCCATCCGTTGCTx-2,0.02125373304164748
CAGCATACATCATCCCx-2,0.14573027853467252
CAGAATCTCCTTTCGGx-2,0.041021223318816774
CACCTTGGTGAGCGATx-2,0.04671832361162522
CAGATCATCCGAAGAGx-2,0.027597462240399093
CAGCAGCGTTCCGGCAx-2,0.04486544396145909
CAGAGAGCACTGTCGGx-2,0.007674283144123776
CACATTTTCCGTTGCTx-2,0.17756331690747815
CACCAGGTCCTTGCCAx-2,0.036319460407358714
CACCTTGAGTGGACGTx-2,0.035954941996763225
CAGCAGCTCCAGGGCTx-2,0.018428615234400328
CAGCAGCAGGGTATCGx-2,0.02158228049116069
CACTCCAGTGCACTTAx-2,0.021195458882565358
CACCACTGTGAGGCTAx-2,0.02719834946446116
CACCAGGCAGCCAATTx-2,0.01950931250295703
CAGAGAGAGCACCGTCx-2,0.026471019429716764
CACCAGGCAGCGTTCGx-2,0.020519494948966578
CACATTTTCGTGGACCx-2,0.022913217300840918
CAGAATCTCAGCTCGGx-2,0.015773175924526112
CAGCCGAAGAGCAATTx-2,0.18288658057047535
CAGATCATCTGATACGx-2,0.17194816831987877
CACCAGGCAGTATGCTx-2,0.016544516740057396
CAGAGAGAGTGTACCTx-2,0.07771032014579975
CAGCATACAATGGACGx-2,0.19364698278901668
CAGATCAGTAACGTTCx-2,0.04703202694229978
CACCACTTCAAGATCCx-2,0.1400181276322611
CACTCCAAGGATGTATx-2,0.032851213907439225
CACCAGGCAGACGCAAx-2,0.01893002231709367
CAGAATCGTTCTGGTAx-2,0.019783524134078082
CAGATCACAGTCCTTCx-2,0.1938979092485096
CACCAGGCACAGAGGTx-2,0.02230320001506115
CACCAGGCAGTAAGCGx-2,0.024128058467281315
CAGATCAGTAGAGCTGx-2,0.020492355081711388
CAGAATCGTGTTGAGGx-2,0.026974422211516434
CAGCAGCTCCAAAGTCx-2,0.11247440562714582
CACATTTCAGAAGCACx-2,0.024532424388659525
CAGCATATCGTAGGAGx-2,0.06287462486472177
CACATTTCACGTAAGGx-2,0.010041345090696392
CACATTTCAGTGACAGx-2,0.02165049565005105
CACCACTAGATACACAx-2,0.032667078170368506
CAGATCAAGGCGTACAx-2,0.012351581053542882
CAGCATAAGTCTCAACx-2,0.08866216882437557
CACCTTGAGTTAGCGGx-2,0.04923271323526086
CACATTTTCAACACGTx-2,0.18584639540559955
CACTCCAGTTCCATGAx-2,0.032836288743194504
CAGAATCAGAACAACTx-2,0.02794725416492827
CACCACTGTTTGTTGGx-2,0.028850928434567834
CAGCCGAAGCTGAACGx-2,0.03825453669179153
CAGATCAGTGACGCCTx-2,0.06108127687572904
CACATTTTCCAGTAGTx-2,0.1814777830001697
CACCTTGCAATACGCTx-2,0.02788884860804453
CACCAGGCATTACCTTx-2,0.011886784823210357
CAGAGAGGTTTCCACCx-2,0.013987252847734936
CAGAGAGTCAGGCAAGx-2,0.2164558024815316
CAGATCAGTTATCGGTx-2,0.030328511024682946
CAGAATCGTGTCCTCTx-2,0.19466253767685424
CAGAATCGTCTAGAGGx-2,0.011969518859553115
CACCAGGGTAAGTAGTx-2,0.10467758824942999
CACCAGGCACGGACAAx-2,0.20030481611213619
CAGCAGCAGTCAATAGx-2,0.02571079245253785
CAGCAGCTCTTCGAGAx-2,0.022479852064214673
CACCAGGAGTCCAGGAx-2,0.08979567185355986
CAGCCGAAGCAGCCTCx-2,0.025931874334747824
CAGCATACAGGGCATAx-2,0.24374161498698604
CACCAGGAGGTAGCCAx-2,0.026858522167859767
CACATTTTCTTCAACTx-2,0.08920306944370072
CAGAATCAGTCCAGGAx-2,0.021274494624599172
CACCACTGTTAGAACAx-2,0.01923554463914044
CAGCATAGTCTAGTCAx-2,0.22132255657685912
CACATTTGTTTGGCGCx-2,0.01809492272035618
CACCAGGCAGCTGTATx-2,0.025446000178895836
CACCTTGGTGTGACGAx-2,0.1369422119041124
CACTCCACAAGGTTCTx-2,0.024313477204257646
CAGAATCAGAGGTTGCx-2,0.023532968528894232
CACTCCAGTTGATTCGx-2,0.021093121541870687
CAGCATATCGCGGATCx-2,0.08798592170276114
CACCAGGTCGCTTGTCx-2,0.03390386363191263
CACCAGGGTATAGGGCx-2,0.21200282906887127
CAGCCGAAGTCTCGGCx-2,0.08908234834786283
CAGCTGGTCTCAAACGx-2,0.204296522231012
CAGCGACGTAAATGTGx-2,0.14233976943696253
CAGTAACTCTCCAACCx-2,0.1910393144219813
CATATGGTCCAATGGTx-2,0.028565296732891782
CAGGTGCGTTAAGGGCx-2,0.0223532901498317
CAGCCGACACTTACGAx-2,0.18697915313153973
CAGGTGCTCGGAGGTAx-2,0.17252925435977304
CATCAGATCTTGTATCx-2,0.029789922329970908
CAGCGACTCTTGTATCx-2,0.07161664489800389
CATATGGAGTACGTTCx-2,0.08022114088356759
CAGCTAAGTAAGGGAAx-2,0.02502802366882414
CAGCCGAGTTAAGAACx-2,0.07144358542903524
CAGCTAATCATCACCCx-2,0.025292905177621977
CAGCTGGTCAGTGTTGx-2,0.032895707871406686
CAGGTGCCAGTATAAGx-2,0.14868092797711063
CATATGGCATGCCCGAx-2,0.023072435498658957
CAGCGACCAGACGCAAx-2,0.07470723570088211
CAGCTGGGTATGGTTCx-2,0.014598472531618707
CAGGTGCCAGCTCCGAx-2,0.01978340155546518
CAGTCCTAGTCCTCCTx-2,0.17322753643543728
CAGGTGCGTCCATCCTx-2,0.07813764218476038
CATATTCAGACGCTTTx-2,0.012883839407537165
CAGCTGGTCAATAAGGx-2,0.19904813440456356
CAGGTGCGTAAGGATTx-2,0.027857693392549485
CAGCTAACATTGGGCCx-2,0.13408192480409967
CAGCGACGTGTTGGGAx-2,0.07943518449620236
CATCAGAGTTTGTTGGx-2,0.14616883271607045
CAGCGACTCCTTGGTCx-2,0.2001801316488733
CAGCTGGTCTTTACGTx-2,0.025001369132637712
CAGGTGCGTGACGGTAx-2,0.02518181972424214
CAGCTAACAGTCCTTCx-2,0.16222336049035685
CATATGGCATGGGAACx-2,0.17822906494507912
CAGCTGGCAACACGCCx-2,0.02952022442369932
CAGCTGGTCAGGTTCAx-2,0.02712965301794779
CAGGTGCAGGTAGCTGx-2,0.02837629790643946
CAGCTGGTCATTGCGAx-2,0.03567843647228177
CAGGTGCGTAGCCTATx-2,0.004256654359083578
CAGTCCTAGTACATGAx-2,0.1819879755436155
CAGCTGGCACCGGAAAx-2,0.011858986995661581
CAGCCGAGTCTCTTTAx-2,0.09862157218526556
CAGCTAACATGCTGGCx-2,0.030849113283586384
CATATTCGTACAGTTCx-2,0.022852609591497458
CAGTCCTCATGTCGATx-2,0.017513574110342062
CATATGGAGCGTTTACx-2,0.019818002323542968
CATCAGATCTCCAACCx-2,0.018282720048390644
CATATGGGTATAGGGCx-2,0.03708509538670475
CATATTCGTGGTTTCAx-2,0.03272511891508856
CATATTCTCCATGAACx-2,0.030168262054855375
CAGTAACGTATTCGTGx-2,0.024463889362314667
CAGCTAAGTAAGTGTAx-2,0.20057213299095097
CAGTAACCAACTGCTAx-2,0.21287586797886673
CAGGTGCGTGAGTATAx-2,0.06412217163719341
CATCAAGAGACTACAAx-2,0.03333873567826162
CAGGTGCAGACTACAAx-2,0.044097531618256365
CATCAGACATCGATTGx-2,0.020682711601209196
CATATGGTCGGAATCTx-2,0.049604473579888064
CAGTAACGTGCCTGTGx-2,0.028758000289635433
CAGTCCTCAGACGTAGx-2,0.02204453885475842
CATATGGAGGCTCATTx-2,0.22074306839935257
CATATGGTCGTTGCCTx-2,0.020085212430021534
CAGGTGCGTATTAGCCx-2,0.2132020625297293
CAGGTGCGTGTAAGTAx-2,0.023079182039316148
CAGGTGCCATCGTCGGx-2,0.021124168385323182
CATATTCGTTGCGCACx-2,0.11389056971236265
CATCAGACAAGTCATCx-2,0.02097227952679722
CAGGTGCGTGGGTCAAx-2,0.015161048246913592
CATATTCCAGGGCATAx-2,0.04913644826674174
CAGTAACTCATTTGGGx-2,0.15105148969666912
CAGTAACTCGTAGGAGx-2,0.022440164486359562
CATCAAGGTTCATGGTx-2,0.031228817225800842
CAGCCGACAGATAATGx-2,0.07655645839229847
CATATTCGTCGAACAGx-2,0.039350509747439734
CAGTCCTCATGCATGTx-2,0.08133653826693782
CAGGTGCGTATGAATGx-2,0.011910876415476772
CAGCGACTCGGACAAGx-2,0.047214088639685
CAGCTGGTCTGCGGCAx-2,0.014053953838290051
CAGTCCTAGCAGGTCAx-2,0.1989202966289554
CAGTAACTCTGGTGTAx-2,0.022899732295752994
CAGCCGAGTCTAGTCAx-2,0.14568674739395188
CATATTCGTATGCTTGx-2,0.02770668911081296
CAGCTGGTCCGTAGTAx-2,0.031745226920896534
CATATTCTCTTCGGTCx-2,0.15168525169030997
CAGGTGCGTGTTGAGGx-2,0.01935777422105504
CAGGTGCAGCGCTTATx-2,0.02458640750785853
CAGCGACCATCTCCCAx-2,0.030224454910755955
CAGTAACCATCGTCGGx-2,0.020733259208360427
CAGTCCTAGCGTCTATx-2,0.02692480763764119
CAGCGACAGTAGCCGAx-2,0.035016621993479755
CATCAAGTCCTGCCATx-2,0.01894825243049004
CATCGAATCCTGTACCx-2,0.009428072881787708
CCACCTAGTATAGGGCx-2,0.03223884369672966
CATTATCTCCCTGACTx-2,0.024596459166952977
CATCGGGGTCCATCCTx-2,0.011898945607323403
CCACCTAAGGTGTTAAx-2,0.033794306069582766
CATCCACAGTGGGATCx-2,0.09353877533706219
CATGGCGAGGCATTGGx-2,0.006704639452399484
CATGGCGGTTTGACACx-2,0.022932147834950203
CATGACACATCACAACx-2,0.2150754233414843
CATCCACTCATGTCTTx-2,0.08196880041333289
CATTATCAGGATGGTCx-2,0.02858248915245276
CATGGCGCAAGGACTGx-2,0.010808174501517467
CATGCCTTCTCTAGGAx-2,0.0086877996136872
CCACCTACAGACGCCTx-2,0.052381296742830784
CATCCACCAAGGACTGx-2,0.020847517143905807
CATCGGGCATAAAGGTx-2,0.131779723235809
CATTCGCCACAGATTCx-2,0.024368104382575934
CATCGAATCAAGGCTTx-2,0.023014227739967492
CATCCACCAGCTGTTAx-2,0.031265332530762614
CATGACAAGATGGGTCx-2,0.0076609471605298555
CATCGAAAGACAAAGGx-2,0.11778100692678267
CATTCGCGTCGCTTTCx-2,0.03042482208645688
CATGCCTGTCCGAACCx-2,0.019805130776108907
CCAATCCTCGCATGGCx-2,0.02299359033733817
CATTATCCATACGCTAx-2,0.1979735715803228
CCACCTAGTTCGAATCx-2,0.11773388533494529
CATCGGGGTCTTGCGGx-2,0.04498114501915429
CATCGAATCGGCTTGGx-2,0.019278976706221397
CATTCGCCAGACTCGCx-2,0.018806477122462383
CCAATCCCACATCCGGx-2,0.18905319902874998
CATGGCGAGTTAAGTGx-2,0.025800663092703777
CCACCTAGTGCGATAGx-2,0.021294826324620538
CATCCACTCTGACCTCx-2,0.052246321800540445
CATCGAACATTAGCCAx-2,0.17374286374891418
CATCGGGTCGTACGGCx-2,0.012409767621946838
CATGGCGGTCAAAGATx-2,0.19451969033001137
CATTCGCAGTCGTTTGx-2,0.02883925779067675
CATGACATCCTACAGAx-2,0.1987971857119659
CATGGCGGTGTTCTTTx-2,0.021682799104803245
CATCGAAAGAGAGCTCx-2,0.026813892735467325
CATGCCTGTCGAATCTx-2,0.03407987773113307
CATTATCCACACCGACx-2,0.035569517146162875
CATCCACCACTTGGATx-2,0.02092172391590757
CATGACACAGGAATCGx-2,0.017466800047675826
CATGGCGAGCTCCCAGx-2,0.19664906978791205
CATGCCTTCGCCTGAGx-2,0.02349950598289113
CATGCCTAGCTAGGCAx-2,0.028319796762716693
CATCCACTCCGTTGTCx-2,0.019570384652353986
CATTATCCACAGGCCTx-2,0.016446489886474968
CCAATCCCAGACGTAGx-2,0.17450089974774116
CATGGCGCAATGGTCTx-2,0.34634594960100823
CATCGGGCAAGGTGTGx-2,0.027200851627481842
CCAATCCGTGCGGTAAx-2,0.012015698340432477
CCAATCCTCAAGATCCx-2,0.036993603000070124
CATCGGGAGAAGCCCAx-2,0.023367614353920273
CATCGGGTCGTCTGAAx-2,0.02271622061616604
CATTCGCTCTGGGCCAx-2,0.08510552454302284
CATTATCGTTGCGCACx-2,0.01912891793247315
CATTCGCAGTGGAGAAx-2,0.18395118352699968
CATGGCGTCGATCCCTx-2,0.07351248310669396
CATGGCGTCCCGGATGx-2,0.02572120382875375
CATGCCTAGTCGAGTGx-2,0.017289143478872938
CATCGGGTCGCTTAGAx-2,0.06060188680152344
CATGGCGGTTCATGGTx-2,0.19773130600257996
CATGGCGTCATAAAGGx-2,0.039722910126236535
CATTCGCTCGGAGCAAx-2,0.044204547550980994
CATCAGATCTTGTCATx-2,0.03549508086385462
CATCGGGCACTGTTAGx-2,0.17630843991654424
CATCGAATCTTGAGGTx-2,0.012389288578185874
CATCCACAGGGTGTGTx-2,0.031097721830682674
CATTATCCAGCATACTx-2,0.15853873695229168
CATGGCGAGGGCACTAx-2,0.04817569007047995
CATCGGGAGCTGCCCAx-2,0.01567134447831701
CATCCACCAGGCGATAx-2,0.05190502826467192
CATCCACCAGGGTATGx-2,0.07790269871169282
CATCGAAGTTGTCTTTx-2,0.007295831230114191
CATCGGGGTGTGAATAx-2,0.17008440168115618
CATCGAATCGTAGGTTx-2,0.013921489333741146
CATCGAAGTGTTGAGGx-2,0.06041781009041134
CATGACAGTAGAGCTGx-2,0.024527033243751297
CATGACAAGGGTTCCCx-2,0.09132647134878304
CATGGCGAGGTCGGATx-2,0.029256985211309525
CATCGAATCTAACTCTx-2,0.014692993814793383
CATTCGCCAGCCACCAx-2,0.08400107774716448
CATCCACAGCGATTCTx-2,0.020495837535955443
CCAATCCTCTATGTGGx-2,0.01791145302417169
CATGCCTGTTACGCGCx-2,0.024310874127599736
CATCGGGTCAGAGGTGx-2,0.02349412044534208
CATTATCCACTGTCGGx-2,0.004703741924955985
CATTCGCGTACCTACAx-2,0.15312020153691344
CCAATCCGTGCAACTTx-2,0.046368695039053574
CATTATCGTAGTAGTAx-2,0.19336135781422445
CATCCACTCCACGACGx-2,0.026126284155733828
CATGGCGCACAGTCGCx-2,0.19869228042466824
CATGGCGGTGAAAGAGx-2,0.017806820593109396
CATGCCTAGAGATGAGx-2,0.005971961581535964
CCCTCCTAGACTAGATx-2,0.2303743807116946
CCCAGTTGTACATGTCx-2,0.14139561219742097
CCACGGAAGAAGGACAx-2,0.018644919820524325
CCCATACGTCTAGAGGx-2,0.040477652847700024
CCACTACAGTACGTAAx-2,0.020373461665372787
CCATGTCGTGCACTTAx-2,0.027915551305244393
CCACCTATCGAGCCCAx-2,0.14914976286972134
CCGGGATTCATCATTCx-2,0.04689634945651234
CCCAATCAGTATCTCGx-2,0.05862443728832524
CCCAATCGTCAAGCGAx-2,0.018904356155089837
CCACTACTCACGACTAx-2,0.231776089891224
CCACTACAGCAAATCAx-2,0.20931406411220974
CCCTCCTGTCGGCACTx-2,0.0296782834490081
CCAGCGATCACAGTACx-2,0.031761988972413883
CCGGTAGAGAATGTTGx-2,0.03471853781407107
CCGGGATGTAGCGTCCx-2,0.030641068861516206
CCAGCGATCCGAACGCx-2,0.1484691725178909
CCGGGATTCCTTCAATx-2,0.1981380185209722
CCACTACAGCACACAGx-2,0.09094290258392061
CCGGGATTCGCCAGCAx-2,0.08466227021216029
CCCTCCTCATGCCACGx-2,0.04927228239491446
CCACGGATCCTCGCATx-2,0.022882721133076683
CCCAATCGTCTGCAATx-2,0.029913299947414238
CCCATACGTGCCTTGGx-2,0.02812151826024358
CCACTACGTCTTCAAGx-2,0.031113929435073653
CCACTACTCACCGTAAx-2,0.04731065062581988
CCCAATCGTACGACCCx-2,0.012477283632425536
CCACTACAGGCCCGTTx-2,0.039998679142323294
CCATTCGGTTTACTCTx-2,0.01589814430949292
CCCATACAGACAAGCCx-2,0.02274527077014668
CCACGGAAGAATTGTGx-2,0.02686211361720938
CCACTACAGGAGCGAGx-2,0.010700790412268462
CCGGGATGTGGGTCAAx-2,0.03327286689507062
CCACGGACAGATCCATx-2,0.2076429972106541
CCCAATCTCACGCGGTx-2,0.04631049607629282
CCCTCCTAGAGTACCGx-2,0.01962550037263058
CCATGTCTCTCGCTTGx-2,0.021872698519996518
CCAGCGATCTTGTACTx-2,0.018964964858394204
CCCTCCTGTACTTAGCx-2,0.01856223873177431
CCATGTCAGCTAGTGGx-2,0.021277611554931002
CCCTCCTGTTATGCGTx-2,0.009868592730823373
CCCAATCTCCCTCAGTx-2,0.20934975534503156
CCATTCGCACTATCTTx-2,0.02543360684946915
CCCAATCAGATCTGCTx-2,0.11677983752035873
CCATGTCGTGTGACGAx-2,0.042141407504539236
CCATGTCCAATGACCTx-2,0.0785264120515219
CCATTCGAGATAGGAGx-2,0.1784702901165422
CCACGGATCGCATGGCx-2,0.13301227585572978
CCACTACTCTTCGGTCx-2,0.02336326232119544
CCACTACAGTTAAGTGx-2,0.015275220854067585
CCCAATCGTGTTTGTGx-2,0.015423057800376425
CCCAGTTCAGGGCATAx-2,0.025400805731789784
CCAGCGATCCAGTATGx-2,0.023201922977605347
CCATTCGGTCGGCTCAx-2,0.037793938723883286
CCCAGTTTCAATAAGGx-2,0.010425551532871247
CCCATACCACAAGACGx-2,0.032233620457453725
CCCAATCCAGCCAGAAx-2,0.034181480534434414
CCCATACGTCGGGTCTx-2,0.020780573417687225
CCATTCGAGAGATGAGx-2,0.1392454084540726
CCATTCGGTACAAGTAx-2,0.029007977198746156
CCACCTATCGTCCAGGx-2,0.011563699597783297
CCGGGATTCGCCCTTAx-2,0.02578787934992379
CCGGGATAGGTAGCCAx-2,0.021135742002458567
CCATTCGAGTGGGATCx-2,0.2146334704516185
CCCATACCATATACGCx-2,0.02392057027382336
CCACGGATCGTCTGAAx-2,0.020385731135923395
CCCAATCCACACGCTGx-2,0.17794949961404824
CCGGTAGGTCAGCTATx-2,0.04066145165509624
CCCATACGTCTGGTCGx-2,0.01397611777504094
CCCAGTTAGATGGCGTx-2,0.023357230950197334
CCGGGATAGCGATCCCx-2,0.13275291751417004
CCCATACGTAGGAGTCx-2,0.36625798196727793
CCATGTCGTTTAGGAAx-2,0.03165565867070149
CCGGGATGTGTTCGATx-2,0.03298895327806745
CCACGGATCCTTAATCx-2,0.20133499727024198
CCCTCCTTCGATCCCTx-2,0.13628659821142408
CCGTACTAGCATGGCAx-2,0.20726790794103947
CCAGCGAAGCCGCCTAx-2,0.018842244058212963
CCATTCGTCTGATACGx-2,0.022121048840472047
CCCATACCAGACGTAGx-2,0.12830145476496468
CCCAATCGTCGCTTTCx-2,0.0730830752834687
CCACGGACAGTTTACGx-2,0.02355619581869527
CCCATACCAGGACGTAx-2,0.19847855163300307
CCACGGATCTCAAACGx-2,0.20865459013953674
CCACGGAAGATGTGGCx-2,0.10106459799195723
CCGGGATCATATGCTGx-2,0.02221972939482788
CCATTCGAGTGAAGAGx-2,0.11215530253596256
CCGTACTAGAGAACAGx-2,0.03695439231655356
CCATTCGGTAGTAGTAx-2,0.02324705686341452
CCGGTAGAGCGAAGGGx-2,0.01958371049409431
CCACTACCAGATCTGTx-2,0.063603813043191
CCACTACGTTAGTGGGx-2,0.18846859227185617
CCGGTAGGTTTGCATGx-2,0.020763152026071693
CCACTACCAGCCAGAAx-2,0.01936416644575713
CCTATTAAGTTGAGATx-2,0.024707361251655225
CCTCTGACAATACGCTx-2,0.02255156636659611
CCGTGGAAGGCCATAGx-2,0.017157982928365872
CCGTACTGTTCGAATCx-2,0.023751251805553226
CCTAGCTAGTCAAGGCx-2,0.19011259701880942
CCTACACGTAGCTCCGx-2,0.01978976472412331
CCTTCCCGTAGGCATGx-2,0.025783587324709194
CCTACCAGTTCTGGTAx-2,0.10668988981023267
CCGTACTGTGGGTCAAx-2,0.1471559013846205
CCTACACCATCGGTTAx-2,0.01946342495700585
CCTCAGTAGCAGCGTAx-2,0.04930151066608323
CCTACCAAGACCACGAx-2,0.20550107092029413
CCTTACGCAGTAAGATx-2,0.13480093971213666
CCTCAGTCAACGCACCx-2,0.08088725972942662
CCTAGCTGTTCGTGATx-2,0.015379667406772173
CCTACACGTTCTGAACx-2,0.19911814550370463
CCGTGGACAGAGTGTGx-2,0.02100539622611148
CCTCAGTTCAGAGACGx-2,0.06257985015075795
CCTAAAGGTGAGGGAGx-2,0.12394665566690603
CCTTCCCTCCGCTGTTx-2,0.02601311577515268
CCGTGGATCAGCACATx-2,0.025352396847722943
CCGTACTCAACCGCCAx-2,0.18438647724822776
CCTTACGAGTGGACGTx-2,0.30104175886689843
CCTCTGACAAATTGCCx-2,0.04496191801004891
CCTATTAAGACCTAGGx-2,0.02681896450121078
CCTAAAGAGTCGATAAx-2,0.1940607519588071
CCTCTGATCGGTCTAAx-2,0.051803700297636805
CCTAAAGGTCATCCCTx-2,0.04952266028637275
CCGTTCACAAAGTGCGx-2,0.12226438316502812
CCTCAGTAGCTAGTGGx-2,0.02588064950731552
CCTTACGTCTCTAGGAx-2,0.037420205937129
CCGTACTGTGCCTGCAx-2,0.03712327754088904
CCTTACGAGAGGTAGAx-2,0.019662360982328306
CCTTCCCGTTCAACCAx-2,0.04895527939486586
CCGTTCAGTGTGAATAx-2,0.01977910874216552
CCTCAGTTCTTGCATTx-2,0.03015338686068622
CCTTCCCGTCGTTGTAx-2,0.021846777663695742
CCGTTCACAGACAAATx-2,0.189789644789103
CCTAGCTTCTGTCAAGx-2,0.19644335240743024
CCTATTATCAGGTAAAx-2,0.02200132376231752
CCTATTAAGTGAAGAGx-2,0.1854678111576565
CCTACCACACCCATGGx-2,0.01997055998077318
CCGTACTGTCAGCTATx-2,0.03273793866827105
CCGTACTTCCCATTATx-2,0.035216079266441186
CCTCTGAGTTAAGGGCx-2,0.008337347194722247
CCTTCGAAGCAATCTCx-2,0.021238599558745238
CCGTGGACAATACGCTx-2,0.01893811747728003
CCGTGGAAGTGGTCCCx-2,0.027523051840749747
CCTCAGTGTCAGTGGAx-2,0.0803338782123261
CCGTACTGTAGCACGAx-2,0.18928504634914325
CCGTACTCATCAGTCAx-2,0.020725953810491478
CCTTTCTAGAATTGTGx-2,0.02978569817691404
CCGTGGAAGATCGATAx-2,0.017963573999234043
CCTTACGAGTTGTAGAx-2,0.03570617792784835
CCTAAAGCAAGAGTCGx-2,0.006355001998687975
CCTTCCCGTCGCATCGx-2,0.022483895454413167
CCGTACTTCACCCGAGx-2,0.19231721583251804
CCTTCGAAGTGGCACAx-2,0.021961717678228618
CCGTGGACAGGTCCACx-2,0.06636597592279032
CCGTTCAAGAGGTTATx-2,0.19632005258427732
CCTAAAGAGCTCCCAGx-2,0.019619784990798427
CCTAAAGCATTGCGGCx-2,0.019579954460608784
CCTACACTCCTGTACCx-2,0.04209146994295221
CCTACCACACTTACGAx-2,0.03893889782316454
CCTCTGATCACTTCATx-2,0.06046972577207201
CCTCTGATCGGAGGTAx-2,0.20670432313983456
CCTTACGCATAGTAAGx-2,0.0326552881447802
CCGTTCACACCAGATTx-2,0.01676335065106921
CCGTACTTCTACTCATx-2,0.01388861117527099
CCTACACGTAATCACCx-2,0.13677179806343698
CCTACCATCCTTGACCx-2,0.19533196430768865
CCTACACGTTAAGGGCx-2,0.012782587867805579
CCTCAGTAGGGTATCGx-2,0.09531466208601892
CCTAGCTAGAAGGGTAx-2,0.14871515096550486
CCTATTATCTCCAGGGx-2,0.027234840580204166
CCTAGCTGTTACCGATx-2,0.03414946711499437
CCTAGCTGTCCGTGACx-2,0.030173621710454162
CCGTACTGTGCAACGAx-2,0.05138045690614581
CCTATTACAGTCGTGCx-2,0.020260827743958813
CCTAGCTGTCGGATCCx-2,0.007928922798455345
CCTTACGCACAAGTAAx-2,0.2505598427239361
CCGTACTAGGATTCGGx-2,0.19781738958690145
CCTAAAGGTAGCTCCGx-2,0.11570764207018189
CCTACCACATGCAACTx-2,0.022474533074327403
CCTTCGACACAACGCCx-2,0.014504800906673217
CCTAGCTGTATGAAACx-2,0.1790317050659572
CCGTACTCACTGCCAGx-2,0.024772134359205073
CCTCAGTCAATGAAACx-2,0.024226825420470888
CCTTCGACAGTAAGCGx-2,0.08203862774193232
CCTTCGAGTAGCTTGTx-2,0.06859773941452287
CCTACCAGTCTCCACTx-2,0.11707364629824782
CCGTACTTCATGTAGCx-2,0.020625360727246255
CCGTACTTCTTGGGTAx-2,0.02609640480933698
CCTACCAAGTTGTAGAx-2,0.011010816740470561
CCTACACGTCCATCCTx-2,0.039612315735093155
CCTCTGACAGACGCAAx-2,0.03468896674001884
CGATGTATCCCTTGTGx-2,0.188840448023767
CGATGTACATGACATCx-2,0.03432897915919285
CCTTTCTAGCCGTCGTx-2,0.030616580463993525
CGAGCACTCCGTCATCx-2,0.022060376113427926
CGAACATGTGCCTGGTx-2,0.19517118757653337
CGACCTTTCGCAGGCTx-2,0.022963777313911377
CGAGCACGTCCAGTTAx-2,0.023112648567546926
CGAACATCACTCTGTCx-2,0.022011579086453036
CGATTGACAGCTGCACx-2,0.051172975411720924
CGAGCACTCACATGCAx-2,0.09588383220751978
CGAGAAGTCGTCGTTCx-2,0.042146235436938344
CGAGCCACACTTAACGx-2,0.020958592268782897
CGATTGAAGGACGAAAx-2,0.1966762892219124
CCTTTCTGTTCCGGCAx-2,0.016184282184285897
CGACTTCAGTGACATAx-2,0.025309561862691798
CGACTTCAGTCCAGGAx-2,0.018936137936527053
CGATGTAAGGAGTTTAx-2,0.0054675944545501225
CCTTTCTCAAGCCGTCx-2,0.07635799891378729
CGATGTATCATTGCCCx-2,0.1820673192759626
CGAACATAGCTAGCCCx-2,0.006025315080813842
CGAGAAGGTCTAGGTTx-2,0.025893181341575536
CGCCAAGAGGCTCATTx-2,0.018819893822856808
CGAGAAGAGTAGGTGCx-2,0.02627116576354012
CGATCGGCACAGCCCAx-2,0.028438732858811457
CGACCTTGTCGGCACTx-2,0.019920127976097234
CGAACATAGGTAGCTGx-2,0.022731842901786942
CGAGCCATCGCCATAAx-2,0.03698272475663076
CGATCGGAGAAACCTAx-2,0.029010579080817132
CGCCAAGTCCGTAGTAx-2,0.10825279322331331
CCTTTCTAGTACGTAAx-2,0.19544499658457004
CGATTGATCGTAGATCx-2,0.003027886606474607
CGAATGTTCCCATTTAx-2,0.02041084686235982
CGAGCCAGTCTGGTCGx-2,0.024341361832035027
CGACTTCCAGATCTGTx-2,0.15938566104304597
CGATTGAGTTAAGTAGx-2,0.020403785740426086
CGACCTTAGTCGCCGTx-2,0.019958408331963922
CGAGCACTCAAGATCCx-2,0.018701793115959143
CGAATGTAGTGTGGCAx-2,0.006343658556349742
CGAATGTGTAGAGTGCx-2,0.05481123300464657
CGATCGGGTACCATCAx-2,0.037915800409746646
CGAACATAGACCGGATx-2,0.021637091856184
CGATTGACAGTTCATGx-2,0.02654879289324817
CGACCTTGTAAGGGCTx-2,0.04091269650072729
CGAACATCACATGTGTx-2,0.015593067136905012
CGATGGCTCCTATGTTx-2,0.023826377478065923
CGAATGTGTGAAATCAx-2,0.1758781793835591
CGATCGGAGTCTTGCAx-2,0.015454999445902564
CGATGTATCTGATACGx-2,0.07966711914459737
CGACTTCTCCATGAGTx-2,0.01621322649866586
CGATGGCAGCAACGGTx-2,0.025646516243911656
CGACCTTTCAACCAACx-2,0.02023803846258853
CGATCGGCAGGCGATAx-2,0.027281210678654532
CGATGTAAGAGCTTCTx-2,0.010387684549201
CGAGAAGTCTGTTTGTx-2,0.11462392720831496
CGAGCCACAAGAGTCGx-2,0.14831056354800456
CGCCAAGAGTAATCCCx-2,0.18860973128497474
CGAACATCAGGAACGTx-2,0.030156658684636677
CGATCGGGTTAGGGTGx-2,0.21067996755756394
CGACCTTGTCCAGTGCx-2,0.03398496183304917
CGCCAAGCACGAAAGCx-2,0.09470218525039055
CGAATGTCACAACTGTx-2,0.02471606219900765
CGATCGGTCTCTGTCGx-2,0.012927486420809493
CGATGTAAGCGTGTCCx-2,0.17827175463204123
CGATCGGCAGACAAATx-2,0.03889198037287307
CGAGAAGGTAGCGCTCx-2,0.025040120251582615
CGACTTCAGTACGTAAx-2,0.15252462677454592
CGAATGTGTGCATCTAx-2,0.016943267485620132
CGATGGCGTCAAAGCGx-2,0.055931645736796445
CCTTTCTAGGCACATGx-2,0.019056096541581066
CGAGCACAGAACAACTx-2,0.02891409370401596
CGATTGAAGCGATCCCx-2,0.12391286694431827
CGATGGCCACTAGTACx-2,0.02051456547510193
CGACTTCCATAACCTGx-2,0.029001029671620947
CGAATGTTCAAACGGGx-2,0.19673873340616643
CCTTTCTCATTATCTCx-2,0.029500070408389784
CGATGGCGTAATAGCAx-2,0.0553331987021504
CGAGCACCAGAGCCAAx-2,0.009273398077599141
CGAATGTAGTTGAGATx-2,0.023357182356251414
CGATGTAAGTCTCAACx-2,0.020667695401721937
CGAATGTGTCGTGGCTx-2,0.022865541517222112
CCTTTCTTCCAAATGCx-2,0.007108029172837749
CGAGCCAGTGTCAATCx-2,0.17881703732578658
CGAACATAGTAGCGGTx-2,0.019200777435090122
CGCCAAGTCTACTTACx-2,0.02144536951189658
CGACTTCTCCACGTTCx-2,0.025430437194712358
CGAACATTCATCTGCCx-2,0.004831780544015193
CGATCGGGTACAGTTCx-2,0.15102097100855605
CGAACATGTACCATCAx-2,0.026763174560445812
CGAGCACAGGGATCTGx-2,0.20444127226554618
CGAGCCATCCGCATCTx-2,0.06228931602879718
CGAACATGTAAGTGGCx-2,0.1637737191083464
CGAGAAGAGTTAAGTGx-2,0.15203881098040326
CGACCTTTCCTTTACAx-2,0.1955303852319141
CGAACATTCCGCGCAAx-2,0.20511423178974725
CGAGCCACAGACGCCTx-2,0.01926767431249478
CGAGCCAGTAGCCTATx-2,0.04564297392061504
CGGACGTAGGGTCGATx-2,0.010165156402761326
CGCTGGAGTAGGAGTCx-2,0.03125650582893077
CGGACGTTCAAACGGGx-2,0.19610762613737776
CGGCTAGGTTCCACTCx-2,0.020566949856197423
CGGACGTTCTATCCCGx-2,0.018878542639642736
CGCTGGAGTAAGTGGCx-2,0.024878087076048595
CGGAGCTCAGACGTAGx-2,0.1817425067018171
CGGCTAGAGACGCACAx-2,0.019872709601566375
CGGCTAGCACTCAGGCx-2,0.05312738383586073
CGCTGGACAGATGGGTx-2,0.21632002012391238
CGGAGTCAGGCTATCTx-2,0.019029197325562876
CGGAGTCCAGAGTGTGx-2,0.0385461757237676
CGCGTTTAGTACTTGCx-2,0.2501950870148272
CGGCTAGGTAAATGTGx-2,0.01719486521959304
CGCCAAGTCTTTAGGGx-2,0.021187665019543153
CGCTATCCAGCCTGTGx-2,0.03960420422572608
CGCCAAGTCTCATTCAx-2,0.02260717192398661
CGGAGCTCAAGTTGTCx-2,0.020785345242587308
CGCGTTTGTCTCACCTx-2,0.022949393542327463
CGGCTAGTCGATCCCTx-2,0.020648591431366582
CGGACGTCACCCATGGx-2,0.02504022631243651
CGCGTTTTCCTGCCATx-2,0.021539223987521693
CGGACACCAAGCGCTCx-2,0.018301979744556857
CGCTTCACACCACGTGx-2,0.02226197438796393
CGGACACAGCCACTATx-2,0.009082953052986776
CGCGTTTTCACCGTAAx-2,0.12085070576415856
CGGACTGGTCCCTACTx-2,0.020824446151093686
CGGACTGGTACTCTCCx-2,0.021385298859764035
CGCTGGAGTACAGACGx-2,0.18760157440706493
CGCTGGATCGCGATCGx-2,0.04442954752129378
CGGAGTCCAGACGCCTx-2,0.03751627442570365
CGGACTGGTCTGATTGx-2,0.07705086058674218
CGGCTAGGTAGGCTGAx-2,0.022923074673719734
CGCGGTATCTCTAGGAx-2,0.013590861259960608
CGCCAAGTCTGTTGAGx-2,0.019425872810758124
CGCGTTTTCTGGGCCAx-2,0.010403209634746762
CGGACTGAGCCGCCTAx-2,0.018956520761912975
CGGACGTGTCCTCCATx-2,0.02262292893140451
CGGACTGTCACTTACTx-2,0.03032243962828874
CGGAGTCAGTTGAGTAx-2,0.021620577689327812
CGCTGGAAGCACCGCTx-2,0.016055023365398116
CGGAGTCAGGTGACCAx-2,0.018814346293157917
CGCTATCTCTTGTACTx-2,0.027229449891143953
CGCTGGATCGGAAATAx-2,0.006951262103043944
CGCTTCAAGTACCGGAx-2,0.01884993863217084
CGGAGTCGTCGCATCGx-2,0.020857247038249566
CGGCTAGGTTCCAACAx-2,0.02537150329734668
CGGACACGTGAAAGAGx-2,0.12077239628630757
CGCTGGAAGGATATACx-2,0.02366258529747035
CGCTTCACACCCATGGx-2,0.02653090328767806
CGGAGCTAGATCCCGCx-2,0.03196127734428505
CGCGGTATCGAGAACGx-2,0.026209680134222913
CGCTATCCACCTCGTTx-2,0.023271302579403273
CGGACTGTCTCATTCAx-2,0.021282937075782868
CGGAGTCCACCAGGTCx-2,0.02862329549271626
CGGCTAGTCTAACCGAx-2,0.01204661198387188
CGCTATCAGTGTCTCAx-2,0.08303809011213509
CGCTGGATCGCTTAGAx-2,0.13820304977508094
CGCTGGAGTTAAAGACx-2,0.0213960876371407
CGGACTGAGAATGTGTx-2,0.20961279750465323
CGCTGGAGTAAATACGx-2,0.019413525413315764
CGGAGTCTCCAAATGCx-2,0.023582871893787143
CGCGGTAGTGCATCTAx-2,0.08128765753821966
CGGAGCTTCGTTACGAx-2,0.09481392172110907
CGGAGTCTCTGCTTGCx-2,0.030053994575409828
CGGAGCTCAAGCGCTCx-2,0.025796729145081937
CGGACTGCACAAGCCCx-2,0.024774345530695796
CGCTTCACACCACCAGx-2,0.11020239305111336
CGCGTTTCAATGACCTx-2,0.024841166272327412
CGCTTCAGTCAATACCx-2,0.03239692602839657
CGGACACGTCGGGTCTx-2,0.17376322182882936
CGGAGCTGTAGCTTGTx-2,0.0181577322658259
CGGACTGGTACATGTCx-2,0.025244006568975994
CGCGGTAGTCTGGTCGx-2,0.03830382357142605
CGGCTAGAGTATCGAAx-2,0.021128712942937358
CGGAGCTGTTTGACACx-2,0.12937131518914355
CGGACTGAGTCCGTATx-2,0.01965309313711634
CGGAGTCAGGGCATGTx-2,0.014047411805299701
CGGACACTCAGTTGACx-2,0.0386574890555296
CGGAGTCTCCGTTGTCx-2,0.0325525896097478
CGCGGTAAGCTCCTCTx-2,0.016368589413237315
CGCGGTAGTTGTCTTTx-2,0.024024517412275837
CGCGGTACAATGACCTx-2,0.21380926824999452
CGCGGTACAGTTTACGx-2,0.2043899787785283
CGCTGGAGTCCGTCAGx-2,0.06578905774885545
CGGACGTCAAACTGTCx-2,0.03355220858256196
CGCTATCGTCTCTCTGx-2,0.018621560596707894
CGGACACCACAACGTTx-2,0.026534182809686314
CGCTGGACAACCGCCAx-2,0.01475807553919858
CGCTATCGTACTTGACx-2,0.009157075613011503
CGCTTCAAGATGGGTCx-2,0.009671584982779367
CGCTTCAGTCTCCCTAx-2,0.18933129546319283
CGCTATCCACCGCTAGx-2,0.11575760199631485
CGGACGTTCAGGCCCAx-2,0.1643518067850728
CGGCTAGGTCTCCCTAx-2,0.21100031802279887
CGGACTGAGAGTTGGCx-2,0.022522739884298055
CGTCACTCAATAGAGTx-2,0.021485261251331652
CGTCACTCAGGATTGGx-2,0.011976348577682063
CGTCAGGTCCTATGTTx-2,0.06068849377840448
CGTGTCTCATTACGACx-2,0.21808501356754395
CGTAGGCGTCAACTGTx-2,0.03775299645746774
CGTAGCGAGAGCTTCTx-2,0.19071614327949415
CGGGTCAGTCTAGCCGx-2,0.02509603998374904
CGGTTAAGTCCCGACAx-2,0.03011845509043586
CGTGTAATCTTGTATCx-2,0.006800320959503201
CGGGTCATCGCTTAGAx-2,0.03208130092186351
CGGTTAAGTTATCACGx-2,0.03357429931266755
CGTGTCTGTATTCTCTx-2,0.037463053572326675
CGTCAGGGTAGAGTGCx-2,0.03933313090785793
CGTCACTTCTACTTACx-2,0.11851873108917602
CGTGTCTCACCCATGGx-2,0.032159012475204085
CGTCCATCAGGCTCACx-2,0.00663527243574659
CGTCTACCACACAGAGx-2,0.19426317662886625
CGGGTCAGTGATAAGTx-2,0.021241330436053196
CGTCACTTCTAGCACAx-2,0.02746642897327441
CGGGTCAAGCCGTCGTx-2,0.018447469280192728
CGTCCATTCATTATCCx-2,0.023098578925486595
CGTCCATAGATAGGAGx-2,0.033263586214956634
CGTGTAACATGAGCGAx-2,0.0283083455936665
CGTAGGCGTAGAGGAAx-2,0.10053876171936617
CGTGAGCAGTCAATAGx-2,0.03423942004771493
CGTAGGCGTACGACCCx-2,0.03301409628041271
CGTCAGGTCATAACCGx-2,0.163576804684191
CGTGTCTGTCTTTCATx-2,0.00813926997684199
CGTAGCGTCTCTTGATx-2,0.09209637842670505
CGTCACTGTCGCATATx-2,0.013574411856578197
CGTCCATGTCACTTCCx-2,0.008782702704187855
CGTGAGCAGGGCTTGAx-2,0.02741776171290533
CGTGAGCTCGCCGTGAx-2,0.01887851560010171
CGTGTAAAGATGTTAGx-2,0.013780672212354645
CGGTTAAGTCGTTGTAx-2,0.18200163957096957
CGGTTAACATCCAACAx-2,0.05050058644316146
CGTCCATCATTCCTCGx-2,0.019912334678174597
CGTAGCGTCTCGATGAx-2,0.15966269968950736
CGTCACTAGTGTTTGCx-2,0.1943717991992958
CGTAGCGGTCTTCTCGx-2,0.007193842947566327
CGTCACTTCCAATGGTx-2,0.032871157529973376
CGTGTCTCATTGCGGCx-2,0.00785817566769692
CGGTTAATCGCCGTGAx-2,0.030503074912646852
CGTCAGGGTGACGCCTx-2,0.2219975735313286
CGGGTCACAATGGATAx-2,0.03853051411508898
CGTCTACTCGATGAGGx-2,0.02862636445085343
CGGTTAAAGCATGGCAx-2,0.049395622810445385
CGTAGCGGTGCACTTAx-2,0.02715014324380588
CGTCAGGCACCAGGTCx-2,0.01827689164179943
CGGTTAAGTTCATGGTx-2,0.009891305858962434
CGGGTCACACCCTATCx-2,0.025373115419610397
CGTCCATCACAACGTTx-2,0.028766476578741793
CGGTTAAAGACACGACx-2,0.03439851968826803
CGTAGGCGTTGTCGCGx-2,0.20304753661582342
CGTCACTCACGGATAGx-2,0.018797801802062298
CGTCTACTCAACCATGx-2,0.03064964593414651
CGGTTAAAGTGTACGGx-2,0.01158662352986145
CGTGAGCTCCACGTGGx-2,0.02880898737328887
CGTAGCGTCTGGTTCCx-2,0.08457832363655178
CGTGAGCGTATAATGGx-2,0.20874310829424203
CGTAGCGCATATACGCx-2,0.025093218979526974
CGTGTCTAGCGTCTATx-2,0.03768721236039028
CGTAGCGGTTTACTCTx-2,0.10773836081364545
CGGTTAAGTTAAAGTGx-2,0.03494537209077545
CGTGAGCCAGTGGAGTx-2,0.020126482500606137
CGTAGCGCAAAGAATCx-2,0.05590558017308498
CGTCTACGTGATGATAx-2,0.16996239611948571
CGGTTAACATGCGCACx-2,0.020098442809215147
CGTCTACGTTTGGCGCx-2,0.12727574162382158
CGTGTAAGTACAAGTAx-2,0.02428026939622655
CGTGTCTCAAGCTGGAx-2,0.014570993250405919
CGTGAGCCAAGCCGCTx-2,0.028839407248518262
CGTCAGGCATCCGTGGx-2,0.02273629515935181
CGTAGCGTCTATGTGGx-2,0.022814249456148
CGTCCATAGCCACGCTx-2,0.007170481879576513
CGGTTAACAGGTCGTCx-2,0.1683382350349467
CGTAGCGTCAGTACGTx-2,0.023207358574665247
CGTGTCTCACTAGTACx-2,0.037142587353011125
CGTCAGGTCCATTCTAx-2,0.01790261672794249
CGGGTCAAGAGCTGGTx-2,0.1433389750233927
CGTAGCGGTACTCAACx-2,0.19202481356634413
CGTCACTAGCTGCGAAx-2,0.20053878789710441
CGTCACTGTTAGATGAx-2,0.03937054662607649
CGGGTCACACACCGCAx-2,0.025596383894018266
CGTCCATGTGTTTGTGx-2,0.027064677312260536
CGGGTCAAGAGACGAAx-2,0.03477858336704742
CGGGTCAAGCGCCTTGx-2,0.03005081742774066
CGTGAGCCATTGTGCAx-2,0.025528448263961268
CGGTTAAAGTCCAGGAx-2,0.007556576505728224
CGTCAGGGTTGGTAAAx-2,0.03989691208238536
CGTGAGCGTGATGCCCx-2,0.034347569611725325
CGTGAGCTCTACGAGTx-2,0.013188662316808009
CGTGTAATCAAACAAGx-2,0.037345975695719
CGTGTCTAGACCCACCx-2,0.027458557984167735
CGTCACTAGTCCTCCTx-2,0.04442749411019935
CGTAGCGGTCGACTGCx-2,0.029800680677535468
CTAATGGAGTGAAGAGx-2,0.019593363129402373
CTACATTTCAGTTCGAx-2,0.017541978592758488
CTACATTAGTGGGTTGx-2,0.02812655461191549
CGTTAGAAGAGCAATTx-2,0.019822748606536794
CTAATGGTCATGTGGTx-2,0.041174660578705544
CGTGTCTTCCCAAGATx-2,0.02926376361017023
CGTTCTGGTGTAATGAx-2,0.04335428783000876
CTAACTTCAGGATCGAx-2,0.150327250481804
CGTTAGAAGGCATGTGx-2,0.01267653465955257
CTAACTTGTCGAATCTx-2,0.19364633800377473
CGTTAGAGTAGCTAAAx-2,0.030116351916956684
CTAAGACAGCCCTAATx-2,0.04290814077682783
CGTTGGGCACAGGTTTx-2,0.18502430643108744
CTACCCATCTGGAGCCx-2,0.02166045713142264
CTAAGACCATGAAGTAx-2,0.042205335435982934
CTACATTCATTTGCTTx-2,0.018113024279550274
CGTTCTGCATATGCTGx-2,0.01006840921183213
CGTTCTGTCACTCCTGx-2,0.0282771439211292
CTAATGGAGAATCTCCx-2,0.04864516314083357
CGTTAGAAGATGTAACx-2,0.021129095964213754
CTACCCAAGCTGCGAAx-2,0.005271563898982812
CTACATTCACATGACTx-2,0.02966664404642459
CTACCCATCAGCCTAAx-2,0.14383062095568327
CTAAGACGTAGTAGTAx-2,0.022416636948084274
CGTTAGACACCCATGGx-2,0.015127516911568682
CTAATGGCATATGAGAx-2,0.07667167848031653
CTACCCACAGACGCCTx-2,0.3371280660670769
CTAATGGAGCACGCCTx-2,0.032824826081266856
CTACGTCGTAAATACGx-2,0.1974176468215102
CTACGTCGTTGATTCGx-2,0.02440029145958661
CGTGTCTTCAACCATGx-2,0.13839642505491345
CTACCCACATGGTCATx-2,0.006999990019662186
CGTTGGGCAAGTCTGTx-2,0.027910681397825265
CGTTCTGTCCCTCTTTx-2,0.035990748942481665
CGTTGGGAGTACGTTCx-2,0.24207224093504534
CTACCCATCTTGTATCx-2,0.010877513039262385
CTAACTTGTAAGTGGCx-2,0.23691542562367368
CTAATGGGTCTGGAGAx-2,0.19020773732210927
CGTTGGGTCCAACCAAx-2,0.14461933718968065
CGTTGGGCACCAGATTx-2,0.0197122299189732
CTACGTCAGCCGTCGTx-2,0.009101706591725078
CGTTGGGAGGCTAGGTx-2,0.2006036184563009
CGTTGGGTCCATGAGTx-2,0.03956607780531365
CTAAGACGTCATGCATx-2,0.20041508314152157
CGTTGGGAGCTAAGATx-2,0.012621071714944886
CTACGTCGTTCGCTAAx-2,0.01907005031189733
CGTTCTGTCAGTCCCTx-2,0.011438567404531856
CTACATTCATGTAAGAx-2,0.028262619295631237
CTACCCAGTTGACGTTx-2,0.0038317468563094344
CTACCCATCAGTACGTx-2,0.2188575259992027
CTACATTCAATCTACGx-2,0.026599835510039183
CTAATGGAGATCGGGTx-2,0.02198243354863857
CTAATGGGTCACAAGGx-2,0.025857947681099894
CGTTAGATCATGTGGTx-2,0.012423016684365242
CGTTAGAAGACTCGGAx-2,0.1603505761910194
CGTTGGGAGCTAGTGGx-2,0.16582151104058274
CTACCCAGTCACTTCCx-2,0.02922506075025817
CTACACCCAGACGCAAx-2,0.02836182900112036
CTAATGGGTAACGTTCx-2,0.023701194948268806
CTACGTCCAGGGATTGx-2,0.16222059790823723
CGTGTCTTCTTGAGGTx-2,0.03223667856147861
CTACATTTCCAAACACx-2,0.02213095987157
CTAACTTGTCCGACGTx-2,0.02901701432187672
CTAATGGGTCTACCTCx-2,0.15204042367170786
CTACACCAGACCGGATx-2,0.03225798693512067
CGTTAGAAGTGGTCCCx-2,0.024780124949475072
CTAACTTGTACAAGTAx-2,0.22785689795334252
CTACGTCCATAGTAAGx-2,0.09023187699328711
CTAACTTTCCGTTGCTx-2,0.19864000390179784
CTAACTTTCAGAGGTGx-2,0.03907118589396034
CTACCCACAGCGTTCGx-2,0.006640480696952343
CTACATTTCGGATGTTx-2,0.057107965420052184
CTACCCACAAGCCCACx-2,0.0233784300999931
CGTTAGACAATACGCTx-2,0.020070998046977567
CTAACTTAGCGTTGCCx-2,0.0037917421242358034
CTACACCCAACGATCTx-2,0.027352214606334156
CTAATGGCACCAGGCTx-2,0.09618223086130334
CTACACCAGACTAGATx-2,0.02265815835475755
CGTTCTGAGATGGCGTx-2,0.06628274758679406
CTAATGGGTAATCACCx-2,0.07299863839797693
CTAAGACAGAGGTAGAx-2,0.018943742890611678
CGTTCTGTCGCAGGCTx-2,0.021795200713245977
CGTTGGGGTTGTTTGGx-2,0.027899935038164323
CTAATGGAGATCCCATx-2,0.05810478938454836
CGTTGGGAGTCTCAACx-2,0.025128991199445467
CTAATGGAGTCTTGCAx-2,0.030473878417960024
CTAACTTTCCGAACGCx-2,0.10478103801257924
CTAATGGTCGCATGATx-2,0.19733909224717466
CTAACTTCAGGAACGTx-2,0.18110189239760685
CTACACCCAGCTCCGAx-2,0.02465068743234192
CTACATTGTTACGCGCx-2,0.023008888456394688
CTACCCAAGGTGATATx-2,0.021625105768390145
CGTTAGACAGCTCCGAx-2,0.1615600946563241
CTAACTTAGGAACTGCx-2,0.018332230669618733
CGTTCTGCATCCAACAx-2,0.027952677414595978
CTAGAGTGTCTAACGTx-2,0.07292243100307344
CTAGAGTGTGATGATAx-2,0.022674182399207637
CTCGGGATCAGCTCGGx-2,0.010172843012483572
CTCGGGAAGCTCAACTx-2,0.02086167686226232
CTAGTGAGTTGATTGCx-2,0.1252050392899236
CTACGTCTCCACGACGx-2,0.03167653909140662
CTAGAGTGTTTGTTTCx-2,0.0223611041478916
CTAGAGTGTGCAGTAGx-2,0.009782117221189619
CTCAGAAAGCAGCGTAx-2,0.022179464579588432
CTCGAAACAAGCCGCTx-2,0.12392121785864339
CTCACACAGCGCCTTGx-2,0.08757163186765811
CTCATTAAGGCGTACAx-2,0.12454553553364844
CTCACACCACACGCTGx-2,0.09117657938533656
CTAGTGAGTCTCAACAx-2,0.02303961339433965
CTAGCCTCAATACGCTx-2,0.18452618376839272
CTCGAGGCAGACAGGTx-2,0.0213181037798442
CTAGAGTAGAAACCATx-2,0.01200402607789384
CTCGGGAAGTGAACGCx-2,0.03609514085735413
CTCGGGATCTCCGGTTx-2,0.0037753262616924215
CTCGAAAAGTGCTGCCx-2,0.043048522304719415
CTAGCCTCACGCCAGTx-2,0.014309475668258402
CTAGCCTTCTCCCTGAx-2,0.1986626843270822
CTCCTAGCATACTACGx-2,0.02761068642868427
CTAGAGTAGCTGGAACx-2,0.05340160427628316
CTCGAAATCAAACAAGx-2,0.02592516719169329
CTCACACCAAGGACACx-2,0.022816907303632037
CTCATTAAGGGTTCCCx-2,0.02098420278066401
CTAGTGAGTAAGTGTAx-2,0.020524060170350373
CTCGGAGGTCTGGTCGx-2,0.01620558255449377
CTAGTGACATTGTGCAx-2,0.034449444960451756
CTAGCCTGTCGAATCTx-2,0.022359174979526133
CTCCTAGAGAACAACTx-2,0.024401680619718816
CTAGAGTTCGCGATCGx-2,0.018587082614919023
CTAGCCTAGTACATGAx-2,0.028510521558611984
CTCAGAAAGATCGATAx-2,0.02201803829365393
CTCATTACATCGATTGx-2,0.020602458586268507
CTCCTAGAGTTGTAGAx-2,0.03920872879634312
CTCACACCAGAGTGTGx-2,0.027127732010808824
CTCGAGGGTTTGCATGx-2,0.02496934974553234
CTCCTAGTCCTTGCCAx-2,0.022248761205982955
CTCGAAACACTGCCAGx-2,0.11930534647213772
CTCCTAGCAATGCCATx-2,0.0058066667949449955
CTCATTAGTAAGGATTx-2,0.2501702494184423
CTCGAAAGTCGCGGTTx-2,0.07079617185936363
CTCCTAGAGATGCGACx-2,0.023915067476134828
CTCGGGAGTGACTCATx-2,0.004348296706799171
CTCATTATCAGTTTGGx-2,0.1285149932076072
CTCCTAGTCATCTGCCx-2,0.0028148845540696475
CTAGAGTTCTACTCATx-2,0.03828043735493438
CTAGCCTAGTGAAGTTx-2,0.019953839266193235
CTCACACTCCGAATGTx-2,0.022313062295992482
CTAGAGTGTCGGCATCx-2,0.021108653263567787
CTCGGAGTCTTTACACx-2,0.17540631964462122
CTCACACCACATTTCTx-2,0.030305957625658055
CTCCTAGAGGAGTACCx-2,0.20622414677944534
CTAGTGAGTAAACGCGx-2,0.055053773576049264
CTCGTACAGCTAAACAx-2,0.0236919613223555
CTCGGAGTCTGGAGCCx-2,0.024429679509024162
CTCCTAGCACATCCAAx-2,0.018141943693610225
CTAGCCTCATACAGCTx-2,0.02805768941029267
CTCGGAGAGTTGAGTAx-2,0.024163536203812872
CTCAGAACATATGAGAx-2,0.021775463890089747
CTCCTAGGTCTAGTGTx-2,0.021418585952042313
CTCGAGGTCGCAGGCTx-2,0.11266089619840776
CTAGAGTTCTTGTTTGx-2,0.02278932410708274
CTCGAAATCCAAGCCGx-2,0.16933508312414292
CTAGTGATCGTTACAGx-2,0.18430276974856774
CTACGTCTCGCGTTTCx-2,0.16436735006957676
CTCCTAGTCCCATTTAx-2,0.025738557228415854
CTCATTAAGTGGACGTx-2,0.015222206712358622
CTAGCCTCACAGACTTx-2,0.024221188448979757
CTAGAGTTCCGCAAGCx-2,0.013833151696113257
CTCGTACAGCGTCTATx-2,0.07708962592253532
CTCGAAATCCTGCTTGx-2,0.025595976033830906
CTAGCCTCAGCTGTATx-2,0.009683805824188993
CTCGAAAGTAGCGCAAx-2,0.029744293214539072
CTCGAGGTCCGAGCCAx-2,0.15646588374473444
CTCGAGGCAATGACCTx-2,0.049042643263603615
CTCGAAACAGGGTATGx-2,0.018521893267323886
CTCGAGGCACTTACGAx-2,0.022888514785383538
CTCCTAGTCTGACCTCx-2,0.023123433916066725
CTCGGAGCATATACGCx-2,0.028143080688303394
CTAGCCTTCAGAGCTTx-2,0.18869595605891368
CTAGAGTTCGCAAACTx-2,0.02801388257848529
CTCGGGACACCGCTAGx-2,0.02628507565275162
CTCCTAGGTTCGTGATx-2,0.011987538903452387
CTCATTAGTAAATGTGx-2,0.02295793379406399
CTCCTAGGTAGCGCAAx-2,0.014646665046347294
CTAGTGAGTGCCTTGGx-2,0.019857496730206953
CTCATTAGTTTAGGAAx-2,0.019115329367094598
CTCGGAGTCAAGGTAAx-2,0.1757488653254695
CTAGCCTCAAACGCGAx-2,0.2006387539994559
CTCGGGAGTCAACTGTx-2,0.060122018840395176
CTAGCCTAGACCTTTGx-2,0.16162313863034847
CTAGTGAGTCTCTTTAx-2,0.029644222124763243
CTAGCCTCAAGCCGCTx-2,0.022552639034513808
CTCATTAAGTTCGCGCx-2,0.07057074754742533
CTCTAATTCAGAGACGx-2,0.1788776873235412
CTGATAGCATATACGCx-2,0.2069364637751427
CTGCCTAAGACTAAGTx-2,0.18581355881169112
CTCTGGTAGTTGCAGGx-2,0.190648015346398
CTCGTCACAGCGAACAx-2,0.06253850649606763
CTCGTCAGTTAAGAACx-2,0.021460753371897394
CTGCCTAAGAGTACATx-2,0.02653478087491641
CTGCCTAGTCACCCAGx-2,0.015153278869235346
CTGCCTATCAACACTGx-2,0.015554148372381662
CTCTGGTCAGGAACGTx-2,0.05662457970523014
CTCGTCAAGCAATATGx-2,0.006908668686847291
CTCTGGTTCCGTCATCx-2,0.005354045489784808
CTGCTGTCATTAGGCTx-2,0.023469580939203868
CTCTAATAGTGTGGCAx-2,0.2074666581342165
CTGCTGTCATTTGCCCx-2,0.14640162634405815
CTGCCTATCGTGACATx-2,0.010775443223424129
CTGCTGTTCTGCTGCTx-2,0.0963084021201857
CTGCCTAGTAAGAGGAx-2,0.019856110061197814
CTGCGGAGTAAGTGTAx-2,0.005069656950852098
CTCTACGCAAAGGAAGx-2,0.16098348617049604
CTGCGGATCCCTCAGTx-2,0.18488626053922683
CTCGTACCATGTAAGAx-2,0.017447776793276498
CTCTACGAGCCATCGCx-2,0.02118826672698541
CTGCTGTTCATGTAGCx-2,0.19427450562851398
CTCTACGGTGTGCGTCx-2,0.030620488951883726
CTCGTCACATGTAGTCx-2,0.1904730709342688
CTGATCCTCGTTGACAx-2,0.13109642600854143
CTGATAGCATTTGCTTx-2,0.17584404598058528
CTGATAGAGTGTACCTx-2,0.19900303754734974
CTGCGGATCCTTGACCx-2,0.023877106679369223
CTCTGGTTCTGCTTGCx-2,0.19562816648412285
CTGAAGTGTCGAGTTTx-2,0.027468408958081898
CTCTGGTAGCGTAATAx-2,0.0276093199822973
CTGAAGTTCACCTCGTx-2,0.13173662901468444
CTCTAATCACGAAAGCx-2,0.023673078898873032
CTGAAACGTAGCTGCCx-2,0.18600348092174313
CTGAAACAGAGCAATTx-2,0.0220085823468857
CTGAAACTCTATCCTAx-2,0.0142413352810187
CTGAAGTTCCGCATCTx-2,0.0012226866673708612
CTCTGGTGTTAAAGTGx-2,0.018649794369454444
CTGCGGAAGGACAGCTx-2,0.025110289914322757
CTGATAGCATTACCTTx-2,0.006560969236000669
CTGCGGACAAGTAGTAx-2,0.01559889436243438
CTCTGGTTCTAACTCTx-2,0.14224698595776983
CTCTAATAGCAGACTGx-2,0.02093223314278533
CTGAAACGTATGCTTGx-2,0.13997284264357984
CTCTGGTAGGTTACCTx-2,0.18422628654322995
CTGAAGTCAGATCCATx-2,0.12755315007288018
CTGATAGCATGCGCACx-2,0.020091559689815644
CTGAAGTCAGGGTACAx-2,0.032220220815771555
CTGCGGAGTTCATGGTx-2,0.040154148714331116
CTGAAGTTCTCTGTCGx-2,0.02512584580225513
CTCTACGCACAAGTAAx-2,0.01600049044733193
CTGATAGTCTCTAAGGx-2,0.1145883291048546
CTGATCCCAGCCACCAx-2,0.18619140643019544
CTGAAACGTCGGATCCx-2,0.019388477336046223
CTGATAGTCAGAGCTTx-2,0.03305388873715671
CTCTGGTAGAGAGCTCx-2,0.006810104927264286
CTGCGGAAGCGATGACx-2,0.025024960936980773
CTCTGGTAGATGTCGGx-2,0.025275993418899485
CTGCCTAAGAGCTGGTx-2,0.008723121465364275
CTGAAACGTGTAATGAx-2,0.036403517740428576
CTCTAATAGCTGCCCAx-2,0.07686468220121534
CTCGTACCACAAGTAAx-2,0.2016236439087921
CTCTACGCAGTCGTGCx-2,0.07175403101860502
CTCGTACCAGTATCTGx-2,0.01812355650628043
CTGCTGTTCGAGAGCAx-2,0.020923418879435832
CTCTGGTTCTAACCGAx-2,0.02075510465962282
CTGCCTACATGCCACGx-2,0.02881968902652242
CTGAAACGTGGGTATGx-2,0.01885779727122498
CTGCCTACATTCCTGCx-2,0.005840637242539307
CTGCTGTTCTGTGCAAx-2,0.2027707063626827
CTGATCCGTCGCTTCTx-2,0.036044451031004815
CTGCGGAGTGCGGTAAx-2,0.1606033895560805
CTCTGGTGTCGCCATGx-2,0.00769377652772119
CTGCTGTCACTTAACGx-2,0.029376765324861998
CTGAAGTGTTCCTCCAx-2,0.020752494095865895
CTGGTCTAGCCTATGTx-2,0.14365284872667172
CTGAAGTAGAATCTCCx-2,0.019748560220062064
CTCTACGAGCCAACAGx-2,0.022102732331358673
CTCGTCATCAGAGCTTx-2,0.024501580257823268
CTGAAACCACGGCGTTx-2,0.022403094484220867
CTGCTGTGTAGTGAATx-2,0.02311974892396192
CTGAAACCAGGTGCCTx-2,0.030773082521910602
CTGCGGAGTGAAAGAGx-2,0.013255123941069043
CTGAAGTTCACTTATCx-2,0.15980629486308723
CTGCCTACAAGGCTCCx-2,0.01999551829595371
CTCTACGTCAGCTGGCx-2,0.023611363193474042
CTCTGGTAGCCTTGATx-2,0.022327761693384393
CTGCGGACAGACGCTCx-2,0.0996012071091219
CTGCTGTAGCTAGGCAx-2,0.03378219417608137
CTGCGGAAGGTGCAACx-2,0.03420213200687232
CTGATCCCAGGGCATAx-2,0.021521911041455274
CTCTAATAGGAATTACx-2,0.022411503225746515
CTGAAGTCATCATCCCx-2,0.05464181676780589
CTGATCCGTGTGAAATx-2,0.05738808447552733
CTGGTCTAGAAACCGCx-2,0.009138162078376711
CTGCGGACAGGGTTAGx-2,0.048709947518761176
CTTGGCTGTCAAAGCGx-2,0.039828642429309655
CTTAGGAGTGATGATAx-2,0.12440430238960143
CTGGTCTGTCAACTGTx-2,0.022088424270646504
CTGGTCTGTGGCTCCAx-2,0.021923921815235177
CTTAACTAGTATCTCGx-2,0.02408838017788794
CTTTGCGAGATCTGCTx-2,0.01655285324842795
CTTGGCTAGTTAACGAx-2,0.025175705244346144
CTTAGGAGTCTCATCCx-2,0.04553743391015998
GAAACTCGTAAGCACGx-2,0.03896112383694061
CTGTTTATCAGTTCGAx-2,0.025643143865459885
CTTCTCTTCCAGATCAx-2,0.1965309892877418
CTTAACTAGGAGTCTGx-2,0.08691206016949923
CTGTGCTCATTGGCGCx-2,0.19198551424807628
CTTTGCGGTCACAAGGx-2,0.19482155419923353
CTTGGCTAGAAGGTGAx-2,0.024122165930210954
CTGGTCTGTAAAGTCAx-2,0.02245204858661903
GAAACTCCACCGATATx-2,0.0049512722805986125
CTTCTCTGTAGTAGTAx-2,0.16748927241422815
CTTGGCTTCCGGGTGTx-2,0.020765689955904526
CTTGGCTAGGGTCGATx-2,0.03268208764477458
CTTTGCGAGTTACCCAx-2,0.10573212725712772
CTTTGCGGTAGGCATGx-2,0.022413725971085114
CTTTGCGGTGTGAATAx-2,0.019876628799263732
CTTTGCGGTAAAGTCAx-2,0.015543728772436571
CTTACCGCATGCCTAAx-2,0.022428027691476227
CTTCTCTTCCAAACACx-2,0.01752150078889021
CTTGGCTTCAACGGCCx-2,0.018952330124797353
GAAACTCAGCAGGCTAx-2,0.030268281146771457
CTGTTTAAGCGATAGCx-2,0.19502777947640493
CTGGTCTGTTCAGGCCx-2,0.09042821369569583
CTTACCGCAAGGACTGx-2,0.07719716856317574
CTTTGCGCAGACTCGCx-2,0.10489882746181269
CTGTGCTGTGGCGAATx-2,0.019312685428645376
CTTAGGATCGCATGATx-2,0.04486258738903548
CTTGGCTAGAAACCGCx-2,0.021886728986115937
CTTGGCTGTGCGCTTGx-2,0.020054954781554925
CTTGGCTAGGATCGCAx-2,0.13625480389127417
CTTTGCGAGATGTGTAx-2,0.023892828318224375
CTGGTCTGTTAAGACAx-2,0.2001393847606402
CTTGGCTGTCTAGTCAx-2,0.19990852988487326
CTTTGCGAGTCCATACx-2,0.0642336414354119
CTTGGCTGTCATCCCTx-2,0.022354358878630475
CTTTGCGCAGTTAACCx-2,0.031718235269021164
CTTCTCTAGTGTGAATx-2,0.14035485050533386
CTGTGCTCAAGGTTTCx-2,0.11296036618253731
GAAACTCCACTTCGAAx-2,0.08531125480832547
CTTCTCTAGTGGGTTGx-2,0.19279653436895125
CTTAACTTCCAAAGTCx-2,0.20988242390621767
CTTACCGTCATCGCTCx-2,0.018169957354349408
CTTAGGATCTAACTCTx-2,0.019328164991749917
CTGTGCTAGCCACTATx-2,0.19931936753731858
CTTCTCTAGTCCTCCTx-2,0.02559573757947544
CTTAGGACAGCCTTGGx-2,0.18837950864647382
CTTAGGACATCTATGGx-2,0.060926916756843086
CTTTGCGTCATCTGCCx-2,0.013436045588757072
CTTACCGGTGAGGGAGx-2,0.008846912478540084
CTTGGCTAGCCACGTCx-2,0.0215433181292923
CTGGTCTAGTATTGGAx-2,0.20191685926079275
CTTCTCTAGATATGGTx-2,0.050338583228168886
CTGTTTAAGGTCGGATx-2,0.005745300002278524
CTTTGCGAGGCTATCTx-2,0.23152678200668983
CTTGGCTAGAGCTGGTx-2,0.03640066948900406
CTTACCGAGTCATGCTx-2,0.04582826284438832
CTTGGCTAGGGCTCTCx-2,0.035682105414892744
CTTTGCGAGTACGATAx-2,0.020020011718135357
CTTGGCTAGATCGGGTx-2,0.023968655454724007
CTTCTCTCAATGACCTx-2,0.012327579858675058
CTGGTCTGTGGCGAATx-2,0.16459506521133624
CTTCTCTGTATAGGGCx-2,0.01944950410701885
CTTGGCTCAATCACACx-2,0.021442236552186036
CTGTTTAAGCGATATAx-2,0.020802087131581673
CTGTTTAAGGCTACGAx-2,0.07267806986334924
CTTACCGTCCAAACACx-2,0.021246591293046346
CTGGTCTAGGCCCTTGx-2,0.02154590334500236
CTTACCGTCCATGAACx-2,0.031284465989458075
CTGTGCTCAAGCGTAGx-2,0.025037819065559425
CTGGTCTAGTGCGTGAx-2,0.028155495682531576
GAAACTCAGGCATTGGx-2,0.08740842330863674
GAAACTCGTACGCTGCx-2,0.01392926499250879
CTTCTCTTCCCTCAGTx-2,0.02974894343907415
CTTACCGTCAGATAAGx-2,0.11883004652698424
CTTAACTCACGGCCATx-2,0.040694388066831635
CTGTGCTGTAAGGGAAx-2,0.028803267761002508
CTGTGCTGTCGATTGTx-2,0.034601571970885744
CTGTTTATCGGTCCGAx-2,0.0268436958251199
CTTAGGACAGGGTTAGx-2,0.038412976889380605
CTGTTTAGTAAGAGAGx-2,0.004511814989930402
CTTAGGATCTGCAGTAx-2,0.008750459693605385
CTGTGCTGTTAAGACAx-2,0.019791687430052732
GAAACTCAGCTGTTCAx-2,0.011449606739648004
CTTGGCTCACCAGGTCx-2,0.06273867162673459
CTTAGGAAGATGCGACx-2,0.02398766265891794
CTTAGGATCACCAGGCx-2,0.12318498652728448
GAATAAGTCAGAGCTTx-2,0.019447381788393604
GAAACTCGTCACTGGCx-2,0.18022784004826473
GAAACTCTCAAAGACAx-2,0.007446858400422504
GAAATGACATACGCTAx-2,0.024880800802665894
GAATGAACAGACGTAGx-2,0.023297550841550486
GACACGCAGAGTCTGGx-2,0.034619503164053406
GAATGAATCCTTTCGGx-2,0.013949269658718946
GACACGCTCCTAAGTGx-2,0.010086374616790328
GAAGCAGAGTGAAGTTx-2,0.02472309925238974
GAAGCAGCAGATGGGTx-2,0.09191587362975326
GAAGCAGCATGACGGAx-2,0.02140669990053634
GAAATGAAGGGAAACAx-2,0.03183513015125108
GACCAATGTTGACGTTx-2,0.023835808701908795
GAAATGAGTACCCAATx-2,0.024098480491653928
GACACGCTCTTGCCGTx-2,0.03346663635995785
GACCAATGTTGTTTGGx-2,0.12252304120826206
GACAGAGAGGGCATGTx-2,0.19057050493984826
GAACGGAAGCTAACAAx-2,0.03927610949969255
GACACGCGTAGCACGAx-2,0.012696087725354374
GAATAAGGTAAACGCGx-2,0.0076965794735162915
GAATAAGCATGGGACAx-2,0.023354988726250074
GAACATCCACCAGATTx-2,0.07348812859493159
GACACGCTCTTGAGGTx-2,0.050902983208630334
GACCTGGAGTCACGCCx-2,0.01966385628587376
GAACCTAGTGGCTCCAx-2,0.16274924010122066
GACAGAGCAGTATCTGx-2,0.024190263814773898
GAAGCAGGTACCGGCTx-2,0.003124768395561224
GAAGCAGAGCAGGTCAx-2,0.04601062445502855
GAACGGATCAGAGGTGx-2,0.024542721193674687
GAATGAACAGCCTATAx-2,0.04185658343171752
GAACGGAAGTTTGCGTx-2,0.021904170960487197
GAAACTCTCTTTACGTx-2,0.037047036488493355
GACACGCTCCCATTTAx-2,0.020603103052442097
GAATGAAGTGCTGTATx-2,0.09365556289300449
GAACCTATCGCATGATx-2,0.14354029535860052
GAACGGAAGCGATTCTx-2,0.021585431073029435
GACAGAGCACTTCTGCx-2,0.05394811237379816
GAAACTCGTCTAGCCGx-2,0.02487582294206843
GAAATGATCTTCGAGAx-2,0.023369682675742173
GACCTGGAGCGATATAx-2,0.17098679785179388
GACCAATAGTGAAGTTx-2,0.018201072663260456
GAATAAGGTCAAAGCGx-2,0.024539822446225438
GACCTGGCATGTCTCCx-2,0.026148437640015162
GAAGCAGCACCTATCCx-2,0.20627199998340762
GAAGCAGCAGCATACTx-2,0.04147583269808655
GAAATGAGTTAAAGACx-2,0.026387847709340183
GAATGAAAGGGATCTGx-2,0.010899290054428848
GACCAATGTTTGTGTGx-2,0.012624442699432307
GAACATCCACATCCGGx-2,0.03890548033002019
GAAATGACACAGGTTTx-2,0.15340060842875078
GAAGCAGCACGAGGTAx-2,0.12347871671390291
GACACGCTCTCCAACCx-2,0.019025740417825784
GAACGGAAGGCTCTTAx-2,0.11116786754585456
GACCAATGTTGGACCCx-2,0.02165670796862297
GAACCTAGTATCACCAx-2,0.025554799878682897
GAAATGAGTGTTAAGAx-2,0.15018363036444837
GAAGCAGAGAGGTTATx-2,0.21437203486409975
GACACGCCAAGAAAGGx-2,0.06710951983562896
GAAGCAGTCTTGTATCx-2,0.03072337611623525
GAATGAAGTTAAGATGx-2,0.046756708313537565
GACACGCCAGTTCATGx-2,0.02004106986671517
GAATAAGTCATGCAACx-2,0.1884117369772534
GAACGGAAGACTGGGTx-2,0.11146139856201678
GAACATCAGTCCCACGx-2,0.019320898039844835
GAAACTCGTGTGACGAx-2,0.10129628296443786
GACCTGGTCTTGAGGTx-2,0.028832236759823843
GACCAATAGGACACCAx-2,0.15003726439369153
GAATGAACAAGCCGTCx-2,0.0994632683272054
GAATAAGAGTGACATAx-2,0.028789355531020747
GAACATCGTGCCTGCAx-2,0.08343071092846079
GAATGAATCCATGCTCx-2,0.018894495455374645
GAATAAGAGGTGATTAx-2,0.006139381472910331
GAACATCCAGTAACGGx-2,0.021680696165692345
GAACGGAAGCCCTAATx-2,0.15369990042339085
GAATAAGGTTCGGCACx-2,0.014286503152554624
GACCAATCAAAGTGCGx-2,0.1841043503879411
GAACGGAAGAGCTGGTx-2,0.0392099556145415
GAAGCAGGTGTGACCCx-2,0.04607117808863805
GAACGGACACTTCGAAx-2,0.04015527771138668
GAATAAGGTGTTTGGTx-2,0.02370871613876442
GAAATGAGTAGCTGCCx-2,0.09682602294603461
GACCTGGCATCCGTGGx-2,0.011520174304597449
GACACGCAGGAATCGCx-2,0.008372504543323903
GAAGCAGAGAGTGAGAx-2,0.03432410862365333
GACCAATCAATGGAATx-2,0.0075438383510056
GAAATGAGTGTTCTTTx-2,0.178680511055028
GACCTGGGTACTTCTTx-2,0.043370620646413394
GAACCTACACTCGACGx-2,0.02140968561526891
GAAATGAAGGTAGCTGx-2,0.028872508033875838
GACACGCGTTATCGGTx-2,0.02586999088146644
GACGCGTAGACACGACx-2,0.2027973788712678
GAATAAGGTGATGATAx-2,0.06271161281310114
GAAGCAGGTATTAGCCx-2,0.02584016684277211
GAACATCGTGTTTGTGx-2,0.023265749392066697
GACGTTACATGCCTAAx-2,0.0018338862532945237
GAGCAGAGTCTAAAGAx-2,0.1498797116178764
GACGTTATCATTGCCCx-2,0.022273314936171323
GACGTGCGTGCTTCTCx-2,0.03637883949157468
GACTACAAGAATTCCCx-2,0.030301252852939626
GAGTCCGGTCAAGCGAx-2,0.021997833563059264
GACTGCGTCAGAAATGx-2,0.10361117463304027
GATCAGTAGTGCAAGCx-2,0.20064064121266892
GACGGCTGTCAGCTATx-2,0.04059854692823016
GACGTTAAGAAGATTCx-2,0.026322928703339427
GACGCGTTCTCACATTx-2,0.023029426506215925
GACGGCTCATTGGGCCx-2,0.22793934142337113
GAGGTGAGTCTTCGTCx-2,0.1463633079394968
GACTAACGTAGGCATGx-2,0.022257392587244313
GAGCAGATCCTGCAGGx-2,0.026837224769288466
GAGGTGAGTAGGGTACx-2,0.0191577853338527
GAGGTGATCTGCCCTAx-2,0.06876227443927842
GACGGCTAGATCCCGCx-2,0.01194810153121987
GACGTTAGTGTCTGATx-2,0.005690896254712795
GACGTTAGTTGTGGCCx-2,0.029390039732417217
GACGCGTCACGCCAGTx-2,0.018570789822834017
GACTAACGTTTGTTTCx-2,0.02930121864148942
GAGCAGACAAGCTGGAx-2,0.09737576153476608
GACGTGCTCGGTCCGAx-2,0.016437908867726825
GACGTTACAGGTGGATx-2,0.19934797410403945
GAGTCCGTCTTACCGCx-2,0.023889850414758548
GAGTCCGCATGACGGAx-2,0.019160417633093754
GAGGTGATCACCCGAGx-2,0.026901769838678275
GAGGTGATCGCGTTTCx-2,0.04100719638268848
GATCAGTGTATATGGAx-2,0.028485422496312775
GACTGCGTCTCAAGTGx-2,0.15981296188086652
GAGTCCGGTGAGGGTTx-2,0.020955460103958455
GACGCGTTCCGCATAAx-2,0.021565257540849314
GACGTGCCATTTCAGGx-2,0.022967652628576658
GACGTGCCATCAGTACx-2,0.03729667236861632
GACGTTAAGTCGATAAx-2,0.020794804858015686
GACTACACATCGGGTCx-2,0.029568759393331104
GACTGCGTCTTCCTTCx-2,0.23581881034513036
GACGGCTGTCGGCATCx-2,0.02557034193056608
GACTGCGAGGGTGTGTx-2,0.0038356891701195133
GACGTGCTCTGCGTAAx-2,0.018453830393497694
GACGTTACAAGCTGAGx-2,0.01972575458316761
GACGTTATCGTTACGAx-2,0.021472378076987198
GACGTGCCAAAGTCAAx-2,0.14453529293981962
GAGGTGAAGCGGCTTCx-2,0.01873426614910505
GACTGCGGTCGCCATGx-2,0.07075484950314218
GACTGCGGTGACCAAGx-2,0.018273553753432065
GAGGTGAGTGATGCCCx-2,0.1538724892618784
GACTGCGCAAGTTAAGx-2,0.01484845925232666
GAGTCCGAGCACAGGTx-2,0.019775353136106857
GAGCAGAAGGCCGAATx-2,0.019206858327834156
GATCAGTAGATGTGTAx-2,0.20612180442122732
GAGTCCGGTAATAGCAx-2,0.020970075340332198
GACGTGCAGCAGACTGx-2,0.052691849459749106
GAGCAGATCCTCAATTx-2,0.1800071368375608
GACGTGCTCCGCGTTTx-2,0.010173084228322615
GACGCGTAGCTATGCTx-2,0.17934047506607498
GAGTCCGAGTACTTGCx-2,0.02481330500579289
GATCAGTAGGTCGGATx-2,0.020935027323720528
GACGTTAAGCGGCTTCx-2,0.023569598090779968
GACTAACCATGCCTAAx-2,0.006922151229431182
GACTGCGAGCTTCGCGx-2,0.03679392793125413
GACGTGCAGATGTCGGx-2,0.016082138146949462
GATCAGTTCCGAATGTx-2,0.04204917892343977
GAGTCCGGTACCGGCTx-2,0.16738502340972622
GAGGTGATCCGCAAGCx-2,0.15916362914823876
GACTGCGTCGTCTGCTx-2,0.0724102797388405
GACGCGTCAAGGACACx-2,0.020694268398967226
GACGTGCGTCCGCTGAx-2,0.05052622713515611
GACTACATCCTCTAGCx-2,0.03641688631768688
GAGTCCGCACTTCTGCx-2,0.04090007501728531
GAGTCCGTCTGCTGCTx-2,0.204360002444269
GAGCAGAAGGCAAAGAx-2,0.20536362194612096
GACTACACAAGTTGTCx-2,0.19793500028046615
GACTACATCCCTAATTx-2,0.02110039877604215
GACGGCTAGCAATCTCx-2,0.195662497341046
GATCAGTTCCTCGCATx-2,0.005594422879209286
GAGTCCGTCGGTCCGAx-2,0.019774148698197384
GACGTTAAGCCCAGCTx-2,0.017705361241175555
GACGCGTCAAGTCATCx-2,0.12596348285881698
GACTGCGGTAGCGTCCx-2,0.02313817171106561
GAGTCCGCAATCGAAAx-2,0.07751014738747049
GACTACAAGGTCATCTx-2,0.025401650636104812
GAGGTGAAGTCACGCCx-2,0.16132707633084037
GACGGCTCATGCCTAAx-2,0.08738473072439219
GACGTTAAGACCTTTGx-2,0.19585993891148065
GACTGCGGTACGACCCx-2,0.11685991910939333
GACTGCGTCTTGTCATx-2,0.11220740686314327
GATCAGTTCCTACAGAx-2,0.15361566752503805
GACGCGTCAATGGAGCx-2,0.07871352013000578
GACTAACGTGTGAATAx-2,0.19953541985000187
GAGTCCGCACCTCGTTx-2,0.022714101065567243
GACTGCGAGCGATTCTx-2,0.039544868206133295
GACGCGTGTATTCGTGx-2,0.020887345614456522
GACTACACAGATGGCAx-2,0.028836583523399212
GAGCAGAAGCAATATGx-2,0.008771215510111716
GACGTGCAGAACTCGGx-2,0.025361660178312987
GCACTCTAGCCCAACCx-2,0.026628684481587245
GATCGCGTCACATAGCx-2,0.026252689523440596
GCAATCAGTTTGTTTCx-2,0.02192559444467407
GATCGATAGCCGTCGTx-2,0.007635537189270586
GATTCAGAGGCTACGAx-2,0.01919705822998119
GATCGCGCAACTTGACx-2,0.025533099559784004
GCACATAGTAGCCTATx-2,0.15647746643813853
GATCGATGTTGGGACAx-2,0.1963159336043966
GATGCTATCTCCTATAx-2,0.018627854298316954
GATCGCGAGCTAGGCAx-2,0.01189988330192203
GCACTCTTCCATGAGTx-2,0.018640745526018486
GATTCAGAGTCGCCGTx-2,0.01793691439978269
GCACATATCGCTGATAx-2,0.21444424189735528
GCACATATCGTGGGAAx-2,0.02265565654416494
GATCGCGTCCTGTACCx-2,0.17159667045259283
GCAGTTACATACGCCGx-2,0.018572762046316756
GCAATCATCCTGCTTGx-2,0.018587756228439535
GCACATACACGGCCATx-2,0.03465156494139009
GCACTCTAGCGATAGCx-2,0.024243651462068756
GATGAGGGTCAGAAGCx-2,0.03395576349365533
GATCAGTTCTGCTTGCx-2,0.01466906565755806
GATGCTACACTTGGATx-2,0.05522706498396103
GATGCTACAACTGGCCx-2,0.028580767153804625
GATCGTATCTTGAGACx-2,0.01975559280788645
GATCGATAGATATACGx-2,0.02021434995855747
GATGAAAGTAGCGTGAx-2,0.19946620141582092
GATGAGGTCTCCCTGAx-2,0.017000039457985845
GATCGTAGTCTAGTCAx-2,0.03142263456767087
GCAAACTTCCTGTAGAx-2,0.18376021845578216
GCACATACAGTCTTCCx-2,0.16233914753355522
GATTCAGTCAGTTAGCx-2,0.028591183845939974
GCACATACAGTTCATGx-2,0.05558093695582768
GATCGATCATGTTGACx-2,0.01631157768537289
GATGAGGTCCAGATCAx-2,0.1427134505448154
GCACTCTAGGGCTCTCx-2,0.21490855394799743
GCAGCCACAGCCTATAx-2,0.023828414525493072
GATCGTATCACTATTCx-2,0.014729345214451153
GCAGCCATCTCAACTTx-2,0.07869930216876299
GATCGCGCATTCACTTx-2,0.12139704820379929
GCAAACTCATTACGACx-2,0.026174956346596955
GATCGCGCAAGCCATTx-2,0.09532512618846904
GATGAGGGTACTTGACx-2,0.02294579756415589
GATCGTAAGTTCGATCx-2,0.024028896144564382
GCAGCCAAGGCGTACAx-2,0.2747026542810573
GCAAACTGTTCGTTGAx-2,0.021400173456624202
GATGCTAGTGGGTATGx-2,0.021622205850930856
GATCGATCAGACGCAAx-2,0.029389811660609572
GATGAAATCCTTGGTCx-2,0.02873254775684792
GATTCAGCATTAACCGx-2,0.021184960392460945
GCAGCCATCCCTAATTx-2,0.032381490089507775
GATCTAGGTCACACGCx-2,0.22012898405824385
GCAAACTTCAGTTGACx-2,0.11135401377616207
GATCGTAGTATCAGTCx-2,0.01980320685230149
GCAGTTACACCGCTAGx-2,0.16535190287812823
GATCTAGAGCCAGTTTx-2,0.039774691748910615
GATTCAGGTAGCCTCGx-2,0.07043507151082957
GCAGTTAAGGTGCACAx-2,0.023984272257682248
GCACTCTAGCGACGTAx-2,0.02337605806162807
GATCGTAGTCACAAGGx-2,0.11691838209815739
GATGCTACACCTGGTGx-2,0.033388791885946574
GATGAGGCACGGTTTAx-2,0.019060379747685582
GATGCTACAGATCCATx-2,0.03265949654322191
GATCGTATCACTCCTGx-2,0.0214662702974721
GCAGTTACAGGGTATGx-2,0.034495676767627055
GATCGTACACTTCGAAx-2,0.043095997119871
GCAGTTAAGTATTGGAx-2,0.21478583382663274
GATCTAGAGACAAAGGx-2,0.01776337992322725
GATCGTATCGACAGCCx-2,0.043902903028938824
GCAGCCATCCGTACAAx-2,0.010529994724169048
GATCGATGTACATCCAx-2,0.031083162654076964
GATGCTAGTAGAGCTGx-2,0.14535768759734677
GATCGCGGTTCCACGGx-2,0.01868010080807738
GATCGTAGTTGAACTCx-2,0.043514346583453
GATTCAGAGGTGTTAAx-2,0.023859668622881854
GATCGTACAATGTAAGx-2,0.10262971181895439
GCAGCCATCAATCACGx-2,0.025808849267334157
GATCGCGCAGACGCTCx-2,0.1798238351645006
GCACTCTGTTCCCGAGx-2,0.023048351957200394
GATCGATGTGCCTGGTx-2,0.038410995533781495
GCACTCTTCTCGAGTAx-2,0.2072470467876629
GATGAGGGTTACGCGCx-2,0.17907211589235322
GCAGCCAGTGGCGAATx-2,0.020879323385100006
GATCGCGCACGCCAGTx-2,0.017335933225010626
GATGAAATCACTCTTAx-2,0.01975683197042067
GCAGCCATCTGTCAAGx-2,0.0186814148637015
GATCGCGGTCGAGTTTx-2,0.11099959476683134
GATGCTAAGGATGGTCx-2,0.022730308266080836
GATTCAGTCACGCATAx-2,0.02437901879473657
GATGCTATCAGTGTTGx-2,0.03354774106695588
GATGAAATCGCGCCAAx-2,0.17049038848190362
GATGAGGAGTATGACAx-2,0.030437190289039334
GATTCAGCAGACAAATx-2,0.06145039421823196
GCAGTTAGTTACTGACx-2,0.021075043188960158
GATCGATGTCAGAGGTx-2,0.03315658193763956
GCACATACAAGAGGCTx-2,0.015578769689713647
GATTCAGTCGTTTGCCx-2,0.03183072872057816
GATCGATCACATGTGTx-2,0.04145668522868048
GATGAAAGTGAAAGAGx-2,0.03829222373403991
GCATACAAGCTTATCGx-2,0.045737044322169434
GCCTCTAGTTCAGCGCx-2,0.20381102117448538
GCGCAACTCAGCACATx-2,0.031144890383869663
GCATACAAGCCAGTTTx-2,0.025482986857752663
GCGCAACAGGAGTTTAx-2,0.06682825266125039
GCATGCGGTGGCAAACx-2,0.022423799920989182
GCGAGAAAGAGTGACCx-2,0.04251068379478773
GCGCAGTAGCTTATCGx-2,0.011962435913520262
GCATGATGTCTAGTCAx-2,0.025556084239004302
GCGACCACACCTATCCx-2,0.08305121800444899
GCGAGAAAGAGTACATx-2,0.02169723266775869
GCGCAACAGCACGCCTx-2,0.22414353217366426
GCAGTTATCCGCATCTx-2,0.09652475281116421
GCATGATAGTCCGTATx-2,0.023114292801143285
GCCTCTATCGGAAATAx-2,0.047051143790609457
GCGCAACTCTCGAGTAx-2,0.061950515021316814
GCATACAGTGCGCTTGx-2,0.19939253934541243
GCATGATTCGTGGTCGx-2,0.05460934154957907
GCATGTACATCCTTGCx-2,0.018118282092326615
GCGAGAACAGCTGCTGx-2,0.1809914215677179
GCATGTAGTGCCTGGTx-2,0.02213259460601546
GCCTCTAGTAAAGTCAx-2,0.07537400099230895
GCATACATCGGTCTAAx-2,0.022440905955829458
GCCTCTAGTCAGGACAx-2,0.014319004908986034
GCATGATTCAGCTTAGx-2,0.034865742112807664
GCGCAACCACTATCTTx-2,0.021436541953210833
GCCTCTATCCGCTGTTx-2,0.0912494621987052
GCATGTAAGAGCTATAx-2,0.019297756080204967
GCATACACACTTACGAx-2,0.02464576050580189
GCGACCAGTCGCATCGx-2,0.19355529295611687
GCATACACACACCGACx-2,0.02285011818550232
GCCAAATCAATAAGCAx-2,0.023451413290306575
GCGCAACGTCTGGTCGx-2,0.022462484617619478
GCATGATCACATCTTTx-2,0.02424960194092844
GCATGCGAGAACTGTAx-2,0.1888258314964826
GCGCAACAGAGGTACCx-2,0.15371791989369474
GCGCAGTGTGTTGAGGx-2,0.19449724513818556
GCATGCGCAATAAGCAx-2,0.02075503232349919
GCCAAATCATATGGTCx-2,0.008777285184207268
GCCTCTATCTACCAGAx-2,0.021368689735258208
GCGCAGTGTCGATTGTx-2,0.006380499905138758
GCATGATGTCCGACGTx-2,0.019565882276137838
GCGACCAGTGTAACGGx-2,0.040577481309590234
GCAGTTAGTTCGTCTCx-2,0.12652551768163792
GCCTCTAGTTGTCGCGx-2,0.19877759062860725
GCGCAACTCCACGACGx-2,0.005401220754869317
GCATGATGTATAATGGx-2,0.19726138606805488
GCGCAACTCCACTGGGx-2,0.03693992171539436
GCCAAATTCCCTGACTx-2,0.020774303463849585
GCGACCACATTGAGCTx-2,0.17810502682599536
GCATGATAGCCTATGTx-2,0.019656263865617602
GCGACCACATAAAGGTx-2,0.16400631472125476
GCGACCACAGATTGCTx-2,0.124280042160773
GCCTCTACACGCTTTCx-2,0.013033867537034415
GCATGCGCAGAGCCAAx-2,0.05624724058813456
GCGCAACCAAGAGGCTx-2,0.1876505088694871
GCATGCGAGCCATCGCx-2,0.02581142202557771
GCATACACAGTGGGATx-2,0.02484036466357991
GCGCAACCAGCATACTx-2,0.02801305995135341
GCATGTAGTTAAAGTGx-2,0.021945603894235256
GCGCAACTCATGCTCCx-2,0.18669416716754622
GCGCAGTCATCCTAGAx-2,0.020562284327516903
GCATGCGCACACAGAGx-2,0.0261360796174808
GCATGCGGTGGTTTCAx-2,0.16189809004788241
GCGACCACACCTCGTTx-2,0.19025400688795277
GCATACAGTAGGACACx-2,0.20003943090876752
GCATGATAGGTGTGGTx-2,0.025704062657060163
GCATGATCAGGGCATAx-2,0.04516208132506376
GCCTCTATCTGGGCCAx-2,0.047132213911980504
GCGCAACCAGCCTTTCx-2,0.01794493113835127
GCATGATCATGTAGTCx-2,0.01844025414288215
GCATGCGGTAGGAGTCx-2,0.01809069827074812
GCCTCTATCCTGCTTGx-2,0.08344836744819152
GCGAGAAGTGGCTCCAx-2,0.03677554827045404
GCGACCAAGCCACCTGx-2,0.11492372074803024
GCCTCTATCAGCTTAGx-2,0.025470395559984097
GCGACCAAGGGCTTGAx-2,0.06190296942793115
GCCAAATCATCAGTCAx-2,0.018250296181399242
GCGCAGTCAACTGCGCx-2,0.02370187137878786
GCCTCTAAGACCACGAx-2,0.02035903537546838
GCATACAAGGACAGCTx-2,0.016300330506458818
GCCAAATAGCACCGTCx-2,0.028142480755159936
GCGCAACAGCTCCTCTx-2,0.020520769781203426
GCATGATAGAATTCCCx-2,0.15291075191488526
GCAGTTATCGGTTCGGx-2,0.024552933969889904
GCGAGAATCGGTTAACx-2,0.029789400856553173
GCGCAGTCAGGGTTAGx-2,0.2691149767168071
GCATGTAGTTGCGTTAx-2,0.015085930077853874
GCAGTTATCACCCTCAx-2,0.03822977983580227
GCGCAACTCGCGTAGCx-2,0.1791953219777199
GCATACATCATAAAGGx-2,0.023694648632042535
GCATACAAGTGTGAATx-2,0.019649612086552717
GCGAGAATCTTGCATTx-2,0.18288855687591882
GCGCAGTTCCAATGGTx-2,0.007797360909301671
GCTGCGACACGTCAGCx-2,0.03509385626442393
GGACAAGGTATAATGGx-2,0.018537905557234526
GCTGCAGAGACAGACCx-2,0.027218499844078727
GGAATAAAGGCCATAGx-2,0.18566176799938827
GCGCCAAAGTCACGCCx-2,0.18964673532735452
GCTGCTTGTGCACCACx-2,0.025420028059898753
GCTCCTAAGAGCCCAAx-2,0.028820284239645114
GCGCGATGTTGACGTTx-2,0.010692260212511358
GCTGCAGAGACTACAAx-2,0.023223394368852113
GCTGCGAGTGGGTCAAx-2,0.019527771788279136
GGAATAATCCCAACGGx-2,0.029873366748027624
GCTCCTAAGCGATTCTx-2,0.022083388124149773
GCTCTGTAGGATTCGGx-2,0.19783262717108005
GCTCCTATCCTTAATCx-2,0.1953620175381623
GGAACTTTCTGGCGTGx-2,0.03532580427819044
GCTCCTAGTACTCGCGx-2,0.018050731543801077
GCGCGATTCTTGTCATx-2,0.026821169716165636
GCTCTGTGTTCCGGCAx-2,0.16513847008195068
GCTTGAATCCGTAGGCx-2,0.021669754038468773
GGACAAGTCCACGTTCx-2,0.008945509915968299
GCTGGGTCACAACTGTx-2,0.1918123013427294
GCGCGATGTGAAGGCTx-2,0.007799821829721932
GCTCTGTGTCTTGATGx-2,0.0213530131989577
GGAAAGCAGGATGTATx-2,0.080046871656037
GCTGCAGGTCACCTAAx-2,0.1976381975712483
GGAACTTGTACAGACGx-2,0.00936447094869661
GCTGGGTAGAGTGACCx-2,0.021810194403481697
GGAACTTGTTCCGGCAx-2,0.02515304269879143
GCGGGTTGTCAAGCGAx-2,0.03409839458961533
GCTCCTACAAGTCATCx-2,0.04299044192513429
GCTGCTTAGGTGTGGTx-2,0.019224223868864288
GGAATAAGTAAGCACGx-2,0.10406535849037309
GCGCGATGTTCACCTCx-2,0.02345515725044591
GCTCCTATCGGCGCATx-2,0.15264842074537238
GCTGCAGTCCGAACGCx-2,0.029137407070454747
GGACAAGAGAGGGCTTx-2,0.07854232979727824
GGACAGAAGATCCGAGx-2,0.023381945023199846
GCTGCTTCATGCCCGAx-2,0.038837272188286115
GGAATAAGTGCCTGTGx-2,0.20148528782462236
GCTCTGTTCAATACCGx-2,0.03874834959654859
GGAATAATCGATGAGGx-2,0.019623428017344638
GCGCCAAGTTGTCGCGx-2,0.028184442844473852
GCGCGATCACATGTGTx-2,0.019244968765295835
GCTCTGTTCGGCATCGx-2,0.10885652415429796
GGAATAACAGCTTAACx-2,0.05088963146000179
GGAATAAGTGATGATAx-2,0.023707880977934935
GCTGCTTAGTGGGTTGx-2,0.18307570615848345
GCGCGATGTTTGTTGGx-2,0.014869422529596252
GCGCGATAGTGCGATGx-2,0.01760501257810627
GCGCAGTTCGGAAATAx-2,0.024180164999090883
GCTGGGTCATCACAACx-2,0.020710862692365724
GGACAAGTCAAACAAGx-2,0.020754819934112656
GCTGCTTGTGAGGGAGx-2,0.1986765959391828
GCTGCAGCAACGCACCx-2,0.021472337173223482
GGAACTTGTTAAGAACx-2,0.1928597028425365
GCTGCTTTCAGGCGAAx-2,0.024877967860224493
GCGCCAACAAGCTGGAx-2,0.017734074326532095
GGAACTTTCCCGGATGx-2,0.0038421312361969088
GCTTCCATCTCTGCTGx-2,0.030162993651350316
GCGCCAAGTCGCGGTTx-2,0.15911401689179988
GCTGGGTGTCTGGAGAx-2,0.026843609216512816
GCTCCTACAGTATCTGx-2,0.0629801172454823
GCGGGTTGTTATCCGAx-2,0.10709367955048173
GGAACTTGTTTAGCTGx-2,0.2058614294677419
GCTGCAGGTGTGTGCCx-2,0.01978426498487724
GCTGCAGTCCAGGGCTx-2,0.020370160829555423
GCGCGATAGCCTATGTx-2,0.1929314013981448
GCGGGTTTCGCCCTTAx-2,0.035392034898729004
GCGCCAACATTGGGCCx-2,0.18448031353265656
GCTCTGTCAATCACACx-2,0.024116789657571795
GCTTCCATCAGATAAGx-2,0.053550481858648025
GCGCGATCATGCCTTCx-2,0.025638725826642252
GCTGGGTCACAGCCCAx-2,0.17724096706319267
GCTGCAGTCCACTGGGx-2,0.1217588273670958
GCGGGTTCAATCTACGx-2,0.020303312559881603
GCTGCTTAGCTCCCAGx-2,0.11458349645936965
GCGCGATCAGTAACGGx-2,0.03221715405456881
GCTGCAGCAGCTTAACx-2,0.02080379827335856
GCTCTGTTCAACACTGx-2,0.022328319807878864
GGAACTTCAGTTAACCx-2,0.006028762784087459
GCTGCAGGTACCGAGAx-2,0.09629233331142849
GCTCCTACAAGTACCTx-2,0.21620325277154961
GCTCTGTGTATAGTAGx-2,0.03628546245138761
GCTTCCAAGGCACATGx-2,0.11928931312548123
GGAACTTAGACTACAAx-2,0.017687691347655313
GCGCCAAGTTTGACACx-2,0.021540009111572125
GCTGCGACATGGATGGx-2,0.022555988751729213
GCTCTGTTCGAACGGAx-2,0.014143491747815332
GCTGCTTGTTCCGGCAx-2,0.01967825422375657
GCGGGTTAGGATGGTCx-2,0.023857291609481874
GGAATAAGTGGACGATx-2,0.0219368012027007
GCTTCCATCGACCAGCx-2,0.017931603871067816
GGACAGAAGACAGACCx-2,0.12219575041355334
GCTTCCATCTGCTGTCx-2,0.0185719307902036
GGAAAGCCATTAACCGx-2,0.06277003708199412
GGACAAGAGCCCGAAAx-2,0.09895592733182297
GGACAAGTCGCAGGCTx-2,0.16940865805044608
GGATGTTGTAAGGGAAx-2,0.20419247161078416
GGCGACTTCGCGATCGx-2,0.1494662154956235
GGATGTTAGGCAGTCAx-2,0.02786067901929747
GGCGTGTTCCACTCCAx-2,0.023565789934005887
GGCTCGACAAGGACTGx-2,0.03364990545140813
GGACAGACACTGTGTAx-2,0.18572489201239942
GGCGTGTGTCAAACTCx-2,0.0285065792824026
GGACGTCCAAGAAAGGx-2,0.022187043459640655
GGCGACTTCGACAGCCx-2,0.02086648448534909
GGACAGACATAGTAAGx-2,0.015555603631072182
GGAGCAACATGGTTGTx-2,0.008301577675659779
GGAGCAACACTAGTACx-2,0.026070646271983577
GGCGACTAGAGAGCTCx-2,0.09754481346471683
GGCAATTAGATCCGAGx-2,0.010565913104721122
GGCTGGTCAAACGTGGx-2,0.02642822382074565
GGACAGAGTGATGATAx-2,0.02381820465210099
GGAGCAACATCATCCCx-2,0.017668706545509106
GGATGTTGTCCGTTAAx-2,0.07488642495206765
GGACAGAAGTCAAGGCx-2,0.019231219339784705
GGATGTTAGTACGACGx-2,0.1932945345813379
GGCAATTAGTTAGGTAx-2,0.14687611563712055
GGCAATTGTACCCAATx-2,0.2032939347514829
GGCCGATGTAGCCTCGx-2,0.021540015976148883
GGCCGATGTGACAAATx-2,0.09334850024858335
GGCGACTTCGGCGGTTx-2,0.021178529711510092
GGATGTTTCCCAGGTGx-2,0.20101663433028466
GGAGCAAGTGCGAAACx-2,0.061778923983999305
GGATTACAGGCTCAGAx-2,0.1276696421940893
GGACATTAGTCATGCTx-2,0.011662754085336232
GGATTACAGAGTAAGGx-2,0.019910277183763463
GGATTACTCCTTTCTCx-2,0.19203841574911049
GGACATTGTAGCGCAAx-2,0.028133317166591815
GGCCGATAGTATCGAAx-2,0.029050093813617346
GGCGACTAGGTGTGGTx-2,0.19424449668115604
GGCCGATAGTCCCACGx-2,0.026608278173532757
GGACGTCCACGACTCGx-2,0.041127795162826615
GGCTCGATCCGTACAAx-2,0.01707149976248018
GGATGTTAGCTGCGAAx-2,0.02052205377646609
GGCCGATTCTCAACTTx-2,0.022855046081489163
GGCGACTCAAGTACCTx-2,0.023242719562379395
GGACATTAGCTCTCGGx-2,0.03731868844808135
GGACGTCTCTGCGGCAx-2,0.1608857377866743
GGACAGATCTGCCCTAx-2,0.025040227264798303
GGATTACTCTTCCTTCx-2,0.020151377604080593
GGACATTAGTGGAGAAx-2,0.07289617324274306
GGCTCGAAGGCCATAGx-2,0.19394284713952373
GGATTACGTCTGCAATx-2,0.19915440181534552
GGCGTGTGTAGCGTAGx-2,0.02364879626044369
GGCGACTGTAAGAGGAx-2,0.20362534320626283
GGCGTGTGTGGCCCTAx-2,0.07794246386760088
GGCGTGTTCGTCGTTCx-2,0.03450268783472102
GGACAGATCTTGCATTx-2,0.04338867563495201
GGACAGAGTTACGCGCx-2,0.027650715083908033
GGAGCAACATCCGTGGx-2,0.025845992520662647
GGCCGATTCTAACTGGx-2,0.028454943995770067
GGCAATTAGAATGTTGx-2,0.020300586927983845
GGACGTCAGATGCGACx-2,0.016021232476028744
GGCGACTGTGTCTGATx-2,0.17233655637730122
GGCGTGTGTCGGGTCTx-2,0.03137605412111759
GGACATTTCGGTTAACx-2,0.12121363354726993
GGATGTTAGAATTCCCx-2,0.20824612281289495
GGCCGATTCCCTTGCAx-2,0.19468339944860066
GGCGACTTCAGGATCTx-2,0.023986362598141974
GGATTACAGTGTACCTx-2,0.02343059875249546
GGACATTAGCCGCCTAx-2,0.012205326954146506
GGATTACGTCAGAGGTx-2,0.02022558776088215
GGAGCAATCAAAGACAx-2,0.11417704989950625
GGCCGATGTCTGATTGx-2,0.02607546115878183
GGAGCAAAGGTGCTAGx-2,0.002606583539587916
GGAGCAACAATGCCATx-2,0.1924572872071062
GGACATTGTCAGATAAx-2,0.01803928659252735
GGCTCGAAGCCCAACCx-2,0.20114078352722706
GGCTCGACATCATCCCx-2,0.020086943619995336
GGACGTCTCCAACCAAx-2,0.009246101212753958
GGCGTGTAGCTTCGCGx-2,0.09328942005162139
GGCAATTAGGATGTATx-2,0.046157652842102125
GGATGTTCAATCTACGx-2,0.2130744321200304
GGCTCGAGTTCCTCCAx-2,0.016058071586534467
GGACATTTCAGGTTCAx-2,0.026054565907375003
GGATGTTCAGACTCGCx-2,0.020776626075400637
GGATTACAGAGACTATx-2,0.019470351874672675
GGCTGGTAGCGATTCTx-2,0.0220255895300657
GGCCGATGTCAATGTCx-2,0.020407587755555588
GGCAATTCACGGTTTAx-2,0.030144137773040796
GGCCGATAGGTTCCTAx-2,0.028873226179158794
GGACGTCTCGCCAAATx-2,0.19086424191784623
GGCTCGACAGGGTATGx-2,0.019723558796756236
GGACAGACAAGCGAGTx-2,0.18595325783949884
GGATTACGTTGAGTTCx-2,0.02102879285810904
GGCCGATGTTCAGGCCx-2,0.10026696427982555
GGACAGAGTAAAGGAGx-2,0.017007190017160292
GGCGACTGTATGGTTCx-2,0.17905627234135094
GGCTCGAAGTGAACATx-2,0.021083469743562597
GGATGTTCACAGGAGTx-2,0.1479316093291558
GGATGTTCATCACCCTx-2,0.14596391041106638
GGATTACAGTCGAGTGx-2,0.17963945559143324
GGAGCAATCCGAGCCAx-2,0.020981668305136935
GGTGAAGGTAGAAGGAx-2,0.10272303526826013
GGGCATCGTTCCACAAx-2,0.1514625753153595
GGTGAAGTCTCGAGTAx-2,0.03339133869457767
GGCTGGTTCTCGATGAx-2,0.020958180604325312
GGGAATGTCTTGCAAGx-2,0.0284483996984016
GGGATGACATCGGAAGx-2,0.03340515761424515
GGGCATCCACCTCGGAx-2,0.02095789434947565
GGGTCTGTCAACCATGx-2,0.02607406549415095
GGGATGAGTGTATGGGx-2,0.194683067458269
GGGATGATCGTCGTTCx-2,0.0184929719405842
GGTGTTAGTGAGGCTAx-2,0.02270922397850442
GGGAGATCAACGATGGx-2,0.19671436390542282
GGTGAAGTCCACGAATx-2,0.020365868424960364
GGGCATCAGTCCGTATx-2,0.17743926129238619
GGGCACTCATCGGACCx-2,0.020038415943792846
GGTGTTACATCACAACx-2,0.022057738548086465
GGCTGGTCACGAAATAx-2,0.01890937838407348
GGGCATCAGTGGGATCx-2,0.02213980095755548
GGGCATCCACCAGGCTx-2,0.021758460009294725
GGGTTGCGTGCGATAGx-2,0.019992537599433938
GGTGTTAGTGATAAGTx-2,0.013633821825842843
GGGACCTAGTGACTCTx-2,0.02105893798948386
GGGACCTTCGCAAACTx-2,0.16831898061327333
GGGATGAGTATTACCGx-2,0.01889274796528687
GGGAATGGTGTAATGAx-2,0.017996084969908465
GGGCATCCATGCCCGAx-2,0.19784999803569447
GGTATTGTCAGCCTAAx-2,0.025575940251235846
GGGACCTAGTGTGGCAx-2,0.021990243862288667
GGGAATGAGTAGCCGAx-2,0.027905750497742087
GGTGAAGCAGGAATCGx-2,0.1701293512264947
GGTGCGTCAGTCACTAx-2,0.03815329043677185
GGTGTTAGTATAGGTAx-2,0.02280836152946753
GGGCACTTCAAAGTAGx-2,0.030166641520030367
GGGTTGCTCATGTCCCx-2,0.019806584550424246
GGTATTGGTATAATGGx-2,0.024312943796128278
GGCTGGTCATCCGTGGx-2,0.007154320242552494
GGTATTGGTAACGCGAx-2,0.02621668588798741
GGGCATCCAGTAAGCGx-2,0.025923411671499138
GGTATTGTCCTTGCCAx-2,0.17910080951287197
GGGAATGTCATTGCGAx-2,0.017518506022441385
GGGTTGCGTTCCGTCTx-2,0.08014560143573324
GGTGTTACAATGACCTx-2,0.026588535028824217
GGGAGATGTAAGGGCTx-2,0.13977447207098287
GGTGAAGCATCGACGCx-2,0.17012738987409332
GGTGCGTAGGTGATTAx-2,0.08915093288051658
GGGATGACAATCGAAAx-2,0.02553966619685324
GGTGCGTTCGGAATCTx-2,0.11567567423208339
GGTGTTACAATCCAACx-2,0.08609189048449531
GGTGCGTCAGCTTCGGx-2,0.02403166107986581
GGGTCTGAGTGTGAATx-2,0.02691435644559095
GGGAATGTCCCAAGATx-2,0.030182794126245544
GGTATTGTCTCCAACCx-2,0.02751341132271455
GGTGAAGCACCGTTGGx-2,0.020540028063733617
GGTGCGTGTCGCTTTCx-2,0.021343119871183425
GGCTGGTTCCACTGGGx-2,0.02934672768084338
GGGATGACAATACGCTx-2,0.026693895775401617
GGGCATCTCCCACTTGx-2,0.20329752133291337
GGCTGGTCATCCTAGAx-2,0.12506127237130232
GGTGCGTCATTAGCCAx-2,0.1910637495282814
GGCTGGTTCAGCTTAGx-2,0.18996808681914254
GGGTTGCGTGTTCGATx-2,0.20317629506474177
GGGTTGCTCCAAAGTCx-2,0.021393183986066332
GGGTTGCCACACATGTx-2,0.021714997747003927
GGGCACTGTAGGGACTx-2,0.08217871681200728
GGGACCTTCTATGTGGx-2,0.01576930647849205
GGTGAAGTCATCGCTCx-2,0.18308609901588374
GGGCACTCAACACCCGx-2,0.15421026544144445
GGTATTGTCTTTAGGGx-2,0.032331008959938144
GGTGCGTGTTCGTCTCx-2,0.11602330417680665
GGGCACTTCTGCGTAAx-2,0.003411472801631462
GGGTTGCTCGTAGGTTx-2,0.20548282129013995
GGGCATCCATGCTAGTx-2,0.023850524018398152
GGGTCTGAGATGCGACx-2,0.00956705789352945
GGGCATCTCGAGAGCAx-2,0.19485369030015728
GGGACCTCAATGCCATx-2,0.0421648490675278
GGGAGATCAGACTCGCx-2,0.18506265580339493
GGGCATCAGTATTGGAx-2,0.00866207646470599
GGTATTGAGGGAAACAx-2,0.02316389526155368
GGGAGATGTACCCAATx-2,0.018333926062828115
GGGATGAAGCTGCGAAx-2,0.028812816682723234
GGGAGATTCGTAGGAGx-2,0.07139614082507811
GGGCACTTCACCGTAAx-2,0.01301249140987838
GGGTTGCCACGGACAAx-2,0.138888504694548
GGGAATGCACGGATAGx-2,0.03285393648009369
GGTGTTAGTCACAAGGx-2,0.12484937956156812
GGTGAAGTCACTTATCx-2,0.02366755174755326
GGTATTGTCACAAACCx-2,0.1890464154790661
GGGAGATTCGGTGTCGx-2,0.03225637582270883
GGTGAAGCATCCTTGCx-2,0.022106799596518345
GGTGTTAAGCACACAGx-2,0.102682508746374
GGGAATGCATTTCAGGx-2,0.005630195231223272
GGGCATCCATGGGAACx-2,0.046544069379646606
GGTATTGTCCTGCCATx-2,0.014514646683411096
GGGAGATCAATGAAACx-2,0.03137672682274387
GGGTTGCTCACTTCATx-2,0.02583768382902913
GGTGTTACAAACCTACx-2,0.03553643011582727
GGGATGAAGGGCATGTx-2,0.026947891768470084
GGTGTTATCGCGCCAAx-2,0.015872896671443336
GTCACAATCATGGTCAx-2,0.03444710365101732
GTAACTGTCTTGTTTGx-2,0.03508183288846329
GTATTCTAGTGCGTGAx-2,0.02514554840665002
GTCATTTAGTACGATAx-2,0.026671948027973916
GTATTCTAGAGCCTAGx-2,0.021214216633648215
GTAGTCATCAACCATGx-2,0.027073637169814577
GTACTCCTCTGCGGCAx-2,0.03241488573957331
GTACTTTTCAACCAACx-2,0.027224688467132784
GTCACGGTCAGGTAAAx-2,0.007819578415909974
GTATTCTTCACTGGGCx-2,0.020151782617136488
GTCATTTAGACTTTCGx-2,0.16979309874422915
GTACTCCAGCAATATGx-2,0.01883152589177752
GTACTCCGTTGGTGGAx-2,0.07692549617287439
GTATCTTTCTGCAGTAx-2,0.002745923840013008
GTATTCTGTACCCAATx-2,0.09582332638211209
GTACGTACACGACTCGx-2,0.018950865185967506
GTAGGCCCACATCCAAx-2,0.03979106992701651
GTAGTCAAGACCTTTGx-2,0.021629108539525956
GTACGTATCTGCGACGx-2,0.051673945264926836
GTAGGCCAGTTAGCGGx-2,0.023665386377380238
GTCATTTAGCGATGACx-2,0.046789583401545244
GGTGTTATCACATACGx-2,0.04513000540850816
GTACGTACAATGGATAx-2,0.21501338811325832
GTCACAATCCGCATAAx-2,0.13288798125998455
GTACGTATCTGTGCAAx-2,0.03269944321055683
GTCACGGGTGTTTGGTx-2,0.02800424926472598
GTAACTGGTAGCGCAAx-2,0.018477740417651014
GTACTTTCACAGTCGCx-2,0.08123371057039397
GTCACAAGTGCGATAGx-2,0.027469997528732942
GTAGGCCCAAGCGCTCx-2,0.041834822272828795
GTATTCTCAGTCAGAGx-2,0.05464512659049245
GTAGTCAGTATCAGTCx-2,0.030380764802305817
GTCACAAGTAAACCTCx-2,0.21278343220230878
GTCACGGGTCTCCATCx-2,0.21590558904723717
GGTGTTATCGTGGGAAx-2,0.020362867561783543
GTACTTTTCAGTTAGCx-2,0.056057227843724224
GTATCTTGTTCAGGCCx-2,0.022915284933458176
GTATTCTGTTCCACTCx-2,0.03378363717965235
GTACTCCGTGTTGGGAx-2,0.07882664104417092
GTCAAGTGTAGCAAATx-2,0.2145736981029771
GTCACGGTCTTCGGTCx-2,0.19397735807506944
GTAACTGTCCAAACTGx-2,0.18958892039891495
GTACTTTGTATAATGGx-2,0.1982836766371597
GTATTCTGTCGGCTCAx-2,0.1687197948392657
GTAACGTGTAAGTGGCx-2,0.023048498947039392
GTAGTCACAGATCCATx-2,0.25290629848553864
GTATTCTCATTTCACTx-2,0.2011901989323953
GTAGTCACAACTGCGCx-2,0.022541697949943332
GTATCTTCAAGCCTATx-2,0.022421208649253968
GTACTCCAGGTGACCAx-2,0.18458254133919066
GTAGTCACAGCCTGTGx-2,0.02240147269543769
GTAGTCAGTCGCGAAAx-2,0.028115726934405658
GTAGTCAGTTCAGCGCx-2,0.019553874447880093
GTAGGCCAGATGAGAGx-2,0.025956921459577696
GTATTCTTCACTTACTx-2,0.023066010562311015
GTAACTGAGACACGACx-2,0.18299967372541723
GTACTTTTCAGTTGACx-2,0.026130581475316973
GTAACTGAGCGTAGTGx-2,0.10141978741049826
GTAACTGAGAGTCGGTx-2,0.17137610877149617
GTCACGGTCCCAACGGx-2,0.004868506768968323
GTAACTGCAAGTTCTGx-2,0.02261252699837314
GTATCTTGTGTCGCTGx-2,0.1981350379789523
GTCATTTAGACTGTAAx-2,0.031930846691557636
GTACGTAAGTGGGTTGx-2,0.11966049512785189
GTAACTGGTAGGCATGx-2,0.013883829655028644
GTACTTTAGGAGTTTAx-2,0.19655961096279276
GTAACGTAGCCGTCGTx-2,0.09055978011526936
GTAACTGGTACCGTTAx-2,0.18907263993400966
GTACGTATCTCTGTCGx-2,0.022744784207225595
GTAACGTTCTTATCTGx-2,0.005299047425130724
GTAACGTGTCTCGTTCx-2,0.22354640250372382
GTATCTTCAGGCTGAAx-2,0.13916557165616908
GTAACGTAGCCAGTAGx-2,0.018110981926222628
GTATCTTCATATACCGx-2,0.2045131021504571
GTCATTTCAGGGTATGx-2,0.0137790694241898
GTAGGCCAGGATATACx-2,0.019440797461941727
GTCATTTCACGCTTTCx-2,0.08700051709318342
GTAGTCAAGTCGATAAx-2,0.03400358760249309
GTCACAAAGCGTTGCCx-2,0.19523833896058998
GTACTTTCACATCTTTx-2,0.03525958806449813
GTACTTTCAATCGGTTx-2,0.2034674715659042
GTCACAATCGCATGGCx-2,0.059222167224174706
GTACGTATCATAAAGGx-2,0.01404640634423851
GTACTTTGTTCGGCACx-2,0.0431787840192794
GTCACAATCCGTCATCx-2,0.023969875760423115
GTAGGCCTCTTGTCATx-2,0.03404429299780894
GTACTTTTCAGCTCTCx-2,0.020507279779264163
GTCAAGTCAAGGCTCCx-2,0.11498170933648251
GTATCTTAGAAGAAGCx-2,0.03683729734313631
GTATTCTTCATAAAGGx-2,0.025286851709682704
GTCAAGTGTGACTACTx-2,0.023764529903544926
GTCACAACATGCCTAAx-2,0.10481027232716696
GTAACGTCATACGCCGx-2,0.023998502106178606
GTAACTGTCTACGAGTx-2,0.024017462489868423
GTACTCCTCGACAGCCx-2,0.06922245650324617
GTAACGTAGCACCGTCx-2,0.012594471203092154
GTCTCGTTCAGCTCGGx-2,0.029010659461584227
GTGCGGTTCCCACTTGx-2,0.007236770760822634
GTGCAGCTCGGAAATAx-2,0.18070430579123106
GTCATTTTCGCGTTTCx-2,0.023323696444235906
GTGTGCGCACATAACCx-2,0.017029852487370493
GTGGGTCCAGTCGTGCx-2,0.032290895550093617
GTCTCGTTCGGAGCAAx-2,0.05575344905697831
GTCTTCGTCAATCACGx-2,0.07324425310485083
GTGAAGGCACCCTATCx-2,0.04461740354837484
GTGCATATCTGGGCCAx-2,0.020775655627483396
GTGCGGTAGCCAGAACx-2,0.021307639591633596
GTGGGTCAGAGTAAGGx-2,0.14587484097536196
GTGCAGCAGCCTTGATx-2,0.022035783944629093
GTGCGGTTCGCGGATCx-2,0.13802540867247268
GTCCTCACAGCAGTTTx-2,0.006338581098734334
GTCTCGTAGTACCGGAx-2,0.09981865077051408
GTCATTTGTCAGTGGAx-2,0.03972149807651377
GTGAAGGGTCTAGCGCx-2,0.019340986957691535
GTGCAGCAGATCACGGx-2,0.18760160219989927
GTCGTAAAGGTTACCTx-2,0.13610446563647008
GTGCTTCGTTAGTGGGx-2,0.015035554948770045
GTGGGTCCAGCATGAGx-2,0.026433666011509288
GTGCATAGTTCGGGCTx-2,0.20203516231887117
GTGAAGGCACATTAGCx-2,0.012962293603971926
GTCGGGTCATGCCACGx-2,0.21823833660886524
GTGAAGGGTCATACTGx-2,0.04003708846074395
GTGAAGGAGGAGTTTAx-2,0.1831292952609843
GTGAAGGTCTCCCTGAx-2,0.023359554323152065
GTGCATAGTTTGCATGx-2,0.017157748557767423
GTCTTCGCATGCCTAAx-2,0.010200662662177833
GTGCTTCGTGTTCTTTx-2,0.19632932596048125
GTGCAGCTCTGGGCCAx-2,0.0423274154304275
GTGAAGGAGCTGCCCAx-2,0.018401754197256613
GTCGTAAGTTACAGAAx-2,0.025535240054211227
GTGCGGTAGGCAGGTTx-2,0.02847185355550019
GTGCGGTTCACTTCATx-2,0.025483164211767363
GTGGGTCGTCCATGATx-2,0.021513294487953857
GTCCTCATCGTGGGAAx-2,0.1259478038828691
GTGCTTCCAAGTTGTCx-2,0.026265618841680608
GTCATTTTCTCTGTCGx-2,0.1467100129893611
GTGAAGGAGACTAAGTx-2,0.2564509303488714
GTCGTAATCATAAAGGx-2,0.03003566098873934
GTCGGGTGTGAAAGAGx-2,0.018395215391212576
GTGCAGCGTGTATGGGx-2,0.19153102375695596
GTCTTCGGTATTCTCTx-2,0.005842041194683641
GTCGGGTGTCATGCATx-2,0.2122425429427268
GTCTTCGAGCCCAGCTx-2,0.1012214474056298
GTGGGTCAGCCAGTTTx-2,0.02017885398239447
GTCATTTGTACGCTGCx-2,0.20744672020171548
GTCGTAAAGTTAACGAx-2,0.0316658698659513
GTCATTTTCCTCCTAGx-2,0.03334102373055205
GTCCTCAGTCAAACTCx-2,0.03937832968721882
GTGAAGGCAGCCAGAAx-2,0.022887005972111546
GTGAAGGCACTTAAGCx-2,0.01741545579422112
GTGCGGTAGTCACGCCx-2,0.03564051965326465
GTGCTTCGTTGCGTTAx-2,0.1021860671825077
GTGCAGCGTCGAAAGCx-2,0.010983856878874538
GTCTCGTTCTGGTGTAx-2,0.019205720449662157
GTCTCGTCATGCAACTx-2,0.15699658810645414
GTGCATATCCCAACGGx-2,0.020914433618953565
GTGCATATCTACCTGCx-2,0.021763540781143117
GTCTCGTTCTGCTTGCx-2,0.019702927067628405
GTCCTCACAAGGTTTCx-2,0.021264467502300155
GTGGGTCTCAGCTTAGx-2,0.029765137680739153
GTGAAGGCAGCTGTATx-2,0.012781395321965533
GTGTGCGCAGCCAGAAx-2,0.2945713484414712
GTGAAGGGTAGAAGGAx-2,0.015996295220767624
GTCTCGTGTCAATACCx-2,0.02787665319071153
GTGAAGGTCGGCGCATx-2,0.019029824066581536
GTCGTAACACGGTGTCx-2,0.03239537609986406
GTCGTAATCCTGTACCx-2,0.03189004447160471
GTCGTAACAAGCGCTCx-2,0.21487052124435002
GTGCATACATCACGTAx-2,0.053724040864646674
GTGCTTCAGCAGCGTAx-2,0.03490123152153786
GTGCAGCCATTTCACTx-2,0.04303985756046222
GTGCAGCTCTAGAGTCx-2,0.03849077620893718
GTCGGGTCACAGGCCTx-2,0.02289575938047087
GTCGTAACACACGCTGx-2,0.16449137164508815
GTCTTCGAGGCCCGTTx-2,0.027704767216632918
GTCGTAATCAAGGCTTx-2,0.054894735742269635
GTCATTTTCGAATGCTx-2,0.024286552776996907
GTCGGGTTCCGTCAAAx-2,0.13334352418393144
GTCATTTGTCTTGATGx-2,0.202878560060602
GTGAAGGTCGAACGGAx-2,0.02606545486118741
GTGCTTCCATGAACCTx-2,0.014090017048944269
GTCGTAATCCTTTCGGx-2,0.1534081035470764
GTGAAGGTCTGCCAGGx-2,0.03540236087998772
GTGCATAAGTTACGGGx-2,0.02003373115855409
GTCGTAAGTCGAAAGCx-2,0.02200493358123851
GTGGGTCCATGCGCACx-2,0.054300497512534907
GTCTCGTAGGCTACGAx-2,0.19178376880042972
GTCCTCACAATGTAAGx-2,0.09720551511910436
GTGCTTCGTGGACGATx-2,0.007391106166460531
GTCCTCAGTGCAACGAx-2,0.0968913642860897
GTGCGGTGTCGTTGTAx-2,0.029924156906769084
GTGCATATCTGTTGAGx-2,0.03244838950614335
GTCGTAAGTGCCTTGGx-2,0.018499853734475012
TAAGAGACAGCCAATTx-2,0.15858436097087286
TAAGAGAAGAAGATTCx-2,0.11663570809148698
GTTCGGGCATGTCCTCx-2,0.020454948289102846
TAAGAGATCGAGGTAGx-2,0.07931838747541739
GTTACAGTCGCTGATAx-2,0.14720874265432526
GTTAAGCCACAGACTTx-2,0.028918382242686207
GTTCGGGTCTTGTACTx-2,0.0972213590126373
TAAACCGCATACGCTAx-2,0.016704939988570765
TAAACCGGTTGTACACx-2,0.10581029948127843
TAAACCGTCCACTGGGx-2,0.022850224898640692
TAAGAGATCGGTTCGGx-2,0.02337670417205125
GTTTCTATCTGGTGTAx-2,0.02275212928150479
GTTCGGGCACGAAGCAx-2,0.0447794825024099
TAAGAGAGTCTAGTGTx-2,0.030318384594387005
GTTAAGCAGCTTATCGx-2,0.11819409600732983
GTTCGGGGTGCAACGAx-2,0.03834881862491901
GTTCGGGCAAGGTTTCx-2,0.00620155220406637
GTGTGCGGTCTGGAGAx-2,0.021585313758091747
TAAGAGAAGAACAATCx-2,0.01853703627811472
TAAACCGAGCGAGAAAx-2,0.03517901077097701
GTTAAGCGTCTTTCATx-2,0.032344906236602584
GTTCGGGTCTCCCTGAx-2,0.2550025720830884
GTTCGGGGTGTTCTTTx-2,0.017286519680431902
GTTCATTAGTCCGGTCx-2,0.2022352890339301
GTTTCTAGTTCCACGGx-2,0.02897428782328584
TAAGAGACAAAGTGCGx-2,0.2033124881291104
TAAACCGCACGGCTACx-2,0.03602351487727681
TAAGAGAGTGAGGGTTx-2,0.024262550371866986
GTTACAGCACTGTCGGx-2,0.20378746706363646
GTTTCTATCTGCTTGCx-2,0.02588678703300555
GTTAAGCTCTGCTGTCx-2,0.024019520733703188
GTTCATTAGATTACCCx-2,0.02082055967151434
TAAACCGGTGGACGATx-2,0.21763132980934785
GTTCGGGTCTCGTTTAx-2,0.030185580479107337
GTTACAGAGCATGGCAx-2,0.030753727920994626
GTTCTCGGTCTAAAGAx-2,0.1721208059859617
GTTAAGCTCCGAAGAGx-2,0.024761949293069685
GTGTTAGAGTAGGCCAx-2,0.019364875832366686
GTTCATTTCAAGAAGTx-2,0.01213832939940407
GTTCGGGAGGGTATCGx-2,0.018314776199406243
GTTCATTTCCTGCAGGx-2,0.12036156010605875
GTTTCTACAATCCGATx-2,0.19975236114431225
GTTACAGGTTGATTCGx-2,0.10559490919137829
GTGTGCGCATCCTAGAx-2,0.020883076436134254
GTTCTCGGTTGCTCCTx-2,0.02184786095750429
GTTCTCGTCTCCCTGAx-2,0.2032491205690085
GTTCTCGGTTCCACAAx-2,0.039178115883498635
GTGTGCGTCGTTTGCCx-2,0.019965023177212663
GTTTCTAGTTAAGACAx-2,0.17551553294521205
GTTACAGGTATCACCAx-2,0.13596444804432625
TAAACCGCACGCTTTCx-2,0.024557404864404934
TAAGAGACATTCCTGCx-2,0.021463593457536144
GTGTTAGGTTACGCGCx-2,0.2123062986765537
GTGTGCGGTGGCCCTAx-2,0.025082010844811806
GTTCGGGGTCAACATCx-2,0.03695547066119484
TAAACCGTCGGTCCGAx-2,0.0211126995790815
GTTCTCGGTAGCCTCGx-2,0.025246463675241013
GTGTGCGGTCTCGTTCx-2,0.04966991927720164
GTGTGCGGTTAAAGTGx-2,0.1865961811188148
GTTCATTCACCCATGGx-2,0.1493351620322698
GTGTTAGTCCAGGGCTx-2,0.0287671897974476
GTTCATTCACGTCTCTx-2,0.025462522499913504
TAAACCGGTTACTGACx-2,0.02039555505209198
GTTACAGTCTATGTGGx-2,0.033003971636780684
TAAGCGTAGAAAGTGGx-2,0.021381295250101736
GTGTGCGGTATTACCGx-2,0.04308856163211914
GTTTCTAAGCTGAAATx-2,0.19022753291852668
GTTCGGGGTCGTCTTCx-2,0.006000683947650889
GTTCGGGAGTGTTGAAx-2,0.055778582644656946
TAAACCGAGTGCCATTx-2,0.17003703590199434
GTTAAGCAGGCGACATx-2,0.026195616618766345
GTTCTCGTCGGCGCATx-2,0.033147844933462414
GTTACAGCAGTATAAGx-2,0.024694111362351837
GTGTGCGCATCACAACx-2,0.18378630842794874
GTGTTAGCATGGTAGGx-2,0.024178555439601925
TAAGCGTCAAACGTGGx-2,0.0790587473587996
TAAACCGAGAGGACGGx-2,0.2570153074010076
GTTACAGTCCGATATGx-2,0.02208558522299305
GTTTCTACATGCATGTx-2,0.022671010219236468
GTTTCTATCGAATGGGx-2,0.054539638829557584
GTTTCTAAGTGTACCTx-2,0.017222931529255678
GTTCATTCAAGTCTGTx-2,0.19552360454044262
GTGTTAGCATTTGCCCx-2,0.12242977582368836
GTTTCTACAATGGTCTx-2,0.02327977467627512
GTTACAGCAAGTACCTx-2,0.030747315070232796
GTGTTAGCACTAAGTCx-2,0.043525375005214605
GTTACAGCATGGGACAx-2,0.013918367306743541
GTTTCTAGTGGTACAGx-2,0.0280805546822797
TAAACCGCATAGGATAx-2,0.08844366212485534
GTTTCTAGTTCGGCACx-2,0.03447115372873828
TAAGAGAGTAAGGATTx-2,0.1851695678323238
GTGTGCGCAGGTGCCTx-2,0.09844882655347083
TAAGAGATCTGCGTAAx-2,0.1937760064726127
GTTTCTACAGCGTCCAx-2,0.019330629522524158
TACACGACAAAGGTGCx-2,0.023292069754038275
TACACGAGTCGCATATx-2,0.025169571586730485
TACTCGCGTACATCCAx-2,0.015485354460085919
TACTCATAGATCACGGx-2,0.01788960273663883
TACACGACAATCCAACx-2,0.21430092637310127
TACTTGTCAAGACGTGx-2,0.19923020197558808
TACTCGCGTCGCGAAAx-2,0.009634414458364654
TACGGGCAGCGTGAGTx-2,0.01191668448393709
TACTCGCAGGATGCGTx-2,0.1710934404435394
TACAGTGAGCCCAGCTx-2,0.0649450863918218
TACCTATGTTGCGCACx-2,0.019542613676876684
TACGGGCCAAAGAATCx-2,0.021615064915139207
TACTCATAGACTAGATx-2,0.015871052976203906
TAAGTGCCACTGTGTAx-2,0.007851160831933511
TACTCGCTCTACTTACx-2,0.020035592270324618
TACCTTAAGTAGTGCGx-2,0.19993585149941448
TACGGATGTTGTTTGGx-2,0.18905138872665703
TACAGTGCACCTCGGAx-2,0.028809917657110277
TACTCATAGAGGGATAx-2,0.029197158875115228
TAAGTGCAGAAGGCCTx-2,0.007425552185672839
TACCTATCAGTCGTGCx-2,0.02687405730305004
TACACGAAGTATTGGAx-2,0.0055154752369382665
TACGGTAGTCTAGGTTx-2,0.095301065855831
TAAGTGCAGATGTTAGx-2,0.18287632346172503
TACAGTGAGCGTTGCCx-2,0.020887759953785657
TACGGTAAGACAATACx-2,0.028579499360602337
TACGGATCACCGGAAAx-2,0.028479418878655904
TACCTATTCAAAGTAGx-2,0.18544989117717656
TACGGATAGGCCGAATx-2,0.020177834044690243
TACTTACGTTTGGCGCx-2,0.02105103661407039
TACACGATCATTTGGGx-2,0.025702833538119974
TACACGACAATGTTGCx-2,0.012128022076724592
TACCTATTCCAAACACx-2,0.021039781692141605
TACGGGCAGGCTAGGTx-2,0.04320295348723249
TACCTTACATTCTCATx-2,0.1781139609360389
TACACGACATCCAACAx-2,0.02158956205394036
TACACGAGTATCACCAx-2,0.11786987632126242
TAAGCGTGTGACTCATx-2,0.038330224893125195
TACGGGCTCCGAACGCx-2,0.12046785142631883
TAAGCGTTCATGCAACx-2,0.021279239068136724
TACTCATGTCAGAATAx-2,0.017975185412544496
TACGGGCCATTACGACx-2,0.02628031474015459
TACTCATGTGAACCTTx-2,0.03221468720788732
TAAGCGTCAGTAAGCGx-2,0.026386759830257067
TACTTGTCACACATGTx-2,0.033638613688927746
TACTCGCCAGGGTATGx-2,0.19523666282721122
TACCTATCACCACCAGx-2,0.019117929064384444
TACCTATAGGGCATGTx-2,0.038860392786550804
TACGGATGTTTAGGAAx-2,0.20336253985650304
TACGGTAGTAAATACGx-2,0.07493532127412757
TACGGTACACCCATTCx-2,0.009008308545638275
TACCTATAGACACTAAx-2,0.022007356224610718
TACGGGCCAATGGAATx-2,0.02421095066192233
TACTCGCCAGCTCGACx-2,0.02625031593505887
TACGGGCCAGATGGGTx-2,0.021981950115279054
TACGGGCTCACTTCATx-2,0.19448208956830987
TACTTGTCAAGCCGTCx-2,0.017977342689002848
TACACGACAGCTTCGGx-2,0.009764516860483144
TACCTTATCGCCAAATx-2,0.1353196411247272
TACTCGCTCCGTAGTAx-2,0.015255423813823993
TACTTACCAGACAGGTx-2,0.029387642189383924
TACGGTAAGTCGAGTGx-2,0.032640743180180065
TACTCATGTAGCGTCCx-2,0.028195020050612717
TACAGTGGTTTGTTGGx-2,0.022655086809460004
TACGGGCTCGGATGGAx-2,0.2144916559383871
TACCTATAGCCACGTCx-2,0.12640432220201334
TACGGTAGTTGATTGCx-2,0.21037887637576375
TACTCGCTCTGGGCCAx-2,0.012693125691495617
TACGGGCTCCGTCATCx-2,0.04180184110514166
TACACGATCACTATTCx-2,0.01951773393029423
TACGGATGTAGTAGTAx-2,0.02820577346299931
TACAGTGTCTGCGTAAx-2,0.12514973800757445
TACCTATTCATCTGCCx-2,0.034147283857707655
TACTTACAGCTAAGATx-2,0.04035739474843335
TACCTATGTAGCTCCGx-2,0.023144175232118307
TACACGAAGCAGGTCAx-2,0.4185314863837421
TACGGATGTTGGTGGAx-2,0.019319135781397993
TACTCATAGAGATGAGx-2,0.19404302331964546
TAAGTGCAGGTACTCTx-2,0.020261361283709586
TACTCATTCTGGAGCCx-2,0.22542961723692176
TAAGTGCGTTTGGCGCx-2,0.03892903382133259
TAAGTGCTCATAGCACx-2,0.02243617698769222
TACCTATTCGGCGCATx-2,0.18868673524594326
TACCTTAGTATAGGGCx-2,0.010116743342885691
TACCTATCACATCCGGx-2,0.006435776194330434
TACGGTACACATTAGCx-2,0.021558548093514235
TAAGTGCGTGGCGAATx-2,0.16356714751646748
TACCTATCATACGCTAx-2,0.021412945170911187
TACTCATGTATTCGTGx-2,0.06429727984021642
TACGGTATCGCGCCAAx-2,0.025191193954195026
TAAGCGTTCGATAGAAx-2,0.022072867028094224
TACAGTGTCAGCCTAAx-2,0.02523365781453455
TACTCGCCATCCTAGAx-2,0.006153975248490513
TACTCATTCTGATACGx-2,0.026708292504151306
TACTCGCCAAATACAGx-2,0.019747392223126575
TAAGCGTGTCAAACTCx-2,0.03590258100723424
TAAGTGCCATGTTGACx-2,0.022143862971311965
TACGGTATCTGGTATGx-2,0.12288824146055115
TAGACCAGTGAAATCAx-2,0.023562554630688817
TAGTTGGTCACTTACTx-2,0.020683738278005574
TACTTGTTCCAAGTACx-2,0.08153978461909223
TATCAGGAGACGCAACx-2,0.016499385397705974
TATCAGGAGCAGCCTCx-2,0.02431711694979524
TAGGCATCAGCCAATTx-2,0.033302981818543805
TAGTGGTCATCCGTGGx-2,0.07873702908831237
TAGACCACACAGGCCTx-2,0.033462817990391885
TATCTCAGTACCAGTTx-2,0.03771963504979904
TAGGCATTCAAAGTAGx-2,0.022005938842928695
TAGTTGGAGGGAGTAAx-2,0.19565298643783638
TCAACGACAAACGCGAx-2,0.09809630068091842
TACTTGTGTCAGAATAx-2,0.015362182612376419
TATCTCACACCACGTGx-2,0.02460408575999981
TATCTCAGTGTTGGGAx-2,0.019362790940791637
TATGCCCCAGCGAACAx-2,0.01860361583213336
TATTACCGTGTTTGTGx-2,0.020923834862612005
TAGTGGTAGGCGATACx-2,0.09217537668377963
TATGCCCCAAGTTCTGx-2,0.13162134361823105
TATCAGGCAGTCCTTCx-2,0.008750160336311019
TAGGCATCACCCATGGx-2,0.030393147222120574
TAGTGGTGTCGAACAGx-2,0.044670321262097336
TAGACCAGTAGCGATGx-2,0.045401191737020716
TAGAGCTTCCTAGTGAx-2,0.10196953243484207
TAGGCATTCTGATACGx-2,0.01959129944844975
TATCAGGAGCGGCTTCx-2,0.1347317676876569
TATTACCGTCAATGTCx-2,0.10018973256580997
TATCAGGAGGAACTGCx-2,0.07480118488835683
TAGAGCTGTATGCTTGx-2,0.15335727361142285
TATTACCCACCGATATx-2,0.023605494262773894
TATGCCCGTGGACGATx-2,0.020262171859684815
TATGCCCGTTCGGCACx-2,0.02098380038668686
TAGGCATTCGCATGGCx-2,0.024800515013287207
TATGCCCGTTATCACGx-2,0.02395757103689081
TAGTTGGAGTTTAGGAx-2,0.20267994532842823
TAGTGGTAGCTGTCTAx-2,0.025077648065605217
TAGAGCTCATAGAAACx-2,0.027433198464475304
TATCAGGTCTGATTCTx-2,0.02729618179476336
TACTTGTCACGAAATAx-2,0.10883717630147656
TAGTTGGTCAGGTAAAx-2,0.033147351252887446
TAGTTGGCATATGAGAx-2,0.011567602237047104
TAGCCGGGTAAGGATTx-2,0.04955224542150735
TAGGCATCAAGCGCTCx-2,0.02208885100487791
TAGGCATTCCATGCTCx-2,0.12016073982383293
TCAACGACACCCATGGx-2,0.19148076196207212
TAGTGGTGTTGCTCCTx-2,0.05646751338228985
TAGTGGTGTGGGTATGx-2,0.025540985652376686
TAGTGGTGTAGCGTAGx-2,0.026170634101430855
TATTACCAGATATGGTx-2,0.02005101848062592
TATCAGGCAGCCTGTGx-2,0.010582703493732122
TATCAGGGTCGACTATx-2,0.20417674393094998
TAGAGCTCAGTCAGCCx-2,0.023791856467549617
TAGAGCTAGGGCTTCCx-2,0.21346069844010335
TATTACCAGGTTACCTx-2,0.03237312924939451
TAGCCGGGTAAATGTGx-2,0.02370251624422243
TAGGCATGTAAAGGAGx-2,0.20575313406252838
TATCAGGAGAGGTAGAx-2,0.16119957931986517
TAGAGCTCACGAGGTAx-2,0.05311157397175446
TAGCCGGCAGCCACCAx-2,0.19888400557900662
TATCTCATCGGTGTTAx-2,0.03370094021712187
TAGCCGGGTAGTAGTAx-2,0.011670442605199909
TAGACCAAGCTCAACTx-2,0.026402325310635105
TAGTGGTTCACTATTCx-2,0.025589018059484384
TCAACGACAACGATCTx-2,0.018039810555064498
TATTACCAGGAGTCTGx-2,0.028680144213252483
TAGCCGGGTCTCCACTx-2,0.00914990261150053
TAGTTGGTCAACTCTTx-2,0.04177367337081
TCAACGACAAGGTGTGx-2,0.009825691444559262
TCAACGACAGTCCTTCx-2,0.028768460133127064
TATCAGGCACGGTAGAx-2,0.19216645471449628
TAGTGGTTCGTAGGTTx-2,0.029101386306397213
TATTACCCAGCTCGACx-2,0.10239920665341641
TAGAGCTTCCTCTAGCx-2,0.05771998907210809
TATGCCCGTACCGCTGx-2,0.03108636239676331
TAGTTGGGTAGCGATGx-2,0.046377838175658485
TAGCCGGTCTGTACGAx-2,0.027336393112855958
TATCTCATCTCGCATCx-2,0.004792789967729736
TAGCCGGAGTGCTGCCx-2,0.05835534666101837
TATCAGGGTTATCGGTx-2,0.15554147418277092
TATTACCGTCTCCCTAx-2,0.018214459268818473
TAGCCGGGTAACGACGx-2,0.02052001318791299
TATCAGGAGCGTCAAGx-2,0.11917072043745074
TACTTGTCATGTAGTCx-2,0.0414731761423747
TAGACCAGTCATACTGx-2,0.13971973123175135
TAGACCATCCGCAGTGx-2,0.021929529921113917
TAGGCATAGGAATGGAx-2,0.01718371782512879
TAGAGCTCATGGGACAx-2,0.22559095459281273
TATGCCCAGTTGAGTAx-2,0.011825693213943512
TATTACCAGGACATTAx-2,0.02869155252328579
TAGTGGTGTCTAGCCGx-2,0.10595826716918252
TAGACCAGTGACGGTAx-2,0.013381838440830596
TATCTCAGTTGGTAAAx-2,0.17887324163649015
TCAACGACAGCGAACAx-2,0.013429115279478014
TAGAGCTAGCCCAATTx-2,0.04306118604240197
TATGCCCAGAATGTGTx-2,0.01755987620031437
TAGTGGTGTGCAGACAx-2,0.02280844158909085
TATGCCCAGGCTCATTx-2,0.0029285446708392456
TCATTACAGGGATACCx-2,0.024564432128948793
TCAGCAACAAACGCGAx-2,0.05687791160461833
TCAGGTAAGTGTTAGAx-2,0.02805374582865853
TCAGATGGTTATGTGCx-2,0.18856903692052204
TCAGCAAGTTGCGCACx-2,0.022547705867779193
TCACGAATCCTCAACCx-2,0.007032010856237772
TCAGGATTCAGCACATx-2,0.16700172384163586
TCATTACTCATTTGGGx-2,0.014214917599410617
TCAACGATCGCCAGCAx-2,0.007596080143892558
TCCACACCATTCCTGCx-2,0.027582752541462783
TCACAAGCATGGTCATx-2,0.1278285589947908
TCAGCAAGTCATCCCTx-2,0.02119970317541659
TCCACACAGCTGCCCAx-2,0.3788710668576321
TCAGCTCGTTTGTTTCx-2,0.05440224291359273
TCAATCTGTTGATTGCx-2,0.03146133935898015
TCATTACAGGGCTTCCx-2,0.02998390062546486
TCAATCTTCTGATACGx-2,0.19153674465136583
TCACGAATCCAGGGCTx-2,0.025854603010264085
TCAATCTTCCGAAGAGx-2,0.024302396673426957
TCAGCTCGTACGACCCx-2,0.024782399425637338
TCAGATGCAACGATCTx-2,0.028030343867475018
TCAGGATCACCGCTAGx-2,0.022687276091975156
TCAGGATCATTCTTACx-2,0.011557382885100278
TCACAAGTCGAGCCCAx-2,0.11193382589982458
TCACAAGGTTCTGTTTx-2,0.08899266880016958
TCCACACCACATGGGAx-2,0.010492595786314837
TCATTACCAGACGCTCx-2,0.03186697230377788
TCAGCTCGTTTAAGCCx-2,0.13755552962716963
TCAGGTATCCAGGGCTx-2,0.02215461598584084
TCAGATGGTCCTCTTGx-2,0.19846500296825884
TCAGGTAAGGGAACGGx-2,0.028875828069612273
TCACAAGAGTATTGGAx-2,0.013398924730158697
TCACGAACAAGAAAGGx-2,0.03764685667787606
TCATTTGCAGGACCCTx-2,0.02102036838753999
TCACAAGAGCTCCTTCx-2,0.02322746396580067
TCAGCTCGTATTCTCTx-2,0.02401015109793011
TCAGCAAGTCTCCACTx-2,0.017522722230220066
TCAGCTCAGGCCCGTTx-2,0.023097780854242664
TCAGGTAAGCTAAGATx-2,0.11292134954401131
TCAATCTTCGCAAACTx-2,0.017296206194744933
TCCACACCAACACCTAx-2,0.018829412693442914
TCAATCTTCACTTATCx-2,0.27308350144531324
TCCACACTCAAGGCTTx-2,0.018049782614815692
TCAACGATCCAATGGTx-2,0.008660548728435333
TCACGAACAGCGTAAGx-2,0.1699990657225137
TCACAAGCAATGAATGx-2,0.01987545232208097
TCAACGATCGGCTACGx-2,0.18598174305973944
TCATTACTCTTGCATTx-2,0.08888469778517412
TCAGCTCAGCTCTCGGx-2,0.06751012189963275
TCACAAGAGCCACGTCx-2,0.01614710661130854
TCACGAACATTTCACTx-2,0.009107537680132857
TCAGCAACAGTGGGATx-2,0.027470659961771317
TCAGGATAGGTGATATx-2,0.1139654781471144
TCAGCAATCTCGTTTAx-2,0.02390807341801235
TCAGCAATCTGCGTAAx-2,0.010259198784289885
TCAATCTAGTCCGTATx-2,0.02226140208675621
TCACGAACAGCTGCACx-2,0.02757010672104414
TCAGCTCCAAGGTTCTx-2,0.19971305049321394
TCAGATGCAAGACACGx-2,0.09950375529824884
TCAGGATAGCGGATCAx-2,0.023449745941985817
TCAGATGGTACAGCAGx-2,0.12362007736117105
TCAGGTAAGCTAACAAx-2,0.12985465335545748
TCACGAAAGGCATGGTx-2,0.024440679264178578
TCAGCTCCAGATCCATx-2,0.027385059414337186
TCACGAAGTTTGCATGx-2,0.033188911251465024
TCAGATGGTCGGATCCx-2,0.022460453776108412
TCCACACAGTGGTAGCx-2,0.07770855051162416
TCAGATGAGCCACCTGx-2,0.021515974783916293
TCAGCAAGTGACGGTAx-2,0.03454234268341838
TCAGGTAGTCCTCTTGx-2,0.04376398068771326
TCAATCTTCCAGTATGx-2,0.021013076294128068
TCACAAGAGGGTTTCTx-2,0.20333562374204772
TCAGATGTCATATCGGx-2,0.022529962808015412
TCACAAGCATAGGATAx-2,0.005618415092690155
TCACAAGTCAAGATCCx-2,0.02157911458071058
TCATTTGTCCGCAAGCx-2,0.021512400412894723
TCAGGTAAGATCTGAAx-2,0.03182175811893881
TCAGGATTCAGCTCTCx-2,0.11283410113519333
TCAGGTACACGGCGTTx-2,0.2492373595187979
TCATTTGTCTTCGGTCx-2,0.021672878658503453
TCACAAGTCCACGAATx-2,0.04550215196976627
TCCACACGTAATAGCAx-2,0.022068015432997516
TCAGCTCTCAATCACGx-2,0.021035623566191496
TCAGATGCACACCGCAx-2,0.025204717190458335
TCAGATGCATGACGGAx-2,0.027112319118741162
TCAATCTTCATTCACTx-2,0.05508309843867706
TCAGCAAAGGCTATCTx-2,0.040880131179227
TCACAAGTCCAGTAGTx-2,0.02434023653715975
TCATTTGAGAGATGAGx-2,0.021597710827909573
TCAATCTGTACCATCAx-2,0.016221951640038722
TCAGGATCAAGCGTAGx-2,0.15892199400553747
TCACAAGCAGCCTTGGx-2,0.09359397484953329
TCACGAATCGAATGGGx-2,0.02536079568972417
TCCACACGTTAAAGACx-2,0.19296134748561775
TCACGAAAGTCTCCTCx-2,0.030531478659869857
TCAGCAACAGACAGGTx-2,0.00409576520729476
TCAGCTCTCAGATAAGx-2,0.01956425664170113
TCATTACTCTGCGTAAx-2,0.0659327791524821
TCGCGTTGTGCAGTAGx-2,0.031419951480727425
TCGCGTTTCTAAGCCAx-2,0.021874381668683694
TCGGGACAGGGTATCGx-2,0.17604833188482788
TCTCATATCAAGAAGTx-2,0.025511584662006263
TCGAGGCCAAATCCGTx-2,0.1878359437805991
TCTCATAAGGTGGGTTx-2,0.09906376205310902
TCTCATACAACAACCTx-2,0.012993820560837144
TCGTACCGTGGTTTCAx-2,0.02386115217760782
TCGGGACTCTTCATGTx-2,0.019187155352593622
TCTCATATCTACGAGTx-2,0.02902534828637364
TCTCTAACAGACAGGTx-2,0.022969554396706088
TCGCGTTCAAGAGTCGx-2,0.031508675986786715
TCTCTAACAATGGATAx-2,0.16188566366337187
TCGTACCCACCAACCGx-2,0.01591149633544113
TCGGGACAGACAGGCTx-2,0.15353788569836713
TCTCTAAGTCAAAGCGx-2,0.03048817377600539
TCGGTAAGTTACTGACx-2,0.14590272572120894
TCTATTGTCGTATCAGx-2,0.20564991358449422
TCGTAGATCCTGCCATx-2,0.05057954331439597
TCGGTAATCGGTTAACx-2,0.03383727664581755
TCCCGATGTTCGAATCx-2,0.07578008906583657
TCGGTAAGTAAATACGx-2,0.028057948633188556
TCGCGAGAGTCCCACGx-2,0.15022534873875265
TCGTAGACATTCTTACx-2,0.01944766815541272
TCTCTAACAGAAGCACx-2,0.020346213501133352
TCCCGATGTCTTGTCCx-2,0.030037971546515645
TCCCGATCAGACACTTx-2,0.1402494139307999
TCCCGATCACCAGATTx-2,0.12082563481964219
TCGAGGCGTTCGCTAAx-2,0.08106639329756749
TCGGGACTCGCCATAAx-2,0.019564295183473756
TCCCGATGTGCTAGCCx-2,0.21678178270825785
TCCCGATTCGTCTGAAx-2,0.019289722044116588
TCGAGGCAGCAATCTCx-2,0.031622748301942685
TCTATTGAGAATCTCCx-2,0.02425008099164008
TCGGTAACACCTCGGAx-2,0.05085918283860468
TCTCTAACATCTACGAx-2,0.19762085597535392
TCGAGGCCATGTTCCCx-2,0.023424073822061638
TCGTAGATCTCGCTTGx-2,0.06716580746233881
TCGCGTTTCGCCATAAx-2,0.18420170931073615
TCCCGATCACACGCTGx-2,0.0028188908312922014
TCGAGGCAGTTACGGGx-2,0.02015964783034413
TCGTAGACACGGCTACx-2,0.012089006907210126
TCGAGGCCAACTGCGCx-2,0.021637177463352364
TCGGGACAGTAATCCCx-2,0.10962781343945552
TCGAGGCTCGAGCCCAx-2,0.01157472048337802
TCGTAGAGTCACTTCCx-2,0.1832513440794002
TCGAGGCAGTAGATGTx-2,0.16566495779023802
TCGTAGATCTTACCGCx-2,0.027139336107893628
TCGGGACTCGCTAGCGx-2,0.18768934512896782
TCGTACCCACTGCCAGx-2,0.12114675024798144
TCGGGACCATTGTGCAx-2,0.01900308759067279
TCGAGGCGTCCGTCAGx-2,0.2161760611020861
TCTATTGGTCAACTGTx-2,0.026561201477856344
TCTCTAACATGGTCATx-2,0.08793534080807433
TCGCGTTCACCGCTAGx-2,0.199646678563671
TCGTAGAGTAGGGACTx-2,0.024756282223531673
TCTATTGGTCTCTTTAx-2,0.012766823607618901
TCTCATACATGCGCACx-2,0.19837457052829
TCGCGTTAGTTGCAGGx-2,0.02273856772158312
TCGCGAGAGTGCAAGCx-2,0.016974270078572867
TCGTAGACAGGCAGTAx-2,0.023904301049466333
TCTATTGGTTCCGGCAx-2,0.19925425586249723
TCGGTAAGTAACGCGAx-2,0.020531757293071645
TCGGGACAGATACACAx-2,0.16930960254505853
TCTATTGAGTTAGCGGx-2,0.05367512080751557
TCGAGGCGTTATGCGTx-2,0.0349564645085564
TCCCGATAGTAGCGGTx-2,0.10584801335031281
TCGAGGCGTAAGAGAGx-2,0.04608430436366982
TCGAGGCTCCGTACAAx-2,0.023149158120273326
TCGGGACGTCAAGCGAx-2,0.20801071146100603
TCCACACTCGGAATCTx-2,0.024365631402758856
TCTCATAGTCTCCACTx-2,0.018665004156973
TCGTAGATCAGCTGGCx-2,0.007569196404054507
TCGCGAGCAATCGGTTx-2,0.028056787794415918
TCGGGACGTCGAACAGx-2,0.19397412164300712
TCTCTAAAGCGCCTTGx-2,0.11100452108164972
TCGTACCAGTGACTCTx-2,0.020235667440056577
TCGTAGACAAATTGCCx-2,0.02986726422349993
TCGCGTTCATCGATTGx-2,0.017384780311728125
TCGCGAGTCCTACAGAx-2,0.07963715371891336
TCCCGATGTCTAGTGTx-2,0.010924242833621192
TCGGTAAAGACCCACCx-2,0.011502265039033758
TCGAGGCCATTCCTCGx-2,0.015114276986669567
TCTCATACACAACTGTx-2,0.19152618026683
TCGTAGAAGAAGGTGAx-2,0.187959366616777
TCTATTGTCGTTTGCCx-2,0.09679051190258062
TCGGGACTCAGAGACGx-2,0.03175519348130095
TCTATTGTCGACGGAAx-2,0.15811127503698008
TCGTAGATCCTATTCAx-2,0.021187730448645595
TCCCGATTCAACGCTAx-2,0.027728277245646114
TCCCGATCATCCTTGCx-2,0.05305605694565286
TCGAGGCTCTCCTATAx-2,0.01764711953428308
TCGTACCCAATCACACx-2,0.021801816980270148
TCGAGGCAGCGAAGGGx-2,0.20388173638731524
TCCCGATCAGGTGGATx-2,0.031002794712533026
TCCACACTCTCATTCAx-2,0.1278606929162314
TCTCTAATCGCCCTTAx-2,0.15942151647509797
TGACTTTCAGTGAGTGx-2,0.13584559140401714
TGAGCATAGTGCGATGx-2,0.023950389035243512
TCTGAGAAGCACGCCTx-2,0.08675572737596828
TGAAAGAGTAACGTTCx-2,0.020131594813449356
TGACTTTAGGCAATTAx-2,0.1576067111266859
TGACGGCGTTGATTCGx-2,0.027886312638877163
TGACTAGGTCTAGAGGx-2,0.04435988208710256
TGACTAGTCTCACATTx-2,0.006790315523085706
TCTGAGACAGACGCAAx-2,0.013780136989459905
TCTGAGATCGTACGGCx-2,0.024273721151770067
TGAGCATCACATTCGAx-2,0.21008369770340596
TCTTCGGTCCAAGCCGx-2,0.11608716615534034
TCTTTCCGTCCGAACCx-2,0.019121164257810914
TGACTTTAGCTAGTGGx-2,0.14821759943850737
TGACTTTAGATATACGx-2,0.014299459150945744
TGACAACCAAGCTGTTx-2,0.054109159978322295
TCTGAGATCTACGAGTx-2,0.04264406997394452
TCTTTCCAGCGTCTATx-2,0.06488608486565849
TGAAAGACAGTACACTx-2,0.020913892502739298
TCTGGAATCAGTGCATx-2,0.023824493791196794
TGAGAGGAGACAAAGGx-2,0.030582735272505625
TGAAAGAGTACAGTGGx-2,0.018833255252736193
TGACTAGTCTTGCAAGx-2,0.009008700199280748
TGACTAGTCTATCCTAx-2,0.18750092725825063
TGAGCATCAGTCTTCCx-2,0.012491355729502744
TGACTTTCATATACGCx-2,0.037970729470946374
TCTTTCCCACGTCAGCx-2,0.03314651650817898
TCTTTCCAGGTGTGGTx-2,0.031416579878439065
TGAGAGGTCGCCAGCAx-2,0.022646351486191783
TCTGGAACACGAAAGCx-2,0.02452434592155024
TGACTAGCATCACAACx-2,0.17948404795398673
TGACGGCTCCTCCTAGx-2,0.018291204390061766
TCTTCGGGTTGACGTTx-2,0.036520715042500436
TGACAACCAGTAAGATx-2,0.018290024420366886
TCTTCGGAGATCGGGTx-2,0.058332978757469046
TGACAACAGCCACTATx-2,0.01982825724260876
TGACTAGAGGTGACCAx-2,0.02325760254638028
TGACAACGTCCTCTTGx-2,0.20401836475125973
TGAAAGAGTGACTACTx-2,0.03374106147950467
TCTGAGATCCACTCCAx-2,0.03585704035048227
TGAGCATCAAGAGGCTx-2,0.022113016794694483
TCTTTCCGTCTCTTTAx-2,0.012278642918275717
TGAGAGGAGATATACGx-2,0.013377801663219321
TCTGGAAAGCGAGAAAx-2,0.025778258688341292
TGAAAGAAGAGACTTAx-2,0.11483348724434543
TGACTTTCAGACGCAAx-2,0.01902946863416178
TCTGGAAGTCCCTTGTx-2,0.01461767930835388
TGACAACAGCTCTCGGx-2,0.02832778170349254
TGACTAGGTCAGCTATx-2,0.02157185865380029
TCTTTCCCAAAGTGCGx-2,0.013975882811175367
TGAGCATCACAGTCGCx-2,0.04794721401480238
TCTTTCCCACCTCGGAx-2,0.15350718888618298
TGAGAGGTCGACAGCCx-2,0.19647342291036615
TCTTCGGGTTCGTCTCx-2,0.1193247631561462
TCTTTCCGTCTTCGTCx-2,0.030025969943652135
TCTTCGGAGGCAAAGAx-2,0.006927189020009045
TCTTTCCCAGGCTGAAx-2,0.06067778566208236
TCTGAGAAGACTACAAx-2,0.14558283884051004
TCTTTCCGTGCCTGCAx-2,0.19698148991263342
TGACTAGCAGGACCCTx-2,0.022657924849627115
TCTTTCCGTTGGTTTGx-2,0.23648595603607744
TGACTTTAGATCTGCTx-2,0.020336655392410988
TGAGAGGCAATGACCTx-2,0.042105288335420175
TGAGAGGGTCTCGTTCx-2,0.04185843404942076
TCTTTCCAGTGCTGCCx-2,0.016665005927734483
TGACAACAGAGCTATAx-2,0.19935381712268288
TGACAACGTCACCCAGx-2,0.02025719196490597
TGACAACGTAGCCTCGx-2,0.18478120198344597
TCTGGAAAGTTAGCGGx-2,0.1439506155648472
TGAGCATCAGTATGCTx-2,0.02109207500985951
TGACTAGTCAATCTCTx-2,0.07035850773371777
TGACAACAGGGCACTAx-2,0.12540633384532893
TGAGAGGTCACGCGGTx-2,0.044330247852095966
TGACAACAGGGAGTAAx-2,0.06053722290045955
TGAAAGATCCTGTACCx-2,0.2035118911663586
TCTGAGAAGGCTCTTAx-2,0.055164937736177415
TGACGGCTCTTCGGTCx-2,0.20098411269936456
TCTTCGGGTCTGCAATx-2,0.16365351354508106
TCTTTCCTCGTTACAGx-2,0.009794948505072525
TCTGAGAGTCTCATCCx-2,0.02306472440116081
TCTTTCCAGCACCGCTx-2,0.00588110468881304
TCTTCGGAGCTGGAACx-2,0.02322379520382374
TCTGGAAAGACTGTAAx-2,0.11188534663048681
TCTTCGGCACCCATTCx-2,0.024868732597253085
TGAAAGAAGCACCGCTx-2,0.02497657267254425
TGACGGCCATGACGGAx-2,0.20448556728134107
TCTCTAAGTGACGCCTx-2,0.02240149177687741
TCTGGAAAGGCGCTCTx-2,0.19655165926649518
TGAGCATAGACTTGAAx-2,0.012764221448675494
TCTTCGGTCCACTGGGx-2,0.03528253237915192
TGACTTTGTTAGAACAx-2,0.014044238501643713
TGACTAGTCCAATGGTx-2,0.1847243633556354
TCTGAGATCGCAGGCTx-2,0.030408386456933906
TGACGGCGTCTTGTCCx-2,0.027273542520461103
TCTTCGGAGTCCTCCTx-2,0.016447475979491318
TGACTAGGTTTAAGCCx-2,0.16702000984002768
TGAGCATGTCTCATCCx-2,0.031786324144661246
TGCCCATAGCCACGTCx-2,0.02705392798596334
TGCCCTAAGTGGTCCCx-2,0.029738894482480984
TGAGCATGTCACTGGCx-2,0.023999856845973454
TGCCCTACAGCTTCGGx-2,0.020268347283863283
TGCACCTGTATGAAACx-2,0.022111329642592534
TGCGCAGCATGGATGGx-2,0.018429688827509335
TGCCAAAAGCTTTGGTx-2,0.11817852288571769
TGAGCCGCAGCCAATTx-2,0.024711963622979203
TGCCCTACAAGAAGAGx-2,0.021768223402168208
TGCCCTAAGCTACCGCx-2,0.020359146406896254
TGCCCTACACCGAAAGx-2,0.03506738202156538
TGATTTCAGGCAATTAx-2,0.03634273588358968
TGATTTCGTCCTAGCGx-2,0.010674683852245487
TGCCCATAGGACGAAAx-2,0.17910633341022056
TGCCCATGTTCGGCACx-2,0.16219276744295663
TGCGCAGTCGCTGATAx-2,0.19298993512189686
TGCGTGGAGGTAGCCAx-2,0.0018698805068140568
TGAGGGATCGATGAGGx-2,0.04542674979447843
TGAGCATTCACCCGAGx-2,0.047169616751400786
TGCCAAATCTGAGGGAx-2,0.007457543116386456
TGAGCCGCATATGGTCx-2,0.03256655699936415
TGCGGGTTCAGCCTAAx-2,0.02145784408236961
TGCGTGGAGTAGGTGCx-2,0.09459974628839131
TGCCCATAGATATACGx-2,0.037411673315897793
TGCGTGGAGATATACGx-2,0.021011388446859496
TGCGTGGAGTGTCCATx-2,0.02151146885497442
TGCCCTAGTCGGATCCx-2,0.21173523456485321
TGCGGGTAGAGGTTATx-2,0.1847034712420431
TGCGCAGTCCAGAGGAx-2,0.07736332640445036
TGCGGGTTCTGGTATGx-2,0.02015759448274985
TGATTTCAGGATATACx-2,0.07546010317524188
TGCCAAAGTGTAAGTAx-2,0.14854571894415902
TGCGCAGAGCGAAGGGx-2,0.02084594917690342
TGAGGGACAACACCCGx-2,0.1918987026901651
TGATTTCAGTGAAGAGx-2,0.24010633978814183
TGCCCTACATGATCCAx-2,0.032639536084486186
TGCCCTATCAACCATGx-2,0.024874222499265033
TGCCAAAGTCCTAGCGx-2,0.021843361566473124
TGCCCATTCCAAAGTCx-2,0.021481674366521392
TGATTTCCATCCCATCx-2,0.007795361054125906
TGCCAAACATGGTCTAx-2,0.025853792443355592
TGCCAAATCTCGATGAx-2,0.035291404412743484
TGCGCAGTCCTGTAGAx-2,0.17167328453416184
TGCCCTACAAAGAATCx-2,0.02306064307253908
TGCGTGGAGGATGTATx-2,0.014357511743688612
TGCCCATTCGTCACGGx-2,0.06764454113908244
TGAGGGACACTTACGAx-2,0.026325385024490708
TGAGGGATCAATACCGx-2,0.01877140324656299
TGATTTCTCGTCACGGx-2,0.06416221135822303
TGCGCAGTCATCATTCx-2,0.012762295117041616
TGAGCCGAGTGACATAx-2,0.031780458057808
TGCCCATTCAGCTCTCx-2,0.009432313892899198
TGCGGGTAGACAATACx-2,0.02344017045811005
TGCCAAAGTCCATGATx-2,0.02621499794306718
TGCGCAGTCTCTTGATx-2,0.005629166444055906
TGCCCTACATCCTTGCx-2,0.022594456455736576
TGAGGGAGTCCTCCATx-2,0.018498117790333533
TGCCAAAGTCGACTGCx-2,0.12526201650400814
TGCGCAGAGCGTCTATx-2,0.15861916923077876
TGAGCCGCAGACGCCTx-2,0.02562457085930065
TGAGCCGTCGGATGTTx-2,0.021361920177880075
TGCCCTAGTAGATTAGx-2,0.04196399663988552
TGAGGGACACCACGTGx-2,0.03799386219650726
TGCGCAGAGAGACTATx-2,0.1801596897017916
TGCCAAAGTGCACGAAx-2,0.14803636254651706
TGAGGGACAATCCGATx-2,0.0630900423191855
TGAGCCGGTGGGTCAAx-2,0.20355370865983158
TGCACCTCACCAGGCTx-2,0.19137727787488554
TGCCCATAGTCCATACx-2,0.01848865038839989
TGCACCTCACCCAGTGx-2,0.013082237843675435
TGCGGGTGTCCGAGTCx-2,0.006618884025374981
TGCGCAGAGCTCTCGGx-2,0.027195627380071957
TGCCCTAGTTCACCTCx-2,0.19550061908159577
TGCGCAGAGATAGCATx-2,0.02286276507757952
TGAGCCGTCGGCGGTTx-2,0.15442004809581888
TGCCCATAGATGCCTTx-2,0.17846753875395555
TGCGGGTCAAGTTGTCx-2,0.023736815242252372
TGAGCATTCTGAGGGAx-2,0.15916798065148346
TGAGGGAGTCGAAAGCx-2,0.09354888752318273
TGAGCCGAGTTAGGTAx-2,0.024053541294398257
TGATTTCAGCCGGTAAx-2,0.1314139378463184
TGATTTCTCAGGTTCAx-2,0.01084500143378779
TGCCCATTCATCTGTTx-2,0.012362385147027286
TGAGCATTCTGTCTATx-2,0.07069214458814735
TGAGCATGTCTGGAGAx-2,0.12196130357438544
TGAGCCGCAGTACACTx-2,0.0314377053672453
TGCCCATTCTACTTACx-2,0.0257603315979697
TGCGTGGAGATATGCAx-2,0.02145465377037955
TGCCCATTCGCGTAGCx-2,0.030194841291575004
TGATTTCCATCGGTTAx-2,0.01959732638303198
TGCCCTATCGCAGGCTx-2,0.07479419012421974
TGCCCATGTGATGTCTx-2,0.029089420205561503
TGAGGGAAGTTACGGGx-2,0.031690685447787824
TGCCAAAAGGATGGTCx-2,0.20677895561310844
TGAGCCGTCTTGACGAx-2,0.013920069833803218
TGATTTCGTTAAGTAGx-2,0.02014852664485133
TGCCCTAAGGTCGGATx-2,0.021082818391725898
TGCCAAAAGCTTCGCGx-2,0.1958754804468336
TGATTTCAGTCCATACx-2,0.19216937022985617
TGTATTCTCCTAGAACx-2,0.02010209225226578
TGGGCGTGTGTATGGGx-2,0.0696782603508224
TGGCGCAGTAGGGTACx-2,0.02035739975638528
TGGGAAGCAACTTGACx-2,0.03496566481193581
TGGGCGTGTCCGACGTx-2,0.20131612486438888
TGGACGCGTCACCCAGx-2,0.015552169457912454
TGGGCGTGTCTGATTGx-2,0.10523124395901703
TGGCTGGTCGTTTAGGx-2,0.14976266705396873
TGGACGCCATGGGAACx-2,0.017836463309896612
TGCTACCAGTGGTAATx-2,0.019492790270729567
TGGACGCAGTTCGCATx-2,0.022821638559866353
TGTCCCACATCCGCGAx-2,0.02182130556379813
TGGTTCCCAGTAAGCGx-2,0.12513415736882677
TGGTTAGAGATCTGCTx-2,0.02526815094382265
TGGTTCCGTTCCCGAGx-2,0.02481719054829031
TGGTTCCCACGGATAGx-2,0.02541751108335161
TGGTTAGAGCTGCGAAx-2,0.023978027005907142
TGGGCGTTCCCATTATx-2,0.04881013609473414
TGCTACCGTCGACTATx-2,0.0258795499077776
TGTCCCATCCAAACACx-2,0.011182303097035957
TGGACGCCAAACTGCTx-2,0.02214164328995145
TGGGAAGCACTGAAGGx-2,0.17214176538456483
TGCTGCTAGTCGTTTGx-2,0.06753603640083196
TGGACGCTCAGGATCTx-2,0.056811915466509634
TGGTTCCTCCTATTCAx-2,0.012089289725523917
TGTGGTACAAACCCATx-2,0.021074894245530065
TGGCGCAGTTCCGGCAx-2,0.02059730723915009
TGGGAAGAGGAGTCTGx-2,0.16678733701949047
TGGTTAGAGAGCCTAGx-2,0.11204630212744707
TGTCCCAAGAGTCGGTx-2,0.02033094248455315
TGGGAAGAGGAGTAGAx-2,0.02121139336174305
TGGCCAGTCCAGAAGGx-2,0.02346263758765102
TGGGAAGAGTCGCCGTx-2,0.0058536833552680955
TGGGAAGGTAGCCTCGx-2,0.02171150803145042
TGGGAAGGTATGCTTGx-2,0.022364634957720418
TGTGGTAAGGAATGGAx-2,0.06895172922340133
TGCGTGGGTCATGCATx-2,0.019221916005489184
TGTCCCAAGCTAAACAx-2,0.029629928844212238
TGGCTGGAGTGTGGCAx-2,0.02158922066225059
TGGCCAGTCTCCAACCx-2,0.08810637609220413
TGCTGCTAGTCAATAGx-2,0.02166340910105065
TGGCTGGGTTTCGCTCx-2,0.020326615041961288
TGCTACCGTCCGTCAGx-2,0.083835695436709
TGGTTCCAGATGAGAGx-2,0.011419872319092318
TGCTGCTGTCTGATCAx-2,0.2619667350503502
TGTCCCAAGGCTAGGTx-2,0.039218949259553965
TGTCCCAGTGAGGGTTx-2,0.022266912962550768
TGGTTAGGTCTTTCATx-2,0.024684241324131648
TGCTACCCATCCAACAx-2,0.03080487640601058
TGGTTCCAGTCATGCTx-2,0.20451540178103922
TGGCGCACACTCTGTCx-2,0.026998233946343823
TGCTGCTAGCTACCTAx-2,0.028780966369641822
TGCTGCTTCAATAAGGx-2,0.15903337676514462
TGGCGCAAGGAGTTTAx-2,0.012375826693799665
TGTCCCAGTTAAGACAx-2,0.025353835657479958
TGGTTCCAGTACACCTx-2,0.06431422836065663
TGGCGCACAGCTGGCTx-2,0.021563622625745835
TGGGAAGGTCGCTTCTx-2,0.025318004242667978
TGGCGCATCCCGGATGx-2,0.17739031873725009
TGGACGCGTAGCGTCCx-2,0.031425659783617256
TGGACGCGTTAAGATGx-2,0.17567437195894675
TGGACGCTCACAATGCx-2,0.18821822953139908
TGTCCCATCAATCACGx-2,0.02043387544519087
TGGACGCAGTGTCTCAx-2,0.021041590841766412
TGGCTGGTCTACTCATx-2,0.03578274647126847
TGGTTCCTCAAGGTAAx-2,0.02947117198449826
TGGTTCCAGTCTCGGCx-2,0.031118576219258377
TGGGAAGAGCCCAACCx-2,0.028284988688299463
TGGTTCCTCAAGAAGTx-2,0.0061884181454031515
TGTCCCACACAGCCCAx-2,0.13435843592336255
TGTCCCACACCCATGGx-2,0.026485812328928028
TGGTTCCCAGTATAAGx-2,0.026273742434092345
TGGCCAGGTAGCTGCCx-2,0.19865650725390835
TGGACGCTCCTCGCATx-2,0.03438727556209097
TGTGGTAAGCGTGAACx-2,0.01775553004762718
TGCTGCTCAGGTCCACx-2,0.026231829239343394
TGTATTCAGACTTTCGx-2,0.019898158241980116
TGGCGCAAGGATGGAAx-2,0.018004274998734558
TGCTGCTCAGTCACTAx-2,0.18871587758893105
TGGGAAGCACAGACTTx-2,0.06779512946748492
TGGCGCATCACTATTCx-2,0.015935545386028448
TGCTACCCAGGGTACAx-2,0.2591393913006269
TGGCCAGAGACCTAGGx-2,0.017795327402528267
TGCTGCTGTGATGCCCx-2,0.02347829189419571
TGGCTGGGTCCTCTTGx-2,0.18270195008197362
TGGCTGGCAGGCTCACx-2,0.04050693602486256
TGGCTGGCAACTGGCCx-2,0.18794316715563905
TGTATTCCATGCTAGTx-2,0.02336452962359272
TGGTTCCAGATGTTAGx-2,0.026996686902816352
TGGGCGTGTACCCAATx-2,0.024432400090905224
TGCGTGGTCATAACCGx-2,0.044534837144983644
TGGGAAGTCCAGTATGx-2,0.04128938579194673
TGGTTCCGTAAACGCGx-2,0.00496773492135404
TGGTTCCGTATAAACGx-2,0.022683693868543735
TGGCCAGGTACAAGTAx-2,0.01984952906416647
TTAGGACGTATTCTCTx-2,0.020541460435722185
TTAGTTCCAGTTAACCx-2,0.04435865471332941
TTAACTCCACCAGGCTx-2,0.1853053888903612
TTAACTCTCAAAGTAGx-2,0.19167540889216225
TGTTCCGAGCTGCCCAx-2,0.021103863766731245
TGTGTTTTCGCCAGCAx-2,0.015938260139899393
TTAGTTCAGTACCGGAx-2,0.1985403948002162
TGTGTTTTCTGGGCCAx-2,0.01668793488027676
TTAGGCATCGCAAGCCx-2,0.008547593253044192
TGTGTTTGTTCCCTTGx-2,0.02453839665049015
TTAGGCACAAAGCAATx-2,0.16131996591257142
TTCGGTCGTCTCTCGTx-2,0.023433056680406666
TGTTCCGTCGTATCAGx-2,0.0249199111396636
TTCGAAGTCGTTGACAx-2,0.2055746617909004
TTAGGCATCACAGGCCx-2,0.026775120305459334
TTCGGTCAGGTGGGTTx-2,0.016471317532283904
TGTTCCGGTCTGCAATx-2,0.023999968680480946
TTCCCAGCACATTAGCx-2,0.19545852289363627
TTCCCAGGTCACCTAAx-2,0.19809580822530368
TTAGTTCTCGTAGGTTx-2,0.15393095104935514
TTAGGCAGTTCCCGAGx-2,0.02309251624288974
TTAGGCAGTTTAGGAAx-2,0.09629926095286882
TTATGCTAGCTGCAAGx-2,0.025400102245307976
TTAGTTCGTGAGGGAGx-2,0.043684712029384315
TTCCCAGTCTTCGAGAx-2,0.02400897295864298
TTAGTTCAGACATAACx-2,0.024384065592348993
TTAGGCAAGTCGCCGTx-2,0.02928848798692981
TTCCCAGAGGATGTATx-2,0.01867935751380649
TTCGGTCAGGATCGCAx-2,0.028402802007525225
TTCGAAGGTCCAGTGCx-2,0.012379312038180948
TTAGTTCAGGTAGCCAx-2,0.051607152159461815
TGTTCCGTCAACGAAAx-2,0.020705973608027214
TTCCCAGGTATATGGAx-2,0.1889606063568524
TTAACTCTCGCCGTGAx-2,0.2417671408541099
TGTGGTATCACAACGTx-2,0.07233022037015358
TTAGGCAAGCACCGCTx-2,0.24812675242882423
TTCCCAGCACAAGACGx-2,0.20750182907180179
TTCTACAAGAAGGTTTx-2,0.03391814262961775
TTAACTCCACTTAACGx-2,0.026642980492559126
TTAGGACCATCACGATx-2,0.0702856692588103
TGTTCCGAGACTAAGTx-2,0.19550968193315432
TTCTACAAGCTAAACAx-2,0.1734459852326283
TTAGGACTCAACACACx-2,0.05560408808427141
TTAGGCAAGAAACCGCx-2,0.022203682397553236
TTATGCTCACGGCTACx-2,0.013219377411925946
TTCGAAGGTAGTACCTx-2,0.007485179368575429
TTAGGACTCGTTTAGGx-2,0.016484590213025913
TTCCCAGAGTGGGATCx-2,0.07688434137356477
TGTGGTATCAGGCAAGx-2,0.024415383526212517
TGTGGTAGTGGTTTCAx-2,0.11406705498841471
TTAGGACAGAGCCTAGx-2,0.02321618467840964
TTAGGCAGTTGATTGCx-2,0.02944375544573971
TTAGTTCTCAGGTTCAx-2,0.02131477746265604
TGTGGTATCACATGCAx-2,0.01744655550277714
TTAGGCAAGGCCCGTTx-2,0.21644158867647129
TGTGGTAGTTCGCTAAx-2,0.04328877805824029
TGTGTTTGTGCGCTTGx-2,0.2506229486630554
TTCGGTCAGATCCCGCx-2,0.030885409832872843
TGTTCCGAGCGAAGGGx-2,0.005836203896058606
TTCTACATCAACACCAx-2,0.008725654312520207
TTAACTCGTGTAACGGx-2,0.08323545201672802
TTAGTTCTCATCTGTTx-2,0.03726556301381088
TTAGTTCCATGACGGAx-2,0.060867519345386464
TTCTACAAGTTCGCATx-2,0.00861531926935934
TTAGTTCCAGGACGTAx-2,0.04489336333958087
TTCCCAGCATGTCTCCx-2,0.04486750365731839
TGTGGTACATATACCGx-2,0.04848202332410378
TGTTCCGCATCGGTTAx-2,0.02013680238139335
TTAGTTCGTTACGACTx-2,0.05460613398261515
TTAGGACAGTCAATAGx-2,0.03911711251960815
TGTGGTACAATAGCAAx-2,0.07474673506134039
TGTTCCGCATTGGTACx-2,0.1565436846841486
TTCCCAGGTGTTGGGAx-2,0.01891728398538408
TTATGCTTCTTGTATCx-2,0.1334099538777604
TTAGGCAGTATTCTCTx-2,0.02299260866693572
TTAACTCTCTCTTGATx-2,0.10705086465713175
TGTTCCGCATGGGACAx-2,0.16534828579724778
TTAACTCAGGTACTCTx-2,0.026394437078609514
TTAGTTCGTCTAGGTTx-2,0.020664959790351385
TTCCCAGCAGTTCATGx-2,0.03938692936414323
TTAACTCAGAACAATCx-2,0.07278207860257489
TTCTACAGTCGTCTTCx-2,0.02076943430648684
TTATGCTGTCGCGTGTx-2,0.13266501131761313
TTAGTTCCACCGCTAGx-2,0.0058490296799465595
TTCTACAGTAGGCATGx-2,0.023805613048090254
TTAGGACCACCTTGTCx-2,0.1907499120484186
TTCGGTCGTGATGTGGx-2,0.014425795955240633
TTAGTTCAGTACATGAx-2,0.02455832037263988
TTAACTCGTACCTACAx-2,0.021838510857321726
TTAGGACAGAGGTAGAx-2,0.026395332719313814
TTCGGTCGTCCAGTATx-2,0.02445943707628513
TTCGGTCTCGTACGGCx-2,0.049242468611024305
TGTGTTTAGTTATCGCx-2,0.023076604068918927
TGTGGTACATTAGGCTx-2,0.01218108363593656
TTGAACGTCATAACCGx-2,0.030818217139305878
TTGACTTTCCTTGCCAx-2,0.14404823446812495
TTGGCAACAGGAATCGx-2,0.19772703600737032
TTGGAACCATGAGCGAx-2,0.022995530827372605
TTGACTTGTTACGGAGx-2,0.02651970162344921
TTGACTTTCGCTTGTCx-2,0.02552699279094936
TTGAACGGTCAGAGGTx-2,0.019969963099172094
TTGCCGTCACTGTGTAx-2,0.019378499506417905
TTGGAACGTTGGACCCx-2,0.038968983237173266
TTGCGTCTCGATCCCTx-2,0.019258143837112426
TTGACTTGTGCAACTTx-2,0.19150874212048175
TTGACTTTCTTGTACTx-2,0.06861739660040944
TTCTCCTCAGATGGCAx-2,0.026295564636929072
TTGGAACGTTCGAATCx-2,0.00381079321336187
TTGCGTCGTCATACTGx-2,0.011339831489691756
TTGTAGGGTCTGCGGTx-2,0.020150600884408128
TTGAACGTCGGCGCATx-2,0.029928662376071603
TTGCCGTCAATCTACGx-2,0.021227384487275652
TTGCCGTTCATCATTCx-2,0.01994623449369361
TTGGAACAGAGCTATAx-2,0.020755975366614395
TTGAACGAGGTGCTAGx-2,0.014259622338123197
TTCTTAGTCCCATTATx-2,0.008531967898242142
TTCTCAACAGTAACGGx-2,0.020837622806142604
TTGCCGTCAGTCACTAx-2,0.02762740992097466
TTCTCAAAGACTACAAx-2,0.12003034812141311
TTCTCCTAGAACAACTx-2,0.01883564793639544
TTGCGTCTCATCACCCx-2,0.02419886067214966
TTGCGTCAGTTATCGCx-2,0.14813917455463074
TTGGCAATCTCATTCAx-2,0.02548889004394395
TTCTTAGAGCTACCGCx-2,0.024731732512781317
TTGAACGAGTGACATAx-2,0.19769685167372308
TTCTACATCGGAGGTAx-2,0.0619039042508124
TTGACTTCAGTCTTCCx-2,0.0037874415006424705
TTGCGTCAGCAGCGTAx-2,0.02010973985748017
TTGCCGTCACACGCTGx-2,0.14897479171777425
TTCTCCTTCCTTTCGGx-2,0.033946325008136415
TTGACTTCACGAAACGx-2,0.0236000827342728
TTGTAGGGTAGGGTACx-2,0.01852947517968425
TTGGAACAGCTGCGAAx-2,0.01292374281801245
TTCTCCTGTAAGAGGAx-2,0.01895026373604082
TTGGAACTCGCATGATx-2,0.026746701688063475
TTCTTAGGTAGAGGAAx-2,0.012941392413324938
TTCTCCTAGCCCGAAAx-2,0.02500365253173403
TTGCCGTTCTCCAACCx-2,0.014386663395423965
TTGGAACAGTCCAGGAx-2,0.20160475757145183
TTGTAGGCAATTGCTGx-2,0.14226321170531184
TTGACTTTCTTATCTGx-2,0.01869139501867504
TTGGAACAGAGTACATx-2,0.09713369285689748
TTGCCGTGTCGCTTTCx-2,0.015097314118885614
TTCTTAGGTGGTTTCAx-2,0.012771550680979949
TTGGAACGTATCAGTCx-2,0.01099652541805443
TTGGCAAAGTCGTTTGx-2,0.033930956987810804
TTGAACGTCTCCTATAx-2,0.07133450441159728
TTGACTTGTTTCGCTCx-2,0.027253048274851338
TTGCCGTAGAAGGTTTx-2,0.2477487242745191
TTGGAACGTAGCGCTCx-2,0.18830875001956124
TTCTCAATCATCGGATx-2,0.027943962584280214
TTGACTTTCTCAAGTGx-2,0.16957405430749525
TTCTCAAGTTGAGGTGx-2,0.020768877114664058
TTCTTAGTCAGCTGGCx-2,0.12328180463995202
TTCTCCTCACCTTGTCx-2,0.08438505170462936
TTGAACGTCTGATTCTx-2,0.032641077476085335
TTGCGTCCACCACGTGx-2,0.036348488000518486
TTCTACATCGATCCCTx-2,0.036358997332169525
TTGGCAATCGGTGTTAx-2,0.023858329891053003
TTCTCCTCATGAAGTAx-2,0.03369930536281425
TTGAACGAGTGCTGCCx-2,0.1855200082991599
TTCTCCTAGCCGATTTx-2,0.020094087935522476
TTGGAACTCTGAAAGAx-2,0.01979511781432324
TTGGAACGTTAAGATGx-2,0.028453474440098186
TTGGCAACAGCTGCTGx-2,0.054879843462984676
TTCTCCTCAATGGAGCx-2,0.026799093174911266
TTGGAACGTGTGCCTGx-2,0.02900329090529409
TTGGAACCACCTATCCx-2,0.19895513027140066
TTGTAGGCAACGCACCx-2,0.19176046399773408
TTCTCAAGTAAGAGGAx-2,0.020484649746959745
TTGGAACCAGCCTGTGx-2,0.12552206092149767
TTGTAGGGTACTCAACx-2,0.025837444439295153
TTGGAACCAATAAGCAx-2,0.023932783903278444
TTGAACGGTTATCGGTx-2,0.053759704991654875
TTCTCAAAGGTGCTAGx-2,0.015024534372968001
TTGGAACAGCACGCCTx-2,0.01226235774142008
TTGGAACCAGAGCCAAx-2,0.03683458443780379
TTGAACGCATGGAATAx-2,0.1979980975087097
TTGGAACAGACTAGATx-2,0.04429936430359229
TTGCGTCCACGTTGGCx-2,0.02532356129568809
TTGGCAACACGTAAGGx-2,0.056247070484001946
TTCTACATCGGTCTAAx-2,0.02525948576256935
TTGGCAAAGATATGCAx-2,0.025699392431912327
TTGGCAACAAGGTTTCx-2,0.1970127636907265
TTCTCCTTCCTGCTTGx-2,0.018656351753253517
TTCTCAAAGTGCTGCCx-2,0.1491856759949649
TTCTCCTCACATCTTTx-2,0.03135118110941419
TTGCCGTTCGAGAGCAx-2,0.004629078732971413
TTCTCCTAGGAATCGCx-2,0.0634825688457235
TTGCCGTCATCCTTGCx-2,0.03283001099325674
TTTACTGCACCAGGTCx-2,0.06296427297629328
TTTGCGCGTATAGGTAx-2,0.01064044936964015
TTTACTGCATTACCTTx-2,0.018239312919406038
TTTGTCAGTGCAGACAx-2,0.02239906421541558
TTTACTGAGTGAACGCx-2,0.18034121284981003
TTTACTGGTTTGACACx-2,0.026687479808753318
TTTCCTCCAGACGCAAx-2,0.02699987384971089
TTTGCGCGTGACGCCTx-2,0.06313886148141634
TTTATGCGTATATCCGx-2,0.20551281939750732
TTTATGCCACTTCTGCx-2,0.020896007080404087
TTTGGTTCAATGCCATx-2,0.18059181164120858
TTTGTCAAGCCAGGATx-2,0.19688774809148776
TTTGTCATCGGAGGTAx-2,0.0046293873733496815
TTTGCGCTCACGCATAx-2,0.21140678902826887
TTTATGCAGTCATCCAx-2,0.14189665274663973
TTTCCTCTCTTTACGTx-2,0.023346269383387644
TTTGTCAAGGTACTCTx-2,0.1398037495828307
TTGTAGGGTTAAGACAx-2,0.021943978246375926
TTTCCTCTCATCGGATx-2,0.006650225740443994
TTTGGTTAGCTAGTGGx-2,0.01610632430866608
TTGTAGGGTGACGCCTx-2,0.058946730794629434
TTTGGTTGTGACTCATx-2,0.03229059743613696
TTGTAGGGTTGCTCCTx-2,0.021349183785740123
TTTGGTTCACAGACTTx-2,0.053206904776465745
TTTACTGTCACGATGTx-2,0.11556167933374936
TTTACTGAGGATGGAAx-2,0.020130951540173542
TTTGCGCCAGATCTGTx-2,0.05929308527780557
TTTCCTCCAGGCGATAx-2,0.2093359361315892
TTTGTCACAATGTAAGx-2,0.020787734745162555
TTTATGCTCTCCGGTTx-2,0.23734790313262402
TTTGCGCAGCAATATGx-2,0.20715401607132544
TTTGCGCCAAAGAATCx-2,0.02520886020022222
TTTGGTTAGAAGAAGCx-2,0.019206417840973423
TTTATGCTCGGCATCGx-2,0.023631607404722005
TTTATGCTCCGTCATCx-2,0.18458796079297474
TTTATGCGTGTATGGGx-2,0.025486777313395194
TTTGTCAGTCATTAGCx-2,0.02323350661639874
TTTATGCTCTTCAACTx-2,0.15506261239984592
TTTGCGCGTTCGTGATx-2,0.011644418410151363
TTGTAGGTCCAATGGTx-2,0.03986729441257871
TTTATGCGTGTGTGCCx-2,0.016468643595391085
TTTCCTCAGAGTCGGTx-2,0.02567838319219979
TTTGCGCTCTGGCGACx-2,0.02527367490530748
TTTGTCACACAACTGTx-2,0.12584043098483785
TTTGTCATCTGTTGAGx-2,0.1943939820521156
TTTACTGTCTTTACGTx-2,0.19201220554339313
TTTCCTCAGGCTACGAx-2,0.01435929476063537
TTTCCTCCAATGGTCTx-2,0.03341416893713349
TTTCCTCTCCACTCCAx-2,0.02446819114997529
TTTGTCACATCGGGTCx-2,0.08206702314987672
TTGTAGGGTTCCCTTGx-2,0.09784110841576282
TTTATGCTCTCTGTCGx-2,0.02200881416130051
TTTCCTCTCGTTTGCCx-2,0.2567435458778484
TTTACTGTCACAAACCx-2,0.03496427000323341
TTTGGTTCAACAACCTx-2,0.1839960902274467
TTTGTCAAGTACGTAAx-2,0.01901608810367016
TTTGTCAAGCAGGTCAx-2,0.09832887370036537
TTTACTGAGTCTTGCAx-2,0.20678613262778583
TTTACTGTCCACTCCAx-2,0.00857773539962375
TTGTAGGGTGCACGAAx-2,0.14061251056395135
TTTACTGTCGATGAGGx-2,0.02241728962817167
TTTATGCAGTACCGGAx-2,0.02229333132167703
TTGTAGGTCTGTTTGTx-2,0.04143742876592243
AACTCCCGTCCGTGACx-3,0.0030680818302207284
AAACGGGGTTGCCTCTx-3,0.008443733414838596
AACGTTGTCGGCTTGGx-3,0.0018716117403756389
AACTCCCTCGAACTGTx-3,0.004017243376607213
AACTCAGCACATCTTTx-3,0.005480886925807172
AAAGCAAAGCACAGGTx-3,0.0011487678219588692
AACCATGAGCGATCCCx-3,0.0038338146370310113
AACACGTCAAGTCATCx-3,0.006689631811578808
AACTCCCCATGACGGAx-3,0.022520998353174036
AACTCAGCAAAGTGCGx-3,0.009281572866629
AACCATGAGTATCGAAx-3,0.011664845839969355
AAAGTAGTCATCTGCCx-3,0.0006486447345288595
AAAGCAATCCGCAAGCx-3,0.19716552044773503
AAACCTGCATTCGACAx-3,0.004555218501942445
AAACGGGGTCTTGTCCx-3,0.00257352554563991
AACCGCGAGGTAGCCAx-3,0.0018879177586621897
AAACGGGTCAACACACx-3,0.001963432892856496
AACTCCCCAAGACACGx-3,0.0010980694065763385
AAACGGGGTTAGTGGGx-3,0.02408619915166786
AAACCTGCAAAGGTGCx-3,0.001327104583666765
AACGTTGCAAGCCCACx-3,0.0011611383856276513
AACGTTGCACAACGCCx-3,0.03149403663762953
AACGTTGGTCTACCTCx-3,0.02795114205728784
AACTCAGCATCTATGGx-3,0.004583311027006241
AACACGTAGAGCCCAAx-3,0.02092568286968591
AAACCTGGTGCTTCTCx-3,0.0017000432517038807
AACCATGCACGAGAGTx-3,0.003859991026212237
AACGTTGAGCTGTTCAx-3,0.0012445321372839006
AACACGTCACACCGCAx-3,0.01884722735510792
AACTCAGAGTAGGTGCx-3,0.007227351554344167
AAAGATGAGTGAACGCx-3,0.0022684625397948
AAAGCAATCATCATTCx-3,0.004803961040947756
AACACGTAGTACGACGx-3,0.004723959064180776
AAAGCAAAGACGCAACx-3,0.003793932972434701
AAACGGGTCCGTACAAx-3,0.005203748013317102
AACTCCCTCTTGTCATx-3,0.0015200845234525067
AACTCCCGTGACTCATx-3,0.0031737095130083734
AACTCAGGTACAGTTCx-3,0.01724510920414023
AACGTTGAGACTGGGTx-3,0.006219162874190709
AACTCAGAGGGATACCx-3,0.020095800210098682
AAAGTAGGTGCTGTATx-3,0.00046457177074478835
AAAGATGCAAGTAATGx-3,0.0183366826670266
AAAGCAACACGACTCGx-3,0.01600810525680536
AAATGCCTCAGCTGGCx-3,0.19647185209966248
AAATGCCTCCCATTTAx-3,0.0018843549016163879
AACGTTGTCTCGTTTAx-3,0.01973191058626669
AAACCTGTCAAACGGGx-3,0.022433199176029536
AAAGATGTCAGTTAGCx-3,0.01882117394048819
AACCATGAGGGAAACAx-3,0.01763018133335422
AACACGTCAACTTGACx-3,0.011712768787913214
AACTCCCGTTAAGATGx-3,0.0017452208671781522
AACCATGTCATCGGATx-3,0.018180791236858417
AAAGTAGTCACTCCTGx-3,0.0024398315372966602
AACCATGAGTACCGGAx-3,0.0038341651795030106
AAACCTGTCTCGATGAx-3,0.0010311182404963547
AACGTTGAGGCTCTTAx-3,0.01899253029345282
AACTCAGGTCAACTGTx-3,0.013599231894143948
AAATGCCCAGGATTGGx-3,0.009864200538918113
AACACGTGTCTCTCGTx-3,0.0038320311023766146
AAAGCAACATTAGGCTx-3,0.0026302483277433485
AACGTTGGTATTAGCCx-3,0.019755780553452985
AAACCTGTCTGCAAGTx-3,0.021175836516447152
AAAGATGCACAGCCCAx-3,0.0022219184578696418
AACCATGCAGTATCTGx-3,0.11643531245879478
AAAGTAGTCAATCTCTx-3,0.002612560402874581
AAAGTAGTCTTTAGGGx-3,0.0007197716171295167
AAACCTGGTCGACTGCx-3,0.0038627225553879044
AACCATGAGTGACATAx-3,0.01722657355024344
AAATGCCCAACAACCTx-3,0.019768150499440355
AACTCCCAGATGCGACx-3,0.0023452968345215658
AAATGCCTCCCAAGATx-3,0.004379966805276106
AACCATGGTCTGATCAx-3,0.0033318715795647206
AAACGGGAGGAGCGTTx-3,0.005646159573847462
AACTCCCTCAGTCAGTx-3,0.28801242465090865
AAAGTAGCACAGATTCx-3,0.019171259571956666
AAAGATGAGTTAAGTGx-3,0.019200062801110553
AAACGGGGTATCAGTCx-3,0.002101205032459388
AACTCAGTCTCCGGTTx-3,0.024910993137927183
AACGTTGAGAGAGCTCx-3,0.005880374891406422
AAACCTGCAGGGTATGx-3,0.019918090870047565
AACCGCGTCGCGTTTCx-3,0.20675802301827326
AACACGTTCTGTACGAx-3,0.021488065437854843
AACACGTGTGGCCCTAx-3,0.020436323229432753
AACCATGGTGATAAACx-3,0.0029977445099845386
AACTCAGCAATGGAATx-3,0.0027610002618641215
AAACCTGAGAGGACGGx-3,0.07670669717498246
AACCATGAGGCGATACx-3,0.0013755139389916504
AACCATGTCATCTGCCx-3,0.031894307596800966
AAAGATGCACTCGACGx-3,0.001797932163300319
AACCATGGTGAGTATAx-3,0.018546596498290654
AACCATGCAAGTTGTCx-3,0.02043604997731965
AACCATGAGTGAACATx-3,0.03914444788811094
AAAGCAAAGGGTGTTGx-3,0.0025689462928994537
AACACGTAGGCTACGAx-3,0.0005822514187805883
ACACCAAGTTGGTTTGx-3,0.004594664982025396
AAGACCTTCGGGAGTAx-3,0.0025032061182285593
AAGGAGCGTACCTACAx-3,0.001310449917639059
AACTCTTCATTTCACTx-3,0.010417517925185806
AACTTTCGTCTAGGTTx-3,0.017075935334919586
AAGTCTGGTTTAGGAAx-3,0.0026466202044593237
AATCCAGCACCTCGGAx-3,0.020982642204671824
ACACCAAAGCGTGTCCx-3,0.003470902554017521
AAGGTTCCATTACCTTx-3,0.001494346518389086
AAGACCTTCCTGCAGGx-3,0.012790175697210077
AAGGAGCAGCTAACAAx-3,0.004910491984916909
AATCCAGTCACATAGCx-3,0.004188586246356677
AAGGCAGAGGGTATCGx-3,0.0009483257443542387
AAGGCAGCAGTGACAGx-3,0.01988565629805615
ACACCAATCAAACCGTx-3,0.003094947721553787
AATCGGTTCTGCCCTAx-3,0.11330482537388144
AAGGAGCTCCCTTGTGx-3,0.01822944999128391
AACTCTTTCCCAGGTGx-3,0.000988671028190644
AACTCTTTCCTGCAGGx-3,0.01802484564311501
AATCGGTTCGCTGATAx-3,0.009137111698142159
AACTGGTCATTGGCGCx-3,0.007746054815135026
AAGGCAGTCTATGTGGx-3,0.0018920012416977223
AAGCCGCTCTACTATCx-3,0.006098037361491282
AACTCTTGTGCAACTTx-3,0.004057620707665208
AAGTCTGAGATGCCAGx-3,0.03303170920544439
AACTCTTAGAGCTTCTx-3,0.001877661935272385
AAGACCTGTCCGTCAGx-3,0.01990597801657762
AAGGTTCCAAGTTAAGx-3,0.0014136089906731785
AAGACCTTCATATCGGx-3,0.0017219365717951111
AACTGGTCACGACTCGx-3,0.002374021824060296
ACACCAACAGGAATGCx-3,0.005994104531204788
AAGGTTCGTAGGCTGAx-3,0.022050118749959404
AAGACCTCATTCGACAx-3,0.010402228468339419
AAGGCAGAGACCTAGGx-3,0.01804042910507826
AAGGCAGAGTCACGCCx-3,0.009632742049179237
AAGTCTGCAAAGAATCx-3,0.005689218630086894
AACTCTTAGAGCTATAx-3,0.006997665021679283
AACTCTTCAGCATACTx-3,0.0028154949558771413
AACTGGTTCTGCTGCTx-3,0.11944622941326948
AATCGGTTCTGCTGTCx-3,0.02046670323814747
AAGGCAGTCTGATACGx-3,0.15810042340787608
AAGACCTAGAAACCATx-3,0.0011240852527669202
AATCGGTGTAAGTGGCx-3,0.004945615668079055
AATCCAGGTGTTTGGTx-3,0.0007827819391881181
AAGGAGCTCTAGCACAx-3,0.005108746527297419
AACTCTTGTCGGCATCx-3,0.0036019606370297245
AACTCTTAGTTAACGAx-3,0.0032657596555106085
AATCCAGTCGTCACGGx-3,0.01994553262801932
AAGACCTAGCTTTGGTx-3,0.019282900864870698
AATCGGTAGACTAAGTx-3,0.021451170620871256
AACTTTCTCTAACTTCx-3,0.0017923165114161993
AACTCTTAGCCCAATTx-3,0.0018428890906919374
AACTGGTGTACTCTCCx-3,0.0010230598730029444
AAGACCTCATCCGTGGx-3,0.0037657247120598614
AAGGCAGCACCTTGTCx-3,0.0019261617761276012
AAGACCTAGCGCTTATx-3,0.03197075934032619
ACACCAAGTACTCAACx-3,0.0203573968688928
AAGGAGCGTGCCTGGTx-3,0.01862409386739678
AAGTCTGGTGCATCTAx-3,0.003453789048424652
AATCCAGCACAAGCCCx-3,0.02069819377119561
AATCCAGAGCTTATCGx-3,0.0018495003202469323
AAGGAGCGTTATGCGTx-3,0.019939286477566837
AAGCCGCTCTGCCAGGx-3,0.0011872021311175895
AACTTTCAGCGATGACx-3,0.0025599878294619337
AAGTCTGTCATTCACTx-3,0.0026408839429107062
AAGGCAGCATGGAATAx-3,0.0026398437442168485
ACACCAATCACCGGGTx-3,0.01988372432542117
AAGGTTCTCAGGCGAAx-3,0.0014297316308419334
AAGACCTTCGTTGCCTx-3,0.016207964679149985
AAGCCGCAGCTACCTAx-3,0.0025376974025436705
AATCCAGGTCTGGAGAx-3,0.009797499903388105
AAGGCAGGTTTAGCTGx-3,0.0019671813448065277
AAGGCAGTCTGGAGCCx-3,0.004288245648304071
AACTTTCTCCAGAAGGx-3,0.010497638427911583
AAGGCAGTCATGCAACx-3,0.004358050841035685
AAGCCGCTCCACGTGGx-3,0.003323537650555943
AAGGCAGCATAACCTGx-3,0.017319921613521527
ACACCAACATGGGACAx-3,0.00453732993391631
ACACCAATCACCGTAAx-3,0.0181492389448131
AACTTTCAGAGTGAGAx-3,0.0029877942045890473
AAGGCAGTCTGTCAAGx-3,0.0023378465613810196
AAGGCAGTCCAAACTGx-3,0.05109050307485607
AAGCCGCCATAAGACAx-3,0.002843189532827473
AAGACCTAGTTAACGAx-3,0.06296454753729494
AAGACCTTCACTTATCx-3,0.0010961771532920538
AACTGGTAGGTAGCCAx-3,0.0012539263840365131
AAGGTTCAGTGCAAGCx-3,0.0032043431602707165
AACTCTTCATCGGGTCx-3,0.018689482483421224
AACTTTCTCTTGCCGTx-3,0.018798448309316443
AACTTTCAGTGCGATGx-3,0.020262165076768954
AAGGCAGGTCTGCAATx-3,0.0014756592027951312
ACACCAAAGGGATACCx-3,0.020264252167965215
AACTTTCCAAGCCATTx-3,0.019981314228693505
AACTCTTGTAAGGGCTx-3,0.019444941537236752
ACACCAAGTACATCCAx-3,0.019630933641931983
AATCGGTGTAGCAAATx-3,0.0028362277493499837
ACCCACTGTATCGCATx-3,0.0033075118030279917
ACAGCCGGTTGCCTCTx-3,0.001911508318117974
ACATGGTGTCGGCACTx-3,0.017010109544118388
ACAGCTAAGGGTTCCCx-3,0.010321265668637601
ACAGCTATCCAGAAGGx-3,0.001158092199725293
ACACTGACATCCAACAx-3,0.018470885255585993
ACATCAGGTAGGACACx-3,0.002274984155895005
ACCGTAAAGACAGACCx-3,0.01855143919842802
ACCTTTAAGAGGGCTTx-3,0.0024023178891117813
ACAGCTACAGGGTTAGx-3,0.002004697339526662
ACCCACTAGTGTCTCAx-3,0.020225105799682598
ACAGCCGAGCCACTATx-3,0.0198014220622176
ACATCAGGTGGCTCCAx-3,0.0027941923320648357
ACAGCCGTCAAACCACx-3,0.0203985748990355
ACACCGGAGTAGGCCAx-3,0.005730512502635678
ACCGTAAAGCCGGTAAx-3,0.10415605734437056
ACATACGAGTTTGCGTx-3,0.1817955091754273
ACCCACTGTCACCCAGx-3,0.019766196675331922
ACACTGAGTGGTAACGx-3,0.0033722151354560162
ACACTGATCTTAACCTx-3,0.007636717720830411
ACAGCTACACCAACCGx-3,0.01969329735211234
ACATACGCATCTACGAx-3,0.004393045308377945
ACACCCTCACTGTTAGx-3,0.004275222597608743
ACCAGTAAGCGATCCCx-3,0.013153918923063343
ACATACGGTTAAGATGx-3,0.021245551252452723
ACACCGGGTATAGTAGx-3,0.19242478661139842
ACAGCCGCACACAGAGx-3,0.0032825746133974204
ACACCGGCAATGGATAx-3,0.01914621153463961
ACATACGAGCAACGGTx-3,0.031107187684056684
ACATGGTAGTGGCACAx-3,0.0035271063281024284
ACCAGTAAGACCCACCx-3,0.004264038092224925
ACCCACTAGCATGGCAx-3,0.0012196815990628879
ACCAGTACAGTCCTTCx-3,0.003352651902539454
ACACTGAAGCTAGTTCx-3,0.0026498202899937545
ACCGTAAGTCGACTGCx-3,0.0032424157871752406
ACATACGTCAACACCAx-3,0.0008679743409201273
ACAGCTATCTCGGACGx-3,0.019754162921867942
ACATACGGTAAACCTCx-3,0.0029038072791328796
ACATCAGAGCACAGGTx-3,0.0022820949786934667
ACATCAGGTGAGTATAx-3,0.1938422662424474
ACACTGATCGCCAGCAx-3,0.003254620568689621
ACATACGGTGTGTGCCx-3,0.004818247413882778
ACACCCTCACCACGTGx-3,0.0027182081405028426
ACATGGTGTTTAGGAAx-3,0.0028973081037145096
ACACCGGAGACCTAGGx-3,0.0017355580155316679
ACCTTTACAAACGCGAx-3,0.0033157402328236373
ACAGCCGAGTAACCCTx-3,0.012946922105877926
ACAGCCGCATTACGACx-3,0.0037618055330656173
ACCTTTACAGTCACTAx-3,0.0008929106839921137
ACACCGGGTTTGTTTCx-3,0.018063759137416483
ACCGTAATCGATGAGGx-3,0.018526932859571042
ACCGTAACAATAGCGGx-3,0.0005927983670817493
ACCAGTATCGTCCGTTx-3,0.005088414737819169
ACACCCTTCCTATTCAx-3,0.0011294202251901386
ACCAGTACAATGTAAGx-3,0.0031669642360482157
ACACTGATCAGAAATGx-3,0.0009270982222147993
ACATGGTTCACCACCTx-3,0.018066265689470225
ACACCCTTCATTGCGAx-3,0.00249901994879099
ACATACGTCGCCTGAGx-3,0.0021557263757530556
ACATCAGGTTACCGATx-3,0.0008877493150419851
ACAGCCGCACGGATAGx-3,0.010368996093485126
ACCCACTAGAGCTGGTx-3,0.2164266991969237
ACATACGCAATGGAGCx-3,0.002481707722331571
ACACCCTCAAGCCGCTx-3,0.01841762487416401
ACACCCTAGTGTGGCAx-3,0.0223703128806309
ACCAGTAAGTCGCCGTx-3,0.0024603827794606238
ACAGCTACAAACGCGAx-3,0.004159830772488707
ACCTTTAAGACTGTAAx-3,0.001829430431499834
ACATCAGGTACCTACAx-3,0.02372411220779916
ACCTTTATCCGATATGx-3,0.003876884053147842
ACACTGACAAGTAGTAx-3,0.001396614778076617
ACAGCTATCCATGCTCx-3,0.019218160094032547
ACCCACTCAATGGATAx-3,0.0024170610318462278
ACATACGGTACCGTATx-3,0.002178588671565175
ACCAGTACAATCCGATx-3,0.02925934268706243
ACAGCTATCTGGCGACx-3,0.00450140482570455
ACCGTAACAGGGTATGx-3,0.04169030712485619
ACAGCCGCAAGCCTATx-3,0.0010595037081279676
ACCAGTATCGGTCTAAx-3,0.0029333174467560874
ACCGTAATCCACGAATx-3,0.038109716590822226
ACAGCTAAGCCGGTAAx-3,0.02096390125090192
ACAGCCGCAAAGTGCGx-3,0.03274302216697052
ACATGGTGTGCGATAGx-3,0.017323786202997803
ACACTGAAGGCACATGx-3,0.0012125594088625896
ACCAGTAGTGCACCACx-3,0.0020546007790986525
ACCAGTAGTCCGAACCx-3,0.0012132199634001689
ACATACGAGCGATCCCx-3,0.004183050995133041
ACATCAGTCGCGTAGCx-3,0.001995718633139493
ACAGCCGTCAGAGCTTx-3,0.0018029313741486728
ACATCAGGTGCTAGCCx-3,0.005315492944490323
ACAGCCGCACAGGTTTx-3,0.004319458931900712
ACCCACTAGTGTCCCGx-3,0.003753097697907215
ACATCAGTCTTAGCCCx-3,0.007471742379028452
ACAGCTAGTAGCCTATx-3,0.003040112306098071
ACACCCTAGTCTCGGCx-3,0.02026915873817815
ACGTCAATCTGCGACGx-3,0.003232952085363443
ACGCAGCAGCCAGTTTx-3,0.1814982579390599
ACGGAGATCTTGGGTAx-3,0.14472199759578966
ACGATGTAGCAGATCGx-3,0.018695887872613438
ACGTCAAAGTGTCTCAx-3,0.1037791799198374
ACGAGGAAGGTAGCCAx-3,0.17951722672685946
ACGCAGCAGGTGACCAx-3,0.013393265556720359
ACGAGCCGTAGCGTCCx-3,0.0011800321821407583
ACGAGGATCAAACCGTx-3,0.0019474095105972004
ACGCCGAGTGCACGAAx-3,0.012254101654528877
ACGCAGCAGCCACGTCx-3,0.004654199765232678
ACGAGGATCGGCTTGGx-3,0.04001525181688946
ACGCCGAAGCACCGTCx-3,0.012282497232205716
ACGCCGAGTCGCGTGTx-3,0.005449173599435503
ACGGAGAAGGGCTTCCx-3,0.020133705857889
ACGCCGAAGATGTTAGx-3,0.001574351439009243
ACGCCAGCAATACGCTx-3,0.004161493155543153
ACGGCCACAAGTAATGx-3,0.22591075779820252
ACGATGTTCGAACGGAx-3,0.00031125161028390253
ACGGGTCCAGGGTTAGx-3,0.0012529914014698814
ACGTCAAAGGCTCTTAx-3,0.0593794785813862
ACTATCTTCTTCATGTx-3,0.0018523403187335025
ACGGGCTCAAGGTTTCx-3,0.018826032279103712
ACGGCCACATGCCCGAx-3,0.00396361939165285
ACGAGGAGTTCAGCGCx-3,0.018115620379561288
ACGGGCTAGTTATCGCx-3,0.0011468180281681865
ACGCCAGTCATCATTCx-3,0.0014680347076598326
ACGGGTCGTTCTGAACx-3,0.01856546666127676
ACGATGTGTGAGGCTAx-3,0.018087452403092022
ACTATCTAGGGAAACAx-3,0.004148258527062055
ACTATCTGTAGCACGAx-3,0.01831856724236394
ACTATCTTCTCCGGTTx-3,0.0020316227670597424
ACGGCCATCTTAACCTx-3,0.003148843238517269
ACGAGGACATGAGCGAx-3,0.0012253208224399879
ACGCAGCAGCAGCCTCx-3,0.018898156566652204
ACGCCGACAGCAGTTTx-3,0.0015120943133242412
ACGCCAGAGCGACGTAx-3,0.004757377641863976
ACGCCGAGTTCGGGCTx-3,0.017814751888520223
ACGATGTCAAGACGTGx-3,0.0015359164705599487
ACGGGCTCACACTGCGx-3,0.005324910064482286
ACGCAGCCACATTTCTx-3,0.01917195736838186
ACGTCAATCTGGTATGx-3,0.002562032761738644
ACGCCAGCAGTAAGCGx-3,0.004624681412936729
ACGGCCATCCAGGGCTx-3,0.002568015918593602
ACGGAGATCTTACCTAx-3,0.0009073050461379582
ACGATGTTCAACACCAx-3,0.02815228992492686
ACGGGCTCAGTCACTAx-3,0.019144118809189915
ACGAGGACAAGCCATTx-3,0.042211019718886876
ACGGGTCGTTACGACTx-3,0.003212608526979393
ACGCCGATCTCGATGAx-3,0.02147963393793701
ACGATGTAGATATACGx-3,0.007247128122808001
ACGGGCTTCTTGGGTAx-3,0.017000068777184508
ACTGAACAGGACGAAAx-3,0.0011331077480434806
ACGTCAATCGGCCGATx-3,0.018594349073576558
ACGGCCACACTGCCAGx-3,0.0193311636068746
ACGAGGAAGCGTGAACx-3,0.020064886148367184
ACGGCCAGTGCATCTAx-3,0.0018093912189994425
ACGGGTCCAATAGCAAx-3,0.005064289779607539
ACGGGTCCAGGCTGAAx-3,0.003900957040607207
ACGAGGAAGCCGTCGTx-3,0.005956924883277591
ACGTCAACACATGTGTx-3,0.0018869572235841211
ACGCCGACAAGGGTCAx-3,0.0006657322347125221
ACGCCGACACTTAAGCx-3,0.00181111065764678
ACGATACTCTCTAAGGx-3,0.020047720963743215
ACGGAGATCCGTCAAAx-3,0.01778453084266259
ACGGGCTAGGTAGCTGx-3,0.018887436724582776
ACGCCGATCCTTTCGGx-3,0.02001697135438437
ACGGAGAAGAGCAATTx-3,0.017713444120013508
ACGCCAGTCAGCGACCx-3,0.01849887285406842
ACGATACCAGCTCCGAx-3,0.007354799916279582
ACGATACTCACTTCATx-3,0.0012653167667813984
ACGGGTCAGGTGGGTTx-3,0.019731306122808694
ACGGAGATCATGCATGx-3,0.0035951032532508657
ACGTCAATCCTCCTAGx-3,0.002599195745934004
ACGATGTCACACAGAGx-3,0.010001291881127554
ACGATACAGGCTAGGTx-3,0.017799166116017645
ACCTTTATCGCAAGCCx-3,0.0017651643794058206
ACGTCAAAGTTGTAGAx-3,0.013656321741729992
ACGCCAGCAGCGTAAGx-3,0.019458563429479298
ACGGGCTTCTTATCTGx-3,0.0739301956682844
ACGGGTCAGACAGACCx-3,0.0016837332292063659
ACGAGGACACACTGCGx-3,0.004370802925459157
ACGATACTCAACACGTx-3,0.02127225599932235
ACGAGGAAGTAAGTACx-3,0.0014154520402752582
ACGAGGACAGACGCCTx-3,0.01758633486042411
ACGGGTCAGCGTGAGTx-3,0.01875994775670954
ACGCCGATCGTTACGAx-3,0.0041163788164804115
ACGGGCTAGGCGTACAx-3,0.0008382770781921497
ACGTCAAGTTACGCGCx-3,0.005223172996377018
ACGAGGATCTTTACGTx-3,0.0016201287412908937
ACGCCAGGTAGCGCTCx-3,0.0013391035255490426
ACGGAGATCACGATGTx-3,0.017469270239386592
ACGATGTTCTGTTTGTx-3,0.023653332183966598
ACGATACGTCCCGACAx-3,0.0007445602288944156
ACGAGCCGTCGCATCGx-3,0.0005501567699363019
ACTGCTCCATGGTTGTx-3,0.001160223111031921
AGAGTGGCAAGCCGCTx-3,0.018245594074656358
ACTTGTTCAATAGCGGx-3,0.0009970093461929561
AGAGTGGCAAGACACGx-3,0.0027345353168450773
AGAGCTTGTACCGTATx-3,0.022267839317747288
AGACGTTTCCGAATGTx-3,0.004209493932502579
AGACGTTCATTGGTACx-3,0.0033825327186756
ACTTGTTCACAACGTTx-3,0.001965163785694679
ACTGTCCAGTCCATACx-3,0.004054611042003901
ACTGTCCGTACCGGCTx-3,0.001692159030366676
ACTTGTTCATGTCCTCx-3,0.0034108901951322716
AGAGCGATCAACACCAx-3,0.0015696807215062653
AGAGCTTAGATGGCGTx-3,0.021056235305348305
ACTTTCATCCGCAGTGx-3,0.003196445347951177
ACTGAGTAGGCACATGx-3,0.005918038600998183
AGAGCTTTCTTGGGTAx-3,0.002520161015041953
ACTGTCCAGTCGATAAx-3,0.01888508002994522
ACTGAGTGTTATGTGCx-3,0.025275174185988545
ACTGCTCGTTACAGAAx-3,0.020284704433847698
ACTGATGAGCTTATCGx-3,0.0028954521471319097
ACTTGTTCACGAAATAx-3,0.004650726602364632
AGAATAGCACCAGCACx-3,0.019927535705326516
ACTGTCCTCGTAGGAGx-3,0.1337440256004287
ACTGTCCAGAGTAAGGx-3,0.018070984129920094
ACTTTCAGTGGCAAACx-3,0.001342699448119063
ACTGAACGTCTCCCTAx-3,0.01884973111474058
ACTGCTCAGCCATCGCx-3,0.02406638092315249
ACTGAGTTCCTTGGTCx-3,0.0011122119955123946
ACTGCTCTCTGCCAGGx-3,0.19117859870838438
ACTGAACCATAAAGGTx-3,0.16069667082496086
ACTTTCACAGTGACAGx-3,0.01943738491525562
ACTTGTTGTATGAAACx-3,0.001721734632564624
ACTTGTTGTGTTGGGAx-3,0.0036203990551757653
ACTGAGTAGCAAATCAx-3,0.0012336750558325513
ACTGAGTAGACGCTTTx-3,0.01384048967278183
ACTGATGCAGCCTTTCx-3,0.023255069802392517
ACTGAGTAGTTGTCGTx-3,0.0015320367070036365
ACTGATGAGGCCCGTTx-3,0.0029821851034906506
AGAGCTTTCCACGAATx-3,0.0027133438636159366
ACTGTCCTCATCATTCx-3,0.017236313961924873
AGAATAGTCCGTCAAAx-3,0.14886638420735815
ACTTTCAGTGTATGGGx-3,0.0013693981772218721
AGACGTTAGTGTACCTx-3,0.0028222124690775244
AGAGCTTAGTGATCGGx-3,0.004507183313924642
AGAGCGATCTGGTGTAx-3,0.02002827698503577
ACTGTCCGTGTAACGGx-3,0.026527961801036868
ACTTGTTGTGAGGGTTx-3,0.0009480720468906158
ACTTACTGTCAACTGTx-3,0.00509698142138434
AGAGCGAGTTTACTCTx-3,0.0008971354045736103
ACTGATGGTTTCGCTCx-3,0.0037823150038778703
AGAGCTTGTTCAGACTx-3,0.11766352161518918
AGAGCTTAGATGTGTAx-3,0.0013835225393780766
ACTGCTCGTCCGAAGAx-3,0.0032762381185733507
AGAGCGAGTTCGAATCx-3,0.01967571629215588
AGAATAGCAGCTCGACx-3,0.01385179516666801
ACTGAACGTCTCAACAx-3,0.0034191293643957973
AGAATAGCAGCTTAACx-3,0.004532602705340809
ACTTGTTCATACCATGx-3,0.018712988552269508
ACTGATGCATATGCTGx-3,0.0015937581915749948
ACTGAGTTCAGGATCTx-3,0.0014111789288376532
ACTGTCCTCCCATTTAx-3,0.02156176673260271
ACTGATGTCATATCGGx-3,0.0775028347544825
ACTTGTTCATGTCGATx-3,0.004109147646862743
ACTTGTTAGTGTCCCGx-3,0.005259698115110101
AGAGCGAAGACAAAGGx-3,0.0018811267419133618
ACTGTCCTCTTGTACTx-3,0.020919284829742615
ACTTTCAGTACGACCCx-3,0.003533346345197516
AGACGTTAGATGAGAGx-3,0.020528697273257478
AGAGCGAGTAGCACGAx-3,0.0009999014695622425
ACTGAGTTCCGGCACAx-3,0.003759537481652819
ACTGAACGTAAATACGx-3,0.2047607357382519
ACTTACTGTCATATGCx-3,0.004824052891803365
ACTTTCAAGAATTGTGx-3,0.002757625419582433
ACTGAGTCACCCAGTGx-3,0.002548201892336442
ACTGCTCCAGGTCGTCx-3,0.0008768238534895738
AGAATAGCAAAGTGCGx-3,0.005093414029168434
ACTGATGAGACCTTTGx-3,0.003843956056909556
AGAATAGTCCGAGCCAx-3,0.0019668125229578637
ACTGAGTTCAGTTCGAx-3,0.0011285963423968363
ACTGCTCCATTCTTACx-3,0.001154928679350489
AGAGCGACAAACTGCTx-3,0.0003288526383345024
ACTGTCCAGGCGCTCTx-3,0.018750011916259555
AGAATAGAGGAATTACx-3,0.0012905168312397758
ACTTTCAGTCTAGCGCx-3,0.0003555259398890067
AGAGTGGCAGCTGGCTx-3,0.019255194566824015
ACTGAGTCATCACAACx-3,0.002048459240405133
AGAATAGGTGATGCCCx-3,0.0021383030956191786
AGACGTTTCGTTTATCx-3,0.005621019005197637
ACTGTCCTCATTGCGAx-3,0.002222843181679102
ACTTACTGTTACCGATx-3,0.021212520497882834
AGACGTTAGTAGCGGTx-3,0.0055065870256483795
AGAGTGGCACATTCGAx-3,0.0027709741084207123
ACTGCTCCAGGAATCGx-3,0.0018994482154118446
AGAGCGAGTTCAGTACx-3,0.007380138348374337
AGAATAGAGAGGTTATx-3,0.007799201840791688
AGATCTGCAGTCCTTCx-3,0.0012303747659208472
AGATTGCGTTTCGCTCx-3,0.01669735063736728
AGCGTCGTCGTACCGGx-3,0.0030167252800498397
AGGCCACAGGACGAAAx-3,0.001294467769249552
AGCGGTCGTTCTGTTTx-3,0.0023790913806503063
AGGCCACGTCAAAGATx-3,0.0028488610841235695
AGATTGCTCTGTACGAx-3,0.0038139744945747977
AGGGAGTAGGGTGTGTx-3,0.00187310434491317
AGCAGCCAGAGTCGGTx-3,0.018484699403162472
AGCAGCCGTTGATTGCx-3,0.0013762314059535396
AGCGGTCGTTTGACTGx-3,0.0019091911413203163
AGATTGCTCCCATTATx-3,0.0027305026226349394
AGCGTATTCACCGGGTx-3,0.0034916428065541135
AGCATACTCGCTTAGAx-3,0.004232737304584332
AGCGGTCTCCACGACGx-3,0.005519492062299741
AGCTCCTCAGCATACTx-3,0.048733088775821436
AGCATACTCGTTTATCx-3,0.0024997607159842985
AGCGGTCCACTGTGTAx-3,0.003398450600640442
AGCCTAAGTTCACGGCx-3,0.0018775966117367234
AGCCTAACAGCTGTGCx-3,0.017054940598005434
AGCTTGAAGCGCTCCAx-3,0.004328000155891062
AGCAGCCTCCGTCAAAx-3,0.0008754062209659225
AGGCCACTCTTGGGTAx-3,0.004724559674100925
AGGCCACTCGGCGGTTx-3,0.018326113516307085
AGATCTGAGGCGACATx-3,0.0035364094977564384
AGGCCACAGACTAGATx-3,0.008199226136956402
AGCGTATCATTTCACTx-3,0.001174804984534023
AGCGTATTCCCTCAGTx-3,0.0007303062647095751
AGCCTAAGTCGACTATx-3,0.00089932027417381
AGCGGTCGTTCTCATTx-3,0.0015367497911384636
AGCGTCGAGCTACCTAx-3,0.0022431534383514046
AGCTCCTGTCAACATCx-3,0.004139065200866242
AGCAGCCAGTTCGATCx-3,0.003334006990412858
AGATTGCCAATGGTCTx-3,0.019535766467867834
AGATCTGCAAGTCTGTx-3,0.0017219422727959364
AGCTCTCTCAATCTCTx-3,0.0029404694402837043
AGGGAGTAGAACAACTx-3,0.03540465803100198
AGAGTGGGTGCAACGAx-3,0.0021164940647965427
AGCATACTCAGCTTAGx-3,0.1028994828004101
AGCCTAATCTTGAGGTx-3,0.001148413167562811
AGGGAGTAGAAACGCCx-3,0.0038363957541150163
AGCAGCCGTGGTGTAGx-3,0.0033690322612054658
AGCAGCCGTGGTCTCGx-3,0.020174027748799315
AGCTCCTCATGGGAACx-3,0.019922847696690848
AGGCCACAGACCACGAx-3,0.0021849328387110296
AGCGTCGAGACTAGATx-3,0.0011143463289282956
AGGCCACTCGCCGTGAx-3,0.021129382308290992
AGCGTATCATCTCGCTx-3,0.0009197754612937151
AGGCCACGTTCGGCACx-3,0.020879923720150545
AGCCTAAAGAAACGAGx-3,0.022297024766108203
AGCAGCCAGTGGCACAx-3,0.00181854561516755
AGCTTGATCATGCAACx-3,0.015966493489791893
AGCAGCCAGGCAATTAx-3,0.004609541777693278
AGCGTATAGCCGGTAAx-3,0.03831389020379292
AGCTCCTCACGGCCATx-3,0.021316205534740385
AGATCTGAGGACACCAx-3,0.0023315929073074665
AGGCCACGTACAAGTAx-3,0.004124847878516409
AGGCCACCAGCCAATTx-3,0.018222652561896237
AGCATACAGTCAAGGCx-3,0.0024949054265369203
AGGCCACCAATGGTCTx-3,0.0008337049108043575
AGATCTGTCAGCGACCx-3,0.006795759734503585
AGCGTCGAGAGTACATx-3,0.005440895202461903
AGATTGCGTTCCACAAx-3,0.017827771858549116
AGCTCTCAGACGACGTx-3,0.0017722649461940395
AGGCCGTTCGAATGGGx-3,0.019125085947496328
AGAGTGGGTGATAAACx-3,0.018225863756394737
AGCTCTCTCATCTGCCx-3,0.018621357299785247
AGCTCTCCACGAAGCAx-3,0.00553941368727304
AGCGTCGGTTGGTAAAx-3,0.0018921083727072015
AGCCTAAGTATGAATGx-3,0.002460154958874069
AGCGTATTCGTTACGAx-3,0.0024637052173433586
AGGCCGTTCATGCATGx-3,0.0009546764648252384
AGCCTAAGTGTGACCCx-3,0.02165704682479366
AGGCCACGTATGCTTGx-3,0.00200322625872077
AGGCCGTAGATCCTGTx-3,0.002881729694361011
AGATCTGGTTCCCGAGx-3,0.1468602995696742
AGCGGTCCAGTCGTGCx-3,0.017676033788758014
AGGCCACTCTCGCTTGx-3,0.0007990311088289689
AGATTGCGTGCACTTAx-3,0.0011395060056408127
AGATTGCAGGCTAGGTx-3,0.0027336674122990247
AGCATACCAGGTGGATx-3,0.0016508087717941123
AGGCCACCAAAGGCGTx-3,0.020580365479849674
AGGGAGTAGGCGCTCTx-3,0.015077328170559722
AGAGTGGTCGTACCGGx-3,0.002172385939819641
AGCCTAAAGACTGGGTx-3,0.07181600963829751
AGCCTAATCTGTGCAAx-3,0.0030899149962040763
AGATTGCCAAGCTGGAx-3,0.02263431309407235
AGATCTGTCTATCCTAx-3,0.003073855630748833
AGCAGCCCAGGTGGATx-3,0.018581982551422394
AGCGTCGCACGAGAGTx-3,0.006972793065356835
AGGCCGTCATCAGTACx-3,0.004540496857663574
AGCTCCTTCACAGTACx-3,0.006759544961605146
AGCGGTCCAGACAAATx-3,0.003253506884271211
AGCAGCCGTTCAGGCCx-3,0.019625700792952953
AGCCTAACAGCCAGAAx-3,0.002691748185234587
AGCTCCTGTTCGAATCx-3,0.011951274755728944
AGGCCGTCACACCGCAx-3,0.18718967626745273
AGCTCTCTCATGTCTTx-3,0.0036934926948088633
ATAACGCGTCATATCGx-3,0.003291781981053647
AGTTGGTGTATATCCGx-3,0.002344138511796924
ATAAGAGTCCACTCCAx-3,0.024897462480473205
AGGTCATAGGCTCATTx-3,0.0027110075658033452
AGGGTGAAGGCTACGAx-3,0.0011154767011379895
ATAGACCCACTACAGTx-3,0.006275437163046898
AGTAGTCGTTACGCGCx-3,0.0025432630326947462
AGTTGGTAGGATGCGTx-3,0.004353818956625767
ATCATCTCAGTATAAGx-3,0.002921179493017854
AGTGGGAAGTCATCCAx-3,0.02080598867662452
AGGTCCGCAACTGGCCx-3,0.018995331232164646
ATCACGATCAAACGGGx-3,0.0016047677448970373
AGGTCATGTATGGTTCx-3,0.0006637124963186712
AGTGGGAAGATCCGAGx-3,0.0018097751753044981
AGGGAGTAGTTTCCTTx-3,0.17427066946134634
AGTAGTCGTTCAGTACx-3,0.0020245047328863873
AGGGATGCAGCCAATTx-3,0.007733683180735479
AGGGAGTGTCGGATCCx-3,0.001939950963113626
AGGGTGACACCAGGTCx-3,0.0016904964029544863
AGGGATGAGCTTCGCGx-3,0.03356815475458667
ATCATCTCAATAGCAAx-3,0.004359982737153496
AGGGATGGTGTAACGGx-3,0.003882809978272723
AGTGGGAGTCAGTGGAx-3,0.0022295147662998115
ATCACGATCCTGCAGGx-3,0.0029178555147086832
AGGTCATAGCTATGCTx-3,0.16949147381790847
AGTAGTCTCTGTACGAx-3,0.0011636824444875668
ATAAGAGCAATGGAGCx-3,0.01868942725285358
ATCACGAAGGCCCGTTx-3,0.014355784031022521
AGGGAGTTCAACCATGx-3,0.001348029118932944
AGGGATGGTGAAAGAGx-3,0.030149499696965308
AGGTCATAGGATGCGTx-3,0.0014371251255836087
ATCACGACAGTCGATTx-3,0.0014164859165751859
ATAAGAGTCGAGAGCAx-3,0.0057380095478127184
AGGGATGTCGTTACGAx-3,0.003893989096474319
AGGGTGATCGCCAGCAx-3,0.018107540378158142
AGTGTCAGTAAGTGGCx-3,0.05717116021675301
ATAAGAGGTCGCTTTCx-3,0.00048424593781525434
ATCACGAGTTGTCTTTx-3,0.0016833048707468158
ATCATCTAGCGTCTATx-3,0.001178990500800262
AGGTCCGTCTTTAGGGx-3,0.0011311489933790674
AGTGAGGAGGCTACGAx-3,0.018915610564225332
AGTGTCATCTGGTGTAx-3,0.01874909188061857
AGTGTCAGTAAGTGTAx-3,0.0009948334811261316
AGTGTCACACAGGCCTx-3,0.0012322780636642011
ATAGACCAGAGATGAGx-3,0.0063985861020662005
ATCATCTAGGCTAGACx-3,0.0014529519263661898
AGGGATGTCGATGAGGx-3,0.018818813591940306
ATAAGAGCAGCTCGACx-3,0.002605802998353671
AGTGAGGAGACCGGATx-3,0.03234273023411938
ATAACGCTCGCTGATAx-3,0.004414975831252335
ATAACGCCATGGTCTAx-3,0.001505927051112438
AGGGATGGTCACCTAAx-3,0.003972422789946443
AGTGAGGAGGTTACCTx-3,0.021510808190001264
ATAACGCCACTGTCGGx-3,0.0030524073715262846
AGTCTTTCATCACAACx-3,0.014016114480246089
AGTAGTCAGTGTTGAAx-3,0.0033642849759744926
AGGGATGCAAACCTACx-3,0.020105100882033856
AGGGAGTCACCTTGTCx-3,0.001564434720011428
AGTGGGACATGCCACGx-3,0.002108602103522248
AGTTGGTAGTGGAGAAx-3,0.00225403647759369
AGGGTGACACGGCCATx-3,0.0006362239994572307
AGTCTTTCACCCTATCx-3,0.004648300053216322
AGTAGTCCAGTTCATGx-3,0.003129217424522941
AGGGATGCAATGGAGCx-3,0.001364868573170936
ATAACGCTCCTACAGAx-3,0.019378342068220197
AGTTGGTTCTGCCCTAx-3,0.017899408496991915
ATAGACCAGCGTTGCCx-3,0.018800773417016244
AGGGTGATCGACGGAAx-3,0.00196803033161522
ATAACGCAGGTGGGTTx-3,0.0016036830790047243
AGTGTCATCGTGGACCx-3,0.0028855874783935863
ATAACGCGTCACCTAAx-3,0.001466042948283547
AGGTCATAGGGTTTCTx-3,0.003941711791545791
AGGTCCGTCGCGGATCx-3,0.004421213239016696
AGTAGTCGTCCAGTTAx-3,0.03925154191106038
ATAAGAGTCACTCCTGx-3,0.008993207143463204
ATAACGCGTGGTAACGx-3,0.00032191797656969085
AGTCTTTCACGTAAGGx-3,0.02010532566410326
AGTAGTCAGAGGACGGx-3,0.012655676416857374
ATAGACCCAAACCTACx-3,0.01937668191379938
AGGTCATAGAAGCCCAx-3,0.002489121361829686
ATAACGCTCGATAGAAx-3,0.0011727066853809511
AGGTCATGTCAGAATAx-3,0.002294371308539715
AGGGTGACATCTACGAx-3,0.01918641982809969
AGGTCCGGTCTTGCGGx-3,0.0021931232690024292
AGGGAGTAGTACCGGAx-3,0.0018893150042371255
AGGTCATTCACATAGCx-3,0.018816415384684232
AGGTCCGAGGGAGTAAx-3,0.002400438690085131
ATAGACCCATGCGCACx-3,0.03107399435140383
ATCACGACAATGTAAGx-3,0.0029980145806680495
AGTGTCAGTGACTCATx-3,0.030645092954619934
AGGGTGAAGAGGACGGx-3,0.00215739884933141
ATAAGAGTCCTTGGTCx-3,0.002460358699659599
ATGAGGGGTACTTGACx-3,0.031481239626717145
ATGAGGGTCGAGAGCAx-3,0.017663843880559145
ATTACTCCAATTGCTGx-3,0.026745949460282272
ATGGGAGAGCGATGACx-3,0.019051558685698335
ATCGAGTGTCATGCATx-3,0.002655547153245404
ATCCACCCAGTAACGGx-3,0.001619772642249664
ATCTACTCAATAGCGGx-3,0.005895871590406686
ATGGGAGCAGAAGCACx-3,0.019351140543970108
ATGTGTGTCCCTGACTx-3,0.0016906215860547204
ATCATGGAGCTAGTTCx-3,0.0040192049093143
ATCATCTTCAGGCAAGx-3,0.001126192204154228
ATCATGGCAGGTCTCGx-3,0.002505823628469111
ATGTGTGGTCGAGTTTx-3,0.002054517402224538
ATGAGGGTCAAGATCCx-3,0.019103384726209337
ATCTGCCCAAAGTGCGx-3,0.01939873946800893
ATCGAGTCACAGCCCAx-3,0.0012166408576363625
ATGGGAGTCTCGAGTAx-3,0.0014084226638211206
ATCCGAAAGTTCGATCx-3,0.0064445478853720345
ATCTGCCTCTTGAGGTx-3,0.011939869520620238
ATGAGGGTCTTACCTAx-3,0.21792455021758006
ATCATGGAGGAGTTTAx-3,0.003605115104778316
ATCATCTTCCTAGAACx-3,0.0008906549005807679
ATGCGATGTGCCTGTGx-3,0.018278516808104068
ATCATGGAGAAGATTCx-3,0.0032854559504950282
ATCTGCCAGGACAGAAx-3,0.020499358934136434
ATTACTCGTACAGTGGx-3,0.00896307030089115
ATCGAGTGTTCCAACAx-3,0.030764224069751937
ATCTGCCGTGCTGTATx-3,0.0013693741006964549
ATCATCTGTACAAGTAx-3,0.019167608168934116
ATGTGTGGTCGAATCTx-3,0.00655108888249184
ATCCACCCACGGCCATx-3,0.002287588752801557
ATCGAGTTCTTCCTTCx-3,0.0033389028707033032
ATCGAGTCACTAGTACx-3,0.0005595454829833116
ATTACTCAGCTCCTTCx-3,0.00818410561832644
ATGGGAGGTTCACCTCx-3,0.017308298268670277
ATCATCTGTCGTCTTCx-3,0.02256122845393418
ATTACTCCACCCTATCx-3,0.009611692977712312
ATCCACCTCCGTCAAAx-3,0.0028435524835297905
ATCTGCCAGTGTACTCx-3,0.0037667168720198385
ATCTGCCAGGCATGGTx-3,0.004619648677088728
ATCCGAACATCGGACCx-3,0.018310168854478875
ATGAGGGAGCCCAATTx-3,0.001435219187877618
ATGCGATCAAGTAATGx-3,0.018716385944707217
ATCATCTGTTGAGTTCx-3,0.01979304315400933
ATTACTCAGTGCGTGAx-3,0.0013468076572946514
ATCATCTTCGCCCTTAx-3,0.0016972018271432393
ATCTGCCGTAGTGAATx-3,0.0057834613417997
ATCTGCCAGACGCACAx-3,0.019382676486085767
ATTACTCAGGATGTATx-3,0.0011188074191037412
ATGGGAGGTGCGGTAAx-3,0.20718614518167477
ATTACTCCACGGCCATx-3,0.019154019406857365
ATGGGAGGTAAGTGGCx-3,0.00348455095043193
ATCTGCCAGCGTGTCCx-3,0.0020062707423316264
ATGGGAGCATGACATCx-3,0.0012697831959867466
ATCTGCCTCTGATACGx-3,0.018685144609523235
ATGTGTGTCAGCACATx-3,0.006053824966642843
ATCCGAACATTAGCCAx-3,0.0042605839265075175
ATGCGATGTGCAACTTx-3,0.004623274876452357
ATCATCTTCGCAAACTx-3,0.00311252409214798
ATCGAGTAGGGCACTAx-3,0.018411683492511273
ATCATGGAGTGTGAATx-3,0.0213271208062521
ATCGAGTCACCCATTCx-3,0.002399921609649034
ATGTGTGGTGCGATAGx-3,0.017950435758831235
ATGGGAGTCGGAGCAAx-3,0.007206168647684065
ATCTACTGTCCTCTTGx-3,0.026291051009685117
ATCTGCCGTGTGCCTGx-3,0.0029945350570337592
ATCATCTCAGTCAGAGx-3,0.0026324091603976757
ATCGAGTAGTACATGAx-3,0.0007773103800289439
ATCATGGGTCGCGAAAx-3,0.018798976248204764
ATCCACCTCGCTTGTCx-3,0.0017905373176315205
ATGCGATTCCCACTTGx-3,0.003205296379806743
ATCCACCGTCACTGGCx-3,0.0021260821542932033
ATTACTCAGCCAGTAGx-3,0.0193442611274143
ATCGAGTGTACCTACAx-3,0.020545560089565266
ATCATCTGTGTTGGGAx-3,0.01570518495241982
ATCATCTCATCACGATx-3,0.005699439307110442
ATCATCTCAGTCGTGCx-3,0.0014953449898537584
ATCTACTCACAGGAGTx-3,0.04083869298300123
ATCATGGTCCAGAGGAx-3,0.0033185808916134465
ATGGGAGTCGAACTGTx-3,0.026372164429485277
ATCCGAATCAGCACATx-3,0.19088593733023176
ATCTACTAGTGCTGCCx-3,0.0019076309484194144
ATGCGATCACCACCAGx-3,0.002540758648830757
ATGCGATCAATAACGAx-3,0.002533515645113313
ATCATGGAGTAGGCCAx-3,0.022475484517539227
ATCCGAATCCACGAATx-3,0.0028682792926122695
ATCCGAAGTGTGGCTCx-3,0.0034375751669554664
ATCTGCCGTCCAGTGCx-3,0.0026004788261187513
ATGAGGGTCCTACAGAx-3,0.0014796528682881926
ATCTGCCGTGCACTTAx-3,0.003094860631427662
ATCTACTCACCGAAAGx-3,0.003772709610151364
ATCGAGTGTTTCGCTCx-3,0.002646086511853982
ATTATCCGTTAAGAACx-3,0.0009296461463139303
ATTTCTGAGTCGATAAx-3,0.008373003447174787
CAACCAATCCAAAGTCx-3,0.00535683374442699
ATTTCTGAGCTTTGGTx-3,0.019079205163014073
ATTATCCGTCTCAACAx-3,0.0010011621652919588
CAAGGCCAGTGGCACAx-3,0.020760191543341508
CAACCTCCACCCAGTGx-3,0.0028948182823707934
ATTCTACGTTCAGTACx-3,0.019708975764255676
CAACTAGTCGAATGGGx-3,0.02896517205913677
ATTCTACCATCTCCCAx-3,0.016778260055668244
CAAGATCTCAATCACGx-3,0.10972126604732634
CAACCAATCCAAACACx-3,0.0017576149435710032
ATTGGTGGTACAGTTCx-3,0.004862390428716377
CAAGGCCTCGCACTCTx-3,0.0028144847206909426
CAACCTCTCGTCGTTCx-3,0.0008237132089008118
CAACCAATCTTCGAGAx-3,0.03835959997998842
ATTTCTGAGCTGCAAGx-3,0.00035907906882987593
ATTGGTGAGTGGACGTx-3,0.001665207120885954
ATTTCTGCACTGTGTAx-3,0.01720024317881525
CAAGGCCCATCCCACTx-3,0.017607333194036186
CAACTAGCACTGTGTAx-3,0.0038497097059243123
ATTGGACCAAGCCTATx-3,0.02111115343071962
ATTATCCAGCCGTCGTx-3,0.00048813281684312695
CAAGATCTCTGGTGTAx-3,0.0016038170882897692
ATTTCTGTCATCATTCx-3,0.01986620435394862
CAAGATCCAAAGCGGTx-3,0.012257000231014923
ATTCTACTCACAATGCx-3,0.019706556453114726
ATTTCTGTCTTCATGTx-3,0.0027893612892112268
CAACCAATCCTCAATTx-3,0.0026033114398011
ATTCTACAGTCTCGGCx-3,0.0631924337491143
CAAGGCCTCGGAGGTAx-3,0.01963628895488604
ATTACTCTCTGCTGTCx-3,0.02028618489371563
CAACCAAGTAGGACACx-3,0.028878880981263448
CAAGATCGTTATGTGCx-3,0.020106324376744995
CAAGATCAGAACAATCx-3,0.0019157149985608154
CAACTAGGTTGGACCCx-3,0.0024258377707215796
CAAGATCTCGAACGGAx-3,0.01811374363812167
CAACTAGCATATGAGAx-3,0.000660656464748962
ATTCTACAGGGAAACAx-3,0.02129641073584815
ATTGGACTCTACTTACx-3,0.001318365643310894
ATTGGTGAGCTGCCCAx-3,0.020803055964412627
ATTATCCAGATGGGTCx-3,0.03660572418669396
ATTGGACGTAGAAGGAx-3,0.010972288440450315
CAAGATCAGATGTTAGx-3,0.0013300255555069491
CAACCTCGTCAATGTCx-3,0.006061682478206933
ATTCTACCATCTCGCTx-3,0.0025466510484548743
ATTCTACCAAAGAATCx-3,0.19423113397457195
CAAGGCCGTAAGGGCTx-3,0.009302391573818368
ATTTCTGGTCAAAGCGx-3,0.003945552079164448
ATTTCTGAGCGATTCTx-3,0.007804321373589235
CAAGGCCTCCACTGGGx-3,0.003009947272698296
ATTGGTGTCTTGCCGTx-3,0.0018742112433328263
ATTATCCTCTTAGCCCx-3,0.0030773720467678223
CAACCAAAGAAGGTTTx-3,0.011729021722862002
CAACTAGTCACGACTAx-3,0.0019639861811417063
CAAGATCAGAGGGATAx-3,0.018094091043203375
ATTGGACAGATGCCAGx-3,0.0028985525380570603
CAACTAGAGTTGAGTAx-3,0.019210936829036775
CAAGATCGTCTGGTCGx-3,0.002037151897058033
CAAGATCGTAGCGTAGx-3,0.0019190489389500566
ATTGGTGAGATATACGx-3,0.017765151182579545
CAAGGCCAGTCAATAGx-3,0.01836911248138202
ATTTCTGTCCTGTACCx-3,0.020204229379679958
CAAGGCCTCACATACGx-3,0.022183951032991363
CAAGAAAGTACTCTCCx-3,0.0009616334121703543
CAAGAAACATTCTTACx-3,0.1888589425123339
CAAGAAATCACCCGAGx-3,0.005714520213398159
CAAGAAATCTCTTGATx-3,0.0008177899966356541
CAAGATCAGCTCTCGGx-3,0.022298124628682418
ATTTCTGAGATACACAx-3,0.001927533814232531
ATTGGACAGCGTGTCCx-3,0.019413008658886382
ATTTCTGCATTGGCGCx-3,0.020499350581052858
CAAGATCCAGGCTGAAx-3,0.004243292650363086
ATTTCTGTCATGTCTTx-3,0.0030977996213943583
CAACCTCAGCTCTCGGx-3,0.05361570052423863
CAAGGCCGTGAAATCAx-3,0.022346142620009498
CAACTAGCATCCTTGCx-3,0.0024315623756805834
CAACCAAGTCTTGATGx-3,0.019633126282293797
ATTATCCGTAGATTAGx-3,0.0009811473701835604
ATTACTCTCGAATGGGx-3,0.0023930991608058115
CAAGGCCCACTTGGATx-3,0.02098580354163178
ATTGGACAGAAGGTGAx-3,0.0009412780567988659
ATTTCTGTCACCAGGCx-3,0.02488724937039344
CAACCTCAGCAACGGTx-3,0.03512121775773398
CAAGATCAGCACCGTCx-3,0.06703075260165935
CAAGAAACAGCGTAAGx-3,0.007832174128076136
ATTGGACCACGGTAGAx-3,0.0005223166062635975
CAAGAAAAGTCCAGGAx-3,0.014553407666925842
ATTGGACCATGTAAGAx-3,0.0022062049648394356
CAACCAATCTTATCTGx-3,0.004722179011925252
CAACCTCGTCGACTATx-3,0.022750834550912827
CAAGAAATCAACACACx-3,0.006685845652522224
ATTGGACGTATCGCATx-3,0.022860980579854417
CAACCAAGTAACGACGx-3,0.19423960924859038
CAACTAGAGGCTCTTAx-3,0.0003788912836831236
CACATAGTCCTCATTAx-3,0.0013068386636023107
CAAGTTGAGCTCTCGGx-3,0.0038754465209217682
CACACCTGTAGCAAATx-3,0.019990522543018707
CAGAATCCATCGACGCx-3,0.0007038630782803666
CACCACTAGACAATACx-3,0.0011470473089088442
CACACAACAGACAAGCx-3,0.005959830912698654
CAAGGCCTCGTGACATx-3,0.020654330781383547
CACAGTAGTAAATACGx-3,0.0022988889851608047
CACATTTAGTACGCGAx-3,0.002621171469728108
CACACAAAGTGGTAATx-3,0.01948003112669754
CACAAACAGGGTTCCCx-3,0.02230565457658043
CACTCCATCTTTAGTCx-3,0.0009611781243720206
CACACCTGTTGACGTTx-3,0.0035699073195730935
CACAAACCAGCGAACAx-3,0.020551997523090185
CACCACTTCGTTGCCTx-3,0.19041656987121555
CAAGTTGTCCGCATAAx-3,0.008771214358871283
CACCAGGAGTGACATAx-3,0.0019215341640459699
CACACAACACTATCTTx-3,0.005508674020821189
CACCTTGTCCTAGGGCx-3,0.0006301048348789417
CACACAACACACGCTGx-3,0.0019816594929148073
CACCACTTCGAATCCAx-3,0.0015331147309464632
CAGAATCTCTCTAGGAx-3,0.01897178515541091
CACAGTAAGAGACTTAx-3,0.0020189718506525506
CACTCCAAGCGACGTAx-3,0.0016345263419596907
CAGAGAGAGAAAGTGGx-3,0.018398839620691852
CACAGGCTCCAGAGGAx-3,0.0037962803515043677
CACACTCTCGTTTGCCx-3,0.005379343853992465
CAGAGAGAGAAGCCCAx-3,0.002468474799486831
CACACTCAGCCTATGTx-3,0.012200905644932453
CACACTCCACCGTTGGx-3,0.0019704725473115624
CACCAGGTCGAGGTAGx-3,0.000759992184248981
CACACAACAATACGCTx-3,0.03272955084786534
CACTCCACACGGATAGx-3,0.002609579234083119
CACCTTGCACGACGAAx-3,0.01864776839349792
CACATAGTCAGAGACGx-3,0.02741207392471516
CACACAAGTGTTTGTGx-3,0.0015031490258817326
CACACAACATCACGATx-3,0.009145659232203875
CACCAGGTCACGATGTx-3,0.02588092010558509
CAAGTTGCAATGTAAGx-3,0.018221115504295577
CACCAGGCAAACTGTCx-3,0.005444338930377858
CAGAATCCATCGATTGx-3,0.001350223615026467
CACAAACAGAGCTGCAx-3,0.0019299036716810744
CAGAATCCATCGGACCx-3,0.0017296171992175384
CACCTTGCACCAACCGx-3,0.0010404122509538507
CACCACTCAACCGCCAx-3,0.02453527688270638
CACCACTCACAGGTTTx-3,0.0024217937771411815
CAGAATCAGTTGAGTAx-3,0.0009599711786407211
CACATAGCAGGACGTAx-3,0.0020316479320206067
CACTCCACACGCATCGx-3,0.2015058925549202
CACCTTGGTGTTGAGGx-3,0.00963567827996549
CACTCCAGTCTCCATCx-3,0.0016077822049111324
CAGAATCGTAGCTAAAx-3,0.12053051475621739
CACAGTAGTGACAAATx-3,0.02762053991737313
CACACCTTCCTGCCATx-3,0.003029686027202445
CACATAGAGCTGCAAGx-3,0.004495334664282116
CACATAGCAAAGCAATx-3,0.0058527062860165655
CACACAAGTCGGCATCx-3,0.001068188519700061
CACAGGCCACCATCCTx-3,0.009130450338316158
CACATTTAGGCCCTTGx-3,0.02025203299766829
CACATTTTCTAAGCCAx-3,0.005167344181303012
CACATTTGTGTGCGTCx-3,0.0025391611987504474
CACAGGCTCGTTTATCx-3,0.002293287931770133
CACAGGCGTCCGAATTx-3,0.0025573308951798014
CACCACTTCTGTTGAGx-3,0.020271532945090886
CACACCTAGCAGCGTAx-3,0.002486612484723658
CACAGTACATCGTCGGx-3,0.017869236598661936
CACTCCACATAGTAAGx-3,0.0012886794490840963
CACATTTTCGGATGTTx-3,0.0022336185458442697
CAGAATCGTACAGTTCx-3,0.02944919290410839
CACATAGCATTGGGCCx-3,0.0020146530359938177
CACCAGGGTTACGGAGx-3,0.0025217298146535043
CACCAGGAGGTGCTAGx-3,0.0199498777022339
CACCACTGTTATGCGTx-3,0.0008127735318200865
CAAGTTGCATTATCTCx-3,0.001791238761333386
CACAGTAAGGGATCTGx-3,0.0022439273932472795
CACCTTGAGCCAGGATx-3,0.002950577314280169
CACTCCAAGAGACGAAx-3,0.0037608341399495756
CACCACTTCGCCAAATx-3,0.0037709692505700754
CACCAGGCAATCTGCAx-3,0.020046725198634673
CACACTCTCCTACAGAx-3,0.0010544119886520844
CACACTCCAGGGAGAGx-3,0.001502390946265968
CACACCTAGGGTTTCTx-3,0.0011104209937466967
CACACAATCTTGAGGTx-3,0.0022805521432058486
CACACCTTCCTAGGGCx-3,0.004172978067703841
CACATAGTCCACTCCAx-3,0.0017047440497163363
CACATAGAGAACAATCx-3,0.0012964958100379956
CACCTTGCACCGAATTx-3,0.0009793250518299974
CACACTCTCAAAGTAGx-3,0.0027238400643240157
CAGAATCCAGATCCATx-3,0.0013785448141903644
CACTCCAAGAATCTCCx-3,0.031165751213242082
CACTCCAAGACTAGGCx-3,0.0427707945472542
CACACCTCATCGATGTx-3,0.017789642046823078
CACAAACGTCCGCTGAx-3,0.0030507207800076065
CACTCCACAGGTGGATx-3,0.021830620138864512
CAGCAGCAGGAGTTGCx-3,0.018189365099369057
CAGAGAGTCTCTGCTGx-3,0.0025951555044820144
CAGCATAAGAGAACAGx-3,0.03256032396761384
CAGCATATCGGGAGTAx-3,0.02117462422238411
CAGCCGATCAGAGGTGx-3,0.0022788674237298663
CAGCCGATCAAACCACx-3,0.004492155706426484
CAGTAACCAAAGCGGTx-3,0.00116457937334164
CAGCAGCGTGATAAACx-3,0.021999057356828233
CAGCGACCATCCGGGTx-3,0.1919880035252678
CATATGGAGCTGCAAGx-3,0.018570524118220442
CAGTCCTGTCGGATCCx-3,0.016848999483751403
CAGCTAATCTTGCATTx-3,0.002417700637876278
CAGATCAAGAAACCGCx-3,0.01875019515577129
CAGTAACTCGTTACAGx-3,0.017963489729624534
CAGCATAAGACACTAAx-3,0.0008907514259823373
CAGCATAAGATGAGAGx-3,0.01942917722046463
CAGGTGCAGAGGTACCx-3,0.00857924510905585
CAGCCGATCGTTGACAx-3,0.002655218961374367
CAGGTGCCACCACGTGx-3,0.004281323056050329
CAGCGACGTGGTCCGTx-3,0.005516375386475808
CAGTAACTCCGTAGGCx-3,0.02089096160170281
CAGCTGGAGATCTGAAx-3,0.0025714756185773163
CAGCGACCAGACGCAAx-3,0.017105652931411166
CAGCAGCCAATGGATAx-3,0.0008493487570779084
CATATGGCACAACGCCx-3,0.0032412101104462064
CAGCTGGGTATAAACGx-3,0.001363714685433203
CATATGGCAGTCACTAx-3,0.0036802714921779734
CAGCGACCACATCTTTx-3,0.03377053657666338
CAGTCCTGTCTTCGTCx-3,0.0009985465862815193
CAGAGAGTCGCCGTGAx-3,0.002262269866138761
CAGCTGGTCAGAGACGx-3,0.017350295288329962
CAGCCGAGTTACCAGTx-3,0.09967083382779912
CAGATCACAAGTTGTCx-3,0.0027927954866220728
CAGCAGCGTCTAGCGCx-3,0.0016642778197505817
CAGCTGGAGGACAGCTx-3,0.0063445510080491685
CAGGTGCAGTGCCAGAx-3,0.01970366557686953
CAGGTGCGTCAGCTATx-3,0.0019694641690735136
CAGCCGAAGGATGCGTx-3,0.0018896284465257816
CAGCTAACAATCGGTTx-3,0.0023738131171285363
CAGCAGCCAGAGTGTGx-3,0.0013631990173686918
CAGTAACCATGGTTGTx-3,0.006655542172156734
CAGATCACACTACAGTx-3,0.019609575588893324
CAGCAGCTCTTTAGTCx-3,0.017687515333840168
CAGTCCTCACAACGCCx-3,0.018986011049002164
CAGCTAATCCGGGTGTx-3,0.16528743111134916
CAGAGAGTCGAATGCTx-3,0.01823370058310764
CAGCCGAGTCCGTTAAx-3,0.0009040672083878447
CAGCAGCGTTGTGGCCx-3,0.018837468601920388
CAGAGAGTCCAGGGCTx-3,0.023711263493712633
CAGATCATCACTTACTx-3,0.0032552870390800816
CAGCGACGTTCGCTAAx-3,0.0023462469112368483
CAGATCACACAGGAGTx-3,0.018856729736783755
CAGTAACTCCTTTCTCx-3,0.0025062873371805338
CAGCATATCACCAGGCx-3,0.020476804708159782
CAGTCCTTCCACTGGGx-3,0.0014522115850166453
CAGCGACAGGTGTTAAx-3,0.07897448635370002
CAGTAACGTCTTTCATx-3,0.003133774914265489
CAGAGAGCAGATGGCAx-3,0.00041949679901430323
CAGGTGCAGAAACCTAx-3,0.1438534352581486
CAGCATAAGTGGGTTGx-3,0.023384414660089968
CAGCTGGGTTCTGGTAx-3,0.002298282687706375
CAGTAACAGAGGACGGx-3,0.009260616845825569
CAGCCGACACTAAGTCx-3,0.0029067386229361457
CAGATCACAAGCCGCTx-3,0.004274250799089455
CAGCTAACATAAAGGTx-3,0.004098347817357527
CAGAGAGTCTACCTGCx-3,0.011171293349399713
CAGCATACACTTACGAx-3,0.023132915562827178
CAGCAGCTCGGTGTTAx-3,0.0023432924330244595
CAGCAGCTCACGATGTx-3,0.001524580508241649
CAGATCAAGATGTAACx-3,0.0018378944256027552
CAGCAGCCACCAGGTCx-3,0.007229699478807806
CAGCATAGTCCGTCAGx-3,0.020046368937096926
CAGTAACGTACAGCAGx-3,0.01906719705356052
CAGGTGCAGTCAAGCGx-3,0.004343788739600205
CAGTCCTCAAGCGAGTx-3,0.0022665321484847717
CAGTAACTCTCGCATCx-3,0.0153368246204581
CAGGTGCGTGCACTTAx-3,0.017883171451892246
CAGGTGCAGATGTAACx-3,0.0016140917441681865
CAGCTGGAGCCGTCGTx-3,0.00548082464335226
CATATGGCACTTCTGCx-3,0.00265361052735498
CAGGTGCGTCTGGTCGx-3,0.00469767429999004
CAGCCGAAGGGTATCGx-3,0.01793646882794506
CAGCTGGCAATGGATAx-3,0.0026194215092332136
CAGATCATCTTCCTTCx-3,0.0009269723661320078
CAGCTGGAGCTCCTTCx-3,0.017996358916959575
CAGCTGGTCTGCGGCAx-3,0.007184997803843156
CAGCTGGCACGTTGGCx-3,0.0018116526217286622
CAGCCGACAGAGCCAAx-3,0.10444745592488412
CAGAGAGGTGATGTCTx-3,0.0007688722464266952
CATATGGCAGTAAGCGx-3,0.0008061503441929748
CAGCTAAGTGTTTGTGx-3,0.01982394819016371
CAGCCGACAGGGTACAx-3,0.19462549315269798
CAGTAACAGTCTTGCAx-3,0.0035992422733653255
CAGCTGGAGCTATGCTx-3,0.0036999559303920212
CAGGTGCCACATGGGAx-3,0.019121412960691028
CAGCCGATCTTGAGACx-3,0.007172127370904518
CATGACAAGGCCATAGx-3,0.002642282895783982
CATCCACAGAGCTGCAx-3,0.0011490729777337936
CATCAGACAGACAAATx-3,0.0015582955624260794
CATCCACGTGTGAAATx-3,0.0019920010586157414
CATGGCGGTTCCACGGx-3,0.0025629374641339816
CATCGGGAGGTGATTAx-3,0.009050342719438081
CATTATCAGATATGCAx-3,0.001111657022410496
CATGCCTCATGTCTCCx-3,0.024824116477327646
CATGGCGTCAACGGGAx-3,0.027028766192361234
CATCGAATCTGATTCTx-3,0.0009304994387588745
CCAATCCGTTGGAGGTx-3,0.0016007938608641015
CATGGCGCAATACGCTx-3,0.015690354791953545
CATGGCGCACCAGGTCx-3,0.005053433258564082
CATCAGATCCGTTGTCx-3,0.01768672746590012
CATTATCTCGTAGGAGx-3,0.016447252953354745
CCAATCCCAAACAACAx-3,0.019664844556448343
CCAATCCAGACATAACx-3,0.00587207985248127
CATATTCGTGTGCGTCx-3,0.0019061226361966734
CATCCACGTGCCTTGGx-3,0.0008552365120356474
CATCGAAAGCCGATTTx-3,0.01968135216769014
CATGGCGTCCCATTTAx-3,0.002444498210260699
CCAATCCAGCCTTGATx-3,0.001347128418405213
CATGGCGTCACAAACCx-3,0.0039694609250427275
CATATGGGTTACGGAGx-3,0.01640855186692184
CATTCGCCACGTGAGAx-3,0.18083316688343617
CATATGGGTCTCACCTx-3,0.0009711876831754798
CATGACAAGACCCACCx-3,0.01250220345417091
CATCCACAGAAACCATx-3,0.0020936005886971866
CATCGGGGTTGTTTGGx-3,0.002380033083957317
CATCGGGCAATGTTGCx-3,0.00077598778774899
CATGCCTTCGTCACGGx-3,0.017519290762634653
CATATTCCACTGAAGGx-3,0.009072439753223051
CATCGAACATCGACGCx-3,0.03271318352905001
CATGACAAGACATAACx-3,0.021891274156962102
CATATGGTCAAGCCTAx-3,0.03785345753641246
CCAATCCTCTATGTGGx-3,0.018502675217806366
CATGCCTTCGCACTCTx-3,0.01513666189274899
CATGGCGTCGGAGCAAx-3,0.018925660486330747
CATGACAAGGTAGCCAx-3,0.0015387670471014336
CATGGCGGTCAGATAAx-3,0.008403663878924524
CATATTCAGTTACGGGx-3,0.001465019413128076
CATTATCGTGCCTGGTx-3,0.0020286662627323282
CATTATCAGCTAAACAx-3,0.0021428449330063055
CCAATCCAGAGTCTGGx-3,0.00026564431751059615
CATGACATCCGGCACAx-3,0.012810091596197658
CATCCACCAGATCGGAx-3,0.02040720253470274
CATCAAGAGACGACGTx-3,0.00495105815564675
CATCAAGTCCTCGCATx-3,0.003274638833615153
CATCCACTCATGTAGCx-3,0.005737288445013208
CATCCACCATCGATGTx-3,0.1494457961757259
CATTATCGTCCAAGTTx-3,0.003416298769549761
CATGACATCTTCTGGCx-3,0.018129021825588867
CATATGGTCATCGGATx-3,0.02679454375571586
CATTATCCAAGAAGAGx-3,0.005141755115402135
CCACCTAGTATTAGCCx-3,0.003062324921462777
CATCCACTCCGCTGTTx-3,0.0015670283519858177
CATATTCTCATTGCCCx-3,0.0031352722847705137
CATCGGGCAAGCCGTCx-3,0.008042034853200302
CATTATCAGGCACATGx-3,0.0024489807568193983
CATGGCGTCGAATCCAx-3,0.004056199991011511
CATATTCTCAGAGCTTx-3,0.0025288666940055018
CATTATCGTATCGCATx-3,0.014289211314238373
CATCGAAAGAGCTGGTx-3,0.018357429218681134
CATCGAATCTGCAAGTx-3,0.0014088319133932152
CATGACATCGCCAGCAx-3,0.008131954562088334
CATCGAAGTATCACCAx-3,0.0060060935130751645
CCAATCCTCACTGGGCx-3,0.001812265779647452
CATTATCAGTACGCGAx-3,0.02158955456523249
CATCCACGTTTGGGCCx-3,0.002859073417743451
CATGACAGTACCATCAx-3,0.0023157820131709983
CATTCGCCACTTACGAx-3,0.02003190245429407
CATGCCTTCTCACATTx-3,0.028362987027519385
CATTATCAGTACGTAAx-3,0.0021219017203419144
CATCCACGTCCGTGACx-3,0.0037209776404646664
CATATTCCATCGGGTCx-3,0.21793052732888643
CATCAGATCTGGAGCCx-3,0.0010815471564205653
CATCCACCACCAGTTAx-3,0.0011857034425362667
CATGGCGAGACACTAAx-3,0.0017344777429229045
CCACCTAAGCTAGTTCx-3,0.0010670427607579716
CCAATCCTCTAACTCTx-3,0.019367887938965607
CCACCTAAGGAATCGCx-3,0.028369147573699405
CCACCTAAGGGAGTAAx-3,0.003065267051538836
CATTCGCTCGTTGACAx-3,0.0020903308946904663
CATGGCGTCACCCTCAx-3,0.011890069643340575
CATGGCGCACCACCAGx-3,0.0028429253159720012
CATATTCCACTGCCAGx-3,0.004779110252140211
CCACCTAAGCGTCTATx-3,0.0040503153774188545
CATGACAAGTTTAGGAx-3,0.000992823861644937
CATCGAAGTTATCGGTx-3,0.04209544252883855
CATCCACGTCACTTCCx-3,0.05121650359084841
CATTCGCGTTCAGACTx-3,0.004587157371055305
CATTATCCACGAGGTAx-3,0.0017502511342370546
CATCAGATCACCGGGTx-3,0.003573817996157803
CATATGGGTGCCTGTGx-3,0.007536706694383575
CATGACAGTCGCGGTTx-3,0.003180799966489295
CATGACACAATCCGATx-3,0.027939305588441828
CATGACAAGGATGGTCx-3,0.0068868663621043415
CATGACATCTCCGGTTx-3,0.005234338831470248
CCATTCGAGGCTAGACx-3,0.0024376769322756175
CCGGGATCACTGTTAGx-3,0.0013984484026007484
CCAGCGAGTTCCGGCAx-3,0.001732418483938661
CCCAGTTCACGCTTTCx-3,0.015550730071256371
CCATGTCCAAATACAGx-3,0.002540677112375907
CCACCTATCGCCATAAx-3,0.0052503294555824006
CCACGGATCTCTGAGAx-3,0.0014967614466598615
CCGTGGACAGTACACTx-3,0.001490581016116179
CCCAATCGTCTCTTTAx-3,0.0028039204879241365
CCCAGTTCACCTATCCx-3,0.0012920073844549474
CCCAGTTAGATGTTAGx-3,0.02004268320555808
CCGTACTAGTATCGAAx-3,0.0038515869191367005
CCACGGAAGTTTGCGTx-3,0.001757242171853165
CCCAATCTCCTCTAGCx-3,0.004222524924260148
CCGTGGACAACGCACCx-3,0.0193323325258902
CCGTACTTCCCGGATGx-3,0.0009437201162932391
CCACGGAAGTGATCGGx-3,0.00035825678725923745
CCGGGATTCTGCTGTCx-3,0.19025084167863543
CCCAGTTCATCACGATx-3,0.0026238978280544913
CCATTCGAGGGAGTAAx-3,0.004139578069237192
CCGTACTCAGTTCCCTx-3,0.004469050534069122
CCATGTCCATATACGCx-3,0.016040022865246393
CCGTGGAGTAGAAAGGx-3,0.001001083642580047
CCCAGTTGTTGAGTTCx-3,0.019048304947991687
CCACCTATCGCATGATx-3,0.03148624842143982
CCAGCGAGTCAAAGCGx-3,0.018129636314009722
CCAGCGACACGGCTACx-3,0.01901932782310559
CCGGGATTCAGTTAGCx-3,0.018664818406750664
CCACGGATCCCATTTAx-3,0.004007317043448863
CCACCTAGTGAGGCTAx-3,0.006588449240289653
CCGGGATTCACATGCAx-3,0.0109635214250939
CCGTACTAGGGTGTTGx-3,0.018610267889978334
CCACCTATCCTACAGAx-3,0.24231574116176083
CCACGGATCACTGGGCx-3,0.0019439326838243075
CCAGCGAGTCCAGTATx-3,0.01671989869408631
CCACGGAAGAGCAATTx-3,0.004200988516909988
CCAGCGACAATCTGCAx-3,0.024454142586381605
CCCATACTCCTCAATTx-3,0.0009372858087302096
CCGGGATTCAGAGACGx-3,0.026092675332000322
CCCTCCTAGTCGCCGTx-3,0.0055803232850470345
CCACTACGTCGTTGTAx-3,0.0023187928355362115
CCGGTAGGTGATGTCTx-3,0.005475436643093759
CCCAATCGTGCATCTAx-3,0.02021335884612249
CCCATACAGCGAGAAAx-3,0.15445495803644785
CCATGTCTCCGAACGCx-3,0.0009955106545855377
CCCAGTTCAATTCCTTx-3,0.0026935162700420854
CCATGTCCATCACAACx-3,0.008444778528846486
CCGTACTTCTAACCGAx-3,0.001343021046475273
CCATGTCGTATGCTTGx-3,0.0025391565232769572
CCGGGATGTTGGGACAx-3,0.021402585230214863
CCCAATCAGACAATACx-3,0.04363674853643321
CCCAGTTGTTCGCTAAx-3,0.005859182547606411
CCAGCGAGTTACTGACx-3,0.017989149407093404
CCGGGATTCATCGATGx-3,0.01945533795015654
CCATGTCTCCTATTCAx-3,0.032448528935342856
CCGGGATTCTTGCAAGx-3,0.006231262816883353
CCACTACGTCGCTTCTx-3,0.0026208853725886824
CCCAGTTTCACTTCATx-3,0.0015908381761610057
CCCAGTTAGTTTAGGAx-3,0.003247608063846307
CCCAGTTTCCTCAATTx-3,0.014306310432710115
CCCAATCGTGATAAACx-3,0.02090533454463056
CCAGCGATCAGTTAGCx-3,0.019600791126934882
CCATTCGAGGCTCTTAx-3,0.005054401596293835
CCACGGACATCACGTAx-3,0.019989730063111943
CCGGGATCACGCTTTCx-3,0.017773768507428095
CCGGTAGTCATGTCTTx-3,0.019660508198188768
CCGTGGACACATAACCx-3,0.020836149919839266
CCACCTATCGCCAAATx-3,0.02054292057565075
CCGTGGAAGACTAGGCx-3,0.002807282804081835
CCAGCGAAGCCGATTTx-3,0.0007530698836479557
CCACGGAGTCAGTGGAx-3,0.0018208860730496816
CCCTCCTTCATTATCCx-3,0.17686672661156888
CCGTACTAGCCCAGCTx-3,0.02684243723063514
CCACTACCACTGCCAGx-3,0.0015427398526176713
CCACGGATCCGCTGTTx-3,0.005120531534177781
CCCAATCAGCTGAACGx-3,0.0018766887483993404
CCCAATCAGTGGGCTAx-3,0.005180610366411585
CCACGGAAGCGATATAx-3,0.12463824005553165
CCACTACGTAGAAGGAx-3,0.19366133055620804
CCAGCGATCAACCAACx-3,0.023354201336199747
CCGTACTGTTATTCTCx-3,0.0015602208189118753
CCACCTAGTGGTGTAGx-3,0.025467932378026
CCCATACTCTTCCTTCx-3,0.15700208170234803
CCACGGAGTTCCTCCAx-3,0.007689317431217284
CCAGCGAAGTCAAGGCx-3,0.023300758027275045
CCCAGTTTCTAAGCCAx-3,0.005993354667476319
CCATTCGCAGTAAGCGx-3,0.0008463987434452631
CCATGTCGTTTAGGAAx-3,0.02166241454895142
CCCAATCGTGCTCTTCx-3,0.018232789531628376
CCGTGGAAGATAGTCAx-3,0.0036599567158162754
CCGTGGAGTATAGGTAx-3,0.018113843940686082
CCATGTCCACAGGCCTx-3,0.002834494501996884
CCGTACTAGTCCATACx-3,0.0013475884360321883
CCCAATCTCTGCTTGCx-3,0.002242217779865185
CCAGCGAAGTCAATAGx-3,0.0017729591745430247
CCGGTAGAGAAAGTGGx-3,0.015328251169543035
CGAACATAGATCGATAx-3,0.029696893577808543
CCTTTCTAGAATAGGGx-3,0.004037357750239133
CCTACACGTCAATACCx-3,0.018513028682943425
CCGTTCACAGCTGGCTx-3,0.004368786938846729
CGAACATCAAACGTGGx-3,0.019348373625878282
CCTCTGAGTGAAAGAGx-3,0.025007487882568895
CCTAGCTTCAATCTCTx-3,0.02035624595484557
CCTTTCTGTAGCGTAGx-3,0.020790400919297042
CCTATTATCCGTTGCTx-3,0.01969379428062353
CCTTACGGTAGCTCCGx-3,0.002468354012885155
CCTTCCCCACAGAGGTx-3,0.008656551339225986
CGAACATAGAACTGTAx-3,0.018052135270879916
CCGTGGAGTTCCGTCTx-3,0.016349999560704657
CCTAAAGAGAACAACTx-3,0.001869432890329624
CCTTACGAGTCATGCTx-3,0.019656501229363993
CCTTCGATCTGGGCCAx-3,0.0015911605371588624
CGAACATAGGCGATACx-3,0.024430065674427612
CCTACCACACGACGAAx-3,0.01815922237169688
CCGTTCATCCAAATGCx-3,0.018137758610157224
CCTTCCCAGACTCGGAx-3,0.0013620905226614125
CCTAAAGGTACGACCCx-3,0.02315863626836363
CCTAGCTAGAATGTGTx-3,0.002332634234179831
CCTTTCTTCAGCTTAGx-3,0.019434284621707463
CCTAAAGTCAACACACx-3,0.000743258092280177
CCTATTATCATTTGGGx-3,0.01908685080975941
CCTACCATCACAGTACx-3,0.003802968291379014
CCTCTGATCTTGTATCx-3,0.0030131453307175485
CCTACCATCTTAGAGCx-3,0.004935020423476249
CCTTTCTTCTTTACGTx-3,0.004532221661861789
CCGTTCAGTACGCACCx-3,0.004111888933076954
CCGTTCACATTCGACAx-3,0.00474584802235561
CCTTCGAAGGCATGTGx-3,0.003438670289202959
CCTATTACATTACCTTx-3,0.05674228638539068
CCTACACGTAGCCTATx-3,0.006080921733307246
CCTAAAGCAGCCTATAx-3,0.007677330257271788
CCTAAAGCAGTACACTx-3,0.0033737521674830633
CCTTCCCAGTAAGTACx-3,0.0007926271831121277
CCTATTACAGTAGAGCx-3,0.022738579283624064
CCTTCGAAGTCACGCCx-3,0.018184276017822947
CGAACATAGTCTTGCAx-3,0.02131231926643516
CGAACATAGCTAGCCCx-3,0.020489802733356613
CCGTGGATCATATCGGx-3,0.019606549314170014
CCTCTGATCTGCCCTAx-3,0.0031307871979216295
CCTCTGATCAATACCGx-3,0.021883380154228724
CCTAGCTGTCGCGAAAx-3,0.01699603377272648
CCTAGCTGTTGAACTCx-3,0.019159320302642543
CCTATTACACCATCCTx-3,0.003259354725449832
CCGTGGAGTTAGATGAx-3,0.02896540124729676
CCTTACGCACATTAGCx-3,0.00806539918279994
CCGTTCAGTCATATCGx-3,0.03386567317415865
CCGTGGAGTTACGGAGx-3,0.1349683041178001
CCTACACCAACGATCTx-3,0.0020407365170492377
CCTCAGTAGATGTAACx-3,0.0030232822253812982
CCTACCATCTGTGCAAx-3,0.0024890188328981094
CGAACATAGGATGCGTx-3,0.022963522045160455
CCTACCAAGTCTCCTCx-3,0.0035603770645306564
CCTATTAGTCCTCTTGx-3,0.01723256957761624
CCTTACGAGTTCGCGCx-3,0.018512892642005258
CCGTGGATCGCCGTGAx-3,0.0251579604552971
CCTACACGTCACTGGCx-3,0.0010374168323883297
CCTACCAGTTAAAGACx-3,0.017878356335207575
CCTCAGTTCGAACTGTx-3,0.007146339091112157
CCTATTACAATCACACx-3,0.0139994835676274
CCTACCAAGGGTCGATx-3,0.022342345810328353
CCTACACTCTACGAGTx-3,0.018245616874132967
CCTTCCCCAAATTGCCx-3,0.0030414549375402293
CCTTCGAGTAAACGCGx-3,0.017156521140352824
CCTCTGATCCTGCAGGx-3,0.01780193465650957
CGAACATGTGGTTTCAx-3,0.0022485944616159235
CCGTTCAGTTAAGTAGx-3,0.020353852853858673
CCGTTCACATCGGAAGx-3,0.0021598778604924075
CCTTCGACAACTTGACx-3,0.004958979073978433
CCGTTCATCGGCGGTTx-3,0.019895053056277326
CCTACACTCGCGTTTCx-3,0.0014135407496501308
CCTATTACATTTCACTx-3,0.002149846447413125
CCTACCAGTCAGAATAx-3,0.002270064073113605
CCGTTCATCTGCCCTAx-3,0.007773668722993379
CCTAAAGAGACCTAGGx-3,0.019865607969469283
CGAACATGTCTGCGGTx-3,0.002294307612248523
CCTTCGAGTTCGTCTCx-3,0.0050785035657755625
CCTCTGAAGCTACCGCx-3,0.01824203024527043
CCTTCCCTCTATGTGGx-3,0.12068763836632904
CCTTCCCTCATCGCTCx-3,0.0011328219366544886
CCTACACCAAACTGTCx-3,0.02010527915144799
CCTCTGAGTAGGCATGx-3,0.003086078076245938
CCTTACGGTTATCGGTx-3,0.004715915113302733
CCTTACGTCAGAAATGx-3,0.0013163848444033373
CCTTCGACATAAGACAx-3,0.0015909128806459154
CCTACACGTGCCTGGTx-3,0.12512293714887363
CCTAGCTGTCGATTGTx-3,0.04290896266586007
CCTTCGAAGTGGACGTx-3,0.0005071904782282289
CGAACATGTTGAGTTCx-3,0.01626032563707434
CCTTCGAAGGCACATGx-3,0.00117264812892526
CCTTCGAGTACCGAGAx-3,0.006235538036777461
CGACTTCGTATATCCGx-3,0.014376204029836767
CGATTGAAGCCAACAGx-3,0.004609404249838133
CGCCAAGTCTCCAGGGx-3,0.002638438066908211
CGAGAAGGTGAAGGCTx-3,0.030657645639738256
CGCCAAGCAATCGAAAx-3,0.019188564036255646
CGATGGCAGGTGATTAx-3,0.007168902350844591
CGACCTTTCCCTAACCx-3,0.002345047104262033
CGATGGCCAACACCTAx-3,0.0008328912831043979
CGATCGGGTTGAACTCx-3,0.02177425924939112
CGATGGCGTACCGTTAx-3,0.001716636144443881
CGATCGGTCGCACTCTx-3,0.0020611162890171566
CGATGTAGTACAAGTAx-3,0.0013179633170751278
CGAGCACGTAACGCGAx-3,0.007297451366430842
CGACCTTTCCCAAGTAx-3,0.0012886562401816315
CGAGAAGGTCGCCATGx-3,0.017877183180575986
CGAGCACCATGCCTTCx-3,0.017717550201286215
CGAGCCATCCGTAGGCx-3,0.018136756048291073
CGAATGTCACAAGACGx-3,0.00140315466255122
CGAATGTAGATGAGAGx-3,0.031880599381605444
CGAATGTTCAGGCAAGx-3,0.0065773973770652154
CGATGTAGTGTCAATCx-3,0.027639550944393736
CGAGCACTCAGAGACGx-3,0.017940126380070014
CGAGAAGGTAAGTAGTx-3,0.0013423248079838428
CGATGTACACACTGCGx-3,0.005982072627231627
CGACTTCTCCTATGTTx-3,0.0030161163153464895
CGAGAAGGTACGACCCx-3,0.0027927399219701606
CGACCTTCACGGATAGx-3,0.0007130124171830653
CGACTTCCATTACCTTx-3,0.0037795374203941174
CGAGAAGCACTTAAGCx-3,0.19039284661667089
CGAATGTTCATCATTCx-3,0.021829665382380178
CGATGTACACGTGAGAx-3,0.0032612111003885104
CGATTGAAGATACACAx-3,0.0017796531941238962
CGATGGCCAGGAATGCx-3,0.001189430375030302
CGACTTCCAAATACAGx-3,0.009528423005205204
CGAGCACCACGTTGGCx-3,0.004498556160388783
CGAATGTCAGTTCCCTx-3,0.01871769190239887
CGAGAAGGTTGATTGCx-3,0.003427605220194923
CGAGAAGCATAAAGGTx-3,0.01994449104829699
CGATGGCTCGTCACGGx-3,0.0024598232543340272
CGAGCACAGGGATACCx-3,0.003527076947244396
CGATGTACATTCACTTx-3,0.14056690826114715
CGATGGCGTTAAGAACx-3,0.018225859484438427
CGAATGTAGTTACGGGx-3,0.020323008121174074
CGCCAAGCACCGATATx-3,0.017657642861808223
CGAATGTGTAGAGTGCx-3,0.004398953023296621
CGCGGTAAGATGCGACx-3,0.020550829593868072
CGATGTATCCAAACTGx-3,0.018593350029535834
CGACTTCTCGGAGGTAx-3,0.0001860165996617503
CGAGCCACATGCATGTx-3,0.002756456178549056
CGATGGCCAACTGGCCx-3,0.001713839898578174
CGATGGCGTCAAAGCGx-3,0.012276414997651397
CGACTTCTCATCGCTCx-3,0.0016225476622379203
CGATGTACACAACGTTx-3,0.0007810181750253843
CGAGAAGTCCCATTATx-3,0.003052352902866826
CGAGCACGTATAGGTAx-3,0.01834246937794815
CGAATGTAGAGACTATx-3,0.040431699811951244
CGAACATTCCTGCAGGx-3,0.002240786623732215
CGAATGTAGAGGTTATx-3,0.019350825962128816
CGCCAAGGTCCAACTAx-3,0.011232690310607764
CGAGCACTCATTATCCx-3,0.0011416686640003365
CGATGTAGTTTCCACCx-3,0.09170990959212395
CGACTTCGTCAACATCx-3,0.004398802037783738
CGATGGCTCTGGCGACx-3,0.0008949781739895622
CGACTTCAGCTAGTTCx-3,0.0016052038881289785
CGAGCACCATGGTAGGx-3,0.024305103880098787
CGAGCCATCAACACGTx-3,0.0008940138737793171
CGACCTTTCGCGTAGCx-3,0.0271034474991441
CGACCTTGTTCGAATCx-3,0.0022118513661905067
CGACTTCGTGACGCCTx-3,0.0014313324868727802
CGAATGTTCTTCCTTCx-3,0.020742778344411208
CGAGAAGGTAGCCTCGx-3,0.0737375310234094
CGACCTTTCCTCAATTx-3,0.004870818378298933
CGATGGCCAGTGAGTGx-3,0.004629517792416702
CGAGAAGAGTACGATAx-3,0.24203755883235634
CGAGCCATCCGCGGTAx-3,0.022161795715490217
CGACCTTAGTCGATAAx-3,0.003499372007285841
CGCCAAGGTTACGACTx-3,0.05201228900745191
CGAACATTCTTCGAGAx-3,0.0009148426806928801
CGACTTCTCAGGTAAAx-3,0.004573806086217028
CGCCAAGCAGTCGATTx-3,0.0027088103480662575
CGATCGGTCCCAACGGx-3,0.00040989828343786206
CGATGGCGTTCGCGACx-3,0.003910098493507918
CGACTTCGTAGGAGTCx-3,0.03763309174720367
CGAATGTGTTCCACAAx-3,0.0032382068246843082
CGATGTATCCAAAGTCx-3,0.021781202305551715
CGAGCCAAGTGATCGGx-3,0.006115326082849505
CGATGGCCAAGGCTCCx-3,0.046225171825879124
CGAGAAGAGATCCCGCx-3,0.002764201228515156
CGATCGGGTAGCGTGAx-3,0.01948863483270271
CGATCGGGTGACTACTx-3,0.021582303297316134
CGATTGAAGGAATCGCx-3,0.0190007645331701
CGAATGTGTATATCCGx-3,0.08486539703876614
CGAGCCATCCCAAGTAx-3,0.0021894835975342633
CGAATGTAGGCGCTCTx-3,0.006062568780998484
CGAGCACGTGGTAACGx-3,0.0017552786879749234
CGCTATCAGAAGGTGAx-3,0.02033952520228171
CGGAGCTTCTTGACGAx-3,0.011710217502318333
CGCTGGAGTACACCGCx-3,0.0020693756426107012
CGGTTAAAGTTGCAGGx-3,0.0028798809082134836
CGCGGTATCTGTTTGTx-3,0.0013387788762244876
CGGAGTCGTGCTGTATx-3,0.07005685720109833
CGGGTCACATGTAGTCx-3,0.0027174836591251123
CGCGGTATCGTGTAGTx-3,0.049560065069386844
CGCGGTAGTAGAGCTGx-3,0.018925392946836633
CGCTATCCAAGCCATTx-3,0.0016116635235219154
CGGAGTCCACGGTAGAx-3,0.0029173757561461447
CGGAGTCTCGCCTGTTx-3,0.002140857641202298
CGGACTGAGCGGATCAx-3,0.0203380216872226
CGCGGTATCTGTCAAGx-3,0.004470234838566002
CGCTATCCATCGGACCx-3,0.02099943404896632
CGCGTTTAGTACGTAAx-3,0.008477197423512762
CGGTTAACAGGTCTCGx-3,0.0035640972036927302
CGGACGTAGTGCAAGCx-3,0.01986895504827514
CGGGTCAGTTGGGACAx-3,0.001419473988268318
CGTAGCGGTCAGCTATx-3,0.025070233037694976
CGGACTGAGGATGTATx-3,0.042047169248412765
CGCGGTATCCGAACGCx-3,0.0015562775536607388
CGCGGTAGTGAACCTTx-3,0.0043827419011861855
CGCTTCATCTGGCGTGx-3,0.006085928823863979
CGGAGTCTCTTTACGTx-3,0.014669228284665582
CGGACACCATCGTCGGx-3,0.019292264818217296
CGGAGCTTCCTTTACAx-3,0.020816108021157635
CGGACGTAGAAACGAGx-3,0.01722563022012211
CGGACGTTCCACGACGx-3,0.002254992388732705
CGTAGCGGTTCCACTCx-3,0.018454085773642014
CGGGTCAAGTGGTAATx-3,0.02310827280275292
CGGACACGTTACGACTx-3,0.010400886602688187
CGGAGCTCAAGAGGCTx-3,0.00705523984112552
CGCGGTACATAACCTGx-3,0.0010537233195028425
CGCTATCCACACCGACx-3,0.0020027193183160155
CGGTTAAAGTGGACGTx-3,0.001067596937179288
CGGAGTCGTACATCCAx-3,0.0035073486543046794
CGGCTAGAGTAGCGGTx-3,0.04599881521311592
CGGAGTCTCTACCAGAx-3,0.003083585728986725
CGGCTAGGTAATAGCAx-3,0.0013576101509291956
CGGGTCACACCCATGGx-3,0.0022779958776716186
CGGCTAGTCGCAAACTx-3,0.0014164619328790016
CGGGTCAGTCTAAACCx-3,0.016924369770812756
CGGAGCTAGCCACGCTx-3,0.020890354112737534
CGCGGTACAATCAGAAx-3,0.002103548455858737
CGGGTCATCCCTCTTTx-3,0.006756359753581342
CGTAGCGGTAGAGGAAx-3,0.002684603112410727
CGCTATCGTTCCATGAx-3,0.0021797717080952357
CGCTATCTCCGCTGTTx-3,0.0024632057887148187
CGGGTCACACTATCTTx-3,0.0028979446676548077
CGTAGCGGTCAATGTCx-3,0.025322205981711973
CGGACACGTAAGTGGCx-3,0.01998571627566854
CGCTATCAGGTGATATx-3,0.00854844007916909
CGCGTTTAGAATGTTGx-3,0.0022278287469889514
CGTAGCGAGCTTTGGTx-3,0.0015885897139801273
CGCTGGAAGGTCGGATx-3,0.02137221441394548
CGGAGTCGTTAAGACAx-3,0.0031829834351635913
CGGCTAGAGCTTCGCGx-3,0.018676869253731486
CGTAGCGCAATAGAGTx-3,0.0012364882659358998
CGGACTGTCAGCGATTx-3,0.004769715614685198
CGTAGCGTCTGTCTATx-3,0.0027186388115565353
CGCTATCAGCTAGGCAx-3,0.037606355677278026
CGGACTGTCCCGGATGx-3,0.0034858049890949734
CGGAGTCGTAGGGTACx-3,0.002858390067586432
CGCTATCTCGAGGTAGx-3,0.00905035668422001
CGGTTAATCAGAAATGx-3,0.0021208076977076874
CGGCTAGGTGTCTGATx-3,0.01732735348798952
CGGCTAGCAAGGTTCTx-3,0.0025265638960890835
CGGCTAGAGCAGCGTAx-3,0.018183052776699106
CGGCTAGAGCGTGAGTx-3,0.01919692143781493
CGGGTCAAGACGCAACx-3,0.02145110270002266
CGGCTAGCAAGTTCTGx-3,0.0017576377170568592
CGGAGCTCAGTCGATTx-3,0.05323422665504287
CGGACACAGGATTCGGx-3,0.024687047431532765
CGGACTGCATCTGGTAx-3,0.0016291514454857244
CGCGGTACAGCCAGAAx-3,0.007772362518515715
CGGTTAATCACCTCGTx-3,0.012771873994187138
CGTAGCGAGTGGGCTAx-3,0.01826965901866379
CGCGTTTCAGCCAATTx-3,0.0133043058579463
CGGAGTCTCATAGCACx-3,0.0010744146515321684
CGGCTAGTCTCAAGTGx-3,0.00245988324177427
CGGCTAGTCTCCTATAx-3,0.00467547686247902
CGGACACAGGCGTACAx-3,0.0017700110814552064
CGGACGTCAGAGCCAAx-3,0.0011319072794359543
CGGAGTCGTCCTAGCGx-3,0.01904801786802595
CGGTTAAGTAATAGCAx-3,0.01799746980261358
CGGACACGTGACGGTAx-3,0.020450053946558053
CGGCTAGAGATGCGACx-3,0.0036717196948110858
CGGACGTAGCTATGCTx-3,0.01824746872208477
CGCTATCGTTTGACTGx-3,0.0015237994760633718
CGGCTAGGTATCAGTCx-3,0.018211022201518243
CGGGTCAAGGGAGTAAx-3,0.12482432966989727
CGTAGCGTCTTCGAGAx-3,0.020069932489258754
CGGCTAGGTCCGTTAAx-3,0.001356790659872485
CGCGTTTCAGATCGGAx-3,0.018752993909082808
CGTCTACCATGGGACAx-3,0.003326165843189225
CGTGTAAGTCCAACTAx-3,0.006924137459487996
CGTAGGCCAAGCCGTCx-3,0.0124998150351567
CGTCCATTCGAACTGTx-3,0.005462031599222979
CGTCACTGTTCACCTCx-3,0.0190719198515155
CGTGAGCAGCACACAGx-3,0.0013050199226946183
CGTGTAAGTAGGACACx-3,0.0030441529742362403
CGTGTCTAGTCTCGGCx-3,0.016559531508555332
CGTGAGCAGATCGGGTx-3,0.0009756214075161659
CTAACTTGTACACCGCx-3,0.002346861070172088
CGTAGGCAGTGTCTCAx-3,0.04058040410282204
CGTTAGACACAAGCCCx-3,0.0019220183372866658
CGTCCATCATTTCAGGx-3,0.0019022277816896592
CGTTGGGAGCGTTCCGx-3,0.0011564624638809918
CGTTCTGGTTCACCTCx-3,0.0061497976810494575
CTAACTTCAACACCTAx-3,0.02462690817283162
CGTGAGCGTGATGCCCx-3,0.009713234490162368
CGTGAGCCACACCGCAx-3,0.0007819905290928453
CGTGTCTAGGAGTCTGx-3,0.022207362760644965
CTAACTTGTCTTGATGx-3,0.012694711865594658
CGTTGGGCAGGAATGCx-3,0.1917458778255048
CGTTGGGAGGGATCTGx-3,0.004772869719708365
CGTCTACAGAGTAAGGx-3,0.0032332399277547053
CGTCAGGTCGAATCCAx-3,0.0008827066404959612
CGTCACTTCGTACCGGx-3,0.005384682370080187
CGTGTCTTCAGCGACCx-3,0.07027383407336439
CGTAGGCAGAGATGAGx-3,0.018566470620449967
CGTGAGCAGTTCGCGCx-3,0.06503936867161554
CGTCTACAGTGTTAGAx-3,0.019659200622874407
CGTCCATTCCTGCAGGx-3,0.001177725970414537
CGTGTCTAGGAGTACCx-3,0.0186595428987559
CTAACTTGTACCCAATx-3,0.07223369472873337
CGTTGGGTCTCCGGTTx-3,0.001287118051169595
CGTTAGATCATACGGTx-3,0.0016093197478604427
CGTAGGCTCGTGGACCx-3,0.0024936427865609383
CGTCACTGTTCTGGTAx-3,0.23030975564063755
CGTGAGCCATACTCTTx-3,0.001738633977248156
CGTGAGCTCCACGTGGx-3,0.0014676252952548381
CGTAGGCGTCCATCCTx-3,0.0008914125519413465
CGTCACTTCGTTACGAx-3,0.016742433617238747
CGTTCTGTCCGAAGAGx-3,0.0021781525962293793
CGTAGGCCAAGCCCACx-3,0.003938882075076441
CTAACTTTCCCTCAGTx-3,0.0016136559088598935
CGTCAGGAGCTGCAAGx-3,0.0027849317354982396
CGTCCATTCAAACCGTx-3,0.018724574913761904
CGTGTAAGTCCGTCAGx-3,0.0020989790796924848
CGTGAGCCAAGCGATGx-3,0.000896283706180767
CGTTCTGGTGCAACTTx-3,0.021169823972537995
CGTAGGCTCAAGGCTTx-3,0.022570305874442333
CGTCAGGAGCCAGAACx-3,0.0012787488428281496
CGTGTAAGTCTCACCTx-3,0.0006585786663384989
CGTTCTGTCGTGGTCGx-3,0.0014148056731114768
CGTTCTGTCTGGTGTAx-3,0.0022019416963264386
CGTAGGCGTCTCTCTGx-3,0.0034185654207541404
CTAACTTTCACATACGx-3,0.0015937054674885773
CGTCAGGTCACATGCAx-3,0.009581093213244013
CGTGTAAAGAGGGCTTx-3,0.0013298258647625218
CTAACTTCAAGGTTCTx-3,0.02328584511593895
CGTTGGGAGTAGGCCAx-3,0.0019991751326931604
CGTGTAATCTTGACGAx-3,0.003338555689110529
CGTCACTAGAAGAAGCx-3,0.0032585775777850177
CGTCACTGTAAGAGGAx-3,0.0017394779089699556
CGTGAGCTCTCCAACCx-3,0.016971204285420694
CGTAGGCTCCTGCTTGx-3,0.0015287027630041528
CGTTGGGTCTCGATGAx-3,0.005883605841193779
CGTTGGGTCTGGTGTAx-3,0.000782789225624661
CTAACTTTCGGCTACGx-3,0.009655807101660727
CGTTGGGTCGTTTATCx-3,0.10654109371157484
CGTCTACGTCAGCTATx-3,0.01969016019238675
CGTGTCTTCTTTACGTx-3,0.004681113091128359
CGTTCTGAGACATAACx-3,0.0011240235529112578
CGTCTACGTCTGATTGx-3,0.005138872208880986
CGTGTAATCTACGAGTx-3,0.0020169056866970714
CGTTGGGGTATATCCGx-3,0.01882936721398463
CGTAGGCCATGACGGAx-3,0.01809667754933089
CGTTGGGTCCTCAATTx-3,0.0033550126874798414
CGTTGGGGTCAAAGCGx-3,0.019619294171602
CGTAGGCGTCGCTTCTx-3,0.0010638865347929875
CGTTGGGTCCGCGCAAx-3,0.003717843574836364
CGTCACTAGTATGACAx-3,0.0011128163990181473
CTAACTTGTACCGAGAx-3,0.007729558324111618
CGTCTACAGCATGGCAx-3,0.005734011270186387
CGTTAGAAGCCCAATTx-3,0.0011742078860756849
CGTCAGGCAGGATTGGx-3,0.01748634133738379
CGTAGGCAGAACTCGGx-3,0.021655098497977972
CTAAGACGTAGTACCTx-3,0.0027843852062631354
CTAACTTCACTGTGTAx-3,0.0017886124408238425
CGTCACTTCTGTGCAAx-3,0.0008748760068892679
CTAACTTTCAGAGCTTx-3,0.00923213544176074
CGTTGGGGTTATCACGx-3,0.0016519100720546666
CGTTAGATCCCTAATTx-3,0.003035431043770714
CGTAGGCGTTCGGGCTx-3,0.0051168952797100405
CGTCTACGTCGAGATGx-3,0.0007139192013439332
CGTCACTCACTTCGAAx-3,0.041487337690678354
CGTCCATTCGAATGCTx-3,0.01931264777001332
CTACGTCGTCGGCTCAx-3,0.001010380690896586
CTAGAGTAGAGTAAGGx-3,0.0035723460153646303
CTACATTTCCCATTATx-3,0.010046261824420992
CTCAGAACACGTGAGAx-3,0.0018068147524240574
CTACACCGTACTTCTTx-3,0.0012718295898294697
CTCAGAAAGTAGTGCGx-3,0.001589105774682846
CTCCTAGAGAGGTAGAx-3,0.0008353005058202033
CTCATTATCTCTTATGx-3,0.0007777417449954213
CTACACCAGCGTGAACx-3,0.025558164357898136
CTACGTCAGGGATCTGx-3,0.019149332955640603
CTCACACGTACTTAGCx-3,0.0012700757793446288
CTAATGGAGACTACAAx-3,0.0012444839105062268
CTACGTCAGATGTGGCx-3,0.018571757900388203
CTAGAGTCACAAGACGx-3,0.006247009892933131
CTCACACCATACTACGx-3,0.001999644575426483
CTAGCCTAGGATGTATx-3,0.04427752416588358
CTCACACCAATCTACGx-3,0.003104533832030038
CTAATGGGTCACTGGCx-3,0.0674808835128601
CTCAGAACAGGAATCGx-3,0.0005539008108934263
CTAGAGTCACAGATTCx-3,0.1749954878084245
CTAGCCTCACAACGCCx-3,0.017861867253905882
CTACGTCGTGCGAAACx-3,0.0023582052847292076
CTCACACCATGAACCTx-3,0.01887679237748247
CTAATGGAGGTGCACAx-3,0.0016811531333816956
CTAATGGAGCTAGTCTx-3,0.0008827648397546964
CTAATGGTCTTGTATCx-3,0.019518642168273065
CTACATTCAACTTGACx-3,0.003009122791913195
CTAGCCTTCACAATGCx-3,0.019818272877563336
CTAGAGTGTTATCGGTx-3,0.007711963057922962
CTAGAGTTCGAATGCTx-3,0.0019165513693790257
CTAGCCTCACATGGGAx-3,0.018818407777179653
CTCACACGTGTAAGTAx-3,0.0009755722605502979
CTCACACTCCTATGTTx-3,0.0028201943241228104
CTACCCAAGCTCCTCTx-3,0.04062656498220977
CTCACACGTCTCACCTx-3,0.140074405051416
CTCCTAGAGCCAGAACx-3,0.004468445939825571
CTCATTATCAGAAATGx-3,0.002265199631478399
CTAGAGTAGGCTCAGAx-3,0.0015637771646551406
CTCACACTCAGCTTAGx-3,0.0007880894681822032
CTACCCAGTTCTCATTx-3,0.019824691968897887
CTAAGACGTCAATACCx-3,0.018676935507605845
CTACGTCTCCTTTCTCx-3,0.0034908586301914666
CTACCCAAGCACCGTCx-3,0.0014930399990497338
CTCAGAAAGGCTCTTAx-3,0.013823913380482146
CTAGCCTAGAGATGAGx-3,0.018549133956348864
CTAATGGCAATGAAACx-3,0.005019419181390114
CTACCCACACTTAACGx-3,0.0028628164230693463
CTCATTATCGGATGTTx-3,0.0018730458360587234
CTACATTAGTCATCCAx-3,0.0032425320859274256
CTAGCCTAGGGCTTGAx-3,0.009666281820085365
CTAGTGAGTCTGATTGx-3,0.0013871502958406573
CTAGCCTAGAGTCTGGx-3,0.008051211882028134
CTACGTCCACGAAGCAx-3,0.046421388999546495
CTAATGGTCACATACGx-3,0.0016848210275365722
CTCAGAATCTTATCTGx-3,0.001717803887392507
CTAGTGATCAGCCTAAx-3,0.0025474072589477727
CTCAGAACACCCATGGx-3,0.020430070238400506
CTCAGAAAGCACGCCTx-3,0.0033662440582191973
CTAGTGATCACCTCGTx-3,0.0020587475303936436
CTACATTGTTGATTGCx-3,0.018970886573886257
CTAATGGTCACGACTAx-3,0.0015036237287243898
CTCATTAAGGGTTTCTx-3,0.0016408153076175529
CTCACACAGCTAAACAx-3,0.01813584433287314
CTAGAGTGTGGCGAATx-3,0.18676500989141318
CTACACCCACAGACTTx-3,0.0025341852690248727
CTACATTGTCTTGTCCx-3,0.005925998116498113
CTACCCACAGCCTTTCx-3,0.0017105391546940415
CTACACCTCGCCTGTTx-3,0.006800651420622126
CTCATTAGTTACCAGTx-3,0.00600629486986873
CTACACCCAGTCAGCCx-3,0.0007413373918273464
CTACACCCACAACGCCx-3,0.0017787113407051003
CTAATGGAGCTACCGCx-3,0.004592410674174309
CTAATGGCACCATGTAx-3,0.0015432141165500693
CTAATGGAGTACTTGCx-3,0.01845586241051332
CTACACCCATACAGCTx-3,0.02007047506664139
CTCAGAATCAACGCTAx-3,0.019616249698057534
CTACATTCAGTCGATTx-3,0.0016705823539094422
CTAGCCTAGCCACCTGx-3,0.01703654886137948
CTCAGAACAGGTTTCAx-3,0.030334778592703057
CTCACACGTCATGCATx-3,0.004172234450180281
CTACCCATCACTTACTx-3,0.0026819438373818544
CTACGTCGTGCCTTGGx-3,0.0013064717138406834
CTACGTCGTTACGTCAx-3,0.200120892059864
CTACATTTCCTCAATTx-3,0.0052331126095750405
CTCAGAATCCCATTTAx-3,0.00302512730484317
CTAGTGACATGGGACAx-3,0.001337819091044729
CTAGAGTTCAGTACGTx-3,0.005673556894573422
CTAGTGAGTCTTGCGGx-3,0.0012615399933730213
CTAATGGGTATCACCAx-3,0.006146951420724047
CTAGAGTTCACGACTAx-3,0.017125271598036396
CTCACACTCCACTGGGx-3,0.007644615427877966
CTCCTAGAGGGCTTGAx-3,0.0036169099161259153
CTACATTAGTCTCCTCx-3,0.024410749582279585
CTAGTGATCATGTGGTx-3,0.017519456656732893
CTAGAGTTCCACGTGGx-3,0.006258474327614712
CTAGCCTGTCAAGCGAx-3,0.0013915858177415837
CTCGAGGAGCAGACTGx-3,0.08159997388461533
CTCGTCAGTCATGCCGx-3,0.0020546723988657044
CTCGAAAAGAAGAAGCx-3,0.02052251277164398
CTGAAACTCCAGGGCTx-3,0.023676712209213174
CTCTGGTCATGGAATAx-3,0.027261973008673095
CTCGTCAAGCTGTCTAx-3,0.029974687383349317
CTGAAACGTTCTCATTx-3,0.019022322750112022
CTCCTAGGTAGCTAAAx-3,0.0015702050834123266
CTCGGAGGTTAAGACAx-3,0.01900627534476849
CTCTAATGTGAAAGAGx-3,0.0017138244742848994
CTCGAGGGTATAATGGx-3,0.006803539715310983
CTCGAGGAGCGAGAAAx-3,0.008213434164571197
CTGAAACTCGAATCCAx-3,0.0015843951577527967
CTCGGAGAGTACGACGx-3,0.0025996442045327366
CTCGAGGTCAGCTCTCx-3,0.0073949150023386164
CTCTAATAGTGGGATCx-3,0.01369839323560919
CTCTAATTCTCAACTTx-3,0.016816235655430414
CTCGGGAGTACCATCAx-3,0.003500531568762187
CTCTAATCACCAGCACx-3,0.0037372822054189112
CTCGGGAGTTAGAACAx-3,0.007226881970715569
CTCGAGGGTGCATCTAx-3,0.003527042178624566
CTCGTCACAGTCACTAx-3,0.018534086740341366
CTCTGGTGTCACAAGGx-3,0.0020248643469296173
CTCGGAGCAGACGCTCx-3,0.01880695061462873
CTCTAATAGCGTGAGTx-3,0.0010503458567866027
CTCTAATAGTAAGTACx-3,0.019738925411522563
CTCTGGTGTAGCACGAx-3,0.01877922989389045
CTCTACGTCGTTACGAx-3,0.0006859757312391572
CTCTACGCAATAGAGTx-3,0.01871941022149357
CTCGGAGGTCTTCGTCx-3,0.002754195880493737
CTCCTAGGTCTGATCAx-3,0.024379893137688523
CTCGAGGAGCCCAATTx-3,0.0013356245850430625
CTCGTACCACACCGCAx-3,0.019242619866977832
CTCTAATAGGTAGCCAx-3,0.02064558185208248
CTCTACGGTGTATGGGx-3,0.01698798889017751
CTCGAGGGTTCGAATCx-3,0.0016642391853082612
CTCCTAGCATTGGGCCx-3,0.0031490763009664018
CTCGAGGCACAAGACGx-3,0.005580564144119241
CTCGTCACAAGAGGCTx-3,0.00048372040382152996
CTCTAATTCTAACGGTx-3,0.026093925439915146
CTCCTAGAGTTAGGTAx-3,0.0021829064687360297
CTCGAAACAGTCGTGCx-3,0.004986075225769652
CTCTGGTCATGTCGATx-3,0.0010325508008609448
CTCTGGTGTGTGCGTCx-3,0.010268660534124568
CTCGTCATCTTCTGGCx-3,0.018663528117165797
CTCTAATAGCGTTGCCx-3,0.0019914707054557346
CTCGTCATCACCCGAGx-3,0.006359968370269799
CTGAAACTCATAGCACx-3,0.002990230278211313
CTCTACGCAGCCTTGGx-3,0.006183441222265928
CTCGGAGTCTGCTTGCx-3,0.002204801309703875
CTCGAAAAGTACGATAx-3,0.0016363764817271613
CTGAAACTCCAAACACx-3,0.0011585861261501856
CTCGTCAAGGCATGTGx-3,0.018572113428580988
CTCGGGAGTGCATCTAx-3,0.01830233105558168
CTCGTCACACCACCAGx-3,0.00397759184388756
CTCGGGACAGGCAGTAx-3,0.021119099557850015
CTCGAAAGTAAGAGGAx-3,0.020813072029657573
CTGAAACAGCGCTCCAx-3,0.0032978927399471137
CTCGGAGGTTTGCATGx-3,0.002573836202600306
CTCGAAAAGGCGCTCTx-3,0.002361812282786279
CTGAAACTCAACTCTTx-3,0.007731376342611062
CTCTGGTCAAAGGTGCx-3,0.0012178278430290733
CTCGAAACATATACGCx-3,0.00059978035403676
CTCTGGTAGTGTACGGx-3,0.0016794007885393058
CTCGGGACACGAAGCAx-3,0.02079562286469369
CTGAAGTAGCCAACAGx-3,0.0053425935096157486
CTCGAAATCGCAAGCCx-3,0.006847324326454508
CTCGTCAAGTTATCGCx-3,0.018771825836319436
CTCGAAACATGAAGTAx-3,0.002218323729573896
CTGAAACAGTGCCAGAx-3,0.0012825898554311807
CTCGAAATCATTGCGAx-3,0.0025655203655089672
CTGAAACTCTCCAACCx-3,0.0011315783753906188
CTCGTCATCCTCATTAx-3,0.0029665908191675696
CTCGAAACAAGCCCACx-3,0.0006782446313610141
CTCCTAGTCGTATCAGx-3,0.0020477372742156463
CTCGAGGTCTTCGAGAx-3,0.03271941624097871
CTGAAACAGTACATGAx-3,0.002551753884449558
CTCGAGGCAGACAAATx-3,0.017608973119244167
CTGAAGTAGAATGTTGx-3,0.03795842365756727
CTCGAGGTCTCACATTx-3,0.001199449333359029
CTCTGGTTCAGTTAGCx-3,0.0017212812580529532
CTGAAACAGCTGATAAx-3,0.01706448788215221
CTCTAATCAGACACTTx-3,0.0035689363389672948
CTCGAAAAGTGATCGGx-3,0.0009391834616507348
CTCGTACAGTCCGGTCx-3,0.015686630176426384
CTGAAACAGAAACGAGx-3,0.0014831127007377948
CTCTGGTAGCTATGCTx-3,0.0326036260807747
CTCGTCACACACCGCAx-3,0.0031206192528424053
CTCTGGTAGGCAGGTTx-3,0.0029076458743979372
CTCTAATTCAGATAAGx-3,0.002474508590284222
CTGCGGAAGCTACCGCx-3,0.0030558417026068266
CTGCCTAAGGTGCACAx-3,0.006506335884880561
CTGGTCTCACCTTGTCx-3,0.004249059192546088
CTGTGCTGTAAAGGAGx-3,0.1595860527746265
CTGTGCTGTCAACTGTx-3,0.01203796911314568
CTGCCTACATTGAGCTx-3,0.002969816978709347
CTTCTCTTCTGCGACGx-3,0.0011432153421152863
CTGCTGTTCCCTCAGTx-3,0.004570663279942923
CTTAACTCAGATAATGx-3,0.12654657600125138
CTGATCCAGAAGAAGCx-3,0.015610922290769037
CTGATCCCACGGCTACx-3,0.0018675270250433965
CTTAGGAGTGAAAGAGx-3,0.022991638158862012
CTGGTCTGTGTAAGTAx-3,0.019424883802811675
CTGTTTATCATATCGGx-3,0.1930335689081931
CTTAACTTCAACGCTAx-3,0.019381572282412655
CTGATCCGTGACTACTx-3,0.09493848075579982
CTGTGCTAGATCCGAGx-3,0.006198119664346583
CTGATCCTCCCATTTAx-3,0.019474311941908476
CTGGTCTCAGCTCGACx-3,0.001597322541200906
CTTAGGAAGACAGACCx-3,0.010233900545269648
CTTCTCTGTCCCGACAx-3,0.019148024854231678
CTGTGCTGTCATGCATx-3,0.0026792200637340544
CTGCCTACAAGCGATGx-3,0.0011584956394359652
CTGTTTATCTACTTACx-3,0.005883936241254613
CTGATAGCATGATCCAx-3,0.021340030173492307
CTGATCCAGCGGATCAx-3,0.01847520144992593
CTGTTTAAGGCATGGTx-3,0.0021966870935905647
CTTAACTTCGTCACGGx-3,0.019164498012368938
CTGATAGTCTGTCTATx-3,0.002541825603602714
CTTACCGTCCGTCATCx-3,0.0015952903071861724
CTGCTGTGTAGCAAATx-3,0.0009843360558435728
CTGCGGACATACTACGx-3,0.0014817462268419937
CTTAACTGTCCTCTTGx-3,0.008092574293795384
CTGAAGTCAGCTGTATx-3,0.01566421780315771
CTGCGGAGTTCGGGCTx-3,0.0015970551750570305
CTGTTTAGTCCGAAGAx-3,0.0009944013525516038
CTTAGGATCACGATGTx-3,0.0021776393354299623
CTGTGCTAGCCACGTCx-3,0.0015324287231356958
CTGGTCTTCTAACGGTx-3,0.003639251148012612
CTGATAGCATCGATTGx-3,0.000900803163747388
CTGCTGTGTTATGCGTx-3,0.005060849627313738
CTTACCGTCGGTTAACx-3,0.0014516332781991995
CTGCTGTAGGAATTACx-3,0.0021334518536720495
CTGGTCTTCTTATCTGx-3,0.000671368166250835
CTGTTTAAGAGTACCGx-3,0.004523232228566081
CTTAACTTCGCTGATAx-3,0.001761803683269139
CTTAACTTCCGCGCAAx-3,0.0020351717184537116
CTGTTTACAATGACCTx-3,0.04241759637312333
CTTCTCTTCCTAGAACx-3,0.002291652036551831
CTTCTCTTCTCTGTCGx-3,0.0021155272161560413
CTGTTTAGTGACAAATx-3,0.0033626238523545614
CTGTTTACACTCAGGCx-3,0.002234262264547682
CTGAAGTTCGTCTGCTx-3,0.0011889630883334468
CTTAGGAAGCCCAACCx-3,0.011643545296041924
CTGCCTATCAAAGACAx-3,0.04581057719353987
CTGAAGTCAGACAGGTx-3,0.0012508295439130094
CTGAAGTGTACCGGCTx-3,0.007816574256674614
CTTAACTAGAGTCGGTx-3,0.008871662775122451
CTGGTCTCAGCGATCCx-3,0.01933571837962168
CTGAAGTTCTCTGTCGx-3,0.007439587583126941
CTTAACTCAAGACGTGx-3,0.0009151508910149243
CTGAAGTTCGTAGATCx-3,0.00440199436329142
CTGTGCTTCAACACTGx-3,0.0036137896974940556
CTGCGGATCAGCGATTx-3,0.019283253367674613
CTTGGCTAGCCAGTAGx-3,0.02623898962737156
CTTCTCTGTCTAACGTx-3,0.0024292833940578835
CTGATAGAGGATATACx-3,0.0027301917369642677
CTTAGGAAGTGAAGAGx-3,0.0042091057144640785
CTGCTGTGTCGACTGCx-3,0.001713720591018197
CTGATCCCACTAAGTCx-3,0.0008278469033734177
CTTGGCTAGAGTCTGGx-3,0.0033095520998877312
CTTAGGAAGAATTGTGx-3,0.0012868660265137983
CTGCCTATCTTGACGAx-3,0.005626159069204445
CTGTGCTTCGGGAGTAx-3,0.00388884364810639
CTGTTTAGTTCCTCCAx-3,0.01979213870792799
CTGTTTACACGGACAAx-3,0.0011487484191264846
CTGCTGTGTCCGTTAAx-3,0.0022472356671655123
CTGGTCTTCACGCATAx-3,0.006005793100282663
CTTCTCTCAATCTACGx-3,0.004551946855655094
CTGATAGAGTCAATAGx-3,0.020158194127989474
CTGAAGTGTTAGGGTGx-3,0.005114952047008946
CTGCCTACACAACGTTx-3,0.02013156534145896
CTTAGGAGTCCAGTTAx-3,0.030844767554101996
CTGCGGATCAACGGCCx-3,0.004130518853360897
CTGCGGATCGCGGATCx-3,0.012636630326806128
CTTAACTAGTGTACTCx-3,0.0044427888341345275
CTGCCTACAGTGAGTGx-3,0.17953940068349825
CTTCTCTGTATATGGAx-3,0.007087988041824102
CTTAGGATCTGGAGCCx-3,0.0032028547909220095
CTGATAGTCCTAGGGCx-3,0.019813539050474577
CTGCGGATCACAGTACx-3,0.0015417503546778257
CTGCCTAGTGCGGTAAx-3,0.018115477429547014
CTTAGGACACGGCCATx-3,0.02137972659826063
CTGCCTACAGTATAAGx-3,0.020711094574742715
CTGATAGTCACAACGTx-3,0.019222347751459312
CTGGTCTCAGGTCTCGx-3,0.002090245282907079
GAAGCAGAGAGCTGCAx-3,0.0022866631573079522
GACCTGGCAACTGCGCx-3,0.0035824515276575443
GAACGGACAATAACGAx-3,0.19750983786589815
GAACATCAGTTAAGTGx-3,0.0013672299651399636
GAATGAACAGCATACTx-3,0.0011042138728917339
GAATAAGGTCAAAGCGx-3,0.008623074667522159
GAACATCAGTAGCCGAx-3,0.002386993122482648
GAACCTAAGCACACAGx-3,0.0015079440525865935
GAAGCAGCAAGACACGx-3,0.001204855729227387
GACACGCTCCCATTATx-3,0.018377505140544374
GACAGAGAGTTCGCGCx-3,0.0046930780343001416
GAATGAAAGGTCGGATx-3,0.018383281584863263
GAAACTCCATGAAGTAx-3,0.0053227015920482585
GAATGAACAAGGTTTCx-3,0.0011029893111908643
GAACATCCAAAGGCGTx-3,0.00490135061626676
GACACGCGTTCCATGAx-3,0.022131955350929572
GAAGCAGGTGTGAATAx-3,0.0036365570592436524
GACCAATGTAGCGTGAx-3,0.020915208684377896
GAATAAGGTGCTAGCCx-3,0.004795922569103809
GACCAATCATGGGAACx-3,0.013367152591786951
GAAATGATCGGTGTTAx-3,0.0011361665222645004
CTTTGCGGTCTTGATGx-3,0.020388680218752155
GACCTGGTCTAGCACAx-3,0.004084843088885073
GAACGGACAAACCCATx-3,0.02089149867051486
GACAGAGGTGACTACTx-3,0.005722285237028135
CTTGGCTTCCTAGAACx-3,0.0520507461699121
GACCTGGTCCGTACAAx-3,0.010244860787561764
GAAACTCAGTAGCCGAx-3,0.003968624042742596
GAAACTCTCCTAGTGAx-3,0.002555454716322129
GAATGAAAGTGAACGCx-3,0.0013258615570922198
GAACCTATCGTGGTCGx-3,0.01916584538918645
GACCTGGCATCGATTGx-3,0.0016333163684876153
GAATGAAAGCAGGCTAx-3,0.018629115171992745
GACAGAGGTCGGCATCx-3,0.00503100083477289
GACGCGTAGTTCGATCx-3,0.0008787482257692455
GAATGAAAGGCGCTCTx-3,0.023622011868491943
GAACGGAGTTCAGACTx-3,0.0020807481407375227
GAATGAACAGAAGCACx-3,0.0027948177869120253
GAATAAGTCTTCAACTx-3,0.01850464064784875
GAAACTCCACAACGCCx-3,0.008639890165360053
GAAACTCCACCTTGTCx-3,0.01951227298275905
GAAACTCGTGTAAGTAx-3,0.0027806211403868302
GAACCTAAGGACAGAAx-3,0.001834686255224748
GAAGCAGGTCTGATTGx-3,0.023181038141444434
GAACCTACAAAGCGGTx-3,0.0010058900923905227
GACACGCCACAAGACGx-3,0.0015288481776060867
GAATGAAGTGTCCTCTx-3,0.0008528930494968887
GACCTGGCAAGAGTCGx-3,0.019391598494191427
CTTTGCGCACCGAAAGx-3,0.0010573292042102527
CTTGGCTTCGGTTAACx-3,0.0010541216218101581
CTTGGCTGTACCGAGAx-3,0.020129531225388797
GAAGCAGAGTTTAGGAx-3,0.020556937881836587
GAAATGAAGGATGGAAx-3,0.003359580302988591
GAAATGAAGGATGGTCx-3,0.022282158857924398
CTTTGCGCACGGACAAx-3,0.01822683920725938
GAACGGACAAAGTGCGx-3,0.006185767014631897
GACAGAGGTATTCTCTx-3,0.001700131860829075
GAATAAGTCCATGAGTx-3,0.017262375340400097
GAACGGAGTTCGGCACx-3,0.03190248321190957
CTTTGCGCATGCTAGTx-3,0.019441785180745977
CTTGGCTCAGGACGTAx-3,0.003869958592927755
GACAGAGAGCCGGTAAx-3,0.00201575240824349
GACCAATTCACTATTCx-3,0.002774637112190142
GAAACTCGTTGTCGCGx-3,0.0030657989008356793
GAACCTACACGTCTCTx-3,0.013460266545161307
GAAGCAGGTCTACCTCx-3,0.04718982450555643
GAACGGAGTGGGTCAAx-3,0.0008291544965277164
CTTGGCTAGTGTGGCAx-3,0.009509798552882337
CTTTGCGAGCAACGGTx-3,0.0022064874163075137
CTTGGCTCAGGGAGAGx-3,0.018134640365528018
GAAACTCCAAGACACGx-3,0.007183764833200068
GAAATGACATCACGTAx-3,0.008122964116504794
GAAACTCTCAGCGACCx-3,0.003911486443241831
GAAATGAGTCTGGTCGx-3,0.0018095221029063562
GAAATGATCGGAATCTx-3,0.01630597533742382
GACCAATAGACGCTTTx-3,0.01818117032480646
GAATAAGGTCATACTGx-3,0.011329469620359304
GACCAATGTAGCTTGTx-3,0.0008836271631783496
CTTGGCTTCTTCGAGAx-3,0.018539358766851328
GAAACTCTCTAACTGGx-3,0.0008401723011414326
GAAACTCGTCGCTTTCx-3,0.0019655027410870446
GACACGCCATCGGTTAx-3,0.002217626602744294
GACCAATTCTTTACACx-3,0.018796025680333145
GAAGCAGAGTGTTAGAx-3,0.008169942253155676
GAACGGAAGATGTGTAx-3,0.005304339058455847
GACAGAGAGGGTCGATx-3,0.0036087173975175974
GACACGCTCTCTTATGx-3,0.0034188399653699987
GAACCTAGTCTAGTCAx-3,0.0010776527223742211
GAATAAGCAAACTGTCx-3,0.0025399550004593335
GAACATCCATGCCTAAx-3,0.03189189923535286
GAACGGAAGGCAAAGAx-3,0.0022436500241114913
GAACCTACAGATGGGTx-3,0.0012333254112310305
GACAGAGGTTCGTCTCx-3,0.004910368270147969
GAACGGACATAGTAAGx-3,0.002218424842273713
CTTTGCGGTGAGTGACx-3,0.011519458281839302
GACCTGGTCTTCGGTCx-3,0.0011163291134531773
GAAACTCAGCATGGCAx-3,0.0025403197888045053
GAGTCCGCACAAGACGx-3,0.0029024765220031353
GATCTAGAGTAGATGTx-3,0.003237257827058812
GACGCGTCATCGGACCx-3,0.002891586451100415
GACGTTACAGCCAGAAx-3,0.019417955427840177
GATCGTATCGTAGGTTx-3,0.0009714898523154779
GACGTTACAGGCTGAAx-3,0.0012321345002259503
GATCGTACACATCCGGx-3,0.004010503907812867
GACTGCGTCCGGCACAx-3,0.0029885772849121443
GACTACAAGGCGATACx-3,0.020623098633269894
GATCGATAGTACGTTCx-3,0.0015354810769978072
GATGAAAAGCTTTGGTx-3,0.009430389314850502
GAGGTGAGTAAATACGx-3,0.004571305372554951
GATCTAGAGTTCGCGCx-3,0.01952260227476739
GATCAGTTCGCCAAATx-3,0.020298249507803
GAGGTGAAGTGAATTGx-3,0.020843141357771506
GACGTGCAGAGGTTATx-3,0.001387616338464673
GATCGCGGTCATACTGx-3,0.0017983424436978936
GACGTGCAGCCGTCGTx-3,0.0034324356807792786
GAGGTGACACGAAATAx-3,0.0008809765835984099
GATCGATCAGACGCCTx-3,0.005351860888426529
GAGCAGACAGTGGGATx-3,0.20259672971982381
GAGGTGAAGCGCTCCAx-3,0.019978793640201355
GATCGCGTCAAACCGTx-3,0.0035100104272661426
GACGTGCAGTGTACTCx-3,0.0282644166545932
GACTACAAGCCGGTAAx-3,0.0009180584230100967
GACTACAAGATGAGAGx-3,0.0042757972717121385
GACTGCGTCACATGCAx-3,0.193450938739077
GAGTCCGTCACAAACCx-3,0.0021873889907917275
GACGTTACAAGGACTGx-3,0.02228240467790707
GACGGCTGTCCGAACCx-3,0.00430782568183672
GACTACACACGGTTTAx-3,0.0010487506236644408
GAGCAGAGTGAACCTTx-3,0.019823654769090454
GATCGTAGTCATGCCGx-3,0.005368539428300986
GATCGCGTCCGGCACAx-3,0.019310917112240422
GAGTCCGTCAAGGTAAx-3,0.006108666302480432
GATCGTACAATCGAAAx-3,0.0007770348040889665
GACGTTAGTGACCAAGx-3,0.02439881586820704
GACTAACGTCCCGACAx-3,0.006065753867180949
GAGGTGAGTTTGGGCCx-3,0.001421210422670673
GACTACAGTGTTCTTTx-3,0.003782074528278574
GAGTCCGCAGGCGATAx-3,0.06077260205801393
GATCGATCAAGTCTACx-3,0.01807376941475643
GATCTAGCACTTCGAAx-3,0.0032253811572973377
GACGGCTCATCACGATx-3,0.0009727034889248529
GACTGCGCAATGAATGx-3,0.0023739928829412285
GATCTAGTCCGCATAAx-3,0.003925390943372291
GACTAACAGAGATGAGx-3,0.004648906335173577
GAGTCCGGTCTACCTCx-3,0.02376582807754613
GATCGATGTTCTGTTTx-3,0.018031555754131217
GATCGCGCATGGTTGTx-3,0.02125411561576739
GAGGTGATCACGGTTAx-3,0.006916040730780089
GAGGTGAGTAACGTTCx-3,0.004079137777101701
GACGCGTCAAAGAATCx-3,0.004922991849886256
GATCAGTGTACCTACAx-3,0.01953252762359656
GAGTCCGCATACGCCGx-3,0.04182136674190339
GACGCGTCAATTGCTGx-3,0.0036220430468305487
GATCAGTCACATCTTTx-3,0.0024577619100514597
GAGGTGATCCCAAGATx-3,0.011895452408469299
GACGGCTAGTGCTGCCx-3,0.0008229073161750618
GAGTCCGTCATACGGTx-3,0.08557376911455511
GATCGATTCTCCCTGAx-3,0.0034784434718645165
GACTACACAAACCCATx-3,0.01944537557258423
GACTAACCATAACCTGx-3,0.005575560188885903
GATCTAGCAGCCTTTCx-3,0.02036649672158837
GAGTCCGGTTGGGACAx-3,0.0003360559656374111
GATCGTAAGCTACCTAx-3,0.0012686545280403995
GACTACACAAGCGAGTx-3,0.001529787401063957
GATCGATGTAGGACACx-3,0.0038794780410925968
GATCTAGAGTAATCCCx-3,0.0021285246254751857
GACTACATCGTAGGAGx-3,0.0025298509111253286
GACGCGTTCTACTCATx-3,0.0017872204411013331
GATGAAAAGAGTAAGGx-3,0.02726193170928415
GACTGCGGTCCATCCTx-3,0.006000879479631386
GAGGTGATCAGGCCCAx-3,0.020012660281811694
GAGGTGAAGAGCCTAGx-3,0.027271247398321263
GATCGTAAGGCTATCTx-3,0.001327547140491148
GATCGTAAGGCTAGGTx-3,0.002895346603799358
GATCGTACATCTACGAx-3,0.0015667596664085761
GACGGCTCAGCGTCCAx-3,0.001609199907243223
GATCGCGCAACTGCTAx-3,0.0037636795630410598
GATCAGTGTTTAGCTGx-3,0.006134178029457241
GACGCGTTCAAACGGGx-3,0.005834229408677304
GACGTGCGTGTGCGTCx-3,0.0007215558286478551
GATCGTAAGTGGGCTAx-3,0.004231665614294611
GACTACAGTTGATTGCx-3,0.004171688142338435
GATCTAGGTCCGAACCx-3,0.004811974941026167
GACTAACAGACAAAGGx-3,0.2038283534791213
GAGCAGACATGTTGACx-3,0.0011164034982612283
GATCAGTCACCCATTCx-3,0.00039718444087324077
GAGCAGAGTTAAAGACx-3,0.002580466352770907
GAGTCCGAGAGACTATx-3,0.02021175290758757
GACGTGCAGCTAAGATx-3,0.0030108889883879823
GACGGCTTCGTTGCCTx-3,0.01097009956859188
GATTCAGCAAGCCGCTx-3,0.018005346818234135
GATGAAAGTGCGATAGx-3,0.004041407136772651
GCATGTAGTTGTACACx-3,0.0012866610273216993
GCATGATAGCTAACTCx-3,0.0031987755817916
GCAATCAGTGTCGCTGx-3,0.0027460521256176635
GCAAACTCACAGGTTTx-3,0.02810742343702876
GCACTCTGTGTCGCTGx-3,0.0074379459189960724
GCAAACTAGAGCTGGTx-3,0.005480938140457213
GATGAGGTCAGCTGGCx-3,0.015708136662536544
GATGAGGCACTCGACGx-3,0.0016419354716709356
GATGAGGAGAATTCCCx-3,0.004197314737932304
GCCAAATAGCTATGCTx-3,0.0013901896468079965
GATTCAGCACCAACCGx-3,0.004948668119704708
GCATGCGGTTCAGACTx-3,0.057889114015345404
GCACTCTTCCATGAACx-3,0.0237747089821605
GATGAAACACGAGAGTx-3,0.030663937773841164
GCACATACACGGCGTTx-3,0.07004629832853992
GATGCTATCACTTCATx-3,0.0025687867076608145
GATGCTAGTTCTGGTAx-3,0.18639832530117967
GCAGTTAAGAGAACAGx-3,0.02716901719153214
GCAATCACACTGTTAGx-3,0.006252049737548605
GCACTCTAGCGATCCCx-3,0.0007148937208017542
GCAGCCAGTTATCGGTx-3,0.003368327978376043
GATTCAGCAAGTTGTCx-3,0.004196492304699539
GCATACAAGAAACCATx-3,0.001873961818582659
GCCAAATAGCACAGGTx-3,0.010436943357858917
GCAAACTCACATGACTx-3,0.19061984533667492
GCAGTTAAGTATCGAAx-3,0.002815089567938973
GCATGTACACCCATTCx-3,0.0036093387964440103
GATTCAGAGCCACCTGx-3,0.007948918254604165
GATTCAGGTAATTGGAx-3,0.007493526645825948
GCAATCACATAGTAAGx-3,0.0035321837571098947
GCAATCACATCCAACAx-3,0.0011272587403292466
GCACTCTTCCGTAGTAx-3,0.00806956659894486
GCAGTTATCATTATCCx-3,0.006442839909587152
GCATACATCTGCCAGGx-3,0.004216057822696358
GCATGCGCAAGCGCTCx-3,0.001245818287761826
GCAGTTACACCGGAAAx-3,0.022371998593601384
GATGAAACACTGTTAGx-3,0.0009830017665564753
GCATGTAAGGGAAACAx-3,0.0027153479450619513
GCATGTAAGATGTGGCx-3,0.0007394221650795924
GCAAACTCACGACGAAx-3,0.0015634423781157032
GATTCAGGTCGACTGCx-3,0.0023256442025323763
GATTCAGTCCTGTACCx-3,0.018353184572427426
GCACATATCCAGTAGTx-3,0.0036898536980292276
GCATGTATCTTTACACx-3,0.0010743455201720304
GATGAGGAGGCCCGTTx-3,0.02255765992856077
GCATGATTCCTCTAGCx-3,0.0013198429492171028
GCATGCGAGATATACGx-3,0.0037532581111366877
GCAGCCACATCTCGCTx-3,0.005603642281450507
GCAAACTGTTCGTGATx-3,0.008977071298310534
GCACTCTCAAGCTGGAx-3,0.018282070850543484
GCACATAAGACTTGAAx-3,0.017157161906905822
GCACATAAGGAATTACx-3,0.001018043699408262
GATTCAGCATAGTAAGx-3,0.0003136478567908499
GCAATCAGTGATGTCTx-3,0.0035939269060488183
GCAGTTATCATGTCCCx-3,0.0010997689116050155
GCACTCTGTAGCTTGTx-3,0.0018891556760873224
GATTCAGCAAGGACTGx-3,0.0041238364092447055
GATGAGGCAGGACCCTx-3,0.0013817823923859354
GATGAAACAAGCCTATx-3,0.0014556633506921663
GCATGCGGTCGTCTTCx-3,0.01806769046748494
GCACTCTCAGATGGGTx-3,0.0077629063556796515
GCAGTTAGTATATCCGx-3,0.004085099385603892
GCATGCGCAAAGCGGTx-3,0.0026106559810676376
GCCAAATAGGCATGGTx-3,0.0011641721950340633
GCATACAAGAGTCTGGx-3,0.01967614666846559
GATGAAAGTTCCGTCTx-3,0.019529358702491114
GCATGATCATTATCTCx-3,0.017506299691119047
GATGAAATCGATCCCTx-3,0.01948626055088218
GCAAACTGTATCGCATx-3,0.00304260110323548
GCACATACATTGGCGCx-3,0.004870301981567903
GCAGCCATCTGTCTCGx-3,0.019013483578114467
GCATGCGCATCCAACAx-3,0.0036466397321013267
GCACTCTCATCCTAGAx-3,0.008199830347646419
GCACATACACACTGCGx-3,0.018154939160350325
GCATGCGTCCTATTCAx-3,0.0023431822793228726
GCATACAAGACGACGTx-3,0.019155321262475322
GCATGATTCACCAGGCx-3,0.0007744259589929223
GCAGTTATCAAAGTAGx-3,0.018983172150286477
GCACTCTAGATCTGCTx-3,0.02252857322053469
GCAGTTATCACTTCATx-3,0.018027026276571042
GATGCTACAAGTACCTx-3,0.00272403387610253
GATTCAGCACAAGACGx-3,0.02175871018965713
GCACTCTGTTCAACCAx-3,0.0031251621583132825
GCATGCGAGCGTAGTGx-3,0.019517828476970884
GATGAGGAGAGGTACCx-3,0.007070581291640306
GATTCAGCACCGAATTx-3,0.0034370725775540118
GCATACACAGTTCCCTx-3,0.0016447659378445536
GATGAAAGTTGTACACx-3,0.001417649482302373
GCATGATTCGATAGAAx-3,0.0032449009708248435
GATGCTAAGAGTCTGGx-3,0.007689446042559466
GATGAAAGTAGCCTCGx-3,0.018089167531130868
GCGCCAATCATCGGATx-3,0.0007471346369605514
GCGACCACAGACTCGCx-3,0.0032793002916372454
GCGCAACTCTCATTCAx-3,0.018881230327400612
GCCTCTATCAGCTCGGx-3,0.00256299662685031
GCGCAGTGTAGCTAAAx-3,0.005366549469696495
GCGAGAAGTAAATGTGx-3,0.018825419864593664
GCGCAACTCTGTCCGTx-3,0.0011358303471937301
GCGGGTTAGTTGAGTAx-3,0.01702857733863066
GCGCCAACAGGCTGAAx-3,0.0010663004310109592
GCGCGATAGTCCGTATx-3,0.018925543567047377
GCTCCTAGTACAGACGx-3,0.013336042026336831
GCTCCTATCATGTAGCx-3,0.003342462846510987
GCGCGATTCACCGGGTx-3,0.0009905323808261735
GCGCGATCACTATCTTx-3,0.006487534732661997
GCTCCTAAGGCTAGACx-3,0.01760071069075237
GCGACCAGTAGAGTGCx-3,0.006669654639783769
GCGACCATCCGAGCCAx-3,0.003115251245662064
GCGAGAAAGGCAGGTTx-3,0.0019462983564999886
GCGCAACTCGTCTGAAx-3,0.02066915012444801
GCGCGATCATCGGACCx-3,0.00124334827638232
GCTCTGTCACCAGATTx-3,0.0015613864369740857
GCTCCTATCTCTGTCGx-3,0.0015711772202827343
GCGACCAGTGCTAGCCx-3,0.0007889532599982034
GCGAGAAGTGAAATCAx-3,0.20728797712147642
GCGCAGTCAAGAAAGGx-3,0.019798624625342973
GCGCAGTTCAAACGGGx-3,0.0008851222638927854
GCGGGTTTCCGTAGGCx-3,0.0017216754238520606
GCTGCAGAGTCCCACGx-3,0.01833747237955515
GCGGGTTTCGCATGGCx-3,0.018101852480131797
GCCTCTAGTCGAAAGCx-3,0.016856354361960438
GCGCAACGTCCCGACAx-3,0.002114775235305915
GCGAGAAAGCCGCCTAx-3,0.00109173242648616
GCGACCACATTCTCATx-3,0.07171122279241891
GCGACCAAGGGTGTTGx-3,0.007451207617337557
GCGACCAGTTGGACCCx-3,0.0008051227202966717
GCTGCAGAGCCCTAATx-3,0.0006302006093560018
GCTCTGTGTCCGAATTx-3,0.018535063417688014
GCCAAATGTACCGCTGx-3,0.004579364383195095
GCGCAGTGTACATCCAx-3,0.02017502088042471
GCTCCTATCTACCTGCx-3,0.0010191108568274874
GCCAAATCATCGTCGGx-3,0.017730132727058815
GCCAAATGTTCCACTCx-3,0.0030976287648289635
GCGCAGTAGCCACGTCx-3,0.018490663339003052
GCGCCAAAGCGTGTCCx-3,0.008687392664717549
GCGGGTTCATCGGACCx-3,0.0177638041682027
GCTGCAGAGCATCATCx-3,0.016845931905423616
GCGAGAATCCGTCATCx-3,0.00964959258455827
GCGAGAACAACCGCCAx-3,0.018299447768443954
GCTCCTAAGGATCGCAx-3,0.004600173703862195
GCGCAACAGCGATAGCx-3,0.019652653373259728
GCCAAATCACCGCTAGx-3,0.0012265213606831933
GCCAAATAGGCTAGCAx-3,0.0016188575839831043
GCTCTGTTCACCACCTx-3,0.018087886338988574
GCGCGATAGCGTGAGTx-3,0.0028386614279875435
GCGCAGTCATCGGACCx-3,0.011127942333564083
GCGCAACCATCCTAGAx-3,0.0018426594721934473
GCCTCTAAGACGACGTx-3,0.003102137656118162
GCTCCTATCACCAGGCx-3,0.015173849682806082
GCTCCTAGTGTGCCTGx-3,0.007081043089883161
GCCAAATTCTGGTTCCx-3,0.0010518879416256323
GCGCAACCAAACGTGGx-3,0.018990228246428046
GCTCCTAAGGAGCGTTx-3,0.019091077133505656
GCGCAGTAGTTAGCGGx-3,0.006309305937442968
GCGCCAATCATATCGGx-3,0.0050776896851972755
GCGCCAACAATGTTGCx-3,0.019818087315505918
GCGCAGTGTTACGCGCx-3,0.00750018877705312
GCGCAACGTTAAGACAx-3,0.0016932663032122525
GCTCCTAAGACCCACCx-3,0.018360588130046
GCGCCAAAGGTGGGTTx-3,0.0017927805333784763
GCGACCAAGACATAACx-3,0.0220004544894318
GCTGCAGCATCCTAGAx-3,0.003353863446821373
GCGACCAAGTGGGATCx-3,0.0018390332704017905
GCGCAGTAGCGCCTTGx-3,0.018122033408583173
GCGACCAGTGCACCACx-3,0.0
GCGCAGTTCCCATTTAx-3,0.019005167860610666
GCTCCTACACCTATCCx-3,0.01613626964408171
GCTCCTAAGCTGCCCAx-3,0.018380216865767938
GCGCGATCAGCCAGAAx-3,0.018345255547065134
GCGCCAAGTTGATTCGx-3,0.0526577737924612
GCGCAGTAGCTCTCGGx-3,0.0036526636952565563
GCTCTGTCAAGAAGAGx-3,0.003734194778695362
GCGGGTTGTGCATCTAx-3,0.0009882312509517772
GCGGGTTCATGTTGACx-3,0.004462493610710315
GCTCCTACACTGTTAGx-3,0.001700598409903752
GCTCTGTGTATATGAGx-3,0.0014534436367698586
GCGCAACAGGCTAGCAx-3,0.003842588158982352
GCCTCTACAATCGAAAx-3,0.07025547293391858
GCGGGTTAGGGATCTGx-3,0.018277265020007604
GCGAGAAAGAGATGAGx-3,0.01823029223263125
GCGCCAATCAAACCGTx-3,0.0036804268426442006
GCGGGTTTCATTCACTx-3,0.01821257318482373
GCTCTGTGTACCAGTTx-3,0.01919994929128728
GCTGCAGAGGTGTTAAx-3,0.0023287636923883456
GCGCAACGTAAGGGCTx-3,0.014188237421963132
GCGAGAATCCAGAGGAx-3,0.004410279848774675
GCTGCAGGTACGAAATx-3,0.00507956211262721
GCTGCAGGTCTCCATCx-3,0.0010500995530688365
GGAACTTTCTTACCTAx-3,0.006913918238767693
GGACGTCTCCTCAATTx-3,0.021393371344678405
GGAGCAAGTCTAGTGTx-3,0.0020151753289628102
GCTGCGAAGGCCCTTGx-3,0.05903671836000238
GGAAAGCTCCTATGTTx-3,0.0029291856421596978
GGAGCAAGTGCTGTATx-3,0.0007101987363224355
GGAACTTCATGCATGTx-3,0.0022559512122937273
GCTTGAACACACGCTGx-3,0.0014454844756162353
GGAAAGCGTAAATACGx-3,0.0028170471392387542
GGAACTTGTAAACCTCx-3,0.0007649666735006441
GCTGCGAAGCCGTCGTx-3,0.008659389352511258
GCTTCCAGTCTCCACTx-3,0.019807221338835324
GCTGCTTGTCTTTCATx-3,0.09371584554616194
GGAAAGCAGACAAGCCx-3,0.019545057962136805
GGACGTCTCCGGCACAx-3,0.012717389802740576
GCTTCCATCGTCCGTTx-3,0.008981183390579298
GGATGTTAGAAACGCCx-3,0.02395944359882696
GCTGCTTCATTAGGCTx-3,0.017818548057640448
GCTTGAACAATGAATGx-3,0.0024194458618111594
GGAAAGCTCTACTCATx-3,0.004004964096574826
GCTGCTTAGTGGAGTCx-3,0.000875085481354874
GGAAAGCCAGGGAGAGx-3,0.007213657880137484
GGACGTCTCAGCTCGGx-3,0.0008206339130494485
GCTTCCACATGCCTAAx-3,0.01902125979085587
GCTTCCAAGCAGACTGx-3,0.0011223153462942043
GCTGGGTGTATAGTAGx-3,0.0005796621849845644
GGAACTTTCAGCTCGGx-3,0.04121235280739218
GGAAAGCGTCTCTCGTx-3,0.0023778979275274875
GGAATAACAACACGCCx-3,0.001138233104629644
GCTGCAGGTAGATTAGx-3,0.0016661741834619955
GGACGTCGTATGAATGx-3,0.02049057221613569
GGACGTCTCACAGTACx-3,0.01939616656283273
GGAATAATCGTTGCCTx-3,0.018238034824958057
GCTTGAAGTGCCTTGGx-3,0.0005082588673465845
GGACGTCGTTCGTCTCx-3,0.0016377305809699204
GCTGCTTCAGATCGGAx-3,0.0013965477992476777
GGAATAAAGCTCCTCTx-3,0.00302758103954096
GCTGGGTAGTCAATAGx-3,0.0010203641241859618
GCTTGAATCCAGAGGAx-3,0.0017689920592577962
GGACAGATCAGTGTTGx-3,0.019294900909270687
GGAACTTCACATTAGCx-3,0.019583958803004238
GCTGCTTTCGCAAGCCx-3,0.0029721065469694692
GCTTCCACACTAAGTCx-3,0.005605881073670435
GCTGCTTTCGCCAAATx-3,0.019576234928586636
GGACAAGGTTGGTTTGx-3,0.01760121292340115
GGACAAGGTGTGAAATx-3,0.021468200903397648
GGACATTTCTAGCACAx-3,0.001386012934326134
GGACATTAGAGGTACCx-3,0.1650555153087409
GGACGTCCACTAGTACx-3,0.003380674399945618
GCTTGAATCATCATTCx-3,0.0013609555981090266
GGACAAGAGCGCTTATx-3,0.0035494424308248488
GCTGCGAAGAGTAATCx-3,0.022246491721233386
GGACGTCTCTTGTTTGx-3,0.02146160867383913
GCTTCCAGTTTGGGCCx-3,0.01783257475771121
GGACAGAAGGACAGCTx-3,1.760769271980689e-05
GGACGTCCATATGCTGx-3,0.01961271174983907
GGAATAAGTTCGGCACx-3,0.0011646478059428795
GGAAAGCCAGTATAAGx-3,0.0045520991922555105
GGAAAGCTCCACGCAGx-3,0.0011753293262716838
GGAATAAAGATAGCATx-3,0.028337603179741683
GCTTCCAAGTTAGCGGx-3,0.0021358757414428465
GGACAGACAAGTAATGx-3,0.018747766499905626
GCTGGGTAGGACACCAx-3,0.0020607318335566184
GCTTCCAGTCAGCTATx-3,0.0032814045985260524
GGAGCAAAGATCCCATx-3,0.004324538657758843
GCTGCTTAGCTAACTCx-3,0.002006863135305484
GGAAAGCTCGGATGTTx-3,0.0012728593386225856
GCTGGGTTCGCGTTTCx-3,0.01140082185420659
GGAATAACACCAGGTCx-3,0.01554644026471807
GGACGTCAGTTCGCATx-3,0.02075153769151174
GCTTGAAGTAGTACCTx-3,0.0012622088228473353
GGAAAGCCATGTTGACx-3,0.0030913177439008503
GCTTGAACAGTCCTTCx-3,0.0563233481047559
GGACAAGTCACATGCAx-3,0.019013632843519913
GCTGGGTAGCGATCCCx-3,0.013429697997253794
GGAATAATCAACGGGAx-3,0.010931157030910488
GGACAAGCATCACAACx-3,0.020039671996679796
GCTTGAACATCCAACAx-3,0.02099865103016175
GCTTCCACATCCGCGAx-3,0.0012723751624559893
GCTTGAAAGAAAGTGGx-3,0.013330546095645735
GCTTGAAAGTAGCGGTx-3,0.01841238830336741
GCTGCTTAGGTGCTTTx-3,0.003716933376058374
GGATGTTGTCTGCGGTx-3,0.019739039618465508
GGACAAGCAGGCAGTAx-3,0.02166406556328219
GCTGCAGGTCGTTGTAx-3,0.0036965474473575725
GGACAAGTCTCGCATCx-3,0.15216580337353464
GGACAAGTCGGCATCGx-3,0.0008814831077844709
GGAATAAAGACAAGCCx-3,0.004326755976346144
GCTTCCAAGGTGCTAGx-3,0.0018756435613502432
GCTTGAATCATTCACTx-3,0.0028266942245247888
GCTGGGTTCTCCAGGGx-3,0.018701474982871464
GGACAGAAGTGACATAx-3,0.04406655562267495
GGAACTTCAGGTCCACx-3,0.02301369070380639
GGCTGGTCAGATGGGTx-3,0.004414773753235698
GGGCATCTCTTGACGAx-3,0.003915921019705363
GGGTCTGTCAAGGCTTx-3,0.0015719977329191807
GGGTCTGAGAGACTTAx-3,0.001233327584242065
GGATTACTCACAAACCx-3,0.0017218643334389952
GGCAATTGTATGAATGx-3,0.0007516950355504481
GGGTTGCAGATGCGACx-3,0.0023209606504797373
GGCCGATGTGTCAATCx-3,0.0037495997128326845
GGGTTGCTCTGGTGTAx-3,0.003645486500750455
GGATGTTTCCGCAGTGx-3,0.0203260560943513
GGCGTGTGTTCGTCTCx-3,0.005525579324837267
GGCAATTTCAATCACGx-3,0.003787153407710517
GGCTCGAGTCGCTTCTx-3,0.0022832882795289482
GGGAATGCAGAGCCAAx-3,0.0017561142933096296
GGGTCTGAGAGCTATAx-3,0.002941573931476747
GGCCGATAGGGTATCGx-3,0.02008810786048979
GGCGACTCAAACGCGAx-3,0.001148035700530148
GGCGTGTTCTATCGCCx-3,0.009339647714803341
GGGTCTGCATCACGTAx-3,0.018986392334694985
GGGTCTGGTATCACCAx-3,0.004566896298908531
GGGTCTGAGAGGTACCx-3,0.004912470492920598
GGCCGATTCGTTGCCTx-3,0.0038229763435469917
GGGTCTGTCAAGGTAAx-3,0.0020951507971346092
GGGCACTAGCTGAAATx-3,0.001527500641378537
GGCAATTCAGCAGTTTx-3,0.0030548833100783766
GGCAATTGTGGGTCAAx-3,0.08047843604651445
GGGCATCGTAACGCGAx-3,0.002497312266244506
GGGCATCCAGGGCATAx-3,0.012904205170182191
GGCAATTCACGGACAAx-3,0.0019012216933613406
GGCCGATGTCGTGGCTx-3,0.005066141471368359
GGGAGATTCAAGCCTAx-3,0.004294043076431599
GGCGTGTTCAGAGACGx-3,0.002491849192177848
GGGTCTGCAGCGTAAGx-3,0.003311402371476693
GGCTGGTAGTGAACGCx-3,0.018057294975737926
GGATTACGTAGCGCTCx-3,0.002002103835211085
GGGACCTAGTCTCGGCx-3,0.005449174838447151
GGGCATCTCACAGGCCx-3,0.019904408438255236
GGCAATTTCTTCCTTCx-3,0.04612560902214626
GGGTCTGTCCTGCAGGx-3,0.020576033035942208
GGGTCTGAGCAGCGTAx-3,0.0012628888010279686
GGGCATCAGTCTTGCAx-3,0.002120999835992916
GGCTGGTAGACTGGGTx-3,0.02383041317834554
GGATTACGTATAGGGCx-3,0.0025745334513728045
GGGTCTGTCAACGGCCx-3,0.017617446524930445
GGGCATCGTCTTCTCGx-3,0.019756815879747616
GGCTCGAAGAATTCCCx-3,0.004330696954949448
GGGAGATCAGCCTTTCx-3,0.003096918347263624
GGGAATGAGCACACAGx-3,0.022896792887857544
GGCGTGTTCAAGATCCx-3,0.018276918868595074
GGGTTGCCAAGCTGAGx-3,0.026544413504487777
GGGATGATCGCCTGAGx-3,0.0030236873332212446
GGGATGATCCAACCAAx-3,0.011133338015507229
GGATTACAGTCGTTTGx-3,0.0013548155615296317
GGATGTTTCCTATTCAx-3,0.020085615825154855
GGATTACAGTCTCAACx-3,0.004412141415487769
GGGAATGGTTATCACGx-3,0.0007384137196312421
GGGAGATTCCGCGCAAx-3,0.0021795630794907545
GGCTCGACAAGCCGTCx-3,0.01117299952198048
GGCGACTCATCCCATCx-3,0.0014575715664961707
GGGATGACACTCAGGCx-3,0.00698248368248487
GGGACCTAGCTCTCGGx-3,0.018853280871296396
GGGCATCCACTTACGAx-3,0.012781740290356577
GGCTCGACACACATGTx-3,0.001904039189659341
GGGACCTCATTTCACTx-3,0.0008423360361283163
GGGTTGCCATAAGACAx-3,0.000708450080482439
GGGACCTTCTGCGGCAx-3,0.002130454043794547
GGGTTGCAGGTGGGTTx-3,0.003686999192450346
GGGATGAGTTCCTCCAx-3,0.019909610436547806
GGCTCGAAGTGTCCATx-3,0.021429196188987212
GGGATGATCATGCTCCx-3,0.03024570311818455
GGGAGATCAAGAGGCTx-3,0.19215829131459228
GGCGTGTTCCCATTATx-3,0.006296588801004848
GGGCACTGTTCAACCAx-3,0.0011308246030095918
GGCGTGTTCACGACTAx-3,0.0006455072721534475
GGCTCGAGTCATCCCTx-3,0.012513037477674063
GGGCATCCAGACGCCTx-3,0.0037516874309986973
GGCTGGTCACATTAGCx-3,0.0027064038556697425
GGGAATGCATCGTCGGx-3,0.0016417901929168667
GGGTTGCCAAGTCATCx-3,0.0021466098643155344
GGGAGATAGTGCGTGAx-3,0.018534762840554938
GGGACCTAGTTGTCGTx-3,0.004430954818776513
GGATTACTCTGTTTGTx-3,0.0035107370848241107
GGGAATGTCTGCCAGGx-3,0.004612065206713139
GGCTGGTAGCACGCCTx-3,0.02121665399791013
GGGTCTGGTCTCAACAx-3,0.0021407809030070868
GGCCGATGTCCCTTGTx-3,0.0011180295397634763
GGATTACTCTGCTGTCx-3,0.01813186078353506
GGATGTTTCCGCTGTTx-3,0.0021209392323999067
GGGCATCTCCTCAATTx-3,0.0021535911693939393
GGGACCTTCCTAGAACx-3,0.006784050818566969
GGCTGGTAGAAACGAGx-3,0.020335860383703153
GGATTACGTGTTCTTTx-3,0.006494044215309526
GGCTCGAGTCACCTAAx-3,0.0013194721716938648
GGGCATCGTTGGTTTGx-3,0.01880933376249941
GGCCGATAGCTCAACTx-3,0.0027171039192531578
GGTGTTAAGGGATCTGx-3,0.03264595576898244
GTATTCTAGTGCGATGx-3,0.02164210241007946
GGTATTGCAAGCGATGx-3,0.017706066634793752
GTACTTTCATTCCTGCx-3,0.002382131110096803
GTACTTTAGCAGCGTAx-3,0.0010797677461892522
GGTGCGTGTACCGTATx-3,0.1944457007287255
GGTGAAGCAGTATAAGx-3,0.025974788025566145
GGTATTGGTGCAGTAGx-3,0.0015057192709205405
GTACTCCCATGATCCAx-3,0.0035470160517743006
GTAGTCAAGACACTAAx-3,0.012058490935429525
GTCAAGTAGGTGCTAGx-3,0.0027932540547151996
GTAACTGTCATCATTCx-3,0.0024441169041265207
GGTGCGTTCCGTAGTAx-3,0.019412091087022913
GGTGTTAGTAAGAGGAx-3,0.0014021689234964465
GTATTCTTCACCTCGTx-3,0.006832134493858167
GTAACTGTCGGTTCGGx-3,0.008481249568539795
GTAACGTGTATATCCGx-3,0.0012228284383954673
GTATTCTTCCACGTTCx-3,0.003617268006084115
GTATTCTTCTGCGACGx-3,0.012592222707780409
GTCAAGTAGGCAGGTTx-3,0.0068840868342052615
GGTGAAGCATACGCTAx-3,0.0017292535227942088
GTACTTTTCGAACGGAx-3,0.0014660230531114422
GGTGTTATCTTCGAGAx-3,0.0016969680727385854
GGTATTGTCATAAAGGx-3,0.003869301859958023
GGTGAAGGTTTAGGAAx-3,0.0038391733980912015
GGTGCGTTCTTGAGACx-3,0.007792695981568154
GTAGTCACACATGACTx-3,0.0015627694121613
GTATTCTTCCCTTGTGx-3,0.017674850432586854
GGTATTGTCTGATTCTx-3,0.0024527451513427
GTATCTTGTACCGTATx-3,0.06371611737962268
GTAGTCAGTGCGCTTGx-3,0.15150476586298767
GTCAAGTGTACAGCAGx-3,0.004842884616491175
GGTGCGTTCGAGGTAGx-3,0.005259555928758791
GTACTCCTCGCGGATCx-3,0.0004323437890894677
GTAGTCAGTCACTTCCx-3,0.021895254127537365
GTACTCCTCACGGTTAx-3,0.019939305830931245
GGTATTGCAGGAATGCx-3,0.14442012651198516
GTACTTTGTAACGTTCx-3,0.002051132355082799
GTATTCTCAGTTTACGx-3,0.0030081846423619897
GTATCTTCAATACGCTx-3,0.019621698569927164
GGTATTGCATACTACGx-3,0.002813861163143077
GTAGGCCAGGATATACx-3,0.19009618292427635
GTAACGTTCAACACCAx-3,0.002728741055739975
GGTGAAGCAGACGCTCx-3,0.0013536373766979163
GTAACGTTCAGGATCTx-3,0.02205018075895683
GTCAAGTGTGACGCCTx-3,0.0044326100679476284
GTCAAGTGTGATAAACx-3,0.00425479144682063
GGTATTGTCCGATATGx-3,0.0021465634159161993
GGTGTTACAGATCCATx-3,0.18729334577009304
GTAGTCACAGATTGCTx-3,0.00807750502551055
GTCAAGTAGGAGCGTTx-3,0.0029278843269254225
GTCAAGTCAGGTGCCTx-3,0.0010025975856847494
GGTGCGTGTCGAGATGx-3,0.03655681768781434
GTACTCCGTTCCACAAx-3,0.0011097170504758668
GTATTCTAGGACTGGTx-3,0.021177449022963826
GGTGCGTGTCATATGCx-3,0.017883463578817437
GTCAAGTCAGCTGCTGx-3,0.003869934641269947
GTACTCCAGTCGCCGTx-3,0.0015586602835054087
GGTATTGAGCTGGAACx-3,0.0023762272595925795
GTATCTTAGGCCATAGx-3,0.0016905154435799717
GGTATTGGTACCGCTGx-3,0.004662475905752592
GTAGGCCAGTCCGGTCx-3,0.0020362768627916394
GGTGAAGAGAACTGTAx-3,0.0015124982005164467
GTAACTGGTTGGACCCx-3,0.0050459311732578
GTATTCTAGCTTTGGTx-3,0.004293985709319921
GTACTTTGTATTACCGx-3,0.01995263127282802
GGTGCGTAGATGTAACx-3,0.00205321916536253
GTACTTTTCTCCTATAx-3,0.004437760213197679
GTATTCTGTAGAGGAAx-3,0.0063302131078176675
GTACTTTGTACCGTTAx-3,0.0004152380958347532
GGTATTGAGAATGTTGx-3,0.0032853705444062515
GTACGTAGTTCGGGCTx-3,0.0013128696533014513
GGTGAAGCAAGACGTGx-3,0.0018245691101717986
GTCAAGTGTGGTGTAGx-3,0.0160307916439092
GTAGGCCGTTCTCATTx-3,0.09727476495130297
GTAACTGAGCTACCTAx-3,0.0036369649433054523
GTATCTTAGGAATTACx-3,0.00039552729091916296
GTATCTTAGTCACGCCx-3,0.016548364100826968
GGTATTGGTAGATTAGx-3,0.0011760391567929305
GGTGCGTTCCCTAATTx-3,0.0021106676667885377
GTAGGCCAGAACAATCx-3,0.004749728517566788
GTAACTGGTACGCTGCx-3,0.0024580529922691562
GTAGGCCGTAGCCTATx-3,0.00773708638585826
GTACTCCGTCATATCGx-3,0.002606726588786571
GTACGTAAGGCTCATTx-3,0.003194479843070038
GTCAAGTCAAAGGAAGx-3,0.0033650917630339496
GTCAAGTGTTCGGCACx-3,0.017780726151503744
GTACGTAAGGGAAACAx-3,0.002454817868418398
GGTGCGTTCCTTGGTCx-3,0.0006822501996656539
GTATCTTTCGAGAACGx-3,0.018636277113496608
GTAGTCATCGGTGTCGx-3,0.0019370643347302924
GTACGTATCTCCTATAx-3,0.01813269140414472
GTATCTTGTAGCGCAAx-3,0.0014524029801243994
GTATTCTCACGAAATAx-3,0.0015107645546836646
GTATCTTCAGTGACAGx-3,0.002554557802435193
GTACTCCGTCTCACCTx-3,0.003162101835928712
GTGCATACACCCAGTGx-3,0.0018256419506686348
GTCTCGTAGTACGCGAx-3,0.0014068991533353638
GTCGTAACAAGTAATGx-3,0.0018679154964583065
GTCATTTCAGTAACGGx-3,0.0032343332558402637
GTGAAGGCATGGTAGGx-3,0.004667936405899667
GTCTTCGAGCTTATCGx-3,0.0019305572481914909
GTCATTTGTCTCTCTGx-3,0.0016214789406061854
GTGAAGGCATTCACTTx-3,0.010560352783400393
GTGCGGTTCCGCAAGCx-3,0.0018490802764641765
GTGTGCGGTCAAAGATx-3,0.016733481751139145
GTGCGGTTCCGGCACAx-3,0.003646977670740045
GTGTGCGAGATCTGCTx-3,0.0008882059741751319
GTGCGGTAGGTAGCCAx-3,0.0023541255951938754
GTCATTTCAAAGCAATx-3,0.018332638906844136
GTCTCGTTCAGTACGTx-3,0.004878220481681728
GTGCTTCCAACGATGGx-3,0.004361289827079817
GTGCTTCCAGTAAGATx-3,0.0012725513866997317
GTCTTCGAGCCAGAACx-3,0.07346344725673129
GTGGGTCTCGGAATCTx-3,0.019404529101317246
GTCAAGTTCATACGGTx-3,0.018950398795107737
GTCCTCACAGATCGGAx-3,0.0021030956379810262
GTGTGCGCATGCCTAAx-3,0.0005476114428635086
GTGAAGGAGTGAACGCx-3,0.003894097485124389
GTCACAACATGTAAGAx-3,0.02735718910747386
GTGGGTCGTAGCGCTCx-3,0.020247632754559947
GTCTTCGAGGATTCGGx-3,0.12291285137743127
GTCCTCACACGGATAGx-3,0.010064688055034361
GTCACGGCATTCTCATx-3,0.019084481725684683
GTCCTCATCGTCACGGx-3,0.02265838925543821
GTCACAAGTAAACACAx-3,0.0023261283913643023
GTCTCGTCAGATCTGTx-3,0.01792505620809615
GTCAAGTTCTAACTCTx-3,0.019361703348348025
GTCTTCGCATACCATGx-3,0.0014598225740126223
GTCATTTTCTTATCTGx-3,0.002560551846404844
GTCACGGGTGCGCTTGx-3,0.003512609692853098
GTCACGGAGCTAACTCx-3,0.025147329464789488
GTCGTAAAGATCGGGTx-3,0.0035977711485905145
GTCAAGTTCTCGCTTGx-3,0.0031158015645365317
GTCGGGTCAGTATGCTx-3,0.18133456712521645
GTGCAGCAGAGATGAGx-3,0.003019300342608475
GTGGGTCTCGATGAGGx-3,0.00654096317730039
GTCTCGTCAGGCTCACx-3,0.0024779073303612042
GTGCGGTAGCACGCCTx-3,0.018607731820727794
GTGTGCGCAGGGCATAx-3,0.0043013902070281294
GTCTTCGTCTGTCTCGx-3,0.1939241865190963
GTCACGGTCAGGATCTx-3,0.0025352420963184806
GTCGTAAGTACGACCCx-3,0.0012851432288061375
GTCGTAAAGTACACCTx-3,0.0010866985553390116
GTCGTAAGTCTCCCTAx-3,0.02531626171250822
GTCACAAAGAAACCGCx-3,0.0017108026341180623
GTGCATAAGAGGTTATx-3,0.010109886446087008
GTCACGGCACTCAGGCx-3,0.004039047711427994
GTCTTCGAGGCTCATTx-3,0.0017978740618968777
GTCTCGTCACCGAAAGx-3,0.0022422555298114706
GTGCAGCGTTGGTAAAx-3,0.0032834287087721795
GTCTCGTAGCTATGCTx-3,0.019773522984445804
GTGAAGGCACTAGTACx-3,0.18757627499758112
GTCGTAACACGGCTACx-3,0.007174000803340577
GTCGTAATCGCGGATCx-3,0.03846009252587739
GTCACGGCATGGTCATx-3,0.004921299549353563
GTCATTTGTAGTAGTAx-3,0.001477261302169541
GTCACAATCAGCGATTx-3,0.012532832845550457
GTCTTCGCAAATTGCCx-3,0.001921758466432819
GTGCGGTTCCTGCAGGx-3,0.0046737323779797064
GTCACAAAGAGTAAGGx-3,0.0242457562166502
GTCCTCAAGTACACCTx-3,0.0031432849468044483
GTGAAGGTCCAAACACx-3,0.003855372271314651
GTCACAAAGTAGTGCGx-3,0.004197471082500245
GTGCAGCTCCTCCTAGx-3,0.001226540913837732
GTGCTTCGTTTGTGTGx-3,0.015323686009133775
GTCATTTTCCATGAACx-3,0.020169611842858648
GTGCGGTAGAGCAATTx-3,0.037852221267063786
GTGCGGTTCGCACTCTx-3,0.0028800834602280175
GTGCATAGTACGACCCx-3,0.0015248159988928364
GTCTTCGCAGTGGAGTx-3,0.0006062939741663697
GTCTTCGCATCCGTGGx-3,0.003895951322988448
GTGCAGCCAAGAAGAGx-3,0.01926632265347846
GTGCTTCTCGTAGGAGx-3,0.07754760454327392
GTCCTCATCTAACCGAx-3,0.16402381295220642
GTGAAGGTCGATAGAAx-3,0.0026738794816639085
GTGTGCGAGCTAGTGGx-3,0.002548583152457151
GTGCATATCACTTCATx-3,0.025768080049425473
GTGCGGTGTACTCTCCx-3,0.0006409263081511087
GTGCAGCAGAGCCTAGx-3,0.0026899396244785293
GTGCGGTTCGGATGTTx-3,0.001325073499966145
GTGCTTCAGATTACCCx-3,0.04792039472919423
GTCATTTAGGCATGTGx-3,0.017868137649964335
GTCATTTCACCATCCTx-3,0.0031727535536774424
GTGAAGGGTCGATTGTx-3,0.01775667953735334
GTCTCGTTCACGATGTx-3,0.02313063272082199
GTCACAATCCTTAATCx-3,0.024681704442711477
GTCCTCATCGGCATCGx-3,0.021855281732538607
GTCTCGTGTCGGCTCAx-3,0.019128299014438122
GTGGGTCCACGTTGGCx-3,0.0012292250375287497
GTGCATATCCCTAACCx-3,0.0015044103491421135
GTCTCGTGTTGATTCGx-3,0.005749900661305873
GTTCATTAGCGTCTATx-3,0.007014445466051813
TAAGTGCCACAGGTTTx-3,0.0013146684723972452
GTTCATTTCAGATAAGx-3,0.017564159060416636
TAAGCGTCAGCCTTGGx-3,0.07193312710311879
GTGTTAGGTCTAGCGCx-3,0.019111804417261034
TAAGTGCAGTGTCCATx-3,0.002520880271836236
GTTAAGCCAGCCTTTCx-3,0.000913900894245166
GTTCGGGTCCCTAATTx-3,0.02181643667217472
GTTTCTAGTCACACGCx-3,0.0022338267090374784
GTGTTAGAGCTCTCGGx-3,0.0012209699484922974
GTTAAGCGTGCAACGAx-3,0.0011222738096906923
GTTCGGGGTACGACCCx-3,0.0017067275418473124
GTTAAGCTCAACGGCCx-3,0.000507663513800633
GTTTCTAAGCCACGTCx-3,0.0008482078457422717
GTTCTCGGTTGTGGCCx-3,0.019252702038992372
GTTTCTACAAACAACAx-3,0.0007816604533674656
GTTAAGCCAGTAACGGx-3,0.0009185715425476792
GTTAAGCAGAAGGTGAx-3,0.001987432581646614
GTGTGCGTCAAACCACx-3,0.0010025739491770081
GTGTTAGCAGTTCATGx-3,0.016565845306998627
TAAACCGCATTCACTTx-3,0.018577636823535262
GTTCGGGGTCGAACAGx-3,0.026496957822362464
GTTAAGCAGGGTATCGx-3,0.003141642605980795
GTTCTCGAGACTCGGAx-3,0.0010360430282927613
GTTTCTAAGGCAGGTTx-3,0.003050773329200664
TAAGTGCAGGTGCACAx-3,0.018749421788423273
GTTTCTAAGTACATGAx-3,0.0015768509275629315
GTTTCTAGTGAGGGTTx-3,0.03860422790491012
TAAGAGAGTGTGCGTCx-3,0.005201372095552964
TAAACCGGTCCGAGTCx-3,0.0005782981625424936
GTTCGGGTCCCAGGTGx-3,0.0019052696730649968
TAAGAGAGTTTGACTGx-3,0.019188520873130627
GTTTCTAGTATAAACGx-3,0.0009658673163985836
GTTCTCGGTGGTCCGTx-3,0.018560553051341366
GTTAAGCAGGGTGTTGx-3,0.0028049815149740016
GTTTCTAAGAACTCGGx-3,0.0010229410807716995
GTTCATTAGATCGGGTx-3,0.01839087442815342
TACACGAAGGGTCGATx-3,0.0007028289709065707
GTTCATTCATGTCTCCx-3,0.0011578300845933134
GTGTTAGGTAGGAGTCx-3,0.004250705049483763
GTGTTAGGTGCAACGAx-3,0.0016220620530735508
GTTACAGCACATTTCTx-3,0.0009029680512013295
GTTCGGGTCTGCAGTAx-3,0.18719546252149985
TAAGCGTAGTCCATACx-3,0.005922038909457721
GTTTCTACACTGCCAGx-3,0.016674237319664553
GTTACAGGTCCTAGCGx-3,0.002623042476251986
GTGTTAGCACCAGGTCx-3,0.0187263236297486
GTTCTCGGTGTATGGGx-3,0.01893595395877191
GTTCGGGAGGGATCTGx-3,0.0018908466028718948
GTGTTAGTCCTATGTTx-3,0.0026609397101392636
GTTCATTGTCGCGAAAx-3,0.003053597259233585
GTTTCTATCACCGTAAx-3,0.0014069081809918217
TAAGAGATCGCGATCGx-3,0.0007340485159345368
GTTACAGGTGTCAATCx-3,0.018362462701594168
TAAACCGTCTCATTCAx-3,0.02844269473133451
GTTCATTTCACCTTATx-3,0.016484380894834283
GTTCGGGTCGGTTAACx-3,0.004278984779615635
TAAACCGTCTGCTGTCx-3,0.018997845955386457
TAAGTGCTCAAGCCTAx-3,0.018974703570560195
GTTCGGGGTTTGGGCCx-3,0.0008352610130354567
GTTCTCGCAGACGCCTx-3,0.017641587356091143
GTTCTCGCATCATCCCx-3,0.040002724891368316
TAAGAGAAGGAATTACx-3,0.0010772764658244578
TAAGCGTGTCTGCAATx-3,0.000369868893916791
GTTAAGCCAAGCTGGAx-3,0.0015012695831173495
TAAGTGCAGCAGCCTCx-3,0.03511286472355037
GTTCTCGTCATTCACTx-3,0.004091849531089321
GTGTTAGAGTAAGTACx-3,0.002678228652414711
GTTACAGAGGCATGGTx-3,0.0024148789569902454
GTTCGGGCATATGCTGx-3,0.018309362817276423
GTTCGGGAGGCAAAGAx-3,0.10485046314184394
GTTCGGGCAAAGAATCx-3,0.028492173189595477
GTTAAGCGTTTCGCTCx-3,0.19157030209742237
TAAGAGAAGTCAATAGx-3,0.0022364429308156407
GTGTGCGGTGAAATCAx-3,0.0011350858179603816
TAAACCGGTGTTGAGGx-3,0.002875163414121403
TACACGAAGTAGATGTx-3,0.010867327338197709
GTGTTAGGTAAGCACGx-3,0.016943432174989347
GTGTTAGCACTTAACGx-3,0.0033526864090993682
TAAACCGGTGGTTTCAx-3,0.2176767577187551
GTTCGGGTCCTGTAGAx-3,0.015977606114004443
GTGTGCGTCTGTTGAGx-3,0.012776665481826294
GTTCTCGTCAAAGTAGx-3,0.01846780611567983
GTTAAGCTCATTGCCCx-3,0.003277406576277772
TAAGCGTTCGTGGACCx-3,0.001030182904300099
GTTCATTAGCCATCGCx-3,0.003794540506500137
TAAGAGAGTCGCATCGx-3,0.021748257677129915
TAAGTGCGTCAGTGGAx-3,0.014400023169472781
TAAGTGCCACTTAAGCx-3,0.0020169712140436216
GTGTTAGAGACAGACCx-3,0.010260526510868184
GTGTTAGTCATGCTCCx-3,0.006709042294227893
GTTACAGTCGTGGTCGx-3,0.01947908392253526
GTTTCTAGTTTAAGCCx-3,0.0020205045089358546
GTGTGCGGTGTGGCTCx-3,0.018380037934362388
TAAGAGAAGTGGGCTAx-3,0.018949817104377157
TAAACCGGTCAAAGATx-3,0.0017575276389452503
TAGGCATCACCGAATTx-3,0.05077875580251868
TACGGTACACGGACAAx-3,0.18789932309401972
TACCTTAGTCGCGAAAx-3,0.0029283595966007213
TACCTATCAAGTAATGx-3,0.0018342357955016771
TACTCATAGGCAAAGAx-3,0.018493132634441967
TAGACCATCACTGGGCx-3,0.002597634861242074
TACGGATAGCTAACTCx-3,0.010913872235314653
TACGGGCTCGAGGTAGx-3,0.0006370565707465277
TAGGCATTCTTCGGTCx-3,0.0017373005381468068
TAGACCACACCAGGCTx-3,0.005022155617898968
TAGCCGGCAGGTGCCTx-3,0.0025617066827321824
TACAGTGAGCAATCTCx-3,0.004418767772815613
TACTCGCCACTCAGGCx-3,0.018635682672401895
TACTTGTCAGTAGAGCx-3,0.0037826768507459806
TACTTGTTCTACCAGAx-3,0.002984699169263992
TACTTACGTGAGGCTAx-3,0.0006839528394347638
TACAGTGGTACCATCAx-3,0.018925945185461725
TAGTGGTAGAGTTGGCx-3,0.002970788592293445
TACCTATAGCATCATCx-3,0.0013131759900976497
TACCTATCACCAGGTCx-3,0.024390105845233698
TACCTATTCAAACGGGx-3,0.016562659674720055
TACTTGTTCGGACAAGx-3,0.0021248176690726707
TACTCGCAGCGTGTCCx-3,0.004135895360249057
TAGACCAAGATGTGGCx-3,0.0018168009499337167
TACGGGCCAAAGTCAAx-3,0.006137971326928383
TACGGGCGTCGCATCGx-3,0.002736295519480027
TACGGGCCAGCCTTTCx-3,0.004343139387672624
TACCTTAGTGGTGTAGx-3,0.010753863640359709
TAGTGGTAGCTAAACAx-3,0.002389189260628554
TACACGACAATGAATGx-3,0.018478635902588077
TACTTGTAGGATGTATx-3,0.019648459392101573
TAGCCGGAGATGTAACx-3,0.0017998716646470075
TACCTATGTACCATCAx-3,0.0019425315991721728
TAGAGCTCAGGATTGGx-3,0.00880850060393063
TAGTGGTAGCTGGAACx-3,0.0022018275736441777
TACTTGTAGGCAATTAx-3,0.0059361379757979045
TACTTACGTTACGACTx-3,0.0031586965780093534
TAGACCAAGGCAGGTTx-3,0.002867514731904618
TACTCATAGATAGTCAx-3,0.003056994106722621
TAGACCAGTTGCGTTAx-3,0.005867271931791599
TACTTACGTATGAATGx-3,0.0032800943926493513
TAGACCACAGGGCATAx-3,0.02278554673418643
TAGACCATCCTCAATTx-3,0.011161665777888994
TACCTTAGTTACGGAGx-3,0.0035576843061603147
TAGTGGTAGGGCACTAx-3,0.016285449892096276
TACCTTAAGAGTACCGx-3,0.004950443963710952
TACGGGCAGCAGCCTCx-3,0.003211009831913773
TACTCGCTCATAACCGx-3,0.006043364223865926
TACCTATCACTCTGTCx-3,0.004886261959641311
TAGTGGTCAGTCAGCCx-3,0.0021539384521488732
TACACGAGTCGGATCCx-3,0.004548971496075529
TAGTGGTGTAGCAAATx-3,0.020082293760695563
TAGACCAGTAACGCGAx-3,0.0023136679173044877
TAGACCAGTACCATCAx-3,0.002899683043859456
TAGCCGGAGTGAATTGx-3,0.030443689144420714
TAGACCATCAACGGCCx-3,0.0024349243096902368
TACTCGCGTCCGAAGAx-3,0.0020868353434074067
TACGGGCCAAGACGTGx-3,0.002270880017619995
TACCTTACATTGCGGCx-3,0.0030846083286224352
TACTCGCTCTGCTGTCx-3,0.019215875592726854
TACCTTAGTCTCTTATx-3,0.019795589058663795
TAGAGCTCATCACGATx-3,0.01826632138523807
TACTTACCAAGTTGTCx-3,0.01737090155252018
TACGGATTCGGCGGTTx-3,0.015425728321688896
TACTTACCATAGGATAx-3,0.0032627783827931006
TACCTATAGCAGGTCAx-3,0.015589714230072995
TACGGGCGTCTGCAATx-3,0.004897869895167224
TAGCCGGGTTAGATGAx-3,0.007929680749477815
TACGGGCTCAACACCAx-3,0.016053641824224654
TACGGTATCTTTCCTCx-3,0.00159768251451875
TACGGGCGTGATGTGGx-3,0.0012051246715686665
TACGGGCAGTACTTGCx-3,0.002631477446121616
TACGGATAGTTGAGTAx-3,0.0019640700543198174
TAGTGGTAGTACGACGx-3,0.05371928846005904
TACTTACGTAACGTTCx-3,0.002251844367071288
TAGTGGTCATGCTAGTx-3,0.0024276120035641173
TACGGATGTCCGCTGAx-3,0.008576482422320831
TACCTTACAAAGTGCGx-3,0.0034244517316295753
TACAGTGCAGGCTCACx-3,0.0020735976358646734
TACGGATAGGGTCGATx-3,0.021770663711404854
TACCTTAGTACCGGCTx-3,0.0016470747645692043
TAGCCGGTCAGCAACTx-3,0.0032263693603790697
TACTCATGTTGTACACx-3,0.002712492468172348
TACGGTAAGATCGGGTx-3,0.0970877288831515
TACTCGCAGACACGACx-3,0.0020445588485913085
TACACGATCTCCAGGGx-3,0.001174401179620848
TAGTGGTCATACCATGx-3,0.0017403850535275423
TAGACCACATCATCCCx-3,0.002822139654065538
TACAGTGAGCTCCTCTx-3,0.020851057924247917
TACTCGCCAGACAGGTx-3,0.005629204217638356
TAGACCACAGGACCCTx-3,0.000767389633089491
TACGGATGTATCACCAx-3,0.02620057377862503
TACTCGCTCAGCGACCx-3,0.003028403817484287
TAGCCGGGTAGCTGCCx-3,0.001585069543507164
TAGAGCTGTCGGCATCx-3,0.01780419213932601
TATCTCATCCTATTCAx-3,0.02345392418243305
TAGTTGGGTAATCGTCx-3,0.022225471490994828
TAGTGGTTCAACACGTx-3,0.0025302942678602693
TATCAGGGTAAATGACx-3,0.019534970079231793
TATGCCCAGGCAAAGAx-3,0.002367393305309437
TAGTTGGGTAAATACGx-3,0.0032815794328656953
TATTACCAGAAGGGTAx-3,0.01946698077958927
TCAGCAATCCGCTGTTx-3,0.0005600346552457626
TATCTCAGTGTCTGATx-3,0.0012325215027554205
TCAGCAACATGGTTGTx-3,0.0005144511748556953
TCACAAGGTGTAATGAx-3,0.0007914585844989288
TATCTCATCTCTGCTGx-3,0.005405296697050765
TATCTCAGTATAGGTAx-3,0.0019095699230913619
TCAATCTAGTGAACGCx-3,0.00271472289606707
TATCAGGAGCCACCTGx-3,0.02640504390405754
TATTACCTCTCAAGTGx-3,0.018576999328530755
TCACGAAAGTTCGATCx-3,0.000712286130058379
TCAATCTAGGAGTCTGx-3,0.0022060091404120575
TATCTCACACGTCAGCx-3,0.017674499269730054
TCACGAAGTCAAAGATx-3,0.01810182515105046
TCAACGACACATCCGGx-3,0.0014978565181226046
TCAGATGGTTACCAGTx-3,0.0031517255654619153
TAGTTGGGTCACTTCCx-3,0.001071631750486559
TCAACGACAAGCTGAGx-3,0.012489674028812087
TATGCCCCAGATGGCAx-3,0.01457892359552627
TATCTCATCATTGCCCx-3,0.001293085192640541
TATTACCGTCCGACGTx-3,0.010296854496705948
TCACAAGTCTTGTATCx-3,0.017961491488613233
TATGCCCAGGCTCTTAx-3,0.0005768770247645402
TCACGAAGTCCAGTATx-3,0.000538478545471275
TCACAAGGTTTGGCGCx-3,0.004667861803987607
TCAATCTCAAGTAGTAx-3,0.0028109848018133157
TCAACGATCAGCCTAAx-3,0.00185066281841151
TCAGATGCATATACGCx-3,0.006830048644188625
TAGTTGGAGCTAGTTCx-3,0.002543585731733508
TAGTTGGGTCATCGGCx-3,0.01884636949644183
TCAACGATCCATGAACx-3,0.0008060625459161699
TAGTTGGTCACCGTAAx-3,0.02609547203581997
TCACGAAAGAATTCCCx-3,0.0038853630939146913
TCAGATGTCCCATTATx-3,0.0005006103323985763
TCAGCAACATCACGTAx-3,0.001819667694549321
TATCTCAAGATGGGTCx-3,0.0014969645463680477
TCACGAACACGTCTCTx-3,0.17914547007357648
TCAGCAATCATCGGATx-3,0.00883529392100813
TCAATCTTCCGTAGTAx-3,0.05288022570141327
TCAATCTTCAGAAATGx-3,0.018749669520835784
TATTACCGTGGGTCAAx-3,0.0008402522756143763
TCAGCTCCAGTGGGATx-3,0.0029916089629820983
TCAGCTCAGAATAGGGx-3,0.018279195691875944
TCACAAGTCCGCTGTTx-3,0.0013592241256265203
TCAGCTCGTGAGTATAx-3,0.02219112511668928
TATCTCAAGCTTTGGTx-3,0.0027765504622209395
TCACGAACACGCTTTCx-3,0.01018642066371938
TCAGCTCAGATGCCTTx-3,0.021359070118631078
TCAGATGAGACAATACx-3,0.003533839918497914
TAGTTGGTCGGCTACGx-3,0.01930637343159835
TAGTGGTTCGGTGTCGx-3,0.008344688178199208
TCAGCTCCAGTAACGGx-3,0.001782860224958339
TAGTGGTTCCTCATTAx-3,0.0035488884058503373
TCAGATGGTTTACTCTx-3,0.0035057717632225277
TAGTGGTTCACAATGCx-3,0.0012362047288747918
TCAATCTTCCGTTGCTx-3,0.022102717512640254
TCAGCAAAGTCTCGGCx-3,0.01987864958858012
TATGCCCCATCAGTACx-3,0.020289562930447494
TAGTTGGCAGCTTAACx-3,0.006084343273210198
TATCTCACAAAGAATCx-3,0.06496293892612094
TCAACGAAGTCGTACTx-3,0.004429565948152132
TATGCCCCAGTATGCTx-3,0.0022653954029298123
TCAATCTGTAGCTGCCx-3,0.018116909311986444
TCACGAACACTCAGGCx-3,0.0018927416150089278
TCAGATGTCAGTTCGAx-3,0.0036270451693321414
TCAGATGAGATCCGAGx-3,0.008836461697676058
TCACGAATCAGTGTTGx-3,0.00862718903854956
TCAGATGTCAGCATGTx-3,0.02417943968593028
TCAGATGTCGGACAAGx-3,0.019656586047241846
TATCAGGGTTGGTTTGx-3,0.0015155326944596658
TCAGCAAGTGAGCGATx-3,0.0022956891054360766
TCAGATGAGTGAAGAGx-3,0.02039912565613718
TAGTGGTTCTTGCCGTx-3,0.0009416303705322268
TAGTTGGTCTGCTTGCx-3,0.053259143173332586
TATCAGGCACAACGTTx-3,0.004004654595150494
TCACAAGTCTTCGAGAx-3,0.0017305348467344104
TATGCCCTCAGCTGGCx-3,0.01905674920303663
TCAGCAAAGCGTAATAx-3,0.001597688361736162
TCAACGAAGAGTACATx-3,0.003649615746661982
TATCTCAAGAATTCCCx-3,0.0018092970358441246
TCAATCTGTTTGGGCCx-3,0.1754479506889784
TCACGAATCAACACGTx-3,0.0021035261884721603
TATCTCAAGTCTCCTCx-3,0.022223236450832313
TATCAGGGTCTAAAGAx-3,0.005095603063402053
TCACGAACAAACGCGAx-3,0.00210477325269969
TATCAGGGTCAGGACAx-3,0.0023573133312086735
TATTACCGTCACCCAGx-3,0.02649063812841428
TCAACGAGTGAGGCTAx-3,0.0026748204280592474
TCACGAAAGTCCCACGx-3,0.17483235021711094
TATGCCCGTTACAGAAx-3,0.019174235064180284
TATCAGGTCTTCCTTCx-3,0.00117951024008209
TCACAAGAGGAACTGCx-3,0.000879619983607228
TCTATTGGTGACGGTAx-3,0.017808993984719978
TCAGGATCAATGGACGx-3,0.01378923348299977
TCAGGATAGCAGATCGx-3,0.0008720770487883144
TCGGTAAGTCTAGGTTx-3,0.0016662061658720766
TCATTTGGTTAAGGGCx-3,0.00717698260490112
TCGGTAAGTATAAACGx-3,0.0021709693380451375
TCGGGACCAGTACACTx-3,0.019228547576067026
TCAGGATTCTCGCTTGx-3,0.002486185696874957
TCAGGATGTCTTCAAGx-3,0.019623170666419686
TCATTTGAGCTACCGCx-3,0.009247356625536352
TCGCGTTCATGCAATCx-3,0.20118689096984674
TCATTACCAATCTGCAx-3,0.0035347196100574997
TCATTACAGTTAGCGGx-3,0.0023722362279010806
TCGTAGAAGCTTCGCGx-3,0.0026634667195428612
TCAGGTACAAGCCGCTx-3,0.0018901466294174555
TCGTAGAGTCTAGCCGx-3,0.006516436195333261
TCAGGTATCTTTACACx-3,0.019703479405865736
TCCCGATCAGCTTAACx-3,0.005230081738967277
TCGTACCAGATTACCCx-3,0.19277255685087744
TCTATTGAGATCGGGTx-3,0.001649633098536595
TCGTAGACATCGGACCx-3,0.0021269639371315424
TCAGGATTCAAAGACAx-3,0.002064290750634901
TCAGGATAGTGACATAx-3,0.017681357478197067
TCGCGTTCAAAGTCAAx-3,0.002044633509884477
TCGGGACCACGGCCATx-3,0.005316801271853704
TCGTAGACACACCGCAx-3,0.004729064569075091
TCGTACCAGTCGTACTx-3,0.03665660077176354
TCGTAGATCGTGGGAAx-3,0.023026029543420954
TCGCGTTAGCTGCGAAx-3,0.0003010048876976434
TCGAGGCGTCGGATCCx-3,0.004494364224402414
TCAGGATTCAACGAAAx-3,0.020053583895485536
TCGGGACAGTGGAGAAx-3,0.019678093989299646
TCATTTGTCAACACTGx-3,0.0017768514407812022
TCGTAGAGTAGAGGAAx-3,0.0330106920576207
TCAGGATAGGCTCATTx-3,0.0036914597458103503
TCGGGACAGCTGCAAGx-3,0.004209792449579762
TCGGGACTCCCAAGTAx-3,0.001415149473964328
TCGCGAGGTACCGAGAx-3,0.004362913211879336
TCTATTGGTCATGCATx-3,0.0032688314828703663
TCGGTAACACATAACCx-3,0.004588826404441111
TCGGTAAGTAGCACGAx-3,0.002822294642662676
TCGGTAATCTTTCCTCx-3,0.0011812146903550987
TCCCGATCAAGTTCTGx-3,0.19274750041600505
TCGCGTTTCAGGCAAGx-3,0.0029499169585651304
TCATTTGCATGTTGACx-3,0.0016237477870287942
TCTATTGGTCAATGTCx-3,0.06526629947450527
TCGCGTTGTGTCGCTGx-3,0.0003935410219868606
TCATTACCACAGGTTTx-3,0.0022300219838454895
TCAGGTAGTGGTAACGx-3,0.002437305590030922
TCATTTGCATGGTCTAx-3,0.002617839868219293
TCCCGATTCTAAGCCAx-3,0.02200600262740141
TCGTACCGTTAAGATGx-3,0.005147114607537197
TCATTTGGTTCTGGTAx-3,0.0497917003241648
TCGAGGCCACACGCTGx-3,0.0011383942887162259
TCAGGATAGTGTCTCAx-3,0.003387716034258799
TCCACACAGAAGATTCx-3,0.001459881023669117
TCCCGATGTGACGGTAx-3,0.02198584885771036
TCGAGGCAGTGCCAGAx-3,0.007008734677151072
TCAGGTAGTTAAAGACx-3,0.005117910360549372
TCCACACAGGTGGGTTx-3,0.020881692614997373
TCCCGATCACCTATCCx-3,0.0010924247173985022
TCGTACCTCGCTTGTCx-3,0.0091809086170842
TCCACACCATACTACGx-3,0.019959920600210665
TCAGGATGTACATGTCx-3,0.0019290542272651855
TCGCGTTAGCACACAGx-3,0.001533328993362818
TCCCGATAGACAGGCTx-3,0.005172301499910205
TCGTACCTCATAGCACx-3,0.002082353224506139
TCCACACTCTGATTCTx-3,0.036428852847267344
TCATTTGCAAAGGTGCx-3,0.01870803330032507
TCAGGTAAGCGTGTCCx-3,0.01865542398399441
TCGGGACGTGTGCCTGx-3,0.002605378098364127
TCGGTAAAGGCCATAGx-3,0.0012800037622604978
TCGAGGCAGGCATGTGx-3,0.0065884790733531234
TCAGGATTCTCAAGTGx-3,0.0018365134571404595
TCGCGAGTCTACGAGTx-3,0.016774259609454646
TCATTACGTACATGTCx-3,0.0022206232859371495
TCATTTGGTCAGAAGCx-3,0.01881585490511487
TCGTAGAGTCCGAGTCx-3,0.020499998827042266
TCCCGATGTTCTCATTx-3,0.005823578202820207
TCGGGACGTCCGAACCx-3,0.0006954988853117452
TCGCGTTGTTATCCGAx-3,0.001815926850255288
TCGGGACGTCTCTCGTx-3,0.0022667617963736137
TCCACACCACAGCGTCx-3,0.002888639559435247
TCCACACCATCCAACAx-3,0.0027990096233787808
TCAGGATCAAGACGTGx-3,0.01967098266443093
TCATTTGGTATCACCAx-3,0.001338949196674064
TCTATTGAGGCAGGTTx-3,0.0014485898643576223
TCGTAGACACCTGGTGx-3,0.006361722805485832
TCGAGGCCACGGATAGx-3,0.010035417871970513
TCGCGAGCATGCATGTx-3,0.01870818643242242
TCATTTGCAGGCTGAAx-3,0.0024110084334708795
TCGCGTTCACGTCAGCx-3,0.007824441711340542
TCAGGTACAGCGAACAx-3,0.019825219441917077
TCGGGACGTTTGACTGx-3,0.0026073902619790736
TCCACACAGCCTTGATx-3,0.000506091419448745
TCGCGAGAGCGAGAAAx-3,0.017810935751867825
TCTTCGGTCCGCGGTAx-3,0.019563457277477714
TGACGGCAGGCGTACAx-3,0.006893972202944403
TCTGGAAAGGATGCGTx-3,0.010217622978268793
TGAGCCGGTAGTGAATx-3,0.005058669939234745
TGAGAGGGTTGTGGCCx-3,0.01906334121414733
TGAGAGGAGTCTCGGCx-3,0.003711575804761331
TCTTTCCCACAGCGTCx-3,0.01894980227644639
TGAGCCGTCTAACGGTx-3,0.0033177789251206693
TCTGGAATCGCTTGTCx-3,0.004250588463776812
TCTCATAGTCTCCACTx-3,0.002296537276077547
TCTGAGACAGGTGGATx-3,0.000644437454068996
TCTGGAAAGATATGCAx-3,0.0038375862262950656
TCTGGAATCGTCCGTTx-3,0.01862666087362077
TGACTTTCATGCAATCx-3,0.0032359102586503726
TCTCATAAGGCATGGTx-3,0.003291025307863717
TCTCTAAGTGACTCATx-3,0.020673430284409957
TGACTAGGTCGGGTCTx-3,0.01862837723052457
TCTATTGTCCGAACGCx-3,0.002604248595781223
TCTCATATCGCTGATAx-3,0.019090175853740354
TCTATTGTCCCATTATx-3,0.004193082443403471
TGAAAGATCTGGCGTGx-3,0.04776772357578545
TGACGGCCAGGTGGATx-3,0.018147847557002463
TCTCTAACAAGTAGTAx-3,0.0063158613250165994
TGAGCCGTCTGGGCCAx-3,0.0032024024775174275
TGAGCATAGGACTGGTx-3,0.018699392635185816
TCTCTAAGTTAGTGGGx-3,0.010905126523975654
TCTTTCCCATGGAATAx-3,0.00114515633588157
TCTCTAAGTAAGCACGx-3,0.004541801408086306
TCTGGAATCCACGCAGx-3,0.0022937498384717615
TGAAAGATCAGTCAGTx-3,0.021041195423949135
TCTCATACACCAACCGx-3,0.022220562942617827
TGAGAGGAGTCCGTATx-3,0.0010945695366298132
TCTTTCCAGTGTCCATx-3,0.003137553309188535
TGAGCCGCATCAGTCAx-3,0.03060840883171607
TGACGGCAGATCCCATx-3,0.0008737422205697779
TGAGCATCAGCTGTGCx-3,0.023064144193097973
TGAGAGGCACGAGAGTx-3,0.019537430401879
TGAGCCGCAATGAATGx-3,0.0019933878325310386
TCTCATAGTAAATGACx-3,0.0021052345354148913
TGAGAGGGTAAGGATTx-3,0.0012264433602805819
TCTCTAAGTTTGACTGx-3,0.0012509377302664943
TCTCTAAGTGTTCTTTx-3,0.005448633777400309
TGAGCATCACCCTATCx-3,0.0015689868526776033
TGACTTTGTCCATGATx-3,0.0017024638198239294
TGAGCATCAGATGGCAx-3,0.00183190402988738
TGAGAGGAGGACATTAx-3,0.019154998182568377
TCTCATAAGTATCTCGx-3,0.0023240948853546295
TGACGGCAGGACACCAx-3,0.018891890514862637
TCTGAGACAAGGCTCCx-3,0.029912211526121536
TGAGCCGAGATGGGTCx-3,0.018028850354456793
TCTCTAAAGGTCGGATx-3,0.002360692700080226
TCTGGAATCCAAACACx-3,0.18252800638373368
TCTCTAAGTAGAGTGCx-3,0.0015445671038655788
TCTTCGGTCCTGCCATx-3,0.001224587668729186
TGAGCATTCCGAACGCx-3,0.024876950173832065
TGAGCCGGTCTACCTCx-3,0.022184699144849197
TGAGAGGGTCATATGCx-3,0.018695893205795937
TGAAAGAGTCAGAAGCx-3,0.02103071603719708
TCTTTCCCACGAAATAx-3,0.002724144595319881
TGAGAGGCATAGTAAGx-3,0.003444994013646293
TGAGAGGGTGTAAGTAx-3,0.03466279236543177
TGAGAGGCATCATCCCx-3,0.0023294869521819335
TGAGCCGGTCTCTCGTx-3,0.014087411296999138
TCTGGAAAGCTACCGCx-3,0.004751249712812714
TGACTAGGTGGCGAATx-3,0.0015767615848631099
TGACAACCAGGCAGTAx-3,0.0033442868962890765
TGAGCATTCTTGACGAx-3,0.001957953593799898
TCTGAGACATCCTTGCx-3,0.0070061204442946595
TCTCTAAGTCCTCCATx-3,0.00982811437851135
TGAGCATAGCTTCGCGx-3,0.0023354874163242657
TCTCTAAGTTGTGGCCx-3,0.005523209181371961
TCTTTCCAGGCCCTTGx-3,0.004554397518918587
TCTGAGACAGGTCCACx-3,0.00310757026927133
TGACAACCAAATTGCCx-3,0.014062908980761442
TGAGCATCATAGTAAGx-3,0.003548063754458334
TCTTCGGTCCGAGCCAx-3,0.01771633758802489
TGAGAGGAGGGATCTGx-3,0.002449003843374173
TGACAACAGGGTGTGTx-3,0.0013212305333631152
TGAGAGGCATCGATGTx-3,0.002103278629196485
TGAAAGACATGGTCTAx-3,0.018280303448106276
TGACAACTCATTATCCx-3,0.007340499309900915
TGACTAGAGACAAGCCx-3,0.011954843298762313
TGAGGGAAGAATCTCCx-3,0.0028111209267925835
TGACTAGCAAATACAGx-3,0.0032578587064471466
TGAGAGGCAGGGATTGx-3,0.0029101134818990716
TGACTTTTCATTATCCx-3,0.005031913690795787
TGAAAGACAGGAATGCx-3,0.01919398456547708
TCTTCGGAGGTGACCAx-3,0.001421642712619407
TGACGGCTCGTGGTCGx-3,0.0011837124518922295
TCTATTGGTTGATTCGx-3,0.017426698484779245
TGACTAGTCAGCTTAGx-3,0.0021750050626512633
TGAAAGAGTTGTGGCCx-3,0.0030819945326148114
TGACAACGTAAACCTCx-3,0.0029191286027664006
TCTTCGGAGTTACGGGx-3,0.0015329288965962946
TGACTAGTCAACACACx-3,0.0034142607253073963
TCTTCGGGTCGGCTCAx-3,0.000425695922868633
TCTGAGAGTACTTAGCx-3,0.019377810381584922
TGAAAGAAGAACAACTx-3,0.0011333294016691298
TCTCATAGTTTGTTTCx-3,0.005515232984438584
TGCTACCGTCTAGCGCx-3,0.01821919969325122
TGCCCTAGTGATGCCCx-3,0.023001360228508
TGGACGCGTTAAGAACx-3,0.0019432996486117278
TGCGGGTGTATAGGTAx-3,0.0036270566052238645
TGCCCATAGTGGGCTAx-3,0.019485471215897502
TGCCCATTCCAAACTGx-3,0.00138467243940373
TGCGCAGGTCACTGGCx-3,0.01835493618083969
TGATTTCCATATGAGAx-3,0.0037967124595013418
TGAGGGATCCGTCAAAx-3,0.001378777038007406
TGAGGGAGTGTTCTTTx-3,0.003124572887648933
TGCCCATGTGTGTGCCx-3,0.0026005781256238036
TGCTACCCATCGGTTAx-3,0.024352053496997816
TGCGTGGGTACAGACGx-3,0.001575669149034333
TGCCCTAAGAATCTCCx-3,0.024708000908662008
TGCCCATAGTTGAGTAx-3,0.021275801028716252
TGCCCATCAGATCCATx-3,0.02051230696310716
TGCGTGGCATTCTTACx-3,0.0011709284005905292
TGCTACCCATGGGACAx-3,0.0011202795690400283
TGGACGCCATGGGACAx-3,0.0019563808497610165
TGCCCTAAGACTAAGTx-3,0.0027917063255783205
TGCTGCTGTTAAAGACx-3,0.006075540677806159
TGCGCAGAGAGTGAGAx-3,0.0013493261903162067
TGCCCATGTTCCTCCAx-3,0.0007253512701682665
TGCGTGGTCGCTTGTCx-3,0.0023655039623206946
TGCCCATCATATGGTCx-3,0.011423542495057146
TGCGTGGAGTTCGCATx-3,0.017833688155309658
TGCCCATGTTAAGACAx-3,0.0035780953437729974
TGCGCAGTCTCCCTGAx-3,0.0014843140038003609
TGCACCTGTCCAAGTTx-3,0.002426130690762393
TGAGGGATCTGGCGTGx-3,0.018759468524573036
TGCCAAAGTGAGCGATx-3,0.0024997126552218445
TGCGTGGAGCCCAATTx-3,0.008102577922055687
TGCGTGGGTTGTGGAGx-3,0.0012312867920558624
TGCACCTCATAAGACAx-3,0.0013533575421906955
TGCTACCAGCTACCTAx-3,0.0019784030183172094
TGCTGCTCATAAAGGTx-3,0.1732582074542578
TGCGCAGCACGGTAAGx-3,0.009790156924884979
TGAGGGACATTGCGGCx-3,0.01772577828549396
TGCCCATGTCATCCCTx-3,0.02121170389377409
TGATTTCAGAAGGCCTx-3,0.0013991091173907782
TGCGGGTTCAACACTGx-3,0.0015859721752129905
TGCCAAATCTCTGAGAx-3,0.007220954982567256
TGCGTGGAGGTCGGATx-3,0.002037127453029735
TGGACGCGTCATATGCx-3,0.0016626975354705452
TGCCCATTCAATACCGx-3,0.0020686419838893714
TGCCCATGTCCTAGCGx-3,0.0034370471521304982
TGCGGGTGTCTACCTCx-3,0.007121083380256957
TGCCCTAAGTAGGTGCx-3,0.0077165396967342394
TGCACCTGTAGCTTGTx-3,0.0017256583773142726
TGCCCTACATGCAATCx-3,0.0031670386000009422
TGCTACCAGTCCCACGx-3,0.020818719382174198
TGGCCAGTCTACCTGCx-3,0.004050009993998614
TGCCAAATCACAGTACx-3,0.0029891669899437027
TGGACGCGTTCGGGCTx-3,0.0019503610279487016
TGCGCAGGTTGCGCACx-3,0.001944370206466244
TGGCGCAAGACGCAACx-3,0.0031121582908338044
TGATTTCAGGCAAAGAx-3,0.019441457604430026
TGGACGCTCCGTTGTCx-3,0.0017739700143778753
TGCGGGTCAGCCAATTx-3,0.001671690262401054
TGAGGGATCAGTTTGGx-3,0.002993039592813304
TGAGGGAGTCCAGTATx-3,0.005832052108474659
TGCCCATCAGCATACTx-3,0.021134652308548402
TGCCCATGTCTTCTCGx-3,0.0030014844588992333
TGCGGGTTCACAACGTx-3,0.005714105421232099
TGCGTGGGTCTTCAAGx-3,0.001723944891996409
TGCCCTAGTTGGTAAAx-3,0.01715671427321552
TGCGCAGGTACCGTATx-3,0.025028921652184653
TGCCAAAAGAACTCGGx-3,0.028924823277625644
TGGACGCGTTCGCTAAx-3,0.0011074041506031497
TGATTTCGTACTTGACx-3,0.00445418527616026
TGGACGCTCCGCTGTTx-3,0.05781901913643445
TGCTGCTGTGGTTTCAx-3,0.0011446413551051571
TGCGTGGGTGTTAAGAx-3,0.019383215772826937
TGCGGGTAGATAGGAGx-3,0.019484289005252706
TGCGCAGCACAGACTTx-3,0.0014411026322945209
TGCCCTATCCCAGGTGx-3,0.0013317965756800797
TGATTTCTCAACACCAx-3,0.007281580048984026
TGCTACCAGGAGCGAGx-3,0.0017643501647802435
TGGCCAGCATTCTTACx-3,0.003265158211440855
TGCGGGTGTTGCGTTAx-3,0.0009390373738359897
TGCCCTATCTGTCTATx-3,0.002473830093089573
TGGCCAGTCACTTACTx-3,0.002959005277806593
TGCACCTCACAGCCCAx-3,0.0024497138830504683
TGCGCAGAGGAGTTTAx-3,0.0023117906998790447
TGGACGCCAGGCAGTAx-3,0.0020975543615372135
TGGCCAGTCCAGTATGx-3,0.007333122414849906
TGAGGGATCGGAATCTx-3,0.0008267848410513783
TGCTGCTGTACCCAATx-3,0.019051218748108736
TGCGCAGGTGCACGAAx-3,0.02452779370230774
TGATTTCCATGGTCTAx-3,0.012019420169325943
TGCGCAGCAAGTACCTx-3,0.034335000534909094
TGGCCAGCACCTCGGAx-3,0.002755545671475627
TGATTTCCAAGCCATTx-3,0.0020950776458265544
TGCCCTATCCTGCAGGx-3,0.0024989770542689018
TGCCAAACACCAGTTAx-3,0.003793019894962273
TGGGCGTCAAAGTGCGx-3,0.0028486469666264233
TGTTCCGGTCGGCATCx-3,0.002571980176136982
TGTTCCGGTCGGCACTx-3,0.000956011087319408
TGTCCCATCATCTGCCx-3,0.004518254527652966
TGTCCCATCAGCATGTx-3,0.002337843324193052
TTAACTCAGATGTGTAx-3,0.0008874206567810961
TGTGGTAGTAATCACCx-3,0.02199693011117889
TGTATTCAGACAGAGAx-3,0.004421003167023919
TGTTCCGGTGCACCACx-3,0.0017277407149168546
TGGGAAGCACATCCAAx-3,0.0012241929843664176
TGTCCCAAGTTGTAGAx-3,0.018111090642815256
TGTATTCTCATAAAGGx-3,0.002239130635315004
TGGTTCCAGGGTATCGx-3,0.01831918096644725
TTAACTCTCACCATAGx-3,0.002098737628484465
TTAGGACGTTAAGTAGx-3,0.019218092392861052
TGGTTCCGTCGATTGTx-3,0.006631528712529646
TGGTTCCCATCTGGTAx-3,0.0023496188200902834
TGGTTAGCAGCTCCGAx-3,0.0010161601868655791
TGTCCCACAGGGCATAx-3,0.0052380610928569
TGTGGTAGTCTTGATGx-3,0.03439187060260215
TTAGGACGTGGTAACGx-3,0.0018093938979965145
TGGGAAGAGTGGGTTGx-3,0.0020967696138232943
TGGCTGGGTTTGTGTGx-3,0.002499523835933512
TGGGAAGCAAGGTTCTx-3,0.02134366756314815
TGGGAAGAGCTAAGATx-3,0.001908013912505362
TGGGAAGTCACGCGGTx-3,0.00041517329501388346
TGGGCGTTCTTCTGGCx-3,0.0036359705758653485
TGGGCGTCATTGGTACx-3,0.008127589653705978
TTAACTCAGAGTACCGx-3,0.020190515834401818
TTAACTCCACCGCTAGx-3,0.0026108643471810704
TGGGCGTCAGCGATCCx-3,0.00013082780496249952
TGTATTCGTCTGCGGTx-3,0.008669213435117859
TGGGAAGGTAAGTGGCx-3,0.015140124883526347
TGGTTCCAGGGATACCx-3,0.01866260575443018
TGGGCGTCACGGATAGx-3,0.004395666033440257
TGTATTCGTGACTACTx-3,0.19317264553169364
TGTGTTTAGCGTTGCCx-3,0.008109908399355843
TTAGGACAGACTAGATx-3,0.16643766653961256
TGGGAAGAGCAACGGTx-3,0.005183540563296111
TGGCGCAGTTACTGACx-3,0.001160533654617032
TGTATTCCACAGATTCx-3,0.019983576743494793
TGGCTGGTCTTCATGTx-3,0.017954577497933524
TTAACTCGTTACTGACx-3,0.021866271626795282
TGTCCCATCGTCACGGx-3,0.004130387284751638
TGGGCGTTCCTCAACCx-3,0.0012386572888824202
TGGTTAGCACAGAGGTx-3,0.005881782591580014
TGTGTTTAGACATAACx-3,0.004146294449072666
TGTGTTTGTATAGGGCx-3,0.006745344702098982
TGGTTCCTCCGCTGTTx-3,0.001852328306405103
TGTGGTATCGTACCGGx-3,0.0012051786502334716
TGTATTCAGGACAGCTx-3,0.0016941728998278618
TGTTCCGTCAGGCAAGx-3,0.01880660987219639
TGGGCGTCACCAGATTx-3,0.01943735327181395
TGGGCGTTCTGCCAGGx-3,0.11019047495313165
TGTTCCGCAATGTTGCx-3,0.002303231220176661
TGGGAAGAGATCCCGCx-3,0.01884684634515496
TGGGCGTCAGATTGCTx-3,0.003256734128885646
TGGGCGTCAGCCTTGGx-3,0.017788269170413054
TTAACTCAGTCGCCGTx-3,0.021125882241942385
TGTCCCAGTCCAGTGCx-3,0.0011874170025528504
TTAACTCTCGCCAAATx-3,0.018840454378646645
TGGGAAGAGTCGTACTx-3,0.0012670576160533004
TGTTCCGCAACGATCTx-3,0.0030142647274807354
TTAGGACGTAGTACCTx-3,0.0027606975191152815
TGTTCCGTCCCTTGTGx-3,0.0032603668347797616
TGTTCCGTCTCGTATTx-3,0.032650712172116035
TGTTCCGTCTGAGGGAx-3,0.002533820422719399
TGTGGTAGTTTCCACCx-3,0.002500036301616783
TTAACTCTCTGCCAGGx-3,0.00101998711671448
TGTTCCGTCTTGTATCx-3,0.0017522665487777255
TGGTTAGCATGGTCATx-3,0.01315229321637363
TGGGCGTTCCTATGTTx-3,0.02350144923621401
TGGGCGTAGCTTCGCGx-3,0.0010874350159240471
TGGTTCCAGTCCAGGAx-3,0.0012722349025294608
TGTGTTTCAGTGAGTGx-3,0.02838084202152082
TGGGAAGTCTCATTCAx-3,0.08219489676523732
TGGTTCCTCTTATCTGx-3,0.0017162446942564158
TGGCTGGAGTTTCCTTx-3,0.0009624654777559894
TGGCTGGAGTAACCCTx-3,0.21773471943463538
TGTCCCACATGCGCACx-3,0.0036624680918376255
TGTATTCAGCGGCTTCx-3,0.0018490818471315073
TGTGTTTGTACAGCAGx-3,0.012358190915905645
TGTGGTAAGTTGAGATx-3,0.19254572656307894
TGTTCCGTCACCAGGCx-3,0.020448739090818558
TGTATTCAGCGCTCCAx-3,0.018419539827749874
TGGTTCCCATGTCCTCx-3,0.0024668265632860863
TGTGGTAGTATGAAACx-3,0.018901059507308554
TGGTTAGGTTGTCTTTx-3,0.0069923165568392875
TGTGTTTAGGTGCTTTx-3,0.0061266660123822205
TGGTTCCCAGTAGAGCx-3,0.02762949974504373
TGTGGTAAGAAAGTGGx-3,0.0010119421481437378
TTAGGACTCACTCCTGx-3,0.004969901911774532
TTCTACATCTAACCGAx-3,0.002775073949482754
TTCTCAATCATTGCGAx-3,0.025379170394537433
TTAGTTCCAATGGAATx-3,0.004664977113954502
TTGCGTCAGTACGCGAx-3,0.0031465498645399485
TTAGTTCTCGCGTTTCx-3,0.010482277872957291
TTCTCAACAACAACCTx-3,0.0015598960759405458
TTCGGTCGTCCTCCATx-3,0.004004474828523679
TTCCCAGGTCACTGGCx-3,0.018634103538130678
TTGAACGAGCATCATCx-3,0.02192370237384454
TTCTCAAAGGTGCTTTx-3,0.004400382041303572
TTCTCCTCAAGTAGTAx-3,0.16322415813846997
TTCGGTCAGTTTCCTTx-3,0.004657696059881217
TTGAACGCAGGTCTCGx-3,0.003961847522698381
TTGAACGTCTCAAACGx-3,0.01798998720007374
TTCTACATCCAAAGTCx-3,0.0012402174946193536
TTCTCCTTCCTAGAACx-3,0.014396434368675258
TTAGTTCAGAAACGAGx-3,0.0004239275287333543
TTATGCTCAATAAGCAx-3,0.0016479596343677609
TTGAACGCATGACGGAx-3,0.019224751634449536
TTCTCCTTCCCTAATTx-3,0.0012237910336088315
TTGAACGGTACTTAGCx-3,0.015983386616316705
TTCGAAGCAACGATCTx-3,0.001445132236691384
TTCTCAACATCTATGGx-3,0.004173565154249425
TTCGGTCAGGGATACCx-3,0.00217327621630656
TTCTCAAAGGACAGAAx-3,0.040990083561321895
TTATGCTAGTGGTAGCx-3,0.0011010505673762767
TTGCGTCCACCGCTAGx-3,0.001233218139954275
TTAGTTCCAGGTCCACx-3,0.004308766564247057
TTAGGCAAGAAGGGTAx-3,0.0014668504253162117
TTCTTAGTCCGGCACAx-3,0.0022293508541340315
TTGCCGTAGCTGCGAAx-3,0.002637207463831568
TTCTCCTAGCGTAGTGx-3,0.0060514251127082
TTCTTAGTCCCGGATGx-3,0.0013545952709131254
TTCTCAACATGAAGTAx-3,0.021361148538958086
TTCTTAGTCCTCAACCx-3,0.017868259383412594
TTAGGCAGTCGGCATCx-3,0.0041916045785323295
TTATGCTCAGATGGGTx-3,0.005561467758142358
TTCTCAAAGGTGATATx-3,0.018963293821745872
TTCCCAGAGTGCTGCCx-3,0.018447457761029025
TTAGTTCGTCTGGTCGx-3,0.0022147850465796476
TTATGCTCACAACGTTx-3,0.003627153673852717
TTAGTTCCAGCCTTTCx-3,0.004022059590060196
TTGACTTAGCGATCCCx-3,0.001690711068208045
TTCTCAAAGTGAAGTTx-3,0.008169513747330015
TTGCCGTTCACGCATAx-3,0.0036507203530512697
TTGACTTAGGGTGTTGx-3,0.010582215390419421
TTCTCCTTCATGTCCCx-3,0.0008535767610185307
TTCGGTCCACCTATCCx-3,0.0021480215739062736
TTCGGTCTCTATCGCCx-3,0.01863605121847707
TTCCCAGGTAACGTTCx-3,0.018785050344742017
TTATGCTAGCGTGAACx-3,0.0015101708668775447
TTGCCGTAGACTTGAAx-3,0.019679910935989586
TTATGCTCATTGGGCCx-3,0.0016008384729010033
TTCTACAGTGGTAACGx-3,0.0018468236812507013
TTGACTTTCTGGTGTAx-3,0.014109037315132513
TTCGGTCAGCGTAATAx-3,0.003915368095686185
TTCTCCTCAGTAAGATx-3,0.003489560268224059
TTCCCAGGTTTCCACCx-3,0.0020212886787492755
TTCGGTCCAGGGATTGx-3,0.007833082569696555
TTCTACATCCCACTTGx-3,0.01971912119216053
TTGACTTTCACGGTTAx-3,0.0017559493232774449
TTAGGCACAGCGAACAx-3,0.0179555142514811
TTAGGCAGTTACGGAGx-3,0.005424619228612124
TTAGTTCAGCAAATCAx-3,0.023246714322658416
TTGAACGTCATTATCCx-3,0.003709181873314442
TTCTTAGGTGCCTTGGx-3,0.0185249404853184
TTCGAAGAGAATTCCCx-3,0.020977856797420376
TTGACTTGTAGCGTCCx-3,0.016863778718611017
TTCTCCTCAGAGCCAAx-3,0.0029751026689433095
TTGCCGTTCCTAGTGAx-3,0.029203403518705328
TTGAACGGTCTGGAGAx-3,0.0009457206796681774
TTCGGTCAGAGGTTATx-3,0.004806787629198059
TTCCCAGCATCACAACx-3,0.1808075266326768
TTGCCGTTCACATACGx-3,0.09364785603107885
TTCTTAGAGCTAGTGGx-3,0.002007229651822252
TTCGGTCAGAGCCCAAx-3,0.18493164034212026
TTGCCGTAGGCTCTTAx-3,0.005146885089603043
TTCTACATCGAATGCTx-3,0.020518463092217103
TTCGAAGCAGCCAATTx-3,0.0014038220879109607
TTGAACGCAAGCCGTCx-3,0.004169518837207068
TTAGGCAGTACTCTCCx-3,0.004447744540793966
TTCCCAGCAGGGTACAx-3,0.023005255758999036
TTAGTTCGTAAGGGCTx-3,0.002818376389840999
TTCTTAGTCTGATACGx-3,0.0019884680388202298
TTCGGTCGTCTCTCTGx-3,0.0010823762028609805
TTAGTTCCATGCCTTCx-3,0.00963142799590926
TTCTCCTCAATAAGCAx-3,0.0013486837764510578
TTAGTTCTCAGAGACGx-3,0.01918748211230644
TTCTTAGGTCATGCATx-3,0.06239835690363509
TTAGGACTCCGAATGTx-3,0.004368824924196215
TTGCCGTCAGATGAGCx-3,0.018448978111001563
TTCCCAGCAGATGAGCx-3,0.0017000798200369305
TTCTCAATCATTTGGGx-3,0.006000371420396192
TTTACTGAGCTGGAACx-3,0.004968600578398439
TTGCGTCTCTTTAGTCx-3,0.0034477708548526897
TTTGCGCCACACCGACx-3,0.019178141885537504
TTTCCTCTCCACGCAGx-3,0.019910742041524036
TTTACTGTCTGAGTGTx-3,0.018174426256582027
TTGCGTCGTTAAAGTGx-3,0.0013593570666689397
TTTGGTTAGCAGGTCAx-3,0.0012272149133313334
TTTGGTTGTCGCGGTTx-3,0.0011883887623701053
TTTATGCAGGCACATGx-3,0.00169706278824629
TTTATGCGTTCTGTTTx-3,0.002196040463563666
TTTGGTTGTGTCCTCTx-3,0.0020470961760702157
TTGGAACAGAGGTTGCx-3,0.019842424926397706
TTTATGCGTAGTAGTAx-3,0.00953262307606128
TTGGCAATCGTACCGGx-3,0.01864965420098986
TTTACTGAGACACGACx-3,0.0018883211729083054
TTTGGTTAGGAATTACx-3,0.0031625300999190277
TTTGGTTAGAGTACATx-3,0.001570397296958235
TTGGCAAAGTCCCACGx-3,0.006251594375337205
TTGGAACAGACTAGGCx-3,0.0017024607607315965
TTGTAGGAGTGTACTCx-3,0.0013500417834476524
TTTATGCCAGCCAATTx-3,0.05260777754451281
TTTGCGCAGTCCTCCTx-3,0.016870614999251164
TTTATGCGTAGAGGAAx-3,0.0006256457087535578
TTTGCGCCAAGGTTTCx-3,0.003590802774354408
TTGGAACTCACTTACTx-3,0.0009357975358137915
TTTACTGTCTAACTGGx-3,0.002372789148269058
TTTATGCCATGCATGTx-3,0.020248584759673012
TTTCCTCTCTTTAGGGx-3,0.00929822301829846
TTTGCGCGTATATGAGx-3,0.002164389887514259
TTGGCAAAGTTCGATCx-3,0.006551139378470198
TTTCCTCTCGGTCTAAx-3,0.002545244694040005
TTTGCGCCACTCAGGCx-3,0.0009160354282141404
TTTGGTTCACAGAGGTx-3,0.0020463502839180815
TTTGGTTGTCCAGTATx-3,0.019032292291207387
TTGGAACGTCCTCCATx-3,0.06006723729902662
TTTACTGGTACAGTGGx-3,0.004052668550177114
TTTGCGCCAGTCAGAGx-3,0.020859348986828032
TTTCCTCCACATAACCx-3,0.004314782645032766
TTTCCTCAGAAACCTAx-3,0.018392433904669832
TTGCGTCCATGGTCATx-3,0.039248838149665836
TTGCGTCTCACGAAGGx-3,0.030815505418988923
TTTGTCAGTCGCCATGx-3,0.004959256609346927
TTGCGTCGTCTTTCATx-3,0.002265672457256276
TTTATGCAGTGGAGAAx-3,0.0027146967242282216
TTGGCAATCCAATGGTx-3,0.0012960987053527433
TTTCCTCCACACTGCGx-3,0.0029967946746331047
TTGCGTCGTTGTCTTTx-3,0.0019005296395900246
TTTGCGCTCCACTCCAx-3,0.0011079003838262037
TTTGGTTAGGACATTAx-3,0.19365058485667877
TTTGTCAAGTATTGGAx-3,0.1478511642478207
TTGCGTCGTGACGGTAx-3,0.0020009317683253743
TTTCCTCAGAGCTGGTx-3,0.003186434273642545
TTTGTCACAAGCGAGTx-3,0.004742286819816629
TTGTAGGCAGATCTGTx-3,0.01763554692220381
TTTGTCATCACTTATCx-3,0.0022312705535696095
TTGGCAAGTCCGAGTCx-3,0.0007933738074193732
TTTGTCATCTGTCTATx-3,0.023140628434196193
TTTACTGAGATGCGACx-3,0.007091311893070053
TTTATGCGTAAACACAx-3,0.0013096104248481043
TTTGCGCTCTGGTTCCx-3,0.17965821319898861
TTTCCTCCAGACACTTx-3,0.02160764582498926
TTGGCAATCCTATGTTx-3,0.016850468291565862
TTTCCTCAGAAACCATx-3,0.0026785702535844285
TTTCCTCGTCCGCTGAx-3,0.01876976805083761
TTGGCAACAGATCTGTx-3,0.0018380484191860955
TTTACTGTCCCGACTTx-3,0.009806647171761145
TTTACTGTCGCAAGCCx-3,0.01538726551405274
TTTGGTTCATCCAACAx-3,0.02371301078415122
TTTATGCTCTGGCGACx-3,0.031234766332124596
TTTATGCTCCGAACGCx-3,0.020011078184492315
TTTGCGCGTGGCAAACx-3,0.023367706868082785
TTTACTGTCCTTTCGGx-3,0.003654378049027473
TTGTAGGGTTCTGTTTx-3,0.01549629575613132
TTTATGCTCAATACCGx-3,0.03429094351120506
TTGGCAAGTCTTCTCGx-3,0.010637302821982754
